location,latitude,longitude,time,temperature,humidity
MG Road,12.9757,77.6011,2026-07-27 00:00:00,21.8,86
MG Road,12.9757,77.6011,2026-07-27 01:00:00,21.4,88
MG Road,12.9757,77.6011,2026-07-27 02:00:00,21.2,88
MG Road,12.9757,77.6011,2026-07-27 03:00:00,20.8,90
MG Road,12.9757,77.6011,2026-07-27 04:00:00,20.7,91
MG Road,12.9757,77.6011,2026-07-27 05:00:00,21.4,89
MG Road,12.9757,77.6011,2026-07-27 06:00:00,21.5,89
MG Road,12.9757,77.6011,2026-07-27 07:00:00,22.5,84
MG Road,12.9757,77.6011,2026-07-27 08:00:00,23.8,75
MG Road,12.9757,77.6011,2026-07-27 09:00:00,25.4,65
MG Road,12.9757,77.6011,2026-07-27 10:00:00,26.2,63
MG Road,12.9757,77.6011,2026-07-27 11:00:00,27.7,54
MG Road,12.9757,77.6011,2026-07-27 12:00:00,28.4,54
MG Road,12.9757,77.6011,2026-07-27 13:00:00,28.3,54
MG Road,12.9757,77.6011,2026-07-27 14:00:00,28.2,56
MG Road,12.9757,77.6011,2026-07-27 15:00:00,28.2,56
MG Road,12.9757,77.6011,2026-07-27 16:00:00,26.4,63
MG Road,12.9757,77.6011,2026-07-27 17:00:00,27.4,56
MG Road,12.9757,77.6011,2026-07-27 18:00:00,26.3,60
MG Road,12.9757,77.6011,2026-07-27 19:00:00,24.9,68
MG Road,12.9757,77.6011,2026-07-27 20:00:00,24.1,74
MG Road,12.9757,77.6011,2026-07-27 21:00:00,23.8,76
MG Road,12.9757,77.6011,2026-07-27 22:00:00,23.1,80
MG Road,12.9757,77.6011,2026-07-27 23:00:00,23.0,80
MG Road,12.9757,77.6011,2026-07-28 00:00:00,22.4,83
MG Road,12.9757,77.6011,2026-07-28 01:00:00,22.0,87
MG Road,12.9757,77.6011,2026-07-28 02:00:00,21.8,89
MG Road,12.9757,77.6011,2026-07-28 03:00:00,21.5,90
MG Road,12.9757,77.6011,2026-07-28 04:00:00,21.3,90
MG Road,12.9757,77.6011,2026-07-28 05:00:00,21.4,89
MG Road,12.9757,77.6011,2026-07-28 06:00:00,21.2,90
MG Road,12.9757,77.6011,2026-07-28 07:00:00,22.2,84
MG Road,12.9757,77.6011,2026-07-28 08:00:00,23.7,75
MG Road,12.9757,77.6011,2026-07-28 09:00:00,25.0,68
MG Road,12.9757,77.6011,2026-07-28 10:00:00,26.7,61
MG Road,12.9757,77.6011,2026-07-28 11:00:00,27.1,58
MG Road,12.9757,77.6011,2026-07-28 12:00:00,28.9,51
MG Road,12.9757,77.6011,2026-07-28 13:00:00,29.7,50
MG Road,12.9757,77.6011,2026-07-28 14:00:00,29.6,50
MG Road,12.9757,77.6011,2026-07-28 15:00:00,26.9,61
MG Road,12.9757,77.6011,2026-07-28 16:00:00,26.8,64
MG Road,12.9757,77.6011,2026-07-28 17:00:00,27.4,56
MG Road,12.9757,77.6011,2026-07-28 18:00:00,25.9,63
MG Road,12.9757,77.6011,2026-07-28 19:00:00,24.7,69
MG Road,12.9757,77.6011,2026-07-28 20:00:00,23.9,73
MG Road,12.9757,77.6011,2026-07-28 21:00:00,22.9,78
MG Road,12.9757,77.6011,2026-07-28 22:00:00,22.2,82
MG Road,12.9757,77.6011,2026-07-28 23:00:00,22.4,83
MG Road,12.9757,77.6011,2026-07-29 00:00:00,21.9,87
MG Road,12.9757,77.6011,2026-07-29 01:00:00,21.7,88
MG Road,12.9757,77.6011,2026-07-29 02:00:00,21.7,88
MG Road,12.9757,77.6011,2026-07-29 03:00:00,21.6,88
MG Road,12.9757,77.6011,2026-07-29 04:00:00,21.7,87
MG Road,12.9757,77.6011,2026-07-29 05:00:00,21.7,88
MG Road,12.9757,77.6011,2026-07-29 06:00:00,21.7,89
MG Road,12.9757,77.6011,2026-07-29 07:00:00,22.4,86
MG Road,12.9757,77.6011,2026-07-29 08:00:00,23.8,76
MG Road,12.9757,77.6011,2026-07-29 09:00:00,25.6,65
MG Road,12.9757,77.6011,2026-07-29 10:00:00,25.9,63
MG Road,12.9757,77.6011,2026-07-29 11:00:00,27.4,55
MG Road,12.9757,77.6011,2026-07-29 12:00:00,28.1,54
MG Road,12.9757,77.6011,2026-07-29 13:00:00,28.6,54
MG Road,12.9757,77.6011,2026-07-29 14:00:00,29.3,53
MG Road,12.9757,77.6011,2026-07-29 15:00:00,27.9,56
MG Road,12.9757,77.6011,2026-07-29 16:00:00,24.7,77
MG Road,12.9757,77.6011,2026-07-29 17:00:00,26.8,60
MG Road,12.9757,77.6011,2026-07-29 18:00:00,25.3,68
MG Road,12.9757,77.6011,2026-07-29 19:00:00,23.9,74
MG Road,12.9757,77.6011,2026-07-29 20:00:00,23.1,78
MG Road,12.9757,77.6011,2026-07-29 21:00:00,22.5,81
MG Road,12.9757,77.6011,2026-07-29 22:00:00,21.9,83
MG Road,12.9757,77.6011,2026-07-29 23:00:00,22.3,84
MG Road,12.9757,77.6011,2026-07-30 00:00:00,22.1,88
MG Road,12.9757,77.6011,2026-07-30 01:00:00,21.9,90
MG Road,12.9757,77.6011,2026-07-30 02:00:00,21.5,88
MG Road,12.9757,77.6011,2026-07-30 03:00:00,21.2,90
MG Road,12.9757,77.6011,2026-07-30 04:00:00,21.0,90
MG Road,12.9757,77.6011,2026-07-30 05:00:00,21.8,88
MG Road,12.9757,77.6011,2026-07-30 06:00:00,21.8,88
MG Road,12.9757,77.6011,2026-07-30 07:00:00,22.4,82
MG Road,12.9757,77.6011,2026-07-30 08:00:00,23.5,76
MG Road,12.9757,77.6011,2026-07-30 09:00:00,24.7,71
MG Road,12.9757,77.6011,2026-07-30 10:00:00,25.9,65
MG Road,12.9757,77.6011,2026-07-30 11:00:00,27.2,57
MG Road,12.9757,77.6011,2026-07-30 12:00:00,27.6,56
MG Road,12.9757,77.6011,2026-07-30 13:00:00,28.1,58
MG Road,12.9757,77.6011,2026-07-30 14:00:00,28.3,59
MG Road,12.9757,77.6011,2026-07-30 15:00:00,25.3,72
MG Road,12.9757,77.6011,2026-07-30 16:00:00,25.8,67
MG Road,12.9757,77.6011,2026-07-30 17:00:00,25.7,68
MG Road,12.9757,77.6011,2026-07-30 18:00:00,24.8,73
MG Road,12.9757,77.6011,2026-07-30 19:00:00,24.2,73
MG Road,12.9757,77.6011,2026-07-30 20:00:00,23.4,77
MG Road,12.9757,77.6011,2026-07-30 21:00:00,22.9,80
MG Road,12.9757,77.6011,2026-07-30 22:00:00,22.3,84
MG Road,12.9757,77.6011,2026-07-30 23:00:00,22.4,85
MG Road,12.9757,77.6011,2026-07-31 00:00:00,22.1,87
MG Road,12.9757,77.6011,2026-07-31 01:00:00,21.9,88
MG Road,12.9757,77.6011,2026-07-31 02:00:00,21.8,89
MG Road,12.9757,77.6011,2026-07-31 03:00:00,21.7,88
MG Road,12.9757,77.6011,2026-07-31 04:00:00,21.5,88
MG Road,12.9757,77.6011,2026-07-31 05:00:00,21.6,89
MG Road,12.9757,77.6011,2026-07-31 06:00:00,21.8,88
MG Road,12.9757,77.6011,2026-07-31 07:00:00,23.1,83
MG Road,12.9757,77.6011,2026-07-31 08:00:00,24.4,75
MG Road,12.9757,77.6011,2026-07-31 09:00:00,25.6,69
MG Road,12.9757,77.6011,2026-07-31 10:00:00,27.0,62
MG Road,12.9757,77.6011,2026-07-31 11:00:00,28.1,58
MG Road,12.9757,77.6011,2026-07-31 12:00:00,28.8,53
MG Road,12.9757,77.6011,2026-07-31 13:00:00,28.9,53
MG Road,12.9757,77.6011,2026-07-31 14:00:00,28.7,57
MG Road,12.9757,77.6011,2026-07-31 15:00:00,27.4,62
MG Road,12.9757,77.6011,2026-07-31 16:00:00,26.7,61
MG Road,12.9757,77.6011,2026-07-31 17:00:00,27.4,56
MG Road,12.9757,77.6011,2026-07-31 18:00:00,24.6,73
MG Road,12.9757,77.6011,2026-07-31 19:00:00,23.6,77
MG Road,12.9757,77.6011,2026-07-31 20:00:00,23.2,79
MG Road,12.9757,77.6011,2026-07-31 21:00:00,22.3,85
MG Road,12.9757,77.6011,2026-07-31 22:00:00,22.0,91
MG Road,12.9757,77.6011,2026-07-31 23:00:00,22.5,88
MG Road,12.9757,77.6011,2026-08-01 00:00:00,22.3,87
MG Road,12.9757,77.6011,2026-08-01 01:00:00,21.9,89
MG Road,12.9757,77.6011,2026-08-01 02:00:00,21.7,89
MG Road,12.9757,77.6011,2026-08-01 03:00:00,21.3,90
MG Road,12.9757,77.6011,2026-08-01 04:00:00,21.2,91
MG Road,12.9757,77.6011,2026-08-01 05:00:00,21.6,94
MG Road,12.9757,77.6011,2026-08-01 06:00:00,21.7,93
MG Road,12.9757,77.6011,2026-08-01 07:00:00,22.1,91
MG Road,12.9757,77.6011,2026-08-01 08:00:00,22.8,86
MG Road,12.9757,77.6011,2026-08-01 09:00:00,24.4,74
MG Road,12.9757,77.6011,2026-08-01 10:00:00,25.6,68
MG Road,12.9757,77.6011,2026-08-01 11:00:00,25.3,71
MG Road,12.9757,77.6011,2026-08-01 12:00:00,25.8,67
MG Road,12.9757,77.6011,2026-08-01 13:00:00,25.9,66
MG Road,12.9757,77.6011,2026-08-01 14:00:00,27.3,62
MG Road,12.9757,77.6011,2026-08-01 15:00:00,24.2,76
MG Road,12.9757,77.6011,2026-08-01 16:00:00,23.9,82
MG Road,12.9757,77.6011,2026-08-01 17:00:00,25.9,67
MG Road,12.9757,77.6011,2026-08-01 18:00:00,22.2,91
MG Road,12.9757,77.6011,2026-08-01 19:00:00,21.9,91
MG Road,12.9757,77.6011,2026-08-01 20:00:00,22.1,90
MG Road,12.9757,77.6011,2026-08-01 21:00:00,21.9,89
MG Road,12.9757,77.6011,2026-08-01 22:00:00,21.7,89
MG Road,12.9757,77.6011,2026-08-01 23:00:00,22.5,85
MG Road,12.9757,77.6011,2026-08-02 00:00:00,22.1,87
MG Road,12.9757,77.6011,2026-08-02 01:00:00,21.7,87
MG Road,12.9757,77.6011,2026-08-02 02:00:00,21.6,87
MG Road,12.9757,77.6011,2026-08-02 03:00:00,21.3,89
MG Road,12.9757,77.6011,2026-08-02 04:00:00,21.2,90
MG Road,12.9757,77.6011,2026-08-02 05:00:00,21.7,89
MG Road,12.9757,77.6011,2026-08-02 06:00:00,21.4,91
MG Road,12.9757,77.6011,2026-08-02 07:00:00,22.0,88
MG Road,12.9757,77.6011,2026-08-02 08:00:00,22.8,83
MG Road,12.9757,77.6011,2026-08-02 09:00:00,23.6,79
MG Road,12.9757,77.6011,2026-08-02 10:00:00,24.7,72
MG Road,12.9757,77.6011,2026-08-02 11:00:00,27.0,64
MG Road,12.9757,77.6011,2026-08-02 12:00:00,28.9,56
MG Road,12.9757,77.6011,2026-08-02 13:00:00,28.9,53
MG Road,12.9757,77.6011,2026-08-02 14:00:00,28.6,52
MG Road,12.9757,77.6011,2026-08-02 15:00:00,28.4,53
MG Road,12.9757,77.6011,2026-08-02 16:00:00,28.3,53
MG Road,12.9757,77.6011,2026-08-02 17:00:00,27.4,56
MG Road,12.9757,77.6011,2026-08-02 18:00:00,25.7,64
MG Road,12.9757,77.6011,2026-08-02 19:00:00,25.0,69
MG Road,12.9757,77.6011,2026-08-02 20:00:00,23.8,77
MG Road,12.9757,77.6011,2026-08-02 21:00:00,22.9,81
MG Road,12.9757,77.6011,2026-08-02 22:00:00,22.2,87
MG Road,12.9757,77.6011,2026-08-02 23:00:00,22.2,91
MG Road,12.9757,77.6011,2026-08-03 00:00:00,21.9,91
MG Road,12.9757,77.6011,2026-08-03 01:00:00,21.4,91
MG Road,12.9757,77.6011,2026-08-03 02:00:00,21.3,93
MG Road,12.9757,77.6011,2026-08-03 03:00:00,21.1,95
MG Road,12.9757,77.6011,2026-08-03 04:00:00,21.1,95
MG Road,12.9757,77.6011,2026-08-03 05:00:00,21.3,95
MG Road,12.9757,77.6011,2026-08-03 06:00:00,21.2,95
MG Road,12.9757,77.6011,2026-08-03 07:00:00,22.1,88
MG Road,12.9757,77.6011,2026-08-03 08:00:00,23.5,79
MG Road,12.9757,77.6011,2026-08-03 09:00:00,24.9,71
MG Road,12.9757,77.6011,2026-08-03 10:00:00,26.1,65
MG Road,12.9757,77.6011,2026-08-03 11:00:00,26.1,64
MG Road,12.9757,77.6011,2026-08-03 12:00:00,25.6,64
MG Road,12.9757,77.6011,2026-08-03 13:00:00,24.6,76
MG Road,12.9757,77.6011,2026-08-03 14:00:00,25.8,69
MG Road,12.9757,77.6011,2026-08-03 15:00:00,22.6,87
MG Road,12.9757,77.6011,2026-08-03 16:00:00,23.3,88
MG Road,12.9757,77.6011,2026-08-03 17:00:00,25.6,66
MG Road,12.9757,77.6011,2026-08-03 18:00:00,24.6,74
MG Road,12.9757,77.6011,2026-08-03 19:00:00,24.4,73
MG Road,12.9757,77.6011,2026-08-03 20:00:00,23.6,75
MG Road,12.9757,77.6011,2026-08-03 21:00:00,22.7,83
MG Road,12.9757,77.6011,2026-08-03 22:00:00,22.2,85
MG Road,12.9757,77.6011,2026-08-03 23:00:00,22.0,91
MG Road,12.9757,77.6011,2026-08-04 00:00:00,21.5,93
MG Road,12.9757,77.6011,2026-08-04 01:00:00,21.3,93
MG Road,12.9757,77.6011,2026-08-04 02:00:00,21.0,95
MG Road,12.9757,77.6011,2026-08-04 03:00:00,20.7,97
MG Road,12.9757,77.6011,2026-08-04 04:00:00,20.6,95
MG Road,12.9757,77.6011,2026-08-04 05:00:00,20.7,95
MG Road,12.9757,77.6011,2026-08-04 06:00:00,20.5,95
MG Road,12.9757,77.6011,2026-08-04 07:00:00,21.5,89
MG Road,12.9757,77.6011,2026-08-04 08:00:00,23.3,77
MG Road,12.9757,77.6011,2026-08-04 09:00:00,24.6,70
MG Road,12.9757,77.6011,2026-08-04 10:00:00,25.2,69
MG Road,12.9757,77.6011,2026-08-04 11:00:00,26.0,64
MG Road,12.9757,77.6011,2026-08-04 12:00:00,24.4,72
MG Road,12.9757,77.6011,2026-08-04 13:00:00,27.1,62
MG Road,12.9757,77.6011,2026-08-04 14:00:00,27.9,60
MG Road,12.9757,77.6011,2026-08-04 15:00:00,28.0,58
MG Road,12.9757,77.6011,2026-08-04 16:00:00,22.7,87
MG Road,12.9757,77.6011,2026-08-04 17:00:00,23.6,85
MG Road,12.9757,77.6011,2026-08-04 18:00:00,21.7,96
MG Road,12.9757,77.6011,2026-08-04 19:00:00,21.0,96
MG Road,12.9757,77.6011,2026-08-04 20:00:00,20.9,97
MG Road,12.9757,77.6011,2026-08-04 21:00:00,20.9,97
MG Road,12.9757,77.6011,2026-08-04 22:00:00,20.8,95
MG Road,12.9757,77.6011,2026-08-04 23:00:00,20.7,96
MG Road,12.9757,77.6011,2026-08-05 00:00:00,20.4,96
MG Road,12.9757,77.6011,2026-08-05 01:00:00,20.4,97
MG Road,12.9757,77.6011,2026-08-05 02:00:00,20.3,98
MG Road,12.9757,77.6011,2026-08-05 03:00:00,20.3,97
MG Road,12.9757,77.6011,2026-08-05 04:00:00,20.3,97
MG Road,12.9757,77.6011,2026-08-05 05:00:00,20.4,97
MG Road,12.9757,77.6011,2026-08-05 06:00:00,20.4,97
MG Road,12.9757,77.6011,2026-08-05 07:00:00,21.2,92
MG Road,12.9757,77.6011,2026-08-05 08:00:00,22.5,84
MG Road,12.9757,77.6011,2026-08-05 09:00:00,24.0,80
MG Road,12.9757,77.6011,2026-08-05 10:00:00,25.7,70
MG Road,12.9757,77.6011,2026-08-05 11:00:00,26.5,65
MG Road,12.9757,77.6011,2026-08-05 12:00:00,27.2,63
MG Road,12.9757,77.6011,2026-08-05 13:00:00,26.3,62
MG Road,12.9757,77.6011,2026-08-05 14:00:00,26.0,70
MG Road,12.9757,77.6011,2026-08-05 15:00:00,23.8,79
MG Road,12.9757,77.6011,2026-08-05 16:00:00,23.9,85
MG Road,12.9757,77.6011,2026-08-05 17:00:00,25.3,73
MG Road,12.9757,77.6011,2026-08-05 18:00:00,24.5,71
MG Road,12.9757,77.6011,2026-08-05 19:00:00,22.6,83
MG Road,12.9757,77.6011,2026-08-05 20:00:00,21.9,90
MG Road,12.9757,77.6011,2026-08-05 21:00:00,21.6,94
MG Road,12.9757,77.6011,2026-08-05 22:00:00,21.4,96
MG Road,12.9757,77.6011,2026-08-05 23:00:00,21.7,93
MG Road,12.9757,77.6011,2026-08-06 00:00:00,21.1,94
MG Road,12.9757,77.6011,2026-08-06 01:00:00,20.5,96
MG Road,12.9757,77.6011,2026-08-06 02:00:00,20.3,98
MG Road,12.9757,77.6011,2026-08-06 03:00:00,20.2,98
MG Road,12.9757,77.6011,2026-08-06 04:00:00,20.2,97
MG Road,12.9757,77.6011,2026-08-06 05:00:00,20.4,96
MG Road,12.9757,77.6011,2026-08-06 06:00:00,20.3,96
MG Road,12.9757,77.6011,2026-08-06 07:00:00,21.4,91
MG Road,12.9757,77.6011,2026-08-06 08:00:00,23.0,81
MG Road,12.9757,77.6011,2026-08-06 09:00:00,24.0,74
MG Road,12.9757,77.6011,2026-08-06 10:00:00,25.1,69
MG Road,12.9757,77.6011,2026-08-06 11:00:00,26.3,62
MG Road,12.9757,77.6011,2026-08-06 12:00:00,26.2,64
MG Road,12.9757,77.6011,2026-08-06 13:00:00,27.3,60
MG Road,12.9757,77.6011,2026-08-06 14:00:00,24.1,74
MG Road,12.9757,77.6011,2026-08-06 15:00:00,24.1,82
MG Road,12.9757,77.6011,2026-08-06 16:00:00,22.4,90
MG Road,12.9757,77.6011,2026-08-06 17:00:00,22.9,87
MG Road,12.9757,77.6011,2026-08-06 18:00:00,22.6,91
MG Road,12.9757,77.6011,2026-08-06 19:00:00,22.4,89
MG Road,12.9757,77.6011,2026-08-06 20:00:00,21.9,87
MG Road,12.9757,77.6011,2026-08-06 21:00:00,21.6,88
MG Road,12.9757,77.6011,2026-08-06 22:00:00,21.2,89
MG Road,12.9757,77.6011,2026-08-06 23:00:00,21.4,88
MG Road,12.9757,77.6011,2026-08-07 00:00:00,21.1,89
MG Road,12.9757,77.6011,2026-08-07 01:00:00,21.0,89
MG Road,12.9757,77.6011,2026-08-07 02:00:00,20.8,91
MG Road,12.9757,77.6011,2026-08-07 03:00:00,20.8,91
MG Road,12.9757,77.6011,2026-08-07 04:00:00,20.6,93
MG Road,12.9757,77.6011,2026-08-07 05:00:00,20.7,95
MG Road,12.9757,77.6011,2026-08-07 06:00:00,20.6,95
MG Road,12.9757,77.6011,2026-08-07 07:00:00,21.3,92
MG Road,12.9757,77.6011,2026-08-07 08:00:00,22.2,84
MG Road,12.9757,77.6011,2026-08-07 09:00:00,23.6,80
MG Road,12.9757,77.6011,2026-08-07 10:00:00,24.9,74
MG Road,12.9757,77.6011,2026-08-07 11:00:00,25.4,70
MG Road,12.9757,77.6011,2026-08-07 12:00:00,25.5,69
MG Road,12.9757,77.6011,2026-08-07 13:00:00,27.5,62
MG Road,12.9757,77.6011,2026-08-07 14:00:00,22.5,87
MG Road,12.9757,77.6011,2026-08-07 15:00:00,22.5,94
MG Road,12.9757,77.6011,2026-08-07 16:00:00,21.4,88
MG Road,12.9757,77.6011,2026-08-07 17:00:00,22.0,93
MG Road,12.9757,77.6011,2026-08-07 18:00:00,21.5,94
MG Road,12.9757,77.6011,2026-08-07 19:00:00,21.2,94
MG Road,12.9757,77.6011,2026-08-07 20:00:00,20.7,95
MG Road,12.9757,77.6011,2026-08-07 21:00:00,20.7,96
MG Road,12.9757,77.6011,2026-08-07 22:00:00,20.9,95
MG Road,12.9757,77.6011,2026-08-07 23:00:00,21.3,94
MG Road,12.9757,77.6011,2026-08-08 00:00:00,21.1,93
MG Road,12.9757,77.6011,2026-08-08 01:00:00,21.0,93
MG Road,12.9757,77.6011,2026-08-08 02:00:00,20.8,92
MG Road,12.9757,77.6011,2026-08-08 03:00:00,20.5,92
MG Road,12.9757,77.6011,2026-08-08 04:00:00,20.4,92
MG Road,12.9757,77.6011,2026-08-08 05:00:00,21.0,91
MG Road,12.9757,77.6011,2026-08-08 06:00:00,20.9,91
MG Road,12.9757,77.6011,2026-08-08 07:00:00,22.0,87
MG Road,12.9757,77.6011,2026-08-08 08:00:00,22.7,81
MG Road,12.9757,77.6011,2026-08-08 09:00:00,24.0,74
MG Road,12.9757,77.6011,2026-08-08 10:00:00,25.0,72
MG Road,12.9757,77.6011,2026-08-08 11:00:00,26.6,63
MG Road,12.9757,77.6011,2026-08-08 12:00:00,24.8,70
MG Road,12.9757,77.6011,2026-08-08 13:00:00,25.0,72
MG Road,12.9757,77.6011,2026-08-08 14:00:00,25.8,70
MG Road,12.9757,77.6011,2026-08-08 15:00:00,25.9,69
MG Road,12.9757,77.6011,2026-08-08 16:00:00,24.2,74
MG Road,12.9757,77.6011,2026-08-08 17:00:00,24.4,78
MG Road,12.9757,77.6011,2026-08-08 18:00:00,24.1,76
MG Road,12.9757,77.6011,2026-08-08 19:00:00,22.5,84
MG Road,12.9757,77.6011,2026-08-08 20:00:00,21.6,89
MG Road,12.9757,77.6011,2026-08-08 21:00:00,22.0,90
MG Road,12.9757,77.6011,2026-08-08 22:00:00,21.8,90
MG Road,12.9757,77.6011,2026-08-08 23:00:00,21.6,90
MG Road,12.9757,77.6011,2026-08-09 00:00:00,20.9,92
MG Road,12.9757,77.6011,2026-08-09 01:00:00,20.8,92
MG Road,12.9757,77.6011,2026-08-09 02:00:00,20.7,94
MG Road,12.9757,77.6011,2026-08-09 03:00:00,20.6,94
MG Road,12.9757,77.6011,2026-08-09 04:00:00,20.5,93
MG Road,12.9757,77.6011,2026-08-09 05:00:00,20.5,94
MG Road,12.9757,77.6011,2026-08-09 06:00:00,20.6,94
MG Road,12.9757,77.6011,2026-08-09 07:00:00,21.7,88
MG Road,12.9757,77.6011,2026-08-09 08:00:00,23.2,79
MG Road,12.9757,77.6011,2026-08-09 09:00:00,24.4,74
MG Road,12.9757,77.6011,2026-08-09 10:00:00,25.2,71
MG Road,12.9757,77.6011,2026-08-09 11:00:00,25.8,67
MG Road,12.9757,77.6011,2026-08-09 12:00:00,26.9,63
MG Road,12.9757,77.6011,2026-08-09 13:00:00,28.1,60
MG Road,12.9757,77.6011,2026-08-09 14:00:00,28.1,59
MG Road,12.9757,77.6011,2026-08-09 15:00:00,28.3,57
MG Road,12.9757,77.6011,2026-08-09 16:00:00,28.0,58
MG Road,12.9757,77.6011,2026-08-09 17:00:00,26.6,61
MG Road,12.9757,77.6011,2026-08-09 18:00:00,25.4,68
MG Road,12.9757,77.6011,2026-08-09 19:00:00,24.1,74
MG Road,12.9757,77.6011,2026-08-09 20:00:00,23.4,78
MG Road,12.9757,77.6011,2026-08-09 21:00:00,23.1,80
MG Road,12.9757,77.6011,2026-08-09 22:00:00,22.7,83
MG Road,12.9757,77.6011,2026-08-09 23:00:00,21.8,87
MG Road,12.9757,77.6011,2026-08-10 00:00:00,21.2,89
MG Road,12.9757,77.6011,2026-08-10 01:00:00,20.7,92
MG Road,12.9757,77.6011,2026-08-10 02:00:00,20.4,94
MG Road,12.9757,77.6011,2026-08-10 03:00:00,20.1,95
MG Road,12.9757,77.6011,2026-08-10 04:00:00,20.0,96
MG Road,12.9757,77.6011,2026-08-10 05:00:00,20.5,94
MG Road,12.9757,77.6011,2026-08-10 06:00:00,20.5,94
MG Road,12.9757,77.6011,2026-08-10 07:00:00,21.3,90
MG Road,12.9757,77.6011,2026-08-10 08:00:00,23.1,79
MG Road,12.9757,77.6011,2026-08-10 09:00:00,24.3,73
MG Road,12.9757,77.6011,2026-08-10 10:00:00,25.3,69
MG Road,12.9757,77.6011,2026-08-10 11:00:00,26.8,61
MG Road,12.9757,77.6011,2026-08-10 12:00:00,28.0,56
MG Road,12.9757,77.6011,2026-08-10 13:00:00,28.2,55
MG Road,12.9757,77.6011,2026-08-10 14:00:00,28.8,54
MG Road,12.9757,77.6011,2026-08-10 15:00:00,28.3,56
MG Road,12.9757,77.6011,2026-08-10 16:00:00,25.1,76
MG Road,12.9757,77.6011,2026-08-10 17:00:00,26.1,68
MG Road,12.9757,77.6011,2026-08-10 18:00:00,24.6,77
MG Road,12.9757,77.6011,2026-08-10 19:00:00,23.3,85
MG Road,12.9757,77.6011,2026-08-10 20:00:00,22.9,87
MG Road,12.9757,77.6011,2026-08-10 21:00:00,22.1,92
MG Road,12.9757,77.6011,2026-08-10 22:00:00,22.1,93
MG Road,12.9757,77.6011,2026-08-10 23:00:00,21.7,94
MG Road,12.9757,77.6011,2026-08-11 00:00:00,21.5,95
MG Road,12.9757,77.6011,2026-08-11 01:00:00,21.2,96
MG Road,12.9757,77.6011,2026-08-11 02:00:00,20.9,96
MG Road,12.9757,77.6011,2026-08-11 03:00:00,20.6,96
MG Road,12.9757,77.6011,2026-08-11 04:00:00,20.4,97
MG Road,12.9757,77.6011,2026-08-11 05:00:00,20.3,95
MG Road,12.9757,77.6011,2026-08-11 06:00:00,20.6,94
MG Road,12.9757,77.6011,2026-08-11 07:00:00,21.2,91
MG Road,12.9757,77.6011,2026-08-11 08:00:00,22.9,81
MG Road,12.9757,77.6011,2026-08-11 09:00:00,24.2,75
MG Road,12.9757,77.6011,2026-08-11 10:00:00,25.3,70
MG Road,12.9757,77.6011,2026-08-11 11:00:00,26.1,63
MG Road,12.9757,77.6011,2026-08-11 12:00:00,26.9,60
MG Road,12.9757,77.6011,2026-08-11 13:00:00,27.7,59
MG Road,12.9757,77.6011,2026-08-11 14:00:00,28.1,60
MG Road,12.9757,77.6011,2026-08-11 15:00:00,28.3,58
MG Road,12.9757,77.6011,2026-08-11 16:00:00,28.1,58
MG Road,12.9757,77.6011,2026-08-11 17:00:00,26.0,64
MG Road,12.9757,77.6011,2026-08-11 18:00:00,25.5,69
MG Road,12.9757,77.6011,2026-08-11 19:00:00,24.6,73
MG Road,12.9757,77.6011,2026-08-11 20:00:00,23.8,76
MG Road,12.9757,77.6011,2026-08-11 21:00:00,23.1,78
MG Road,12.9757,77.6011,2026-08-11 22:00:00,22.3,81
MG Road,12.9757,77.6011,2026-08-11 23:00:00,22.1,84
MG Road,12.9757,77.6011,2026-08-12 00:00:00,21.5,87
MG Road,12.9757,77.6011,2026-08-12 01:00:00,21.1,89
MG Road,12.9757,77.6011,2026-08-12 02:00:00,20.7,91
MG Road,12.9757,77.6011,2026-08-12 03:00:00,20.5,90
MG Road,12.9757,77.6011,2026-08-12 04:00:00,20.2,91
MG Road,12.9757,77.6011,2026-08-12 05:00:00,20.4,93
MG Road,12.9757,77.6011,2026-08-12 06:00:00,20.3,93
MG Road,12.9757,77.6011,2026-08-12 07:00:00,21.3,88
MG Road,12.9757,77.6011,2026-08-12 08:00:00,23.0,78
MG Road,12.9757,77.6011,2026-08-12 09:00:00,24.4,69
MG Road,12.9757,77.6011,2026-08-12 10:00:00,25.5,64
MG Road,12.9757,77.6011,2026-08-12 11:00:00,26.9,59
MG Road,12.9757,77.6011,2026-08-12 12:00:00,27.7,59
MG Road,12.9757,77.6011,2026-08-12 13:00:00,28.4,57
MG Road,12.9757,77.6011,2026-08-12 14:00:00,28.7,55
MG Road,12.9757,77.6011,2026-08-12 15:00:00,28.7,52
MG Road,12.9757,77.6011,2026-08-12 16:00:00,26.8,63
MG Road,12.9757,77.6011,2026-08-12 17:00:00,26.7,63
MG Road,12.9757,77.6011,2026-08-12 18:00:00,25.8,67
MG Road,12.9757,77.6011,2026-08-12 19:00:00,24.7,72
MG Road,12.9757,77.6011,2026-08-12 20:00:00,24.3,74
MG Road,12.9757,77.6011,2026-08-12 21:00:00,23.2,76
MG Road,12.9757,77.6011,2026-08-12 22:00:00,22.5,81
MG Road,12.9757,77.6011,2026-08-12 23:00:00,22.2,83
MG Road,12.9757,77.6011,2026-08-13 00:00:00,21.8,86
MG Road,12.9757,77.6011,2026-08-13 01:00:00,21.6,87
MG Road,12.9757,77.6011,2026-08-13 02:00:00,21.6,88
MG Road,12.9757,77.6011,2026-08-13 03:00:00,21.3,88
MG Road,12.9757,77.6011,2026-08-13 04:00:00,21.0,89
MG Road,12.9757,77.6011,2026-08-13 05:00:00,21.1,91
MG Road,12.9757,77.6011,2026-08-13 06:00:00,20.9,92
MG Road,12.9757,77.6011,2026-08-13 07:00:00,21.9,87
MG Road,12.9757,77.6011,2026-08-13 08:00:00,23.5,77
MG Road,12.9757,77.6011,2026-08-13 09:00:00,24.3,73
MG Road,12.9757,77.6011,2026-08-13 10:00:00,25.4,68
MG Road,12.9757,77.6011,2026-08-13 11:00:00,27.0,60
MG Road,12.9757,77.6011,2026-08-13 12:00:00,28.0,57
MG Road,12.9757,77.6011,2026-08-13 13:00:00,28.9,55
MG Road,12.9757,77.6011,2026-08-13 14:00:00,28.8,56
MG Road,12.9757,77.6011,2026-08-13 15:00:00,27.1,61
MG Road,12.9757,77.6011,2026-08-13 16:00:00,27.4,60
MG Road,12.9757,77.6011,2026-08-13 17:00:00,27.2,58
MG Road,12.9757,77.6011,2026-08-13 18:00:00,25.1,68
MG Road,12.9757,77.6011,2026-08-13 19:00:00,23.1,84
MG Road,12.9757,77.6011,2026-08-13 20:00:00,22.3,89
MG Road,12.9757,77.6011,2026-08-13 21:00:00,22.3,90
MG Road,12.9757,77.6011,2026-08-13 22:00:00,22.1,86
MG Road,12.9757,77.6011,2026-08-13 23:00:00,22.0,85
MG Road,12.9757,77.6011,2026-08-14 00:00:00,21.5,87
MG Road,12.9757,77.6011,2026-08-14 01:00:00,21.0,89
MG Road,12.9757,77.6011,2026-08-14 02:00:00,20.7,92
MG Road,12.9757,77.6011,2026-08-14 03:00:00,20.5,94
MG Road,12.9757,77.6011,2026-08-14 04:00:00,20.3,95
MG Road,12.9757,77.6011,2026-08-14 05:00:00,20.3,93
MG Road,12.9757,77.6011,2026-08-14 06:00:00,20.1,94
MG Road,12.9757,77.6011,2026-08-14 07:00:00,21.3,88
MG Road,12.9757,77.6011,2026-08-14 08:00:00,23.5,76
MG Road,12.9757,77.6011,2026-08-14 09:00:00,24.7,69
MG Road,12.9757,77.6011,2026-08-14 10:00:00,25.8,65
MG Road,12.9757,77.6011,2026-08-14 11:00:00,27.0,58
MG Road,12.9757,77.6011,2026-08-14 12:00:00,27.5,57
MG Road,12.9757,77.6011,2026-08-14 13:00:00,28.7,55
MG Road,12.9757,77.6011,2026-08-14 14:00:00,29.5,53
MG Road,12.9757,77.6011,2026-08-14 15:00:00,27.8,57
MG Road,12.9757,77.6011,2026-08-14 16:00:00,26.7,63
MG Road,12.9757,77.6011,2026-08-14 17:00:00,27.2,55
MG Road,12.9757,77.6011,2026-08-14 18:00:00,26.2,60
MG Road,12.9757,77.6011,2026-08-14 19:00:00,24.7,70
MG Road,12.9757,77.6011,2026-08-14 20:00:00,22.4,84
MG Road,12.9757,77.6011,2026-08-14 21:00:00,21.9,90
MG Road,12.9757,77.6011,2026-08-14 22:00:00,22.1,88
MG Road,12.9757,77.6011,2026-08-14 23:00:00,22.4,84
MG Road,12.9757,77.6011,2026-08-15 00:00:00,21.7,87
MG Road,12.9757,77.6011,2026-08-15 01:00:00,21.5,87
MG Road,12.9757,77.6011,2026-08-15 02:00:00,21.1,89
MG Road,12.9757,77.6011,2026-08-15 03:00:00,20.8,91
MG Road,12.9757,77.6011,2026-08-15 04:00:00,20.5,92
MG Road,12.9757,77.6011,2026-08-15 05:00:00,20.5,92
MG Road,12.9757,77.6011,2026-08-15 06:00:00,20.4,92
MG Road,12.9757,77.6011,2026-08-15 07:00:00,21.4,86
MG Road,12.9757,77.6011,2026-08-15 08:00:00,23.3,73
MG Road,12.9757,77.6011,2026-08-15 09:00:00,24.9,65
MG Road,12.9757,77.6011,2026-08-15 10:00:00,25.8,60
MG Road,12.9757,77.6011,2026-08-15 11:00:00,26.3,59
MG Road,12.9757,77.6011,2026-08-15 12:00:00,28.0,54
MG Road,12.9757,77.6011,2026-08-15 13:00:00,28.9,50
MG Road,12.9757,77.6011,2026-08-15 14:00:00,29.3,49
MG Road,12.9757,77.6011,2026-08-15 15:00:00,28.2,52
MG Road,12.9757,77.6011,2026-08-15 16:00:00,28.3,51
MG Road,12.9757,77.6011,2026-08-15 17:00:00,28.1,49
MG Road,12.9757,77.6011,2026-08-15 18:00:00,26.6,55
MG Road,12.9757,77.6011,2026-08-15 19:00:00,25.3,62
MG Road,12.9757,77.6011,2026-08-15 20:00:00,24.3,69
MG Road,12.9757,77.6011,2026-08-15 21:00:00,23.3,73
MG Road,12.9757,77.6011,2026-08-15 22:00:00,22.6,78
MG Road,12.9757,77.6011,2026-08-15 23:00:00,22.3,81
MG Road,12.9757,77.6011,2026-08-16 00:00:00,21.7,83
MG Road,12.9757,77.6011,2026-08-16 01:00:00,21.3,86
MG Road,12.9757,77.6011,2026-08-16 02:00:00,20.9,88
MG Road,12.9757,77.6011,2026-08-16 03:00:00,20.7,88
MG Road,12.9757,77.6011,2026-08-16 04:00:00,20.4,89
MG Road,12.9757,77.6011,2026-08-16 05:00:00,20.7,89
MG Road,12.9757,77.6011,2026-08-16 06:00:00,20.5,91
MG Road,12.9757,77.6011,2026-08-16 07:00:00,21.8,83
MG Road,12.9757,77.6011,2026-08-16 08:00:00,23.7,71
MG Road,12.9757,77.6011,2026-08-16 09:00:00,25.3,62
MG Road,12.9757,77.6011,2026-08-16 10:00:00,27.2,54
MG Road,12.9757,77.6011,2026-08-16 11:00:00,28.1,50
MG Road,12.9757,77.6011,2026-08-16 12:00:00,28.8,51
MG Road,12.9757,77.6011,2026-08-16 13:00:00,29.6,48
MG Road,12.9757,77.6011,2026-08-16 14:00:00,30.7,43
MG Road,12.9757,77.6011,2026-08-16 15:00:00,29.2,47
MG Road,12.9757,77.6011,2026-08-16 16:00:00,27.9,55
MG Road,12.9757,77.6011,2026-08-16 17:00:00,27.7,53
MG Road,12.9757,77.6011,2026-08-16 18:00:00,26.9,57
MG Road,12.9757,77.6011,2026-08-16 19:00:00,25.9,61
MG Road,12.9757,77.6011,2026-08-16 20:00:00,24.8,68
MG Road,12.9757,77.6011,2026-08-16 21:00:00,24.0,72
MG Road,12.9757,77.6011,2026-08-16 22:00:00,23.0,75
MG Road,12.9757,77.6011,2026-08-16 23:00:00,22.8,77
MG Road,12.9757,77.6011,2026-08-17 00:00:00,21.9,81
MG Road,12.9757,77.6011,2026-08-17 01:00:00,21.3,85
MG Road,12.9757,77.6011,2026-08-17 02:00:00,20.7,88
MG Road,12.9757,77.6011,2026-08-17 03:00:00,20.3,91
MG Road,12.9757,77.6011,2026-08-17 04:00:00,20.1,92
MG Road,12.9757,77.6011,2026-08-17 05:00:00,21.0,89
MG Road,12.9757,77.6011,2026-08-17 06:00:00,20.7,91
MG Road,12.9757,77.6011,2026-08-17 07:00:00,21.8,84
MG Road,12.9757,77.6011,2026-08-17 08:00:00,23.4,74
MG Road,12.9757,77.6011,2026-08-17 09:00:00,25.3,63
MG Road,12.9757,77.6011,2026-08-17 10:00:00,26.8,56
MG Road,12.9757,77.6011,2026-08-17 11:00:00,27.0,57
MG Road,12.9757,77.6011,2026-08-17 12:00:00,27.8,54
MG Road,12.9757,77.6011,2026-08-17 13:00:00,29.0,50
MG Road,12.9757,77.6011,2026-08-17 14:00:00,29.4,47
MG Road,12.9757,77.6011,2026-08-17 15:00:00,29.5,46
MG Road,12.9757,77.6011,2026-08-17 16:00:00,28.4,50
MG Road,12.9757,77.6011,2026-08-17 17:00:00,26.9,57
MG Road,12.9757,77.6011,2026-08-17 18:00:00,24.9,67
MG Road,12.9757,77.6011,2026-08-17 19:00:00,24.2,73
MG Road,12.9757,77.6011,2026-08-17 20:00:00,23.7,77
MG Road,12.9757,77.6011,2026-08-17 21:00:00,23.4,79
MG Road,12.9757,77.6011,2026-08-17 22:00:00,22.7,80
MG Road,12.9757,77.6011,2026-08-17 23:00:00,22.0,83
MG Road,12.9757,77.6011,2026-08-18 00:00:00,21.3,85
MG Road,12.9757,77.6011,2026-08-18 01:00:00,20.7,88
MG Road,12.9757,77.6011,2026-08-18 02:00:00,20.3,90
MG Road,12.9757,77.6011,2026-08-18 03:00:00,20.0,91
MG Road,12.9757,77.6011,2026-08-18 04:00:00,19.8,93
MG Road,12.9757,77.6011,2026-08-18 05:00:00,19.6,95
MG Road,12.9757,77.6011,2026-08-18 06:00:00,19.8,93
MG Road,12.9757,77.6011,2026-08-18 07:00:00,21.0,85
MG Road,12.9757,77.6011,2026-08-18 08:00:00,23.1,73
MG Road,12.9757,77.6011,2026-08-18 09:00:00,24.8,66
MG Road,12.9757,77.6011,2026-08-18 10:00:00,26.1,59
MG Road,12.9757,77.6011,2026-08-18 11:00:00,27.1,58
MG Road,12.9757,77.6011,2026-08-18 12:00:00,28.9,53
MG Road,12.9757,77.6011,2026-08-18 13:00:00,29.9,49
MG Road,12.9757,77.6011,2026-08-18 14:00:00,29.6,49
MG Road,12.9757,77.6011,2026-08-18 15:00:00,29.4,50
MG Road,12.9757,77.6011,2026-08-18 16:00:00,27.4,58
MG Road,12.9757,77.6011,2026-08-18 17:00:00,26.9,59
MG Road,12.9757,77.6011,2026-08-18 18:00:00,22.8,82
MG Road,12.9757,77.6011,2026-08-18 19:00:00,23.0,89
MG Road,12.9757,77.6011,2026-08-18 20:00:00,23.0,83
MG Road,12.9757,77.6011,2026-08-18 21:00:00,22.8,84
MG Road,12.9757,77.6011,2026-08-18 22:00:00,22.4,86
MG Road,12.9757,77.6011,2026-08-18 23:00:00,21.8,88
MG Road,12.9757,77.6011,2026-08-19 00:00:00,21.3,89
MG Road,12.9757,77.6011,2026-08-19 01:00:00,20.8,91
MG Road,12.9757,77.6011,2026-08-19 02:00:00,20.5,93
MG Road,12.9757,77.6011,2026-08-19 03:00:00,20.4,92
MG Road,12.9757,77.6011,2026-08-19 04:00:00,20.5,91
MG Road,12.9757,77.6011,2026-08-19 05:00:00,20.7,90
MG Road,12.9757,77.6011,2026-08-19 06:00:00,20.6,91
MG Road,12.9757,77.6011,2026-08-19 07:00:00,21.3,87
MG Road,12.9757,77.6011,2026-08-19 08:00:00,23.1,76
MG Road,12.9757,77.6011,2026-08-19 09:00:00,24.4,71
MG Road,12.9757,77.6011,2026-08-19 10:00:00,25.6,65
MG Road,12.9757,77.6011,2026-08-19 11:00:00,26.9,60
MG Road,12.9757,77.6011,2026-08-19 12:00:00,28.3,56
MG Road,12.9757,77.6011,2026-08-19 13:00:00,29.1,52
MG Road,12.9757,77.6011,2026-08-19 14:00:00,29.2,51
MG Road,12.9757,77.6011,2026-08-19 15:00:00,28.2,55
MG Road,12.9757,77.6011,2026-08-19 16:00:00,27.9,55
MG Road,12.9757,77.6011,2026-08-19 17:00:00,24.5,74
MG Road,12.9757,77.6011,2026-08-19 18:00:00,23.8,79
MG Road,12.9757,77.6011,2026-08-19 19:00:00,23.1,85
MG Road,12.9757,77.6011,2026-08-19 20:00:00,22.8,87
MG Road,12.9757,77.6011,2026-08-19 21:00:00,22.6,87
MG Road,12.9757,77.6011,2026-08-19 22:00:00,22.2,88
MG Road,12.9757,77.6011,2026-08-19 23:00:00,21.6,89
MG Road,12.9757,77.6011,2026-08-20 00:00:00,21.1,90
MG Road,12.9757,77.6011,2026-08-20 01:00:00,20.7,91
MG Road,12.9757,77.6011,2026-08-20 02:00:00,20.4,93
MG Road,12.9757,77.6011,2026-08-20 03:00:00,20.4,92
MG Road,12.9757,77.6011,2026-08-20 04:00:00,20.7,90
MG Road,12.9757,77.6011,2026-08-20 05:00:00,20.8,91
MG Road,12.9757,77.6011,2026-08-20 06:00:00,21.0,90
MG Road,12.9757,77.6011,2026-08-20 07:00:00,21.7,86
MG Road,12.9757,77.6011,2026-08-20 08:00:00,23.3,76
MG Road,12.9757,77.6011,2026-08-20 09:00:00,24.6,69
MG Road,12.9757,77.6011,2026-08-20 10:00:00,26.1,60
MG Road,12.9757,77.6011,2026-08-20 11:00:00,26.6,58
MG Road,12.9757,77.6011,2026-08-20 12:00:00,28.5,51
MG Road,12.9757,77.6011,2026-08-20 13:00:00,29.4,49
MG Road,12.9757,77.6011,2026-08-20 14:00:00,29.4,48
MG Road,12.9757,77.6011,2026-08-20 15:00:00,29.5,46
MG Road,12.9757,77.6011,2026-08-20 16:00:00,27.3,53
MG Road,12.9757,77.6011,2026-08-20 17:00:00,25.0,60
MG Road,12.9757,77.6011,2026-08-20 18:00:00,24.6,64
MG Road,12.9757,77.6011,2026-08-20 19:00:00,24.3,69
MG Road,12.9757,77.6011,2026-08-20 20:00:00,23.9,73
MG Road,12.9757,77.6011,2026-08-20 21:00:00,23.0,78
MG Road,12.9757,77.6011,2026-08-20 22:00:00,22.3,82
MG Road,12.9757,77.6011,2026-08-20 23:00:00,21.6,85
MG Road,12.9757,77.6011,2026-08-21 00:00:00,21.0,89
MG Road,12.9757,77.6011,2026-08-21 01:00:00,20.4,91
MG Road,12.9757,77.6011,2026-08-21 02:00:00,20.2,92
MG Road,12.9757,77.6011,2026-08-21 03:00:00,20.0,93
MG Road,12.9757,77.6011,2026-08-21 04:00:00,20.2,91
MG Road,12.9757,77.6011,2026-08-21 05:00:00,20.5,88
MG Road,12.9757,77.6011,2026-08-21 06:00:00,21.1,84
MG Road,12.9757,77.6011,2026-08-21 07:00:00,22.0,79
MG Road,12.9757,77.6011,2026-08-21 08:00:00,23.1,73
MG Road,12.9757,77.6011,2026-08-21 09:00:00,24.5,65
MG Road,12.9757,77.6011,2026-08-21 10:00:00,26.2,57
MG Road,12.9757,77.6011,2026-08-21 11:00:00,27.6,51
MG Road,12.9757,77.6011,2026-08-21 12:00:00,28.6,48
MG Road,12.9757,77.6011,2026-08-21 13:00:00,29.5,46
MG Road,12.9757,77.6011,2026-08-21 14:00:00,29.8,46
MG Road,12.9757,77.6011,2026-08-21 15:00:00,29.4,46
MG Road,12.9757,77.6011,2026-08-21 16:00:00,28.5,49
MG Road,12.9757,77.6011,2026-08-21 17:00:00,27.4,52
MG Road,12.9757,77.6011,2026-08-21 18:00:00,26.2,57
MG Road,12.9757,77.6011,2026-08-21 19:00:00,24.9,64
MG Road,12.9757,77.6011,2026-08-21 20:00:00,23.6,71
MG Road,12.9757,77.6011,2026-08-21 21:00:00,22.6,77
MG Road,12.9757,77.6011,2026-08-21 22:00:00,21.6,82
MG Road,12.9757,77.6011,2026-08-21 23:00:00,20.9,85
MG Road,12.9757,77.6011,2026-08-22 00:00:00,20.4,88
MG Road,12.9757,77.6011,2026-08-22 01:00:00,20.1,90
MG Road,12.9757,77.6011,2026-08-22 02:00:00,20.0,90
MG Road,12.9757,77.6011,2026-08-22 03:00:00,20.0,91
MG Road,12.9757,77.6011,2026-08-22 04:00:00,20.0,90
MG Road,12.9757,77.6011,2026-08-22 05:00:00,20.4,88
MG Road,12.9757,77.6011,2026-08-22 06:00:00,21.1,83
MG Road,12.9757,77.6011,2026-08-22 07:00:00,22.0,78
MG Road,12.9757,77.6011,2026-08-22 08:00:00,23.1,72
MG Road,12.9757,77.6011,2026-08-22 09:00:00,24.4,65
MG Road,12.9757,77.6011,2026-08-22 10:00:00,25.9,58
MG Road,12.9757,77.6011,2026-08-22 11:00:00,27.2,53
MG Road,12.9757,77.6011,2026-08-22 12:00:00,28.2,50
MG Road,12.9757,77.6011,2026-08-22 13:00:00,29.0,48
MG Road,12.9757,77.6011,2026-08-22 14:00:00,29.4,47
MG Road,12.9757,77.6011,2026-08-22 15:00:00,29.3,46
MG Road,12.9757,77.6011,2026-08-22 16:00:00,28.8,47
MG Road,12.9757,77.6011,2026-08-22 17:00:00,27.9,50
MG Road,12.9757,77.6011,2026-08-22 18:00:00,26.5,57
MG Road,12.9757,77.6011,2026-08-22 19:00:00,24.7,69
MG Road,12.9757,77.6011,2026-08-22 20:00:00,23.2,80
MG Road,12.9757,77.6011,2026-08-22 21:00:00,22.3,85
MG Road,12.9757,77.6011,2026-08-22 22:00:00,21.6,85
MG Road,12.9757,77.6011,2026-08-22 23:00:00,21.0,86
MG Road,12.9757,77.6011,2026-08-23 00:00:00,20.6,88
MG Road,12.9757,77.6011,2026-08-23 01:00:00,20.4,89
MG Road,12.9757,77.6011,2026-08-23 02:00:00,20.3,90
MG Road,12.9757,77.6011,2026-08-23 03:00:00,20.2,91
MG Road,12.9757,77.6011,2026-08-23 04:00:00,20.2,91
MG Road,12.9757,77.6011,2026-08-23 05:00:00,20.5,89
MG Road,12.9757,77.6011,2026-08-23 06:00:00,21.0,85
MG Road,12.9757,77.6011,2026-08-23 07:00:00,21.9,80
MG Road,12.9757,77.6011,2026-08-23 08:00:00,22.9,74
MG Road,12.9757,77.6011,2026-08-23 09:00:00,24.4,67
MG Road,12.9757,77.6011,2026-08-23 10:00:00,26.1,61
MG Road,12.9757,77.6011,2026-08-23 11:00:00,27.4,57
MG Road,12.9757,77.6011,2026-08-23 12:00:00,26.5,60
MG Road,12.9757,77.6011,2026-08-23 13:00:00,26.1,63
MG Road,12.9757,77.6011,2026-08-23 14:00:00,25.4,68
MG Road,12.9757,77.6011,2026-08-23 15:00:00,24.6,73
MG Road,12.9757,77.6011,2026-08-23 16:00:00,23.8,79
MG Road,12.9757,77.6011,2026-08-23 17:00:00,23.2,83
MG Road,12.9757,77.6011,2026-08-23 18:00:00,22.7,86
MG Road,12.9757,77.6011,2026-08-23 19:00:00,22.2,88
MG Road,12.9757,77.6011,2026-08-23 20:00:00,21.7,91
MG Road,12.9757,77.6011,2026-08-23 21:00:00,21.3,93
MG Road,12.9757,77.6011,2026-08-23 22:00:00,20.9,94
MG Road,12.9757,77.6011,2026-08-23 23:00:00,20.6,95
Whitefield,12.9698,77.75,2026-07-27 00:00:00,22.4,82
Whitefield,12.9698,77.75,2026-07-27 01:00:00,22.0,85
Whitefield,12.9698,77.75,2026-07-27 02:00:00,21.7,85
Whitefield,12.9698,77.75,2026-07-27 03:00:00,21.4,86
Whitefield,12.9698,77.75,2026-07-27 04:00:00,21.1,88
Whitefield,12.9698,77.75,2026-07-27 05:00:00,21.7,87
Whitefield,12.9698,77.75,2026-07-27 06:00:00,21.8,87
Whitefield,12.9698,77.75,2026-07-27 07:00:00,22.8,82
Whitefield,12.9698,77.75,2026-07-27 08:00:00,24.3,73
Whitefield,12.9698,77.75,2026-07-27 09:00:00,25.8,65
Whitefield,12.9698,77.75,2026-07-27 10:00:00,26.7,59
Whitefield,12.9698,77.75,2026-07-27 11:00:00,28.3,52
Whitefield,12.9698,77.75,2026-07-27 12:00:00,29.4,48
Whitefield,12.9698,77.75,2026-07-27 13:00:00,29.5,50
Whitefield,12.9698,77.75,2026-07-27 14:00:00,28.9,51
Whitefield,12.9698,77.75,2026-07-27 15:00:00,29.0,53
Whitefield,12.9698,77.75,2026-07-27 16:00:00,28.3,54
Whitefield,12.9698,77.75,2026-07-27 17:00:00,27.5,58
Whitefield,12.9698,77.75,2026-07-27 18:00:00,27.3,55
Whitefield,12.9698,77.75,2026-07-27 19:00:00,26.0,61
Whitefield,12.9698,77.75,2026-07-27 20:00:00,25.1,67
Whitefield,12.9698,77.75,2026-07-27 21:00:00,24.6,71
Whitefield,12.9698,77.75,2026-07-27 22:00:00,23.9,75
Whitefield,12.9698,77.75,2026-07-27 23:00:00,23.6,77
Whitefield,12.9698,77.75,2026-07-28 00:00:00,23.0,80
Whitefield,12.9698,77.75,2026-07-28 01:00:00,22.6,83
Whitefield,12.9698,77.75,2026-07-28 02:00:00,22.2,86
Whitefield,12.9698,77.75,2026-07-28 03:00:00,22.0,87
Whitefield,12.9698,77.75,2026-07-28 04:00:00,21.8,87
Whitefield,12.9698,77.75,2026-07-28 05:00:00,21.7,87
Whitefield,12.9698,77.75,2026-07-28 06:00:00,21.7,87
Whitefield,12.9698,77.75,2026-07-28 07:00:00,22.7,81
Whitefield,12.9698,77.75,2026-07-28 08:00:00,24.5,71
Whitefield,12.9698,77.75,2026-07-28 09:00:00,25.9,64
Whitefield,12.9698,77.75,2026-07-28 10:00:00,27.2,58
Whitefield,12.9698,77.75,2026-07-28 11:00:00,28.3,53
Whitefield,12.9698,77.75,2026-07-28 12:00:00,29.9,47
Whitefield,12.9698,77.75,2026-07-28 13:00:00,30.7,46
Whitefield,12.9698,77.75,2026-07-28 14:00:00,30.5,47
Whitefield,12.9698,77.75,2026-07-28 15:00:00,27.9,57
Whitefield,12.9698,77.75,2026-07-28 16:00:00,27.4,60
Whitefield,12.9698,77.75,2026-07-28 17:00:00,28.1,54
Whitefield,12.9698,77.75,2026-07-28 18:00:00,26.7,59
Whitefield,12.9698,77.75,2026-07-28 19:00:00,25.6,65
Whitefield,12.9698,77.75,2026-07-28 20:00:00,24.6,70
Whitefield,12.9698,77.75,2026-07-28 21:00:00,23.7,74
Whitefield,12.9698,77.75,2026-07-28 22:00:00,22.9,78
Whitefield,12.9698,77.75,2026-07-28 23:00:00,23.1,78
Whitefield,12.9698,77.75,2026-07-29 00:00:00,22.5,82
Whitefield,12.9698,77.75,2026-07-29 01:00:00,22.3,85
Whitefield,12.9698,77.75,2026-07-29 02:00:00,22.1,85
Whitefield,12.9698,77.75,2026-07-29 03:00:00,22.1,85
Whitefield,12.9698,77.75,2026-07-29 04:00:00,22.2,84
Whitefield,12.9698,77.75,2026-07-29 05:00:00,22.2,85
Whitefield,12.9698,77.75,2026-07-29 06:00:00,22.1,86
Whitefield,12.9698,77.75,2026-07-29 07:00:00,22.8,84
Whitefield,12.9698,77.75,2026-07-29 08:00:00,24.4,73
Whitefield,12.9698,77.75,2026-07-29 09:00:00,26.3,63
Whitefield,12.9698,77.75,2026-07-29 10:00:00,26.7,60
Whitefield,12.9698,77.75,2026-07-29 11:00:00,28.2,53
Whitefield,12.9698,77.75,2026-07-29 12:00:00,29.7,48
Whitefield,12.9698,77.75,2026-07-29 13:00:00,29.4,50
Whitefield,12.9698,77.75,2026-07-29 14:00:00,29.2,53
Whitefield,12.9698,77.75,2026-07-29 15:00:00,27.4,59
Whitefield,12.9698,77.75,2026-07-29 16:00:00,25.9,66
Whitefield,12.9698,77.75,2026-07-29 17:00:00,27.2,60
Whitefield,12.9698,77.75,2026-07-29 18:00:00,26.0,65
Whitefield,12.9698,77.75,2026-07-29 19:00:00,24.7,71
Whitefield,12.9698,77.75,2026-07-29 20:00:00,23.8,75
Whitefield,12.9698,77.75,2026-07-29 21:00:00,23.1,78
Whitefield,12.9698,77.75,2026-07-29 22:00:00,22.5,81
Whitefield,12.9698,77.75,2026-07-29 23:00:00,22.8,80
Whitefield,12.9698,77.75,2026-07-30 00:00:00,22.5,84
Whitefield,12.9698,77.75,2026-07-30 01:00:00,22.4,87
Whitefield,12.9698,77.75,2026-07-30 02:00:00,22.0,86
Whitefield,12.9698,77.75,2026-07-30 03:00:00,21.7,87
Whitefield,12.9698,77.75,2026-07-30 04:00:00,21.4,88
Whitefield,12.9698,77.75,2026-07-30 05:00:00,22.1,86
Whitefield,12.9698,77.75,2026-07-30 06:00:00,22.2,85
Whitefield,12.9698,77.75,2026-07-30 07:00:00,22.9,80
Whitefield,12.9698,77.75,2026-07-30 08:00:00,24.3,72
Whitefield,12.9698,77.75,2026-07-30 09:00:00,25.4,67
Whitefield,12.9698,77.75,2026-07-30 10:00:00,26.3,65
Whitefield,12.9698,77.75,2026-07-30 11:00:00,27.7,56
Whitefield,12.9698,77.75,2026-07-30 12:00:00,28.6,53
Whitefield,12.9698,77.75,2026-07-30 13:00:00,28.8,53
Whitefield,12.9698,77.75,2026-07-30 14:00:00,28.1,58
Whitefield,12.9698,77.75,2026-07-30 15:00:00,26.0,65
Whitefield,12.9698,77.75,2026-07-30 16:00:00,27.3,65
Whitefield,12.9698,77.75,2026-07-30 17:00:00,25.7,73
Whitefield,12.9698,77.75,2026-07-30 18:00:00,25.1,71
Whitefield,12.9698,77.75,2026-07-30 19:00:00,24.7,71
Whitefield,12.9698,77.75,2026-07-30 20:00:00,23.9,74
Whitefield,12.9698,77.75,2026-07-30 21:00:00,23.4,77
Whitefield,12.9698,77.75,2026-07-30 22:00:00,22.9,81
Whitefield,12.9698,77.75,2026-07-30 23:00:00,22.9,82
Whitefield,12.9698,77.75,2026-07-31 00:00:00,22.6,84
Whitefield,12.9698,77.75,2026-07-31 01:00:00,22.3,86
Whitefield,12.9698,77.75,2026-07-31 02:00:00,22.0,88
Whitefield,12.9698,77.75,2026-07-31 03:00:00,22.1,87
Whitefield,12.9698,77.75,2026-07-31 04:00:00,22.0,86
Whitefield,12.9698,77.75,2026-07-31 05:00:00,22.0,87
Whitefield,12.9698,77.75,2026-07-31 06:00:00,22.1,86
Whitefield,12.9698,77.75,2026-07-31 07:00:00,23.3,81
Whitefield,12.9698,77.75,2026-07-31 08:00:00,25.0,72
Whitefield,12.9698,77.75,2026-07-31 09:00:00,26.1,67
Whitefield,12.9698,77.75,2026-07-31 10:00:00,27.6,59
Whitefield,12.9698,77.75,2026-07-31 11:00:00,28.8,53
Whitefield,12.9698,77.75,2026-07-31 12:00:00,29.3,52
Whitefield,12.9698,77.75,2026-07-31 13:00:00,29.7,51
Whitefield,12.9698,77.75,2026-07-31 14:00:00,29.2,51
Whitefield,12.9698,77.75,2026-07-31 15:00:00,27.6,63
Whitefield,12.9698,77.75,2026-07-31 16:00:00,27.0,64
Whitefield,12.9698,77.75,2026-07-31 17:00:00,28.2,57
Whitefield,12.9698,77.75,2026-07-31 18:00:00,25.2,67
Whitefield,12.9698,77.75,2026-07-31 19:00:00,24.6,70
Whitefield,12.9698,77.75,2026-07-31 20:00:00,23.9,75
Whitefield,12.9698,77.75,2026-07-31 21:00:00,23.3,78
Whitefield,12.9698,77.75,2026-07-31 22:00:00,22.5,86
Whitefield,12.9698,77.75,2026-07-31 23:00:00,22.9,85
Whitefield,12.9698,77.75,2026-08-01 00:00:00,22.8,85
Whitefield,12.9698,77.75,2026-08-01 01:00:00,22.5,86
Whitefield,12.9698,77.75,2026-08-01 02:00:00,22.2,87
Whitefield,12.9698,77.75,2026-08-01 03:00:00,21.8,88
Whitefield,12.9698,77.75,2026-08-01 04:00:00,21.6,89
Whitefield,12.9698,77.75,2026-08-01 05:00:00,22.2,90
Whitefield,12.9698,77.75,2026-08-01 06:00:00,22.2,90
Whitefield,12.9698,77.75,2026-08-01 07:00:00,23.1,85
Whitefield,12.9698,77.75,2026-08-01 08:00:00,24.3,77
Whitefield,12.9698,77.75,2026-08-01 09:00:00,25.5,70
Whitefield,12.9698,77.75,2026-08-01 10:00:00,26.8,64
Whitefield,12.9698,77.75,2026-08-01 11:00:00,27.0,63
Whitefield,12.9698,77.75,2026-08-01 12:00:00,27.9,58
Whitefield,12.9698,77.75,2026-08-01 13:00:00,27.0,62
Whitefield,12.9698,77.75,2026-08-01 14:00:00,27.6,59
Whitefield,12.9698,77.75,2026-08-01 15:00:00,26.6,63
Whitefield,12.9698,77.75,2026-08-01 16:00:00,24.4,77
Whitefield,12.9698,77.75,2026-08-01 17:00:00,26.1,66
Whitefield,12.9698,77.75,2026-08-01 18:00:00,22.1,89
Whitefield,12.9698,77.75,2026-08-01 19:00:00,21.8,93
Whitefield,12.9698,77.75,2026-08-01 20:00:00,21.9,93
Whitefield,12.9698,77.75,2026-08-01 21:00:00,22.0,90
Whitefield,12.9698,77.75,2026-08-01 22:00:00,22.1,88
Whitefield,12.9698,77.75,2026-08-01 23:00:00,22.8,83
Whitefield,12.9698,77.75,2026-08-02 00:00:00,22.5,84
Whitefield,12.9698,77.75,2026-08-02 01:00:00,22.2,85
Whitefield,12.9698,77.75,2026-08-02 02:00:00,22.1,85
Whitefield,12.9698,77.75,2026-08-02 03:00:00,21.8,86
Whitefield,12.9698,77.75,2026-08-02 04:00:00,21.8,87
Whitefield,12.9698,77.75,2026-08-02 05:00:00,22.1,86
Whitefield,12.9698,77.75,2026-08-02 06:00:00,22.0,88
Whitefield,12.9698,77.75,2026-08-02 07:00:00,22.6,85
Whitefield,12.9698,77.75,2026-08-02 08:00:00,23.7,78
Whitefield,12.9698,77.75,2026-08-02 09:00:00,24.8,72
Whitefield,12.9698,77.75,2026-08-02 10:00:00,25.8,68
Whitefield,12.9698,77.75,2026-08-02 11:00:00,27.1,58
Whitefield,12.9698,77.75,2026-08-02 12:00:00,29.4,55
Whitefield,12.9698,77.75,2026-08-02 13:00:00,30.1,50
Whitefield,12.9698,77.75,2026-08-02 14:00:00,30.1,48
Whitefield,12.9698,77.75,2026-08-02 15:00:00,29.4,48
Whitefield,12.9698,77.75,2026-08-02 16:00:00,29.2,50
Whitefield,12.9698,77.75,2026-08-02 17:00:00,28.3,53
Whitefield,12.9698,77.75,2026-08-02 18:00:00,26.6,60
Whitefield,12.9698,77.75,2026-08-02 19:00:00,25.5,67
Whitefield,12.9698,77.75,2026-08-02 20:00:00,25.0,70
Whitefield,12.9698,77.75,2026-08-02 21:00:00,24.0,75
Whitefield,12.9698,77.75,2026-08-02 22:00:00,23.1,80
Whitefield,12.9698,77.75,2026-08-02 23:00:00,22.7,88
Whitefield,12.9698,77.75,2026-08-03 00:00:00,22.5,88
Whitefield,12.9698,77.75,2026-08-03 01:00:00,22.4,86
Whitefield,12.9698,77.75,2026-08-03 02:00:00,22.0,88
Whitefield,12.9698,77.75,2026-08-03 03:00:00,21.8,90
Whitefield,12.9698,77.75,2026-08-03 04:00:00,21.7,91
Whitefield,12.9698,77.75,2026-08-03 05:00:00,21.8,92
Whitefield,12.9698,77.75,2026-08-03 06:00:00,21.8,91
Whitefield,12.9698,77.75,2026-08-03 07:00:00,22.9,84
Whitefield,12.9698,77.75,2026-08-03 08:00:00,24.2,77
Whitefield,12.9698,77.75,2026-08-03 09:00:00,25.6,69
Whitefield,12.9698,77.75,2026-08-03 10:00:00,26.6,63
Whitefield,12.9698,77.75,2026-08-03 11:00:00,26.8,62
Whitefield,12.9698,77.75,2026-08-03 12:00:00,27.6,54
Whitefield,12.9698,77.75,2026-08-03 13:00:00,26.3,61
Whitefield,12.9698,77.75,2026-08-03 14:00:00,26.5,70
Whitefield,12.9698,77.75,2026-08-03 15:00:00,23.1,85
Whitefield,12.9698,77.75,2026-08-03 16:00:00,23.5,85
Whitefield,12.9698,77.75,2026-08-03 17:00:00,25.7,67
Whitefield,12.9698,77.75,2026-08-03 18:00:00,24.7,74
Whitefield,12.9698,77.75,2026-08-03 19:00:00,24.5,75
Whitefield,12.9698,77.75,2026-08-03 20:00:00,24.3,73
Whitefield,12.9698,77.75,2026-08-03 21:00:00,23.4,79
Whitefield,12.9698,77.75,2026-08-03 22:00:00,22.6,84
Whitefield,12.9698,77.75,2026-08-03 23:00:00,22.5,86
Whitefield,12.9698,77.75,2026-08-04 00:00:00,22.1,89
Whitefield,12.9698,77.75,2026-08-04 01:00:00,21.8,90
Whitefield,12.9698,77.75,2026-08-04 02:00:00,21.5,91
Whitefield,12.9698,77.75,2026-08-04 03:00:00,21.2,93
Whitefield,12.9698,77.75,2026-08-04 04:00:00,21.2,92
Whitefield,12.9698,77.75,2026-08-04 05:00:00,21.2,91
Whitefield,12.9698,77.75,2026-08-04 06:00:00,21.1,91
Whitefield,12.9698,77.75,2026-08-04 07:00:00,22.1,85
Whitefield,12.9698,77.75,2026-08-04 08:00:00,23.9,75
Whitefield,12.9698,77.75,2026-08-04 09:00:00,25.5,66
Whitefield,12.9698,77.75,2026-08-04 10:00:00,26.5,63
Whitefield,12.9698,77.75,2026-08-04 11:00:00,27.0,61
Whitefield,12.9698,77.75,2026-08-04 12:00:00,25.9,64
Whitefield,12.9698,77.75,2026-08-04 13:00:00,27.9,58
Whitefield,12.9698,77.75,2026-08-04 14:00:00,28.4,58
Whitefield,12.9698,77.75,2026-08-04 15:00:00,28.5,56
Whitefield,12.9698,77.75,2026-08-04 16:00:00,24.4,77
Whitefield,12.9698,77.75,2026-08-04 17:00:00,23.5,90
Whitefield,12.9698,77.75,2026-08-04 18:00:00,21.8,94
Whitefield,12.9698,77.75,2026-08-04 19:00:00,21.5,95
Whitefield,12.9698,77.75,2026-08-04 20:00:00,21.3,95
Whitefield,12.9698,77.75,2026-08-04 21:00:00,21.1,96
Whitefield,12.9698,77.75,2026-08-04 22:00:00,21.1,96
Whitefield,12.9698,77.75,2026-08-04 23:00:00,20.9,96
Whitefield,12.9698,77.75,2026-08-05 00:00:00,20.6,96
Whitefield,12.9698,77.75,2026-08-05 01:00:00,20.6,96
Whitefield,12.9698,77.75,2026-08-05 02:00:00,20.6,96
Whitefield,12.9698,77.75,2026-08-05 03:00:00,20.6,95
Whitefield,12.9698,77.75,2026-08-05 04:00:00,20.6,95
Whitefield,12.9698,77.75,2026-08-05 05:00:00,20.9,93
Whitefield,12.9698,77.75,2026-08-05 06:00:00,20.9,93
Whitefield,12.9698,77.75,2026-08-05 07:00:00,21.9,88
Whitefield,12.9698,77.75,2026-08-05 08:00:00,23.2,81
Whitefield,12.9698,77.75,2026-08-05 09:00:00,24.4,75
Whitefield,12.9698,77.75,2026-08-05 10:00:00,25.8,70
Whitefield,12.9698,77.75,2026-08-05 11:00:00,27.2,63
Whitefield,12.9698,77.75,2026-08-05 12:00:00,27.3,63
Whitefield,12.9698,77.75,2026-08-05 13:00:00,28.2,58
Whitefield,12.9698,77.75,2026-08-05 14:00:00,26.3,66
Whitefield,12.9698,77.75,2026-08-05 15:00:00,26.6,67
Whitefield,12.9698,77.75,2026-08-05 16:00:00,23.4,86
Whitefield,12.9698,77.75,2026-08-05 17:00:00,25.5,72
Whitefield,12.9698,77.75,2026-08-05 18:00:00,24.7,76
Whitefield,12.9698,77.75,2026-08-05 19:00:00,23.7,77
Whitefield,12.9698,77.75,2026-08-05 20:00:00,21.9,90
Whitefield,12.9698,77.75,2026-08-05 21:00:00,21.6,94
Whitefield,12.9698,77.75,2026-08-05 22:00:00,21.6,95
Whitefield,12.9698,77.75,2026-08-05 23:00:00,21.9,94
Whitefield,12.9698,77.75,2026-08-06 00:00:00,21.3,95
Whitefield,12.9698,77.75,2026-08-06 01:00:00,20.9,95
Whitefield,12.9698,77.75,2026-08-06 02:00:00,20.6,96
Whitefield,12.9698,77.75,2026-08-06 03:00:00,20.6,96
Whitefield,12.9698,77.75,2026-08-06 04:00:00,20.6,95
Whitefield,12.9698,77.75,2026-08-06 05:00:00,20.7,94
Whitefield,12.9698,77.75,2026-08-06 06:00:00,20.8,93
Whitefield,12.9698,77.75,2026-08-06 07:00:00,21.9,88
Whitefield,12.9698,77.75,2026-08-06 08:00:00,23.3,80
Whitefield,12.9698,77.75,2026-08-06 09:00:00,24.5,74
Whitefield,12.9698,77.75,2026-08-06 10:00:00,25.8,67
Whitefield,12.9698,77.75,2026-08-06 11:00:00,26.6,61
Whitefield,12.9698,77.75,2026-08-06 12:00:00,27.2,57
Whitefield,12.9698,77.75,2026-08-06 13:00:00,27.7,59
Whitefield,12.9698,77.75,2026-08-06 14:00:00,27.7,59
Whitefield,12.9698,77.75,2026-08-06 15:00:00,23.5,86
Whitefield,12.9698,77.75,2026-08-06 16:00:00,23.8,80
Whitefield,12.9698,77.75,2026-08-06 17:00:00,23.7,85
Whitefield,12.9698,77.75,2026-08-06 18:00:00,22.9,89
Whitefield,12.9698,77.75,2026-08-06 19:00:00,22.7,88
Whitefield,12.9698,77.75,2026-08-06 20:00:00,22.8,83
Whitefield,12.9698,77.75,2026-08-06 21:00:00,22.1,85
Whitefield,12.9698,77.75,2026-08-06 22:00:00,21.8,86
Whitefield,12.9698,77.75,2026-08-06 23:00:00,21.8,86
Whitefield,12.9698,77.75,2026-08-07 00:00:00,21.5,87
Whitefield,12.9698,77.75,2026-08-07 01:00:00,21.3,88
Whitefield,12.9698,77.75,2026-08-07 02:00:00,21.2,89
Whitefield,12.9698,77.75,2026-08-07 03:00:00,21.2,90
Whitefield,12.9698,77.75,2026-08-07 04:00:00,21.1,90
Whitefield,12.9698,77.75,2026-08-07 05:00:00,21.1,92
Whitefield,12.9698,77.75,2026-08-07 06:00:00,21.2,92
Whitefield,12.9698,77.75,2026-08-07 07:00:00,21.9,88
Whitefield,12.9698,77.75,2026-08-07 08:00:00,22.6,85
Whitefield,12.9698,77.75,2026-08-07 09:00:00,24.3,75
Whitefield,12.9698,77.75,2026-08-07 10:00:00,25.4,71
Whitefield,12.9698,77.75,2026-08-07 11:00:00,26.2,66
Whitefield,12.9698,77.75,2026-08-07 12:00:00,25.3,69
Whitefield,12.9698,77.75,2026-08-07 13:00:00,27.7,62
Whitefield,12.9698,77.75,2026-08-07 14:00:00,24.1,79
Whitefield,12.9698,77.75,2026-08-07 15:00:00,22.9,92
Whitefield,12.9698,77.75,2026-08-07 16:00:00,22.8,92
Whitefield,12.9698,77.75,2026-08-07 17:00:00,22.0,92
Whitefield,12.9698,77.75,2026-08-07 18:00:00,21.6,94
Whitefield,12.9698,77.75,2026-08-07 19:00:00,21.3,95
Whitefield,12.9698,77.75,2026-08-07 20:00:00,21.2,95
Whitefield,12.9698,77.75,2026-08-07 21:00:00,21.0,94
Whitefield,12.9698,77.75,2026-08-07 22:00:00,21.2,94
Whitefield,12.9698,77.75,2026-08-07 23:00:00,21.7,91
Whitefield,12.9698,77.75,2026-08-08 00:00:00,21.6,90
Whitefield,12.9698,77.75,2026-08-08 01:00:00,21.5,90
Whitefield,12.9698,77.75,2026-08-08 02:00:00,21.3,90
Whitefield,12.9698,77.75,2026-08-08 03:00:00,21.1,89
Whitefield,12.9698,77.75,2026-08-08 04:00:00,21.0,89
Whitefield,12.9698,77.75,2026-08-08 05:00:00,21.3,90
Whitefield,12.9698,77.75,2026-08-08 06:00:00,21.2,89
Whitefield,12.9698,77.75,2026-08-08 07:00:00,22.1,86
Whitefield,12.9698,77.75,2026-08-08 08:00:00,23.1,80
Whitefield,12.9698,77.75,2026-08-08 09:00:00,24.1,75
Whitefield,12.9698,77.75,2026-08-08 10:00:00,24.9,70
Whitefield,12.9698,77.75,2026-08-08 11:00:00,26.4,66
Whitefield,12.9698,77.75,2026-08-08 12:00:00,25.4,67
Whitefield,12.9698,77.75,2026-08-08 13:00:00,25.3,71
Whitefield,12.9698,77.75,2026-08-08 14:00:00,26.1,70
Whitefield,12.9698,77.75,2026-08-08 15:00:00,26.0,68
Whitefield,12.9698,77.75,2026-08-08 16:00:00,25.2,70
Whitefield,12.9698,77.75,2026-08-08 17:00:00,24.0,76
Whitefield,12.9698,77.75,2026-08-08 18:00:00,23.9,77
Whitefield,12.9698,77.75,2026-08-08 19:00:00,23.6,78
Whitefield,12.9698,77.75,2026-08-08 20:00:00,22.5,83
Whitefield,12.9698,77.75,2026-08-08 21:00:00,22.0,87
Whitefield,12.9698,77.75,2026-08-08 22:00:00,22.2,88
Whitefield,12.9698,77.75,2026-08-08 23:00:00,22.0,88
Whitefield,12.9698,77.75,2026-08-09 00:00:00,21.5,89
Whitefield,12.9698,77.75,2026-08-09 01:00:00,21.3,90
Whitefield,12.9698,77.75,2026-08-09 02:00:00,21.1,91
Whitefield,12.9698,77.75,2026-08-09 03:00:00,21.0,92
Whitefield,12.9698,77.75,2026-08-09 04:00:00,20.9,91
Whitefield,12.9698,77.75,2026-08-09 05:00:00,20.8,93
Whitefield,12.9698,77.75,2026-08-09 06:00:00,20.9,92
Whitefield,12.9698,77.75,2026-08-09 07:00:00,22.3,85
Whitefield,12.9698,77.75,2026-08-09 08:00:00,23.7,77
Whitefield,12.9698,77.75,2026-08-09 09:00:00,25.0,70
Whitefield,12.9698,77.75,2026-08-09 10:00:00,26.3,64
Whitefield,12.9698,77.75,2026-08-09 11:00:00,26.5,62
Whitefield,12.9698,77.75,2026-08-09 12:00:00,27.5,59
Whitefield,12.9698,77.75,2026-08-09 13:00:00,28.5,58
Whitefield,12.9698,77.75,2026-08-09 14:00:00,28.7,57
Whitefield,12.9698,77.75,2026-08-09 15:00:00,28.8,56
Whitefield,12.9698,77.75,2026-08-09 16:00:00,28.5,56
Whitefield,12.9698,77.75,2026-08-09 17:00:00,27.6,59
Whitefield,12.9698,77.75,2026-08-09 18:00:00,25.9,66
Whitefield,12.9698,77.75,2026-08-09 19:00:00,24.9,71
Whitefield,12.9698,77.75,2026-08-09 20:00:00,23.7,77
Whitefield,12.9698,77.75,2026-08-09 21:00:00,23.5,78
Whitefield,12.9698,77.75,2026-08-09 22:00:00,23.2,80
Whitefield,12.9698,77.75,2026-08-09 23:00:00,22.2,85
Whitefield,12.9698,77.75,2026-08-10 00:00:00,21.6,88
Whitefield,12.9698,77.75,2026-08-10 01:00:00,21.2,90
Whitefield,12.9698,77.75,2026-08-10 02:00:00,20.7,92
Whitefield,12.9698,77.75,2026-08-10 03:00:00,20.5,93
Whitefield,12.9698,77.75,2026-08-10 04:00:00,20.3,95
Whitefield,12.9698,77.75,2026-08-10 05:00:00,20.7,93
Whitefield,12.9698,77.75,2026-08-10 06:00:00,20.8,92
Whitefield,12.9698,77.75,2026-08-10 07:00:00,21.8,87
Whitefield,12.9698,77.75,2026-08-10 08:00:00,23.4,77
Whitefield,12.9698,77.75,2026-08-10 09:00:00,25.0,69
Whitefield,12.9698,77.75,2026-08-10 10:00:00,26.3,64
Whitefield,12.9698,77.75,2026-08-10 11:00:00,27.0,60
Whitefield,12.9698,77.75,2026-08-10 12:00:00,28.3,54
Whitefield,12.9698,77.75,2026-08-10 13:00:00,29.0,51
Whitefield,12.9698,77.75,2026-08-10 14:00:00,29.4,51
Whitefield,12.9698,77.75,2026-08-10 15:00:00,29.5,51
Whitefield,12.9698,77.75,2026-08-10 16:00:00,25.0,75
Whitefield,12.9698,77.75,2026-08-10 17:00:00,25.7,75
Whitefield,12.9698,77.75,2026-08-10 18:00:00,25.0,76
Whitefield,12.9698,77.75,2026-08-10 19:00:00,23.8,82
Whitefield,12.9698,77.75,2026-08-10 20:00:00,23.6,83
Whitefield,12.9698,77.75,2026-08-10 21:00:00,23.0,86
Whitefield,12.9698,77.75,2026-08-10 22:00:00,22.4,91
Whitefield,12.9698,77.75,2026-08-10 23:00:00,22.1,90
Whitefield,12.9698,77.75,2026-08-11 00:00:00,21.8,92
Whitefield,12.9698,77.75,2026-08-11 01:00:00,21.6,93
Whitefield,12.9698,77.75,2026-08-11 02:00:00,21.4,93
Whitefield,12.9698,77.75,2026-08-11 03:00:00,21.2,93
Whitefield,12.9698,77.75,2026-08-11 04:00:00,20.9,93
Whitefield,12.9698,77.75,2026-08-11 05:00:00,20.9,92
Whitefield,12.9698,77.75,2026-08-11 06:00:00,20.9,92
Whitefield,12.9698,77.75,2026-08-11 07:00:00,22.0,86
Whitefield,12.9698,77.75,2026-08-11 08:00:00,23.3,79
Whitefield,12.9698,77.75,2026-08-11 09:00:00,24.7,72
Whitefield,12.9698,77.75,2026-08-11 10:00:00,25.6,68
Whitefield,12.9698,77.75,2026-08-11 11:00:00,26.6,61
Whitefield,12.9698,77.75,2026-08-11 12:00:00,27.7,58
Whitefield,12.9698,77.75,2026-08-11 13:00:00,28.6,54
Whitefield,12.9698,77.75,2026-08-11 14:00:00,28.8,56
Whitefield,12.9698,77.75,2026-08-11 15:00:00,29.0,56
Whitefield,12.9698,77.75,2026-08-11 16:00:00,28.8,57
Whitefield,12.9698,77.75,2026-08-11 17:00:00,26.8,59
Whitefield,12.9698,77.75,2026-08-11 18:00:00,25.8,65
Whitefield,12.9698,77.75,2026-08-11 19:00:00,25.0,71
Whitefield,12.9698,77.75,2026-08-11 20:00:00,24.5,73
Whitefield,12.9698,77.75,2026-08-11 21:00:00,23.8,75
Whitefield,12.9698,77.75,2026-08-11 22:00:00,23.0,78
Whitefield,12.9698,77.75,2026-08-11 23:00:00,22.5,81
Whitefield,12.9698,77.75,2026-08-12 00:00:00,21.9,85
Whitefield,12.9698,77.75,2026-08-12 01:00:00,21.5,87
Whitefield,12.9698,77.75,2026-08-12 02:00:00,21.2,88
Whitefield,12.9698,77.75,2026-08-12 03:00:00,20.9,88
Whitefield,12.9698,77.75,2026-08-12 04:00:00,20.6,89
Whitefield,12.9698,77.75,2026-08-12 05:00:00,20.8,90
Whitefield,12.9698,77.75,2026-08-12 06:00:00,20.7,91
Whitefield,12.9698,77.75,2026-08-12 07:00:00,21.9,84
Whitefield,12.9698,77.75,2026-08-12 08:00:00,23.5,75
Whitefield,12.9698,77.75,2026-08-12 09:00:00,25.0,67
Whitefield,12.9698,77.75,2026-08-12 10:00:00,26.4,60
Whitefield,12.9698,77.75,2026-08-12 11:00:00,27.9,53
Whitefield,12.9698,77.75,2026-08-12 12:00:00,28.5,53
Whitefield,12.9698,77.75,2026-08-12 13:00:00,29.3,53
Whitefield,12.9698,77.75,2026-08-12 14:00:00,29.5,52
Whitefield,12.9698,77.75,2026-08-12 15:00:00,30.0,50
Whitefield,12.9698,77.75,2026-08-12 16:00:00,28.1,54
Whitefield,12.9698,77.75,2026-08-12 17:00:00,27.4,60
Whitefield,12.9698,77.75,2026-08-12 18:00:00,26.4,63
Whitefield,12.9698,77.75,2026-08-12 19:00:00,25.4,69
Whitefield,12.9698,77.75,2026-08-12 20:00:00,24.8,73
Whitefield,12.9698,77.75,2026-08-12 21:00:00,24.2,73
Whitefield,12.9698,77.75,2026-08-12 22:00:00,23.1,77
Whitefield,12.9698,77.75,2026-08-12 23:00:00,22.8,79
Whitefield,12.9698,77.75,2026-08-13 00:00:00,22.2,83
Whitefield,12.9698,77.75,2026-08-13 01:00:00,22.0,85
Whitefield,12.9698,77.75,2026-08-13 02:00:00,21.8,86
Whitefield,12.9698,77.75,2026-08-13 03:00:00,21.6,87
Whitefield,12.9698,77.75,2026-08-13 04:00:00,21.4,87
Whitefield,12.9698,77.75,2026-08-13 05:00:00,21.4,89
Whitefield,12.9698,77.75,2026-08-13 06:00:00,21.4,89
Whitefield,12.9698,77.75,2026-08-13 07:00:00,22.2,84
Whitefield,12.9698,77.75,2026-08-13 08:00:00,23.9,75
Whitefield,12.9698,77.75,2026-08-13 09:00:00,25.5,67
Whitefield,12.9698,77.75,2026-08-13 10:00:00,26.2,64
Whitefield,12.9698,77.75,2026-08-13 11:00:00,27.7,57
Whitefield,12.9698,77.75,2026-08-13 12:00:00,29.0,53
Whitefield,12.9698,77.75,2026-08-13 13:00:00,29.8,50
Whitefield,12.9698,77.75,2026-08-13 14:00:00,30.2,50
Whitefield,12.9698,77.75,2026-08-13 15:00:00,29.5,49
Whitefield,12.9698,77.75,2026-08-13 16:00:00,28.2,55
Whitefield,12.9698,77.75,2026-08-13 17:00:00,28.1,53
Whitefield,12.9698,77.75,2026-08-13 18:00:00,26.7,59
Whitefield,12.9698,77.75,2026-08-13 19:00:00,24.5,72
Whitefield,12.9698,77.75,2026-08-13 20:00:00,23.2,81
Whitefield,12.9698,77.75,2026-08-13 21:00:00,22.5,87
Whitefield,12.9698,77.75,2026-08-13 22:00:00,22.7,84
Whitefield,12.9698,77.75,2026-08-13 23:00:00,22.7,82
Whitefield,12.9698,77.75,2026-08-14 00:00:00,22.1,83
Whitefield,12.9698,77.75,2026-08-14 01:00:00,21.7,85
Whitefield,12.9698,77.75,2026-08-14 02:00:00,21.4,87
Whitefield,12.9698,77.75,2026-08-14 03:00:00,21.1,89
Whitefield,12.9698,77.75,2026-08-14 04:00:00,20.8,91
Whitefield,12.9698,77.75,2026-08-14 05:00:00,20.8,90
Whitefield,12.9698,77.75,2026-08-14 06:00:00,20.6,91
Whitefield,12.9698,77.75,2026-08-14 07:00:00,21.8,84
Whitefield,12.9698,77.75,2026-08-14 08:00:00,24.0,72
Whitefield,12.9698,77.75,2026-08-14 09:00:00,25.7,63
Whitefield,12.9698,77.75,2026-08-14 10:00:00,27.2,57
Whitefield,12.9698,77.75,2026-08-14 11:00:00,27.7,54
Whitefield,12.9698,77.75,2026-08-14 12:00:00,29.1,51
Whitefield,12.9698,77.75,2026-08-14 13:00:00,30.1,48
Whitefield,12.9698,77.75,2026-08-14 14:00:00,30.1,49
Whitefield,12.9698,77.75,2026-08-14 15:00:00,30.1,49
Whitefield,12.9698,77.75,2026-08-14 16:00:00,28.3,54
Whitefield,12.9698,77.75,2026-08-14 17:00:00,28.3,50
Whitefield,12.9698,77.75,2026-08-14 18:00:00,27.1,55
Whitefield,12.9698,77.75,2026-08-14 19:00:00,25.7,64
Whitefield,12.9698,77.75,2026-08-14 20:00:00,24.4,72
Whitefield,12.9698,77.75,2026-08-14 21:00:00,22.9,78
Whitefield,12.9698,77.75,2026-08-14 22:00:00,23.0,80
Whitefield,12.9698,77.75,2026-08-14 23:00:00,23.3,79
Whitefield,12.9698,77.75,2026-08-15 00:00:00,22.7,81
Whitefield,12.9698,77.75,2026-08-15 01:00:00,22.2,82
Whitefield,12.9698,77.75,2026-08-15 02:00:00,21.9,84
Whitefield,12.9698,77.75,2026-08-15 03:00:00,21.5,86
Whitefield,12.9698,77.75,2026-08-15 04:00:00,21.2,87
Whitefield,12.9698,77.75,2026-08-15 05:00:00,21.1,88
Whitefield,12.9698,77.75,2026-08-15 06:00:00,21.0,88
Whitefield,12.9698,77.75,2026-08-15 07:00:00,22.0,83
Whitefield,12.9698,77.75,2026-08-15 08:00:00,23.8,72
Whitefield,12.9698,77.75,2026-08-15 09:00:00,25.5,62
Whitefield,12.9698,77.75,2026-08-15 10:00:00,26.6,56
Whitefield,12.9698,77.75,2026-08-15 11:00:00,27.3,54
Whitefield,12.9698,77.75,2026-08-15 12:00:00,28.6,50
Whitefield,12.9698,77.75,2026-08-15 13:00:00,29.9,47
Whitefield,12.9698,77.75,2026-08-15 14:00:00,30.1,46
Whitefield,12.9698,77.75,2026-08-15 15:00:00,29.9,46
Whitefield,12.9698,77.75,2026-08-15 16:00:00,28.2,52
Whitefield,12.9698,77.75,2026-08-15 17:00:00,28.7,47
Whitefield,12.9698,77.75,2026-08-15 18:00:00,27.4,52
Whitefield,12.9698,77.75,2026-08-15 19:00:00,26.2,58
Whitefield,12.9698,77.75,2026-08-15 20:00:00,25.3,63
Whitefield,12.9698,77.75,2026-08-15 21:00:00,24.2,69
Whitefield,12.9698,77.75,2026-08-15 22:00:00,23.4,73
Whitefield,12.9698,77.75,2026-08-15 23:00:00,22.8,77
Whitefield,12.9698,77.75,2026-08-16 00:00:00,22.3,79
Whitefield,12.9698,77.75,2026-08-16 01:00:00,21.8,82
Whitefield,12.9698,77.75,2026-08-16 02:00:00,21.4,85
Whitefield,12.9698,77.75,2026-08-16 03:00:00,21.2,86
Whitefield,12.9698,77.75,2026-08-16 04:00:00,21.0,85
Whitefield,12.9698,77.75,2026-08-16 05:00:00,21.2,86
Whitefield,12.9698,77.75,2026-08-16 06:00:00,21.0,87
Whitefield,12.9698,77.75,2026-08-16 07:00:00,22.3,80
Whitefield,12.9698,77.75,2026-08-16 08:00:00,24.3,68
Whitefield,12.9698,77.75,2026-08-16 09:00:00,26.2,58
Whitefield,12.9698,77.75,2026-08-16 10:00:00,27.8,51
Whitefield,12.9698,77.75,2026-08-16 11:00:00,29.2,45
Whitefield,12.9698,77.75,2026-08-16 12:00:00,29.8,46
Whitefield,12.9698,77.75,2026-08-16 13:00:00,30.5,44
Whitefield,12.9698,77.75,2026-08-16 14:00:00,31.3,41
Whitefield,12.9698,77.75,2026-08-16 15:00:00,31.0,41
Whitefield,12.9698,77.75,2026-08-16 16:00:00,28.8,49
Whitefield,12.9698,77.75,2026-08-16 17:00:00,28.5,49
Whitefield,12.9698,77.75,2026-08-16 18:00:00,27.3,55
Whitefield,12.9698,77.75,2026-08-16 19:00:00,26.7,58
Whitefield,12.9698,77.75,2026-08-16 20:00:00,25.9,62
Whitefield,12.9698,77.75,2026-08-16 21:00:00,24.9,68
Whitefield,12.9698,77.75,2026-08-16 22:00:00,24.0,71
Whitefield,12.9698,77.75,2026-08-16 23:00:00,23.6,72
Whitefield,12.9698,77.75,2026-08-17 00:00:00,22.7,76
Whitefield,12.9698,77.75,2026-08-17 01:00:00,22.0,80
Whitefield,12.9698,77.75,2026-08-17 02:00:00,21.5,83
Whitefield,12.9698,77.75,2026-08-17 03:00:00,20.9,87
Whitefield,12.9698,77.75,2026-08-17 04:00:00,20.6,89
Whitefield,12.9698,77.75,2026-08-17 05:00:00,21.3,87
Whitefield,12.9698,77.75,2026-08-17 06:00:00,21.2,88
Whitefield,12.9698,77.75,2026-08-17 07:00:00,22.2,82
Whitefield,12.9698,77.75,2026-08-17 08:00:00,23.8,73
Whitefield,12.9698,77.75,2026-08-17 09:00:00,25.7,62
Whitefield,12.9698,77.75,2026-08-17 10:00:00,27.5,53
Whitefield,12.9698,77.75,2026-08-17 11:00:00,28.1,52
Whitefield,12.9698,77.75,2026-08-17 12:00:00,28.6,51
Whitefield,12.9698,77.75,2026-08-17 13:00:00,29.6,48
Whitefield,12.9698,77.75,2026-08-17 14:00:00,29.9,46
Whitefield,12.9698,77.75,2026-08-17 15:00:00,30.2,44
Whitefield,12.9698,77.75,2026-08-17 16:00:00,29.4,46
Whitefield,12.9698,77.75,2026-08-17 17:00:00,28.4,50
Whitefield,12.9698,77.75,2026-08-17 18:00:00,26.1,61
Whitefield,12.9698,77.75,2026-08-17 19:00:00,24.8,67
Whitefield,12.9698,77.75,2026-08-17 20:00:00,24.4,72
Whitefield,12.9698,77.75,2026-08-17 21:00:00,24.1,76
Whitefield,12.9698,77.75,2026-08-17 22:00:00,23.6,78
Whitefield,12.9698,77.75,2026-08-17 23:00:00,22.9,79
Whitefield,12.9698,77.75,2026-08-18 00:00:00,22.1,82
Whitefield,12.9698,77.75,2026-08-18 01:00:00,21.5,84
Whitefield,12.9698,77.75,2026-08-18 02:00:00,21.0,86
Whitefield,12.9698,77.75,2026-08-18 03:00:00,20.5,88
Whitefield,12.9698,77.75,2026-08-18 04:00:00,20.3,90
Whitefield,12.9698,77.75,2026-08-18 05:00:00,20.1,91
Whitefield,12.9698,77.75,2026-08-18 06:00:00,20.2,91
Whitefield,12.9698,77.75,2026-08-18 07:00:00,21.5,83
Whitefield,12.9698,77.75,2026-08-18 08:00:00,23.7,71
Whitefield,12.9698,77.75,2026-08-18 09:00:00,25.8,60
Whitefield,12.9698,77.75,2026-08-18 10:00:00,27.3,54
Whitefield,12.9698,77.75,2026-08-18 11:00:00,28.3,52
Whitefield,12.9698,77.75,2026-08-18 12:00:00,30.0,48
Whitefield,12.9698,77.75,2026-08-18 13:00:00,30.8,46
Whitefield,12.9698,77.75,2026-08-18 14:00:00,30.8,45
Whitefield,12.9698,77.75,2026-08-18 15:00:00,30.1,47
Whitefield,12.9698,77.75,2026-08-18 16:00:00,29.8,46
Whitefield,12.9698,77.75,2026-08-18 17:00:00,27.3,58
Whitefield,12.9698,77.75,2026-08-18 18:00:00,26.0,61
Whitefield,12.9698,77.75,2026-08-18 19:00:00,23.5,79
Whitefield,12.9698,77.75,2026-08-18 20:00:00,23.8,80
Whitefield,12.9698,77.75,2026-08-18 21:00:00,23.6,79
Whitefield,12.9698,77.75,2026-08-18 22:00:00,23.2,81
Whitefield,12.9698,77.75,2026-08-18 23:00:00,22.7,83
Whitefield,12.9698,77.75,2026-08-19 00:00:00,22.1,86
Whitefield,12.9698,77.75,2026-08-19 01:00:00,21.5,88
Whitefield,12.9698,77.75,2026-08-19 02:00:00,21.2,88
Whitefield,12.9698,77.75,2026-08-19 03:00:00,20.9,90
Whitefield,12.9698,77.75,2026-08-19 04:00:00,20.9,89
Whitefield,12.9698,77.75,2026-08-19 05:00:00,21.0,88
Whitefield,12.9698,77.75,2026-08-19 06:00:00,21.1,87
Whitefield,12.9698,77.75,2026-08-19 07:00:00,22.1,82
Whitefield,12.9698,77.75,2026-08-19 08:00:00,23.8,72
Whitefield,12.9698,77.75,2026-08-19 09:00:00,25.3,65
Whitefield,12.9698,77.75,2026-08-19 10:00:00,26.5,60
Whitefield,12.9698,77.75,2026-08-19 11:00:00,27.7,57
Whitefield,12.9698,77.75,2026-08-19 12:00:00,29.1,53
Whitefield,12.9698,77.75,2026-08-19 13:00:00,29.9,49
Whitefield,12.9698,77.75,2026-08-19 14:00:00,30.1,48
Whitefield,12.9698,77.75,2026-08-19 15:00:00,29.3,50
Whitefield,12.9698,77.75,2026-08-19 16:00:00,29.3,50
Whitefield,12.9698,77.75,2026-08-19 17:00:00,24.7,71
Whitefield,12.9698,77.75,2026-08-19 18:00:00,25.0,72
Whitefield,12.9698,77.75,2026-08-19 19:00:00,23.8,80
Whitefield,12.9698,77.75,2026-08-19 20:00:00,23.5,83
Whitefield,12.9698,77.75,2026-08-19 21:00:00,23.3,82
Whitefield,12.9698,77.75,2026-08-19 22:00:00,22.9,85
Whitefield,12.9698,77.75,2026-08-19 23:00:00,22.4,86
Whitefield,12.9698,77.75,2026-08-20 00:00:00,21.9,86
Whitefield,12.9698,77.75,2026-08-20 01:00:00,21.4,88
Whitefield,12.9698,77.75,2026-08-20 02:00:00,21.1,89
Whitefield,12.9698,77.75,2026-08-20 03:00:00,20.8,90
Whitefield,12.9698,77.75,2026-08-20 04:00:00,21.1,89
Whitefield,12.9698,77.75,2026-08-20 05:00:00,21.0,90
Whitefield,12.9698,77.75,2026-08-20 06:00:00,21.3,88
Whitefield,12.9698,77.75,2026-08-20 07:00:00,22.2,84
Whitefield,12.9698,77.75,2026-08-20 08:00:00,24.1,73
Whitefield,12.9698,77.75,2026-08-20 09:00:00,25.6,65
Whitefield,12.9698,77.75,2026-08-20 10:00:00,27.0,58
Whitefield,12.9698,77.75,2026-08-20 11:00:00,27.9,54
Whitefield,12.9698,77.75,2026-08-20 12:00:00,29.0,49
Whitefield,12.9698,77.75,2026-08-20 13:00:00,30.5,45
Whitefield,12.9698,77.75,2026-08-20 14:00:00,30.7,45
Whitefield,12.9698,77.75,2026-08-20 15:00:00,30.4,44
Whitefield,12.9698,77.75,2026-08-20 16:00:00,29.6,46
Whitefield,12.9698,77.75,2026-08-20 17:00:00,26.1,56
Whitefield,12.9698,77.75,2026-08-20 18:00:00,25.6,59
Whitefield,12.9698,77.75,2026-08-20 19:00:00,25.2,64
Whitefield,12.9698,77.75,2026-08-20 20:00:00,24.8,68
Whitefield,12.9698,77.75,2026-08-20 21:00:00,24.1,73
Whitefield,12.9698,77.75,2026-08-20 22:00:00,23.2,78
Whitefield,12.9698,77.75,2026-08-20 23:00:00,22.5,81
Whitefield,12.9698,77.75,2026-08-21 00:00:00,21.8,84
Whitefield,12.9698,77.75,2026-08-21 01:00:00,21.2,87
Whitefield,12.9698,77.75,2026-08-21 02:00:00,20.7,89
Whitefield,12.9698,77.75,2026-08-21 03:00:00,20.4,90
Whitefield,12.9698,77.75,2026-08-21 04:00:00,20.4,89
Whitefield,12.9698,77.75,2026-08-21 05:00:00,20.7,87
Whitefield,12.9698,77.75,2026-08-21 06:00:00,21.4,83
Whitefield,12.9698,77.75,2026-08-21 07:00:00,22.4,78
Whitefield,12.9698,77.75,2026-08-21 08:00:00,23.5,72
Whitefield,12.9698,77.75,2026-08-21 09:00:00,25.0,63
Whitefield,12.9698,77.75,2026-08-21 10:00:00,26.6,55
Whitefield,12.9698,77.75,2026-08-21 11:00:00,28.1,49
Whitefield,12.9698,77.75,2026-08-21 12:00:00,29.3,45
Whitefield,12.9698,77.75,2026-08-21 13:00:00,30.4,43
Whitefield,12.9698,77.75,2026-08-21 14:00:00,30.9,42
Whitefield,12.9698,77.75,2026-08-21 15:00:00,30.3,43
Whitefield,12.9698,77.75,2026-08-21 16:00:00,29.2,47
Whitefield,12.9698,77.75,2026-08-21 17:00:00,28.0,50
Whitefield,12.9698,77.75,2026-08-21 18:00:00,26.9,55
Whitefield,12.9698,77.75,2026-08-21 19:00:00,25.7,61
Whitefield,12.9698,77.75,2026-08-21 20:00:00,24.6,66
Whitefield,12.9698,77.75,2026-08-21 21:00:00,23.5,72
Whitefield,12.9698,77.75,2026-08-21 22:00:00,22.5,77
Whitefield,12.9698,77.75,2026-08-21 23:00:00,21.6,81
Whitefield,12.9698,77.75,2026-08-22 00:00:00,21.0,85
Whitefield,12.9698,77.75,2026-08-22 01:00:00,20.6,87
Whitefield,12.9698,77.75,2026-08-22 02:00:00,20.4,88
Whitefield,12.9698,77.75,2026-08-22 03:00:00,20.2,89
Whitefield,12.9698,77.75,2026-08-22 04:00:00,20.2,89
Whitefield,12.9698,77.75,2026-08-22 05:00:00,20.5,87
Whitefield,12.9698,77.75,2026-08-22 06:00:00,21.4,82
Whitefield,12.9698,77.75,2026-08-22 07:00:00,22.6,75
Whitefield,12.9698,77.75,2026-08-22 08:00:00,23.8,69
Whitefield,12.9698,77.75,2026-08-22 09:00:00,25.2,61
Whitefield,12.9698,77.75,2026-08-22 10:00:00,26.6,55
Whitefield,12.9698,77.75,2026-08-22 11:00:00,27.8,49
Whitefield,12.9698,77.75,2026-08-22 12:00:00,28.9,46
Whitefield,12.9698,77.75,2026-08-22 13:00:00,29.9,44
Whitefield,12.9698,77.75,2026-08-22 14:00:00,30.3,44
Whitefield,12.9698,77.75,2026-08-22 15:00:00,30.1,44
Whitefield,12.9698,77.75,2026-08-22 16:00:00,29.3,46
Whitefield,12.9698,77.75,2026-08-22 17:00:00,28.3,49
Whitefield,12.9698,77.75,2026-08-22 18:00:00,27.0,55
Whitefield,12.9698,77.75,2026-08-22 19:00:00,25.5,63
Whitefield,12.9698,77.75,2026-08-22 20:00:00,24.2,71
Whitefield,12.9698,77.75,2026-08-22 21:00:00,23.3,76
Whitefield,12.9698,77.75,2026-08-22 22:00:00,22.5,79
Whitefield,12.9698,77.75,2026-08-22 23:00:00,21.9,81
Whitefield,12.9698,77.75,2026-08-23 00:00:00,21.4,84
Whitefield,12.9698,77.75,2026-08-23 01:00:00,20.9,87
Whitefield,12.9698,77.75,2026-08-23 02:00:00,20.7,88
Whitefield,12.9698,77.75,2026-08-23 03:00:00,20.5,89
Whitefield,12.9698,77.75,2026-08-23 04:00:00,20.6,89
Whitefield,12.9698,77.75,2026-08-23 05:00:00,20.9,86
Whitefield,12.9698,77.75,2026-08-23 06:00:00,21.5,82
Whitefield,12.9698,77.75,2026-08-23 07:00:00,22.5,77
Whitefield,12.9698,77.75,2026-08-23 08:00:00,23.6,71
Whitefield,12.9698,77.75,2026-08-23 09:00:00,25.0,64
Whitefield,12.9698,77.75,2026-08-23 10:00:00,26.6,57
Whitefield,12.9698,77.75,2026-08-23 11:00:00,27.8,54
Whitefield,12.9698,77.75,2026-08-23 12:00:00,27.7,54
Whitefield,12.9698,77.75,2026-08-23 13:00:00,27.3,57
Whitefield,12.9698,77.75,2026-08-23 14:00:00,26.7,60
Whitefield,12.9698,77.75,2026-08-23 15:00:00,26.0,64
Whitefield,12.9698,77.75,2026-08-23 16:00:00,25.2,68
Whitefield,12.9698,77.75,2026-08-23 17:00:00,24.6,72
Whitefield,12.9698,77.75,2026-08-23 18:00:00,24.0,76
Whitefield,12.9698,77.75,2026-08-23 19:00:00,23.4,79
Whitefield,12.9698,77.75,2026-08-23 20:00:00,22.7,83
Whitefield,12.9698,77.75,2026-08-23 21:00:00,22.1,87
Whitefield,12.9698,77.75,2026-08-23 22:00:00,21.6,90
Whitefield,12.9698,77.75,2026-08-23 23:00:00,21.2,92
Jayanagar,12.9308,77.5838,2026-07-27 00:00:00,21.9,86
Jayanagar,12.9308,77.5838,2026-07-27 01:00:00,21.5,88
Jayanagar,12.9308,77.5838,2026-07-27 02:00:00,21.2,89
Jayanagar,12.9308,77.5838,2026-07-27 03:00:00,20.9,90
Jayanagar,12.9308,77.5838,2026-07-27 04:00:00,20.7,91
Jayanagar,12.9308,77.5838,2026-07-27 05:00:00,21.4,89
Jayanagar,12.9308,77.5838,2026-07-27 06:00:00,21.4,90
Jayanagar,12.9308,77.5838,2026-07-27 07:00:00,22.5,85
Jayanagar,12.9308,77.5838,2026-07-27 08:00:00,23.7,77
Jayanagar,12.9308,77.5838,2026-07-27 09:00:00,25.1,70
Jayanagar,12.9308,77.5838,2026-07-27 10:00:00,26.1,65
Jayanagar,12.9308,77.5838,2026-07-27 11:00:00,27.2,59
Jayanagar,12.9308,77.5838,2026-07-27 12:00:00,28.1,57
Jayanagar,12.9308,77.5838,2026-07-27 13:00:00,28.1,57
Jayanagar,12.9308,77.5838,2026-07-27 14:00:00,27.9,59
Jayanagar,12.9308,77.5838,2026-07-27 15:00:00,27.8,57
Jayanagar,12.9308,77.5838,2026-07-27 16:00:00,26.3,66
Jayanagar,12.9308,77.5838,2026-07-27 17:00:00,27.2,58
Jayanagar,12.9308,77.5838,2026-07-27 18:00:00,26.0,63
Jayanagar,12.9308,77.5838,2026-07-27 19:00:00,24.9,68
Jayanagar,12.9308,77.5838,2026-07-27 20:00:00,24.1,73
Jayanagar,12.9308,77.5838,2026-07-27 21:00:00,23.7,77
Jayanagar,12.9308,77.5838,2026-07-27 22:00:00,23.1,80
Jayanagar,12.9308,77.5838,2026-07-27 23:00:00,22.7,82
Jayanagar,12.9308,77.5838,2026-07-28 00:00:00,22.2,85
Jayanagar,12.9308,77.5838,2026-07-28 01:00:00,21.8,89
Jayanagar,12.9308,77.5838,2026-07-28 02:00:00,21.5,91
Jayanagar,12.9308,77.5838,2026-07-28 03:00:00,21.3,93
Jayanagar,12.9308,77.5838,2026-07-28 04:00:00,21.2,93
Jayanagar,12.9308,77.5838,2026-07-28 05:00:00,21.2,92
Jayanagar,12.9308,77.5838,2026-07-28 06:00:00,21.0,93
Jayanagar,12.9308,77.5838,2026-07-28 07:00:00,21.9,88
Jayanagar,12.9308,77.5838,2026-07-28 08:00:00,23.4,79
Jayanagar,12.9308,77.5838,2026-07-28 09:00:00,24.6,74
Jayanagar,12.9308,77.5838,2026-07-28 10:00:00,25.8,69
Jayanagar,12.9308,77.5838,2026-07-28 11:00:00,26.7,62
Jayanagar,12.9308,77.5838,2026-07-28 12:00:00,28.4,55
Jayanagar,12.9308,77.5838,2026-07-28 13:00:00,29.1,55
Jayanagar,12.9308,77.5838,2026-07-28 14:00:00,29.1,55
Jayanagar,12.9308,77.5838,2026-07-28 15:00:00,25.7,74
Jayanagar,12.9308,77.5838,2026-07-28 16:00:00,25.8,68
Jayanagar,12.9308,77.5838,2026-07-28 17:00:00,27.1,58
Jayanagar,12.9308,77.5838,2026-07-28 18:00:00,25.7,64
Jayanagar,12.9308,77.5838,2026-07-28 19:00:00,24.6,70
Jayanagar,12.9308,77.5838,2026-07-28 20:00:00,23.7,75
Jayanagar,12.9308,77.5838,2026-07-28 21:00:00,22.9,78
Jayanagar,12.9308,77.5838,2026-07-28 22:00:00,22.2,82
Jayanagar,12.9308,77.5838,2026-07-28 23:00:00,22.4,82
Jayanagar,12.9308,77.5838,2026-07-29 00:00:00,21.9,87
Jayanagar,12.9308,77.5838,2026-07-29 01:00:00,21.6,89
Jayanagar,12.9308,77.5838,2026-07-29 02:00:00,21.6,90
Jayanagar,12.9308,77.5838,2026-07-29 03:00:00,21.5,90
Jayanagar,12.9308,77.5838,2026-07-29 04:00:00,21.6,88
Jayanagar,12.9308,77.5838,2026-07-29 05:00:00,21.5,90
Jayanagar,12.9308,77.5838,2026-07-29 06:00:00,21.5,91
Jayanagar,12.9308,77.5838,2026-07-29 07:00:00,22.3,88
Jayanagar,12.9308,77.5838,2026-07-29 08:00:00,23.8,79
Jayanagar,12.9308,77.5838,2026-07-29 09:00:00,25.2,71
Jayanagar,12.9308,77.5838,2026-07-29 10:00:00,25.7,68
Jayanagar,12.9308,77.5838,2026-07-29 11:00:00,27.1,60
Jayanagar,12.9308,77.5838,2026-07-29 12:00:00,27.8,56
Jayanagar,12.9308,77.5838,2026-07-29 13:00:00,28.2,58
Jayanagar,12.9308,77.5838,2026-07-29 14:00:00,28.6,55
Jayanagar,12.9308,77.5838,2026-07-29 15:00:00,27.3,59
Jayanagar,12.9308,77.5838,2026-07-29 16:00:00,24.0,82
Jayanagar,12.9308,77.5838,2026-07-29 17:00:00,26.4,64
Jayanagar,12.9308,77.5838,2026-07-29 18:00:00,24.9,68
Jayanagar,12.9308,77.5838,2026-07-29 19:00:00,23.7,74
Jayanagar,12.9308,77.5838,2026-07-29 20:00:00,23.0,78
Jayanagar,12.9308,77.5838,2026-07-29 21:00:00,22.4,81
Jayanagar,12.9308,77.5838,2026-07-29 22:00:00,21.8,83
Jayanagar,12.9308,77.5838,2026-07-29 23:00:00,22.3,84
Jayanagar,12.9308,77.5838,2026-07-30 00:00:00,22.0,88
Jayanagar,12.9308,77.5838,2026-07-30 01:00:00,22.0,87
Jayanagar,12.9308,77.5838,2026-07-30 02:00:00,21.5,88
Jayanagar,12.9308,77.5838,2026-07-30 03:00:00,21.2,90
Jayanagar,12.9308,77.5838,2026-07-30 04:00:00,21.0,90
Jayanagar,12.9308,77.5838,2026-07-30 05:00:00,21.8,88
Jayanagar,12.9308,77.5838,2026-07-30 06:00:00,21.8,88
Jayanagar,12.9308,77.5838,2026-07-30 07:00:00,22.5,82
Jayanagar,12.9308,77.5838,2026-07-30 08:00:00,23.5,78
Jayanagar,12.9308,77.5838,2026-07-30 09:00:00,24.4,74
Jayanagar,12.9308,77.5838,2026-07-30 10:00:00,25.6,68
Jayanagar,12.9308,77.5838,2026-07-30 11:00:00,26.6,62
Jayanagar,12.9308,77.5838,2026-07-30 12:00:00,27.2,60
Jayanagar,12.9308,77.5838,2026-07-30 13:00:00,27.9,58
Jayanagar,12.9308,77.5838,2026-07-30 14:00:00,27.8,61
Jayanagar,12.9308,77.5838,2026-07-30 15:00:00,24.0,81
Jayanagar,12.9308,77.5838,2026-07-30 16:00:00,27.0,63
Jayanagar,12.9308,77.5838,2026-07-30 17:00:00,25.6,69
Jayanagar,12.9308,77.5838,2026-07-30 18:00:00,24.5,74
Jayanagar,12.9308,77.5838,2026-07-30 19:00:00,24.1,73
Jayanagar,12.9308,77.5838,2026-07-30 20:00:00,23.5,76
Jayanagar,12.9308,77.5838,2026-07-30 21:00:00,23.1,80
Jayanagar,12.9308,77.5838,2026-07-30 22:00:00,22.5,83
Jayanagar,12.9308,77.5838,2026-07-30 23:00:00,22.4,86
Jayanagar,12.9308,77.5838,2026-07-31 00:00:00,22.1,88
Jayanagar,12.9308,77.5838,2026-07-31 01:00:00,21.8,90
Jayanagar,12.9308,77.5838,2026-07-31 02:00:00,21.5,92
Jayanagar,12.9308,77.5838,2026-07-31 03:00:00,21.6,91
Jayanagar,12.9308,77.5838,2026-07-31 04:00:00,21.4,91
Jayanagar,12.9308,77.5838,2026-07-31 05:00:00,21.5,89
Jayanagar,12.9308,77.5838,2026-07-31 06:00:00,21.7,89
Jayanagar,12.9308,77.5838,2026-07-31 07:00:00,22.9,85
Jayanagar,12.9308,77.5838,2026-07-31 08:00:00,24.0,79
Jayanagar,12.9308,77.5838,2026-07-31 09:00:00,25.2,72
Jayanagar,12.9308,77.5838,2026-07-31 10:00:00,26.9,65
Jayanagar,12.9308,77.5838,2026-07-31 11:00:00,27.7,60
Jayanagar,12.9308,77.5838,2026-07-31 12:00:00,28.4,56
Jayanagar,12.9308,77.5838,2026-07-31 13:00:00,28.5,56
Jayanagar,12.9308,77.5838,2026-07-31 14:00:00,26.5,69
Jayanagar,12.9308,77.5838,2026-07-31 15:00:00,27.1,63
Jayanagar,12.9308,77.5838,2026-07-31 16:00:00,26.1,67
Jayanagar,12.9308,77.5838,2026-07-31 17:00:00,26.7,62
Jayanagar,12.9308,77.5838,2026-07-31 18:00:00,24.8,72
Jayanagar,12.9308,77.5838,2026-07-31 19:00:00,23.4,78
Jayanagar,12.9308,77.5838,2026-07-31 20:00:00,23.0,80
Jayanagar,12.9308,77.5838,2026-07-31 21:00:00,22.1,87
Jayanagar,12.9308,77.5838,2026-07-31 22:00:00,21.7,93
Jayanagar,12.9308,77.5838,2026-07-31 23:00:00,22.5,89
Jayanagar,12.9308,77.5838,2026-08-01 00:00:00,22.3,88
Jayanagar,12.9308,77.5838,2026-08-01 01:00:00,21.7,91
Jayanagar,12.9308,77.5838,2026-08-01 02:00:00,21.6,91
Jayanagar,12.9308,77.5838,2026-08-01 03:00:00,21.1,93
Jayanagar,12.9308,77.5838,2026-08-01 04:00:00,21.0,94
Jayanagar,12.9308,77.5838,2026-08-01 05:00:00,21.4,96
Jayanagar,12.9308,77.5838,2026-08-01 06:00:00,21.5,95
Jayanagar,12.9308,77.5838,2026-08-01 07:00:00,22.0,92
Jayanagar,12.9308,77.5838,2026-08-01 08:00:00,23.3,84
Jayanagar,12.9308,77.5838,2026-08-01 09:00:00,24.2,77
Jayanagar,12.9308,77.5838,2026-08-01 10:00:00,25.3,73
Jayanagar,12.9308,77.5838,2026-08-01 11:00:00,25.3,71
Jayanagar,12.9308,77.5838,2026-08-01 12:00:00,25.6,68
Jayanagar,12.9308,77.5838,2026-08-01 13:00:00,25.7,73
Jayanagar,12.9308,77.5838,2026-08-01 14:00:00,27.4,64
Jayanagar,12.9308,77.5838,2026-08-01 15:00:00,23.6,82
Jayanagar,12.9308,77.5838,2026-08-01 16:00:00,23.2,89
Jayanagar,12.9308,77.5838,2026-08-01 17:00:00,25.0,74
Jayanagar,12.9308,77.5838,2026-08-01 18:00:00,20.8,98
Jayanagar,12.9308,77.5838,2026-08-01 19:00:00,22.2,90
Jayanagar,12.9308,77.5838,2026-08-01 20:00:00,22.0,89
Jayanagar,12.9308,77.5838,2026-08-01 21:00:00,21.8,89
Jayanagar,12.9308,77.5838,2026-08-01 22:00:00,21.7,88
Jayanagar,12.9308,77.5838,2026-08-01 23:00:00,22.5,84
Jayanagar,12.9308,77.5838,2026-08-02 00:00:00,22.1,87
Jayanagar,12.9308,77.5838,2026-08-02 01:00:00,21.8,88
Jayanagar,12.9308,77.5838,2026-08-02 02:00:00,21.6,88
Jayanagar,12.9308,77.5838,2026-08-02 03:00:00,21.4,88
Jayanagar,12.9308,77.5838,2026-08-02 04:00:00,21.3,90
Jayanagar,12.9308,77.5838,2026-08-02 05:00:00,21.5,91
Jayanagar,12.9308,77.5838,2026-08-02 06:00:00,21.3,92
Jayanagar,12.9308,77.5838,2026-08-02 07:00:00,21.8,91
Jayanagar,12.9308,77.5838,2026-08-02 08:00:00,22.6,86
Jayanagar,12.9308,77.5838,2026-08-02 09:00:00,23.5,81
Jayanagar,12.9308,77.5838,2026-08-02 10:00:00,24.5,74
Jayanagar,12.9308,77.5838,2026-08-02 11:00:00,26.9,65
Jayanagar,12.9308,77.5838,2026-08-02 12:00:00,28.9,58
Jayanagar,12.9308,77.5838,2026-08-02 13:00:00,28.6,55
Jayanagar,12.9308,77.5838,2026-08-02 14:00:00,28.8,53
Jayanagar,12.9308,77.5838,2026-08-02 15:00:00,28.2,54
Jayanagar,12.9308,77.5838,2026-08-02 16:00:00,27.9,55
Jayanagar,12.9308,77.5838,2026-08-02 17:00:00,27.2,58
Jayanagar,12.9308,77.5838,2026-08-02 18:00:00,25.4,69
Jayanagar,12.9308,77.5838,2026-08-02 19:00:00,24.6,75
Jayanagar,12.9308,77.5838,2026-08-02 20:00:00,23.7,79
Jayanagar,12.9308,77.5838,2026-08-02 21:00:00,22.8,82
Jayanagar,12.9308,77.5838,2026-08-02 22:00:00,22.1,89
Jayanagar,12.9308,77.5838,2026-08-02 23:00:00,21.7,95
Jayanagar,12.9308,77.5838,2026-08-03 00:00:00,21.7,93
Jayanagar,12.9308,77.5838,2026-08-03 01:00:00,21.0,94
Jayanagar,12.9308,77.5838,2026-08-03 02:00:00,21.0,95
Jayanagar,12.9308,77.5838,2026-08-03 03:00:00,20.9,97
Jayanagar,12.9308,77.5838,2026-08-03 04:00:00,21.0,97
Jayanagar,12.9308,77.5838,2026-08-03 05:00:00,21.4,93
Jayanagar,12.9308,77.5838,2026-08-03 06:00:00,21.1,97
Jayanagar,12.9308,77.5838,2026-08-03 07:00:00,21.8,93
Jayanagar,12.9308,77.5838,2026-08-03 08:00:00,23.1,84
Jayanagar,12.9308,77.5838,2026-08-03 09:00:00,24.8,74
Jayanagar,12.9308,77.5838,2026-08-03 10:00:00,26.2,65
Jayanagar,12.9308,77.5838,2026-08-03 11:00:00,26.0,67
Jayanagar,12.9308,77.5838,2026-08-03 12:00:00,24.2,77
Jayanagar,12.9308,77.5838,2026-08-03 13:00:00,25.3,75
Jayanagar,12.9308,77.5838,2026-08-03 14:00:00,24.7,77
Jayanagar,12.9308,77.5838,2026-08-03 15:00:00,22.8,88
Jayanagar,12.9308,77.5838,2026-08-03 16:00:00,23.6,87
Jayanagar,12.9308,77.5838,2026-08-03 17:00:00,25.5,70
Jayanagar,12.9308,77.5838,2026-08-03 18:00:00,24.8,72
Jayanagar,12.9308,77.5838,2026-08-03 19:00:00,24.2,74
Jayanagar,12.9308,77.5838,2026-08-03 20:00:00,23.4,77
Jayanagar,12.9308,77.5838,2026-08-03 21:00:00,22.5,85
Jayanagar,12.9308,77.5838,2026-08-03 22:00:00,22.1,87
Jayanagar,12.9308,77.5838,2026-08-03 23:00:00,21.8,91
Jayanagar,12.9308,77.5838,2026-08-04 00:00:00,21.2,95
Jayanagar,12.9308,77.5838,2026-08-04 01:00:00,21.0,97
Jayanagar,12.9308,77.5838,2026-08-04 02:00:00,20.9,98
Jayanagar,12.9308,77.5838,2026-08-04 03:00:00,20.5,98
Jayanagar,12.9308,77.5838,2026-08-04 04:00:00,20.5,95
Jayanagar,12.9308,77.5838,2026-08-04 05:00:00,20.6,96
Jayanagar,12.9308,77.5838,2026-08-04 06:00:00,20.4,96
Jayanagar,12.9308,77.5838,2026-08-04 07:00:00,21.5,89
Jayanagar,12.9308,77.5838,2026-08-04 08:00:00,23.3,79
Jayanagar,12.9308,77.5838,2026-08-04 09:00:00,24.4,73
Jayanagar,12.9308,77.5838,2026-08-04 10:00:00,25.1,72
Jayanagar,12.9308,77.5838,2026-08-04 11:00:00,25.7,67
Jayanagar,12.9308,77.5838,2026-08-04 12:00:00,24.1,78
Jayanagar,12.9308,77.5838,2026-08-04 13:00:00,27.3,64
Jayanagar,12.9308,77.5838,2026-08-04 14:00:00,27.7,62
Jayanagar,12.9308,77.5838,2026-08-04 15:00:00,27.3,63
Jayanagar,12.9308,77.5838,2026-08-04 16:00:00,23.1,81
Jayanagar,12.9308,77.5838,2026-08-04 17:00:00,23.1,89
Jayanagar,12.9308,77.5838,2026-08-04 18:00:00,21.4,95
Jayanagar,12.9308,77.5838,2026-08-04 19:00:00,20.9,97
Jayanagar,12.9308,77.5838,2026-08-04 20:00:00,21.0,97
Jayanagar,12.9308,77.5838,2026-08-04 21:00:00,20.8,98
Jayanagar,12.9308,77.5838,2026-08-04 22:00:00,20.6,98
Jayanagar,12.9308,77.5838,2026-08-04 23:00:00,20.5,97
Jayanagar,12.9308,77.5838,2026-08-05 00:00:00,20.3,97
Jayanagar,12.9308,77.5838,2026-08-05 01:00:00,20.3,97
Jayanagar,12.9308,77.5838,2026-08-05 02:00:00,20.1,98
Jayanagar,12.9308,77.5838,2026-08-05 03:00:00,20.3,98
Jayanagar,12.9308,77.5838,2026-08-05 04:00:00,20.2,98
Jayanagar,12.9308,77.5838,2026-08-05 05:00:00,20.3,98
Jayanagar,12.9308,77.5838,2026-08-05 06:00:00,20.4,98
Jayanagar,12.9308,77.5838,2026-08-05 07:00:00,21.0,94
Jayanagar,12.9308,77.5838,2026-08-05 08:00:00,22.5,86
Jayanagar,12.9308,77.5838,2026-08-05 09:00:00,24.0,80
Jayanagar,12.9308,77.5838,2026-08-05 10:00:00,25.8,70
Jayanagar,12.9308,77.5838,2026-08-05 11:00:00,25.9,68
Jayanagar,12.9308,77.5838,2026-08-05 12:00:00,27.2,63
Jayanagar,12.9308,77.5838,2026-08-05 13:00:00,26.0,65
Jayanagar,12.9308,77.5838,2026-08-05 14:00:00,25.7,72
Jayanagar,12.9308,77.5838,2026-08-05 15:00:00,25.7,70
Jayanagar,12.9308,77.5838,2026-08-05 16:00:00,24.7,77
Jayanagar,12.9308,77.5838,2026-08-05 17:00:00,25.5,73
Jayanagar,12.9308,77.5838,2026-08-05 18:00:00,24.5,72
Jayanagar,12.9308,77.5838,2026-08-05 19:00:00,22.8,83
Jayanagar,12.9308,77.5838,2026-08-05 20:00:00,21.9,91
Jayanagar,12.9308,77.5838,2026-08-05 21:00:00,21.7,92
Jayanagar,12.9308,77.5838,2026-08-05 22:00:00,21.2,97
Jayanagar,12.9308,77.5838,2026-08-05 23:00:00,21.3,95
Jayanagar,12.9308,77.5838,2026-08-06 00:00:00,20.8,95
Jayanagar,12.9308,77.5838,2026-08-06 01:00:00,20.4,97
Jayanagar,12.9308,77.5838,2026-08-06 02:00:00,20.3,98
Jayanagar,12.9308,77.5838,2026-08-06 03:00:00,20.2,98
Jayanagar,12.9308,77.5838,2026-08-06 04:00:00,20.1,98
Jayanagar,12.9308,77.5838,2026-08-06 05:00:00,20.3,97
Jayanagar,12.9308,77.5838,2026-08-06 06:00:00,20.3,97
Jayanagar,12.9308,77.5838,2026-08-06 07:00:00,21.2,93
Jayanagar,12.9308,77.5838,2026-08-06 08:00:00,22.8,82
Jayanagar,12.9308,77.5838,2026-08-06 09:00:00,24.0,77
Jayanagar,12.9308,77.5838,2026-08-06 10:00:00,25.2,71
Jayanagar,12.9308,77.5838,2026-08-06 11:00:00,26.4,63
Jayanagar,12.9308,77.5838,2026-08-06 12:00:00,26.9,60
Jayanagar,12.9308,77.5838,2026-08-06 13:00:00,27.2,60
Jayanagar,12.9308,77.5838,2026-08-06 14:00:00,24.2,75
Jayanagar,12.9308,77.5838,2026-08-06 15:00:00,24.1,82
Jayanagar,12.9308,77.5838,2026-08-06 16:00:00,22.3,92
Jayanagar,12.9308,77.5838,2026-08-06 17:00:00,23.1,89
Jayanagar,12.9308,77.5838,2026-08-06 18:00:00,22.7,93
Jayanagar,12.9308,77.5838,2026-08-06 19:00:00,22.3,91
Jayanagar,12.9308,77.5838,2026-08-06 20:00:00,21.7,89
Jayanagar,12.9308,77.5838,2026-08-06 21:00:00,21.5,88
Jayanagar,12.9308,77.5838,2026-08-06 22:00:00,21.3,89
Jayanagar,12.9308,77.5838,2026-08-06 23:00:00,21.4,88
Jayanagar,12.9308,77.5838,2026-08-07 00:00:00,21.1,89
Jayanagar,12.9308,77.5838,2026-08-07 01:00:00,21.0,90
Jayanagar,12.9308,77.5838,2026-08-07 02:00:00,20.8,91
Jayanagar,12.9308,77.5838,2026-08-07 03:00:00,20.8,91
Jayanagar,12.9308,77.5838,2026-08-07 04:00:00,20.6,92
Jayanagar,12.9308,77.5838,2026-08-07 05:00:00,20.5,97
Jayanagar,12.9308,77.5838,2026-08-07 06:00:00,20.5,96
Jayanagar,12.9308,77.5838,2026-08-07 07:00:00,21.2,93
Jayanagar,12.9308,77.5838,2026-08-07 08:00:00,21.9,88
Jayanagar,12.9308,77.5838,2026-08-07 09:00:00,23.5,79
Jayanagar,12.9308,77.5838,2026-08-07 10:00:00,25.2,73
Jayanagar,12.9308,77.5838,2026-08-07 11:00:00,25.4,70
Jayanagar,12.9308,77.5838,2026-08-07 12:00:00,25.9,68
Jayanagar,12.9308,77.5838,2026-08-07 13:00:00,27.1,64
Jayanagar,12.9308,77.5838,2026-08-07 14:00:00,22.6,87
Jayanagar,12.9308,77.5838,2026-08-07 15:00:00,22.6,95
Jayanagar,12.9308,77.5838,2026-08-07 16:00:00,21.3,96
Jayanagar,12.9308,77.5838,2026-08-07 17:00:00,21.7,98
Jayanagar,12.9308,77.5838,2026-08-07 18:00:00,21.3,95
Jayanagar,12.9308,77.5838,2026-08-07 19:00:00,21.0,95
Jayanagar,12.9308,77.5838,2026-08-07 20:00:00,20.6,97
Jayanagar,12.9308,77.5838,2026-08-07 21:00:00,20.7,96
Jayanagar,12.9308,77.5838,2026-08-07 22:00:00,20.8,96
Jayanagar,12.9308,77.5838,2026-08-07 23:00:00,21.3,95
Jayanagar,12.9308,77.5838,2026-08-08 00:00:00,21.0,95
Jayanagar,12.9308,77.5838,2026-08-08 01:00:00,20.8,94
Jayanagar,12.9308,77.5838,2026-08-08 02:00:00,20.7,93
Jayanagar,12.9308,77.5838,2026-08-08 03:00:00,20.6,92
Jayanagar,12.9308,77.5838,2026-08-08 04:00:00,20.5,92
Jayanagar,12.9308,77.5838,2026-08-08 05:00:00,21.0,91
Jayanagar,12.9308,77.5838,2026-08-08 06:00:00,21.0,91
Jayanagar,12.9308,77.5838,2026-08-08 07:00:00,22.0,87
Jayanagar,12.9308,77.5838,2026-08-08 08:00:00,22.5,84
Jayanagar,12.9308,77.5838,2026-08-08 09:00:00,23.5,81
Jayanagar,12.9308,77.5838,2026-08-08 10:00:00,24.9,75
Jayanagar,12.9308,77.5838,2026-08-08 11:00:00,27.1,64
Jayanagar,12.9308,77.5838,2026-08-08 12:00:00,24.6,72
Jayanagar,12.9308,77.5838,2026-08-08 13:00:00,24.6,75
Jayanagar,12.9308,77.5838,2026-08-08 14:00:00,26.3,71
Jayanagar,12.9308,77.5838,2026-08-08 15:00:00,26.0,67
Jayanagar,12.9308,77.5838,2026-08-08 16:00:00,24.2,76
Jayanagar,12.9308,77.5838,2026-08-08 17:00:00,24.7,76
Jayanagar,12.9308,77.5838,2026-08-08 18:00:00,24.4,75
Jayanagar,12.9308,77.5838,2026-08-08 19:00:00,22.8,82
Jayanagar,12.9308,77.5838,2026-08-08 20:00:00,21.3,89
Jayanagar,12.9308,77.5838,2026-08-08 21:00:00,21.6,94
Jayanagar,12.9308,77.5838,2026-08-08 22:00:00,21.5,94
Jayanagar,12.9308,77.5838,2026-08-08 23:00:00,21.4,92
Jayanagar,12.9308,77.5838,2026-08-09 00:00:00,20.8,93
Jayanagar,12.9308,77.5838,2026-08-09 01:00:00,20.7,94
Jayanagar,12.9308,77.5838,2026-08-09 02:00:00,20.6,95
Jayanagar,12.9308,77.5838,2026-08-09 03:00:00,20.5,94
Jayanagar,12.9308,77.5838,2026-08-09 04:00:00,20.4,93
Jayanagar,12.9308,77.5838,2026-08-09 05:00:00,20.6,93
Jayanagar,12.9308,77.5838,2026-08-09 06:00:00,20.6,94
Jayanagar,12.9308,77.5838,2026-08-09 07:00:00,21.6,90
Jayanagar,12.9308,77.5838,2026-08-09 08:00:00,23.1,81
Jayanagar,12.9308,77.5838,2026-08-09 09:00:00,24.3,75
Jayanagar,12.9308,77.5838,2026-08-09 10:00:00,25.1,74
Jayanagar,12.9308,77.5838,2026-08-09 11:00:00,25.8,67
Jayanagar,12.9308,77.5838,2026-08-09 12:00:00,26.9,62
Jayanagar,12.9308,77.5838,2026-08-09 13:00:00,28.0,61
Jayanagar,12.9308,77.5838,2026-08-09 14:00:00,28.4,58
Jayanagar,12.9308,77.5838,2026-08-09 15:00:00,28.5,56
Jayanagar,12.9308,77.5838,2026-08-09 16:00:00,28.0,58
Jayanagar,12.9308,77.5838,2026-08-09 17:00:00,26.5,62
Jayanagar,12.9308,77.5838,2026-08-09 18:00:00,25.4,67
Jayanagar,12.9308,77.5838,2026-08-09 19:00:00,24.7,70
Jayanagar,12.9308,77.5838,2026-08-09 20:00:00,23.7,77
Jayanagar,12.9308,77.5838,2026-08-09 21:00:00,23.2,79
Jayanagar,12.9308,77.5838,2026-08-09 22:00:00,22.7,82
Jayanagar,12.9308,77.5838,2026-08-09 23:00:00,21.7,87
Jayanagar,12.9308,77.5838,2026-08-10 00:00:00,21.1,89
Jayanagar,12.9308,77.5838,2026-08-10 01:00:00,20.6,92
Jayanagar,12.9308,77.5838,2026-08-10 02:00:00,20.3,94
Jayanagar,12.9308,77.5838,2026-08-10 03:00:00,20.1,95
Jayanagar,12.9308,77.5838,2026-08-10 04:00:00,20.1,96
Jayanagar,12.9308,77.5838,2026-08-10 05:00:00,20.3,95
Jayanagar,12.9308,77.5838,2026-08-10 06:00:00,20.5,94
Jayanagar,12.9308,77.5838,2026-08-10 07:00:00,21.1,92
Jayanagar,12.9308,77.5838,2026-08-10 08:00:00,23.1,79
Jayanagar,12.9308,77.5838,2026-08-10 09:00:00,24.3,74
Jayanagar,12.9308,77.5838,2026-08-10 10:00:00,25.4,69
Jayanagar,12.9308,77.5838,2026-08-10 11:00:00,26.7,63
Jayanagar,12.9308,77.5838,2026-08-10 12:00:00,27.8,58
Jayanagar,12.9308,77.5838,2026-08-10 13:00:00,28.4,55
Jayanagar,12.9308,77.5838,2026-08-10 14:00:00,28.9,54
Jayanagar,12.9308,77.5838,2026-08-10 15:00:00,27.6,60
Jayanagar,12.9308,77.5838,2026-08-10 16:00:00,25.2,77
Jayanagar,12.9308,77.5838,2026-08-10 17:00:00,25.6,73
Jayanagar,12.9308,77.5838,2026-08-10 18:00:00,24.0,84
Jayanagar,12.9308,77.5838,2026-08-10 19:00:00,22.9,91
Jayanagar,12.9308,77.5838,2026-08-10 20:00:00,22.7,93
Jayanagar,12.9308,77.5838,2026-08-10 21:00:00,21.9,95
Jayanagar,12.9308,77.5838,2026-08-10 22:00:00,21.8,97
Jayanagar,12.9308,77.5838,2026-08-10 23:00:00,21.5,96
Jayanagar,12.9308,77.5838,2026-08-11 00:00:00,21.3,97
Jayanagar,12.9308,77.5838,2026-08-11 01:00:00,20.9,98
Jayanagar,12.9308,77.5838,2026-08-11 02:00:00,20.6,98
Jayanagar,12.9308,77.5838,2026-08-11 03:00:00,20.4,98
Jayanagar,12.9308,77.5838,2026-08-11 04:00:00,20.2,99
Jayanagar,12.9308,77.5838,2026-08-11 05:00:00,20.2,98
Jayanagar,12.9308,77.5838,2026-08-11 06:00:00,20.4,97
Jayanagar,12.9308,77.5838,2026-08-11 07:00:00,21.3,91
Jayanagar,12.9308,77.5838,2026-08-11 08:00:00,22.7,83
Jayanagar,12.9308,77.5838,2026-08-11 09:00:00,24.3,75
Jayanagar,12.9308,77.5838,2026-08-11 10:00:00,25.5,70
Jayanagar,12.9308,77.5838,2026-08-11 11:00:00,26.1,64
Jayanagar,12.9308,77.5838,2026-08-11 12:00:00,27.0,61
Jayanagar,12.9308,77.5838,2026-08-11 13:00:00,27.7,62
Jayanagar,12.9308,77.5838,2026-08-11 14:00:00,28.2,59
Jayanagar,12.9308,77.5838,2026-08-11 15:00:00,28.4,58
Jayanagar,12.9308,77.5838,2026-08-11 16:00:00,28.1,59
Jayanagar,12.9308,77.5838,2026-08-11 17:00:00,25.9,65
Jayanagar,12.9308,77.5838,2026-08-11 18:00:00,25.3,68
Jayanagar,12.9308,77.5838,2026-08-11 19:00:00,24.6,72
Jayanagar,12.9308,77.5838,2026-08-11 20:00:00,24.1,73
Jayanagar,12.9308,77.5838,2026-08-11 21:00:00,23.2,77
Jayanagar,12.9308,77.5838,2026-08-11 22:00:00,22.3,81
Jayanagar,12.9308,77.5838,2026-08-11 23:00:00,22.2,83
Jayanagar,12.9308,77.5838,2026-08-12 00:00:00,21.6,87
Jayanagar,12.9308,77.5838,2026-08-12 01:00:00,21.2,89
Jayanagar,12.9308,77.5838,2026-08-12 02:00:00,20.8,90
Jayanagar,12.9308,77.5838,2026-08-12 03:00:00,20.6,89
Jayanagar,12.9308,77.5838,2026-08-12 04:00:00,20.3,91
Jayanagar,12.9308,77.5838,2026-08-12 05:00:00,20.5,92
Jayanagar,12.9308,77.5838,2026-08-12 06:00:00,20.3,93
Jayanagar,12.9308,77.5838,2026-08-12 07:00:00,21.6,87
Jayanagar,12.9308,77.5838,2026-08-12 08:00:00,23.1,78
Jayanagar,12.9308,77.5838,2026-08-12 09:00:00,24.4,70
Jayanagar,12.9308,77.5838,2026-08-12 10:00:00,25.3,66
Jayanagar,12.9308,77.5838,2026-08-12 11:00:00,26.8,60
Jayanagar,12.9308,77.5838,2026-08-12 12:00:00,27.6,59
Jayanagar,12.9308,77.5838,2026-08-12 13:00:00,28.4,57
Jayanagar,12.9308,77.5838,2026-08-12 14:00:00,28.7,54
Jayanagar,12.9308,77.5838,2026-08-12 15:00:00,28.6,53
Jayanagar,12.9308,77.5838,2026-08-12 16:00:00,26.9,63
Jayanagar,12.9308,77.5838,2026-08-12 17:00:00,26.9,64
Jayanagar,12.9308,77.5838,2026-08-12 18:00:00,25.5,68
Jayanagar,12.9308,77.5838,2026-08-12 19:00:00,24.7,72
Jayanagar,12.9308,77.5838,2026-08-12 20:00:00,24.2,73
Jayanagar,12.9308,77.5838,2026-08-12 21:00:00,23.2,75
Jayanagar,12.9308,77.5838,2026-08-12 22:00:00,22.5,80
Jayanagar,12.9308,77.5838,2026-08-12 23:00:00,22.3,83
Jayanagar,12.9308,77.5838,2026-08-13 00:00:00,21.9,85
Jayanagar,12.9308,77.5838,2026-08-13 01:00:00,21.7,87
Jayanagar,12.9308,77.5838,2026-08-13 02:00:00,21.7,87
Jayanagar,12.9308,77.5838,2026-08-13 03:00:00,21.4,88
Jayanagar,12.9308,77.5838,2026-08-13 04:00:00,21.0,90
Jayanagar,12.9308,77.5838,2026-08-13 05:00:00,21.2,90
Jayanagar,12.9308,77.5838,2026-08-13 06:00:00,21.0,91
Jayanagar,12.9308,77.5838,2026-08-13 07:00:00,22.0,87
Jayanagar,12.9308,77.5838,2026-08-13 08:00:00,23.6,78
Jayanagar,12.9308,77.5838,2026-08-13 09:00:00,24.5,73
Jayanagar,12.9308,77.5838,2026-08-13 10:00:00,25.5,69
Jayanagar,12.9308,77.5838,2026-08-13 11:00:00,27.2,60
Jayanagar,12.9308,77.5838,2026-08-13 12:00:00,28.1,58
Jayanagar,12.9308,77.5838,2026-08-13 13:00:00,28.8,57
Jayanagar,12.9308,77.5838,2026-08-13 14:00:00,28.9,57
Jayanagar,12.9308,77.5838,2026-08-13 15:00:00,26.8,64
Jayanagar,12.9308,77.5838,2026-08-13 16:00:00,27.4,60
Jayanagar,12.9308,77.5838,2026-08-13 17:00:00,27.0,60
Jayanagar,12.9308,77.5838,2026-08-13 18:00:00,25.4,66
Jayanagar,12.9308,77.5838,2026-08-13 19:00:00,23.0,82
Jayanagar,12.9308,77.5838,2026-08-13 20:00:00,22.8,86
Jayanagar,12.9308,77.5838,2026-08-13 21:00:00,22.6,85
Jayanagar,12.9308,77.5838,2026-08-13 22:00:00,22.2,84
Jayanagar,12.9308,77.5838,2026-08-13 23:00:00,22.1,85
Jayanagar,12.9308,77.5838,2026-08-14 00:00:00,21.5,87
Jayanagar,12.9308,77.5838,2026-08-14 01:00:00,21.0,90
Jayanagar,12.9308,77.5838,2026-08-14 02:00:00,20.7,93
Jayanagar,12.9308,77.5838,2026-08-14 03:00:00,20.5,94
Jayanagar,12.9308,77.5838,2026-08-14 04:00:00,20.4,94
Jayanagar,12.9308,77.5838,2026-08-14 05:00:00,20.4,93
Jayanagar,12.9308,77.5838,2026-08-14 06:00:00,20.2,95
Jayanagar,12.9308,77.5838,2026-08-14 07:00:00,21.4,89
Jayanagar,12.9308,77.5838,2026-08-14 08:00:00,23.5,77
Jayanagar,12.9308,77.5838,2026-08-14 09:00:00,24.7,71
Jayanagar,12.9308,77.5838,2026-08-14 10:00:00,25.7,67
Jayanagar,12.9308,77.5838,2026-08-14 11:00:00,26.9,61
Jayanagar,12.9308,77.5838,2026-08-14 12:00:00,27.3,60
Jayanagar,12.9308,77.5838,2026-08-14 13:00:00,28.7,57
Jayanagar,12.9308,77.5838,2026-08-14 14:00:00,29.3,55
Jayanagar,12.9308,77.5838,2026-08-14 15:00:00,28.9,55
Jayanagar,12.9308,77.5838,2026-08-14 16:00:00,26.3,68
Jayanagar,12.9308,77.5838,2026-08-14 17:00:00,27.2,58
Jayanagar,12.9308,77.5838,2026-08-14 18:00:00,25.0,71
Jayanagar,12.9308,77.5838,2026-08-14 19:00:00,24.0,79
Jayanagar,12.9308,77.5838,2026-08-14 20:00:00,22.4,85
Jayanagar,12.9308,77.5838,2026-08-14 21:00:00,21.7,90
Jayanagar,12.9308,77.5838,2026-08-14 22:00:00,21.5,93
Jayanagar,12.9308,77.5838,2026-08-14 23:00:00,21.8,91
Jayanagar,12.9308,77.5838,2026-08-15 00:00:00,21.3,91
Jayanagar,12.9308,77.5838,2026-08-15 01:00:00,21.2,90
Jayanagar,12.9308,77.5838,2026-08-15 02:00:00,20.9,91
Jayanagar,12.9308,77.5838,2026-08-15 03:00:00,20.6,93
Jayanagar,12.9308,77.5838,2026-08-15 04:00:00,20.4,92
Jayanagar,12.9308,77.5838,2026-08-15 05:00:00,20.4,93
Jayanagar,12.9308,77.5838,2026-08-15 06:00:00,20.5,92
Jayanagar,12.9308,77.5838,2026-08-15 07:00:00,21.1,89
Jayanagar,12.9308,77.5838,2026-08-15 08:00:00,22.9,78
Jayanagar,12.9308,77.5838,2026-08-15 09:00:00,24.5,69
Jayanagar,12.9308,77.5838,2026-08-15 10:00:00,25.4,65
Jayanagar,12.9308,77.5838,2026-08-15 11:00:00,26.0,63
Jayanagar,12.9308,77.5838,2026-08-15 12:00:00,27.7,56
Jayanagar,12.9308,77.5838,2026-08-15 13:00:00,28.6,53
Jayanagar,12.9308,77.5838,2026-08-15 14:00:00,28.9,52
Jayanagar,12.9308,77.5838,2026-08-15 15:00:00,28.6,53
Jayanagar,12.9308,77.5838,2026-08-15 16:00:00,28.1,54
Jayanagar,12.9308,77.5838,2026-08-15 17:00:00,27.6,53
Jayanagar,12.9308,77.5838,2026-08-15 18:00:00,26.2,59
Jayanagar,12.9308,77.5838,2026-08-15 19:00:00,25.0,65
Jayanagar,12.9308,77.5838,2026-08-15 20:00:00,24.0,70
Jayanagar,12.9308,77.5838,2026-08-15 21:00:00,23.2,75
Jayanagar,12.9308,77.5838,2026-08-15 22:00:00,22.5,79
Jayanagar,12.9308,77.5838,2026-08-15 23:00:00,22.1,82
Jayanagar,12.9308,77.5838,2026-08-16 00:00:00,21.6,85
Jayanagar,12.9308,77.5838,2026-08-16 01:00:00,21.1,87
Jayanagar,12.9308,77.5838,2026-08-16 02:00:00,20.8,89
Jayanagar,12.9308,77.5838,2026-08-16 03:00:00,20.6,90
Jayanagar,12.9308,77.5838,2026-08-16 04:00:00,20.3,91
Jayanagar,12.9308,77.5838,2026-08-16 05:00:00,20.7,90
Jayanagar,12.9308,77.5838,2026-08-16 06:00:00,20.4,91
Jayanagar,12.9308,77.5838,2026-08-16 07:00:00,21.8,84
Jayanagar,12.9308,77.5838,2026-08-16 08:00:00,23.5,74
Jayanagar,12.9308,77.5838,2026-08-16 09:00:00,25.0,66
Jayanagar,12.9308,77.5838,2026-08-16 10:00:00,26.9,58
Jayanagar,12.9308,77.5838,2026-08-16 11:00:00,27.3,56
Jayanagar,12.9308,77.5838,2026-08-16 12:00:00,28.4,54
Jayanagar,12.9308,77.5838,2026-08-16 13:00:00,29.3,50
Jayanagar,12.9308,77.5838,2026-08-16 14:00:00,30.0,47
Jayanagar,12.9308,77.5838,2026-08-16 15:00:00,29.0,49
Jayanagar,12.9308,77.5838,2026-08-16 16:00:00,27.5,59
Jayanagar,12.9308,77.5838,2026-08-16 17:00:00,27.2,57
Jayanagar,12.9308,77.5838,2026-08-16 18:00:00,26.2,62
Jayanagar,12.9308,77.5838,2026-08-16 19:00:00,25.3,64
Jayanagar,12.9308,77.5838,2026-08-16 20:00:00,24.4,69
Jayanagar,12.9308,77.5838,2026-08-16 21:00:00,23.8,72
Jayanagar,12.9308,77.5838,2026-08-16 22:00:00,22.9,76
Jayanagar,12.9308,77.5838,2026-08-16 23:00:00,22.6,79
Jayanagar,12.9308,77.5838,2026-08-17 00:00:00,21.9,83
Jayanagar,12.9308,77.5838,2026-08-17 01:00:00,21.3,86
Jayanagar,12.9308,77.5838,2026-08-17 02:00:00,20.7,89
Jayanagar,12.9308,77.5838,2026-08-17 03:00:00,20.3,92
Jayanagar,12.9308,77.5838,2026-08-17 04:00:00,20.0,94
Jayanagar,12.9308,77.5838,2026-08-17 05:00:00,20.9,91
Jayanagar,12.9308,77.5838,2026-08-17 06:00:00,20.6,93
Jayanagar,12.9308,77.5838,2026-08-17 07:00:00,21.6,88
Jayanagar,12.9308,77.5838,2026-08-17 08:00:00,23.1,78
Jayanagar,12.9308,77.5838,2026-08-17 09:00:00,24.8,68
Jayanagar,12.9308,77.5838,2026-08-17 10:00:00,26.3,61
Jayanagar,12.9308,77.5838,2026-08-17 11:00:00,26.6,61
Jayanagar,12.9308,77.5838,2026-08-17 12:00:00,27.4,59
Jayanagar,12.9308,77.5838,2026-08-17 13:00:00,28.3,55
Jayanagar,12.9308,77.5838,2026-08-17 14:00:00,28.9,51
Jayanagar,12.9308,77.5838,2026-08-17 15:00:00,28.8,50
Jayanagar,12.9308,77.5838,2026-08-17 16:00:00,28.1,53
Jayanagar,12.9308,77.5838,2026-08-17 17:00:00,26.8,59
Jayanagar,12.9308,77.5838,2026-08-17 18:00:00,25.1,68
Jayanagar,12.9308,77.5838,2026-08-17 19:00:00,24.2,75
Jayanagar,12.9308,77.5838,2026-08-17 20:00:00,23.6,79
Jayanagar,12.9308,77.5838,2026-08-17 21:00:00,23.1,80
Jayanagar,12.9308,77.5838,2026-08-17 22:00:00,22.4,81
Jayanagar,12.9308,77.5838,2026-08-17 23:00:00,21.6,85
Jayanagar,12.9308,77.5838,2026-08-18 00:00:00,21.0,88
Jayanagar,12.9308,77.5838,2026-08-18 01:00:00,20.4,90
Jayanagar,12.9308,77.5838,2026-08-18 02:00:00,20.0,92
Jayanagar,12.9308,77.5838,2026-08-18 03:00:00,19.7,94
Jayanagar,12.9308,77.5838,2026-08-18 04:00:00,19.7,95
Jayanagar,12.9308,77.5838,2026-08-18 05:00:00,19.5,96
Jayanagar,12.9308,77.5838,2026-08-18 06:00:00,19.9,94
Jayanagar,12.9308,77.5838,2026-08-18 07:00:00,21.0,88
Jayanagar,12.9308,77.5838,2026-08-18 08:00:00,23.0,76
Jayanagar,12.9308,77.5838,2026-08-18 09:00:00,24.5,69
Jayanagar,12.9308,77.5838,2026-08-18 10:00:00,25.8,63
Jayanagar,12.9308,77.5838,2026-08-18 11:00:00,26.6,62
Jayanagar,12.9308,77.5838,2026-08-18 12:00:00,28.5,56
Jayanagar,12.9308,77.5838,2026-08-18 13:00:00,29.5,53
Jayanagar,12.9308,77.5838,2026-08-18 14:00:00,29.3,52
Jayanagar,12.9308,77.5838,2026-08-18 15:00:00,29.0,53
Jayanagar,12.9308,77.5838,2026-08-18 16:00:00,26.5,65
Jayanagar,12.9308,77.5838,2026-08-18 17:00:00,26.3,64
Jayanagar,12.9308,77.5838,2026-08-18 18:00:00,21.7,91
Jayanagar,12.9308,77.5838,2026-08-18 19:00:00,22.1,96
Jayanagar,12.9308,77.5838,2026-08-18 20:00:00,22.1,94
Jayanagar,12.9308,77.5838,2026-08-18 21:00:00,22.0,92
Jayanagar,12.9308,77.5838,2026-08-18 22:00:00,21.6,93
Jayanagar,12.9308,77.5838,2026-08-18 23:00:00,21.3,93
Jayanagar,12.9308,77.5838,2026-08-19 00:00:00,20.9,93
Jayanagar,12.9308,77.5838,2026-08-19 01:00:00,20.4,94
Jayanagar,12.9308,77.5838,2026-08-19 02:00:00,20.2,95
Jayanagar,12.9308,77.5838,2026-08-19 03:00:00,20.0,95
Jayanagar,12.9308,77.5838,2026-08-19 04:00:00,20.2,94
Jayanagar,12.9308,77.5838,2026-08-19 05:00:00,20.3,93
Jayanagar,12.9308,77.5838,2026-08-19 06:00:00,20.4,93
Jayanagar,12.9308,77.5838,2026-08-19 07:00:00,21.1,89
Jayanagar,12.9308,77.5838,2026-08-19 08:00:00,22.9,79
Jayanagar,12.9308,77.5838,2026-08-19 09:00:00,24.2,73
Jayanagar,12.9308,77.5838,2026-08-19 10:00:00,25.4,69
Jayanagar,12.9308,77.5838,2026-08-19 11:00:00,26.6,63
Jayanagar,12.9308,77.5838,2026-08-19 12:00:00,28.0,59
Jayanagar,12.9308,77.5838,2026-08-19 13:00:00,28.9,54
Jayanagar,12.9308,77.5838,2026-08-19 14:00:00,28.9,53
Jayanagar,12.9308,77.5838,2026-08-19 15:00:00,27.6,57
Jayanagar,12.9308,77.5838,2026-08-19 16:00:00,27.3,60
Jayanagar,12.9308,77.5838,2026-08-19 17:00:00,23.7,83
Jayanagar,12.9308,77.5838,2026-08-19 18:00:00,23.3,84
Jayanagar,12.9308,77.5838,2026-08-19 19:00:00,22.9,88
Jayanagar,12.9308,77.5838,2026-08-19 20:00:00,22.5,88
Jayanagar,12.9308,77.5838,2026-08-19 21:00:00,22.2,89
Jayanagar,12.9308,77.5838,2026-08-19 22:00:00,22.0,89
Jayanagar,12.9308,77.5838,2026-08-19 23:00:00,21.4,91
Jayanagar,12.9308,77.5838,2026-08-20 00:00:00,21.0,91
Jayanagar,12.9308,77.5838,2026-08-20 01:00:00,20.6,93
Jayanagar,12.9308,77.5838,2026-08-20 02:00:00,20.4,94
Jayanagar,12.9308,77.5838,2026-08-20 03:00:00,20.2,95
Jayanagar,12.9308,77.5838,2026-08-20 04:00:00,20.6,92
Jayanagar,12.9308,77.5838,2026-08-20 05:00:00,20.8,91
Jayanagar,12.9308,77.5838,2026-08-20 06:00:00,21.0,90
Jayanagar,12.9308,77.5838,2026-08-20 07:00:00,21.3,89
Jayanagar,12.9308,77.5838,2026-08-20 08:00:00,23.2,78
Jayanagar,12.9308,77.5838,2026-08-20 09:00:00,24.3,72
Jayanagar,12.9308,77.5838,2026-08-20 10:00:00,25.9,64
Jayanagar,12.9308,77.5838,2026-08-20 11:00:00,26.2,62
Jayanagar,12.9308,77.5838,2026-08-20 12:00:00,27.9,55
Jayanagar,12.9308,77.5838,2026-08-20 13:00:00,28.8,52
Jayanagar,12.9308,77.5838,2026-08-20 14:00:00,28.9,51
Jayanagar,12.9308,77.5838,2026-08-20 15:00:00,29.2,49
Jayanagar,12.9308,77.5838,2026-08-20 16:00:00,27.6,54
Jayanagar,12.9308,77.5838,2026-08-20 17:00:00,25.1,62
Jayanagar,12.9308,77.5838,2026-08-20 18:00:00,24.5,66
Jayanagar,12.9308,77.5838,2026-08-20 19:00:00,24.0,72
Jayanagar,12.9308,77.5838,2026-08-20 20:00:00,23.6,76
Jayanagar,12.9308,77.5838,2026-08-20 21:00:00,22.7,81
Jayanagar,12.9308,77.5838,2026-08-20 22:00:00,22.0,84
Jayanagar,12.9308,77.5838,2026-08-20 23:00:00,21.3,87
Jayanagar,12.9308,77.5838,2026-08-21 00:00:00,20.7,90
Jayanagar,12.9308,77.5838,2026-08-21 01:00:00,20.2,93
Jayanagar,12.9308,77.5838,2026-08-21 02:00:00,20.0,94
Jayanagar,12.9308,77.5838,2026-08-21 03:00:00,19.9,94
Jayanagar,12.9308,77.5838,2026-08-21 04:00:00,20.2,92
Jayanagar,12.9308,77.5838,2026-08-21 05:00:00,20.4,90
Jayanagar,12.9308,77.5838,2026-08-21 06:00:00,21.0,86
Jayanagar,12.9308,77.5838,2026-08-21 07:00:00,21.9,81
Jayanagar,12.9308,77.5838,2026-08-21 08:00:00,22.9,75
Jayanagar,12.9308,77.5838,2026-08-21 09:00:00,24.3,68
Jayanagar,12.9308,77.5838,2026-08-21 10:00:00,25.8,60
Jayanagar,12.9308,77.5838,2026-08-21 11:00:00,27.1,55
Jayanagar,12.9308,77.5838,2026-08-21 12:00:00,28.0,51
Jayanagar,12.9308,77.5838,2026-08-21 13:00:00,28.7,49
Jayanagar,12.9308,77.5838,2026-08-21 14:00:00,28.9,49
Jayanagar,12.9308,77.5838,2026-08-21 15:00:00,28.6,50
Jayanagar,12.9308,77.5838,2026-08-21 16:00:00,27.9,53
Jayanagar,12.9308,77.5838,2026-08-21 17:00:00,27.0,56
Jayanagar,12.9308,77.5838,2026-08-21 18:00:00,25.8,61
Jayanagar,12.9308,77.5838,2026-08-21 19:00:00,24.4,68
Jayanagar,12.9308,77.5838,2026-08-21 20:00:00,23.2,74
Jayanagar,12.9308,77.5838,2026-08-21 21:00:00,22.2,79
Jayanagar,12.9308,77.5838,2026-08-21 22:00:00,21.3,83
Jayanagar,12.9308,77.5838,2026-08-21 23:00:00,20.7,87
Jayanagar,12.9308,77.5838,2026-08-22 00:00:00,20.3,89
Jayanagar,12.9308,77.5838,2026-08-22 01:00:00,20.2,90
Jayanagar,12.9308,77.5838,2026-08-22 02:00:00,20.1,91
Jayanagar,12.9308,77.5838,2026-08-22 03:00:00,20.0,91
Jayanagar,12.9308,77.5838,2026-08-22 04:00:00,19.9,92
Jayanagar,12.9308,77.5838,2026-08-22 05:00:00,20.1,90
Jayanagar,12.9308,77.5838,2026-08-22 06:00:00,20.8,86
Jayanagar,12.9308,77.5838,2026-08-22 07:00:00,21.8,81
Jayanagar,12.9308,77.5838,2026-08-22 08:00:00,23.0,75
Jayanagar,12.9308,77.5838,2026-08-22 09:00:00,24.3,68
Jayanagar,12.9308,77.5838,2026-08-22 10:00:00,25.8,61
Jayanagar,12.9308,77.5838,2026-08-22 11:00:00,27.0,56
Jayanagar,12.9308,77.5838,2026-08-22 12:00:00,27.9,53
Jayanagar,12.9308,77.5838,2026-08-22 13:00:00,28.6,51
Jayanagar,12.9308,77.5838,2026-08-22 14:00:00,28.9,50
Jayanagar,12.9308,77.5838,2026-08-22 15:00:00,28.8,50
Jayanagar,12.9308,77.5838,2026-08-22 16:00:00,28.3,51
Jayanagar,12.9308,77.5838,2026-08-22 17:00:00,27.5,54
Jayanagar,12.9308,77.5838,2026-08-22 18:00:00,26.3,60
Jayanagar,12.9308,77.5838,2026-08-22 19:00:00,24.7,70
Jayanagar,12.9308,77.5838,2026-08-22 20:00:00,23.4,79
Jayanagar,12.9308,77.5838,2026-08-22 21:00:00,22.5,83
Jayanagar,12.9308,77.5838,2026-08-22 22:00:00,21.7,85
Jayanagar,12.9308,77.5838,2026-08-22 23:00:00,21.1,86
Jayanagar,12.9308,77.5838,2026-08-23 00:00:00,20.7,88
Jayanagar,12.9308,77.5838,2026-08-23 01:00:00,20.4,89
Jayanagar,12.9308,77.5838,2026-08-23 02:00:00,20.3,91
Jayanagar,12.9308,77.5838,2026-08-23 03:00:00,20.1,92
Jayanagar,12.9308,77.5838,2026-08-23 04:00:00,20.0,93
Jayanagar,12.9308,77.5838,2026-08-23 05:00:00,20.2,91
Jayanagar,12.9308,77.5838,2026-08-23 06:00:00,20.8,88
Jayanagar,12.9308,77.5838,2026-08-23 07:00:00,21.7,82
Jayanagar,12.9308,77.5838,2026-08-23 08:00:00,22.8,76
Jayanagar,12.9308,77.5838,2026-08-23 09:00:00,24.2,69
Jayanagar,12.9308,77.5838,2026-08-23 10:00:00,25.9,63
Jayanagar,12.9308,77.5838,2026-08-23 11:00:00,27.1,59
Jayanagar,12.9308,77.5838,2026-08-23 12:00:00,26.3,62
Jayanagar,12.9308,77.5838,2026-08-23 13:00:00,25.7,66
Jayanagar,12.9308,77.5838,2026-08-23 14:00:00,24.8,72
Jayanagar,12.9308,77.5838,2026-08-23 15:00:00,23.8,79
Jayanagar,12.9308,77.5838,2026-08-23 16:00:00,22.9,86
Jayanagar,12.9308,77.5838,2026-08-23 17:00:00,22.2,91
Jayanagar,12.9308,77.5838,2026-08-23 18:00:00,21.8,93
Jayanagar,12.9308,77.5838,2026-08-23 19:00:00,21.4,95
Jayanagar,12.9308,77.5838,2026-08-23 20:00:00,21.1,96
Jayanagar,12.9308,77.5838,2026-08-23 21:00:00,20.9,96
Jayanagar,12.9308,77.5838,2026-08-23 22:00:00,20.7,96
Jayanagar,12.9308,77.5838,2026-08-23 23:00:00,20.5,96
Hebbal,13.035,77.597,2026-07-27 00:00:00,21.8,86
Hebbal,13.035,77.597,2026-07-27 01:00:00,21.4,88
Hebbal,13.035,77.597,2026-07-27 02:00:00,21.1,88
Hebbal,13.035,77.597,2026-07-27 03:00:00,20.7,90
Hebbal,13.035,77.597,2026-07-27 04:00:00,20.6,91
Hebbal,13.035,77.597,2026-07-27 05:00:00,21.3,90
Hebbal,13.035,77.597,2026-07-27 06:00:00,21.4,90
Hebbal,13.035,77.597,2026-07-27 07:00:00,22.4,85
Hebbal,13.035,77.597,2026-07-27 08:00:00,23.8,76
Hebbal,13.035,77.597,2026-07-27 09:00:00,25.3,67
Hebbal,13.035,77.597,2026-07-27 10:00:00,26.1,63
Hebbal,13.035,77.597,2026-07-27 11:00:00,27.9,55
Hebbal,13.035,77.597,2026-07-27 12:00:00,28.3,53
Hebbal,13.035,77.597,2026-07-27 13:00:00,28.6,54
Hebbal,13.035,77.597,2026-07-27 14:00:00,28.3,55
Hebbal,13.035,77.597,2026-07-27 15:00:00,27.7,58
Hebbal,13.035,77.597,2026-07-27 16:00:00,26.7,63
Hebbal,13.035,77.597,2026-07-27 17:00:00,27.0,62
Hebbal,13.035,77.597,2026-07-27 18:00:00,26.7,59
Hebbal,13.035,77.597,2026-07-27 19:00:00,25.0,67
Hebbal,13.035,77.597,2026-07-27 20:00:00,24.1,73
Hebbal,13.035,77.597,2026-07-27 21:00:00,23.7,76
Hebbal,13.035,77.597,2026-07-27 22:00:00,23.1,80
Hebbal,13.035,77.597,2026-07-27 23:00:00,23.0,80
Hebbal,13.035,77.597,2026-07-28 00:00:00,22.5,83
Hebbal,13.035,77.597,2026-07-28 01:00:00,22.2,85
Hebbal,13.035,77.597,2026-07-28 02:00:00,21.8,88
Hebbal,13.035,77.597,2026-07-28 03:00:00,21.6,88
Hebbal,13.035,77.597,2026-07-28 04:00:00,21.3,88
Hebbal,13.035,77.597,2026-07-28 05:00:00,21.3,88
Hebbal,13.035,77.597,2026-07-28 06:00:00,21.3,88
Hebbal,13.035,77.597,2026-07-28 07:00:00,22.3,83
Hebbal,13.035,77.597,2026-07-28 08:00:00,23.9,73
Hebbal,13.035,77.597,2026-07-28 09:00:00,25.1,67
Hebbal,13.035,77.597,2026-07-28 10:00:00,26.8,59
Hebbal,13.035,77.597,2026-07-28 11:00:00,27.4,57
Hebbal,13.035,77.597,2026-07-28 12:00:00,28.8,51
Hebbal,13.035,77.597,2026-07-28 13:00:00,29.6,50
Hebbal,13.035,77.597,2026-07-28 14:00:00,29.4,49
Hebbal,13.035,77.597,2026-07-28 15:00:00,28.5,51
Hebbal,13.035,77.597,2026-07-28 16:00:00,26.5,63
Hebbal,13.035,77.597,2026-07-28 17:00:00,27.4,57
Hebbal,13.035,77.597,2026-07-28 18:00:00,25.9,63
Hebbal,13.035,77.597,2026-07-28 19:00:00,24.8,68
Hebbal,13.035,77.597,2026-07-28 20:00:00,24.0,72
Hebbal,13.035,77.597,2026-07-28 21:00:00,23.0,78
Hebbal,13.035,77.597,2026-07-28 22:00:00,22.2,81
Hebbal,13.035,77.597,2026-07-28 23:00:00,22.4,82
Hebbal,13.035,77.597,2026-07-29 00:00:00,22.0,85
Hebbal,13.035,77.597,2026-07-29 01:00:00,21.7,88
Hebbal,13.035,77.597,2026-07-29 02:00:00,21.7,87
Hebbal,13.035,77.597,2026-07-29 03:00:00,21.6,88
Hebbal,13.035,77.597,2026-07-29 04:00:00,21.6,88
Hebbal,13.035,77.597,2026-07-29 05:00:00,21.7,88
Hebbal,13.035,77.597,2026-07-29 06:00:00,21.8,88
Hebbal,13.035,77.597,2026-07-29 07:00:00,22.5,86
Hebbal,13.035,77.597,2026-07-29 08:00:00,23.8,77
Hebbal,13.035,77.597,2026-07-29 09:00:00,25.7,66
Hebbal,13.035,77.597,2026-07-29 10:00:00,26.0,63
Hebbal,13.035,77.597,2026-07-29 11:00:00,27.4,56
Hebbal,13.035,77.597,2026-07-29 12:00:00,28.6,52
Hebbal,13.035,77.597,2026-07-29 13:00:00,28.4,57
Hebbal,13.035,77.597,2026-07-29 14:00:00,28.2,57
Hebbal,13.035,77.597,2026-07-29 15:00:00,27.0,62
Hebbal,13.035,77.597,2026-07-29 16:00:00,26.7,59
Hebbal,13.035,77.597,2026-07-29 17:00:00,26.6,62
Hebbal,13.035,77.597,2026-07-29 18:00:00,25.6,65
Hebbal,13.035,77.597,2026-07-29 19:00:00,24.2,73
Hebbal,13.035,77.597,2026-07-29 20:00:00,23.3,78
Hebbal,13.035,77.597,2026-07-29 21:00:00,22.7,80
Hebbal,13.035,77.597,2026-07-29 22:00:00,22.2,83
Hebbal,13.035,77.597,2026-07-29 23:00:00,22.5,82
Hebbal,13.035,77.597,2026-07-30 00:00:00,22.2,86
Hebbal,13.035,77.597,2026-07-30 01:00:00,22.0,89
Hebbal,13.035,77.597,2026-07-30 02:00:00,21.7,89
Hebbal,13.035,77.597,2026-07-30 03:00:00,21.4,89
Hebbal,13.035,77.597,2026-07-30 04:00:00,21.0,90
Hebbal,13.035,77.597,2026-07-30 05:00:00,21.6,89
Hebbal,13.035,77.597,2026-07-30 06:00:00,21.7,89
Hebbal,13.035,77.597,2026-07-30 07:00:00,22.3,84
Hebbal,13.035,77.597,2026-07-30 08:00:00,23.5,77
Hebbal,13.035,77.597,2026-07-30 09:00:00,25.0,69
Hebbal,13.035,77.597,2026-07-30 10:00:00,26.0,65
Hebbal,13.035,77.597,2026-07-30 11:00:00,26.9,59
Hebbal,13.035,77.597,2026-07-30 12:00:00,27.7,57
Hebbal,13.035,77.597,2026-07-30 13:00:00,28.0,56
Hebbal,13.035,77.597,2026-07-30 14:00:00,28.0,60
Hebbal,13.035,77.597,2026-07-30 15:00:00,26.1,67
Hebbal,13.035,77.597,2026-07-30 16:00:00,26.5,63
Hebbal,13.035,77.597,2026-07-30 17:00:00,25.2,74
Hebbal,13.035,77.597,2026-07-30 18:00:00,24.7,74
Hebbal,13.035,77.597,2026-07-30 19:00:00,24.2,74
Hebbal,13.035,77.597,2026-07-30 20:00:00,23.3,78
Hebbal,13.035,77.597,2026-07-30 21:00:00,22.8,80
Hebbal,13.035,77.597,2026-07-30 22:00:00,22.2,84
Hebbal,13.035,77.597,2026-07-30 23:00:00,22.4,85
Hebbal,13.035,77.597,2026-07-31 00:00:00,22.1,87
Hebbal,13.035,77.597,2026-07-31 01:00:00,22.0,87
Hebbal,13.035,77.597,2026-07-31 02:00:00,22.0,87
Hebbal,13.035,77.597,2026-07-31 03:00:00,21.8,87
Hebbal,13.035,77.597,2026-07-31 04:00:00,21.5,86
Hebbal,13.035,77.597,2026-07-31 05:00:00,21.7,88
Hebbal,13.035,77.597,2026-07-31 06:00:00,21.9,87
Hebbal,13.035,77.597,2026-07-31 07:00:00,23.0,82
Hebbal,13.035,77.597,2026-07-31 08:00:00,24.6,73
Hebbal,13.035,77.597,2026-07-31 09:00:00,25.5,69
Hebbal,13.035,77.597,2026-07-31 10:00:00,26.7,63
Hebbal,13.035,77.597,2026-07-31 11:00:00,27.8,57
Hebbal,13.035,77.597,2026-07-31 12:00:00,28.7,54
Hebbal,13.035,77.597,2026-07-31 13:00:00,29.1,53
Hebbal,13.035,77.597,2026-07-31 14:00:00,29.1,53
Hebbal,13.035,77.597,2026-07-31 15:00:00,26.3,65
Hebbal,13.035,77.597,2026-07-31 16:00:00,25.5,75
Hebbal,13.035,77.597,2026-07-31 17:00:00,27.4,60
Hebbal,13.035,77.597,2026-07-31 18:00:00,24.3,74
Hebbal,13.035,77.597,2026-07-31 19:00:00,24.0,75
Hebbal,13.035,77.597,2026-07-31 20:00:00,23.4,78
Hebbal,13.035,77.597,2026-07-31 21:00:00,22.7,82
Hebbal,13.035,77.597,2026-07-31 22:00:00,22.2,87
Hebbal,13.035,77.597,2026-07-31 23:00:00,22.6,86
Hebbal,13.035,77.597,2026-08-01 00:00:00,22.3,87
Hebbal,13.035,77.597,2026-08-01 01:00:00,22.0,88
Hebbal,13.035,77.597,2026-08-01 02:00:00,21.8,89
Hebbal,13.035,77.597,2026-08-01 03:00:00,21.4,89
Hebbal,13.035,77.597,2026-08-01 04:00:00,21.3,90
Hebbal,13.035,77.597,2026-08-01 05:00:00,21.8,92
Hebbal,13.035,77.597,2026-08-01 06:00:00,21.8,92
Hebbal,13.035,77.597,2026-08-01 07:00:00,22.3,90
Hebbal,13.035,77.597,2026-08-01 08:00:00,23.3,82
Hebbal,13.035,77.597,2026-08-01 09:00:00,24.7,73
Hebbal,13.035,77.597,2026-08-01 10:00:00,26.0,66
Hebbal,13.035,77.597,2026-08-01 11:00:00,26.0,68
Hebbal,13.035,77.597,2026-08-01 12:00:00,26.4,64
Hebbal,13.035,77.597,2026-08-01 13:00:00,25.9,68
Hebbal,13.035,77.597,2026-08-01 14:00:00,26.7,66
Hebbal,13.035,77.597,2026-08-01 15:00:00,24.5,75
Hebbal,13.035,77.597,2026-08-01 16:00:00,23.9,81
Hebbal,13.035,77.597,2026-08-01 17:00:00,26.0,66
Hebbal,13.035,77.597,2026-08-01 18:00:00,24.1,74
Hebbal,13.035,77.597,2026-08-01 19:00:00,21.2,94
Hebbal,13.035,77.597,2026-08-01 20:00:00,21.8,92
Hebbal,13.035,77.597,2026-08-01 21:00:00,21.7,91
Hebbal,13.035,77.597,2026-08-01 22:00:00,21.7,90
Hebbal,13.035,77.597,2026-08-01 23:00:00,22.4,86
Hebbal,13.035,77.597,2026-08-02 00:00:00,22.1,87
Hebbal,13.035,77.597,2026-08-02 01:00:00,21.7,87
Hebbal,13.035,77.597,2026-08-02 02:00:00,21.6,87
Hebbal,13.035,77.597,2026-08-02 03:00:00,21.2,89
Hebbal,13.035,77.597,2026-08-02 04:00:00,21.2,90
Hebbal,13.035,77.597,2026-08-02 05:00:00,21.7,88
Hebbal,13.035,77.597,2026-08-02 06:00:00,21.4,91
Hebbal,13.035,77.597,2026-08-02 07:00:00,22.1,88
Hebbal,13.035,77.597,2026-08-02 08:00:00,23.0,83
Hebbal,13.035,77.597,2026-08-02 09:00:00,24.0,77
Hebbal,13.035,77.597,2026-08-02 10:00:00,24.9,73
Hebbal,13.035,77.597,2026-08-02 11:00:00,26.9,66
Hebbal,13.035,77.597,2026-08-02 12:00:00,28.3,59
Hebbal,13.035,77.597,2026-08-02 13:00:00,29.1,54
Hebbal,13.035,77.597,2026-08-02 14:00:00,28.3,52
Hebbal,13.035,77.597,2026-08-02 15:00:00,28.2,54
Hebbal,13.035,77.597,2026-08-02 16:00:00,28.2,55
Hebbal,13.035,77.597,2026-08-02 17:00:00,27.2,56
Hebbal,13.035,77.597,2026-08-02 18:00:00,25.7,65
Hebbal,13.035,77.597,2026-08-02 19:00:00,25.0,70
Hebbal,13.035,77.597,2026-08-02 20:00:00,24.3,73
Hebbal,13.035,77.597,2026-08-02 21:00:00,23.3,79
Hebbal,13.035,77.597,2026-08-02 22:00:00,22.6,83
Hebbal,13.035,77.597,2026-08-02 23:00:00,22.3,89
Hebbal,13.035,77.597,2026-08-03 00:00:00,22.0,90
Hebbal,13.035,77.597,2026-08-03 01:00:00,21.8,89
Hebbal,13.035,77.597,2026-08-03 02:00:00,21.6,90
Hebbal,13.035,77.597,2026-08-03 03:00:00,21.6,91
Hebbal,13.035,77.597,2026-08-03 04:00:00,21.4,93
Hebbal,13.035,77.597,2026-08-03 05:00:00,21.2,95
Hebbal,13.035,77.597,2026-08-03 06:00:00,21.1,95
Hebbal,13.035,77.597,2026-08-03 07:00:00,22.2,87
Hebbal,13.035,77.597,2026-08-03 08:00:00,23.5,80
Hebbal,13.035,77.597,2026-08-03 09:00:00,24.8,72
Hebbal,13.035,77.597,2026-08-03 10:00:00,25.8,67
Hebbal,13.035,77.597,2026-08-03 11:00:00,26.2,66
Hebbal,13.035,77.597,2026-08-03 12:00:00,27.0,63
Hebbal,13.035,77.597,2026-08-03 13:00:00,24.3,74
Hebbal,13.035,77.597,2026-08-03 14:00:00,26.6,68
Hebbal,13.035,77.597,2026-08-03 15:00:00,22.3,87
Hebbal,13.035,77.597,2026-08-03 16:00:00,22.4,92
Hebbal,13.035,77.597,2026-08-03 17:00:00,25.6,65
Hebbal,13.035,77.597,2026-08-03 18:00:00,24.1,76
Hebbal,13.035,77.597,2026-08-03 19:00:00,24.2,75
Hebbal,13.035,77.597,2026-08-03 20:00:00,23.5,75
Hebbal,13.035,77.597,2026-08-03 21:00:00,22.6,83
Hebbal,13.035,77.597,2026-08-03 22:00:00,22.1,87
Hebbal,13.035,77.597,2026-08-03 23:00:00,21.9,90
Hebbal,13.035,77.597,2026-08-04 00:00:00,21.7,92
Hebbal,13.035,77.597,2026-08-04 01:00:00,21.4,92
Hebbal,13.035,77.597,2026-08-04 02:00:00,21.1,92
Hebbal,13.035,77.597,2026-08-04 03:00:00,20.8,95
Hebbal,13.035,77.597,2026-08-04 04:00:00,20.7,95
Hebbal,13.035,77.597,2026-08-04 05:00:00,20.8,93
Hebbal,13.035,77.597,2026-08-04 06:00:00,20.7,93
Hebbal,13.035,77.597,2026-08-04 07:00:00,21.7,88
Hebbal,13.035,77.597,2026-08-04 08:00:00,23.3,78
Hebbal,13.035,77.597,2026-08-04 09:00:00,24.8,70
Hebbal,13.035,77.597,2026-08-04 10:00:00,25.3,68
Hebbal,13.035,77.597,2026-08-04 11:00:00,26.2,64
Hebbal,13.035,77.597,2026-08-04 12:00:00,24.7,69
Hebbal,13.035,77.597,2026-08-04 13:00:00,26.9,63
Hebbal,13.035,77.597,2026-08-04 14:00:00,27.8,60
Hebbal,13.035,77.597,2026-08-04 15:00:00,26.9,61
Hebbal,13.035,77.597,2026-08-04 16:00:00,23.4,85
Hebbal,13.035,77.597,2026-08-04 17:00:00,23.6,87
Hebbal,13.035,77.597,2026-08-04 18:00:00,21.2,96
Hebbal,13.035,77.597,2026-08-04 19:00:00,21.2,95
Hebbal,13.035,77.597,2026-08-04 20:00:00,20.7,97
Hebbal,13.035,77.597,2026-08-04 21:00:00,20.7,97
Hebbal,13.035,77.597,2026-08-04 22:00:00,20.8,97
Hebbal,13.035,77.597,2026-08-04 23:00:00,20.7,97
Hebbal,13.035,77.597,2026-08-05 00:00:00,20.5,96
Hebbal,13.035,77.597,2026-08-05 01:00:00,20.4,97
Hebbal,13.035,77.597,2026-08-05 02:00:00,20.4,97
Hebbal,13.035,77.597,2026-08-05 03:00:00,20.4,97
Hebbal,13.035,77.597,2026-08-05 04:00:00,20.3,97
Hebbal,13.035,77.597,2026-08-05 05:00:00,20.4,96
Hebbal,13.035,77.597,2026-08-05 06:00:00,20.5,96
Hebbal,13.035,77.597,2026-08-05 07:00:00,21.4,91
Hebbal,13.035,77.597,2026-08-05 08:00:00,22.6,84
Hebbal,13.035,77.597,2026-08-05 09:00:00,24.0,79
Hebbal,13.035,77.597,2026-08-05 10:00:00,25.5,71
Hebbal,13.035,77.597,2026-08-05 11:00:00,26.1,67
Hebbal,13.035,77.597,2026-08-05 12:00:00,27.0,64
Hebbal,13.035,77.597,2026-08-05 13:00:00,27.3,59
Hebbal,13.035,77.597,2026-08-05 14:00:00,25.7,73
Hebbal,13.035,77.597,2026-08-05 15:00:00,25.5,68
Hebbal,13.035,77.597,2026-08-05 16:00:00,23.6,86
Hebbal,13.035,77.597,2026-08-05 17:00:00,25.2,72
Hebbal,13.035,77.597,2026-08-05 18:00:00,24.8,70
Hebbal,13.035,77.597,2026-08-05 19:00:00,22.8,81
Hebbal,13.035,77.597,2026-08-05 20:00:00,21.8,90
Hebbal,13.035,77.597,2026-08-05 21:00:00,21.4,93
Hebbal,13.035,77.597,2026-08-05 22:00:00,21.3,95
Hebbal,13.035,77.597,2026-08-05 23:00:00,21.7,93
Hebbal,13.035,77.597,2026-08-06 00:00:00,21.3,95
Hebbal,13.035,77.597,2026-08-06 01:00:00,20.7,95
Hebbal,13.035,77.597,2026-08-06 02:00:00,20.4,97
Hebbal,13.035,77.597,2026-08-06 03:00:00,20.3,97
Hebbal,13.035,77.597,2026-08-06 04:00:00,20.4,96
Hebbal,13.035,77.597,2026-08-06 05:00:00,20.4,95
Hebbal,13.035,77.597,2026-08-06 06:00:00,20.5,95
Hebbal,13.035,77.597,2026-08-06 07:00:00,21.4,91
Hebbal,13.035,77.597,2026-08-06 08:00:00,23.1,81
Hebbal,13.035,77.597,2026-08-06 09:00:00,23.9,76
Hebbal,13.035,77.597,2026-08-06 10:00:00,24.9,72
Hebbal,13.035,77.597,2026-08-06 11:00:00,26.2,64
Hebbal,13.035,77.597,2026-08-06 12:00:00,26.4,64
Hebbal,13.035,77.597,2026-08-06 13:00:00,27.3,63
Hebbal,13.035,77.597,2026-08-06 14:00:00,25.5,68
Hebbal,13.035,77.597,2026-08-06 15:00:00,23.6,86
Hebbal,13.035,77.597,2026-08-06 16:00:00,23.3,81
Hebbal,13.035,77.597,2026-08-06 17:00:00,22.5,91
Hebbal,13.035,77.597,2026-08-06 18:00:00,22.2,92
Hebbal,13.035,77.597,2026-08-06 19:00:00,22.3,90
Hebbal,13.035,77.597,2026-08-06 20:00:00,22.0,86
Hebbal,13.035,77.597,2026-08-06 21:00:00,21.6,88
Hebbal,13.035,77.597,2026-08-06 22:00:00,21.3,89
Hebbal,13.035,77.597,2026-08-06 23:00:00,21.3,88
Hebbal,13.035,77.597,2026-08-07 00:00:00,21.2,89
Hebbal,13.035,77.597,2026-08-07 01:00:00,21.1,89
Hebbal,13.035,77.597,2026-08-07 02:00:00,20.9,91
Hebbal,13.035,77.597,2026-08-07 03:00:00,20.8,92
Hebbal,13.035,77.597,2026-08-07 04:00:00,20.7,92
Hebbal,13.035,77.597,2026-08-07 05:00:00,20.8,93
Hebbal,13.035,77.597,2026-08-07 06:00:00,20.8,93
Hebbal,13.035,77.597,2026-08-07 07:00:00,21.6,90
Hebbal,13.035,77.597,2026-08-07 08:00:00,22.2,85
Hebbal,13.035,77.597,2026-08-07 09:00:00,23.7,78
Hebbal,13.035,77.597,2026-08-07 10:00:00,24.7,74
Hebbal,13.035,77.597,2026-08-07 11:00:00,25.4,70
Hebbal,13.035,77.597,2026-08-07 12:00:00,25.0,70
Hebbal,13.035,77.597,2026-08-07 13:00:00,27.2,64
Hebbal,13.035,77.597,2026-08-07 14:00:00,22.9,85
Hebbal,13.035,77.597,2026-08-07 15:00:00,22.2,93
Hebbal,13.035,77.597,2026-08-07 16:00:00,22.3,93
Hebbal,13.035,77.597,2026-08-07 17:00:00,21.5,93
Hebbal,13.035,77.597,2026-08-07 18:00:00,21.2,94
Hebbal,13.035,77.597,2026-08-07 19:00:00,21.1,96
Hebbal,13.035,77.597,2026-08-07 20:00:00,20.9,96
Hebbal,13.035,77.597,2026-08-07 21:00:00,20.7,96
Hebbal,13.035,77.597,2026-08-07 22:00:00,20.9,96
Hebbal,13.035,77.597,2026-08-07 23:00:00,21.2,94
Hebbal,13.035,77.597,2026-08-08 00:00:00,21.2,93
Hebbal,13.035,77.597,2026-08-08 01:00:00,21.1,92
Hebbal,13.035,77.597,2026-08-08 02:00:00,20.9,92
Hebbal,13.035,77.597,2026-08-08 03:00:00,20.6,92
Hebbal,13.035,77.597,2026-08-08 04:00:00,20.5,92
Hebbal,13.035,77.597,2026-08-08 05:00:00,21.1,91
Hebbal,13.035,77.597,2026-08-08 06:00:00,20.9,91
Hebbal,13.035,77.597,2026-08-08 07:00:00,21.8,88
Hebbal,13.035,77.597,2026-08-08 08:00:00,22.9,81
Hebbal,13.035,77.597,2026-08-08 09:00:00,24.1,74
Hebbal,13.035,77.597,2026-08-08 10:00:00,24.9,71
Hebbal,13.035,77.597,2026-08-08 11:00:00,25.4,69
Hebbal,13.035,77.597,2026-08-08 12:00:00,24.5,71
Hebbal,13.035,77.597,2026-08-08 13:00:00,25.1,72
Hebbal,13.035,77.597,2026-08-08 14:00:00,25.8,67
Hebbal,13.035,77.597,2026-08-08 15:00:00,25.3,69
Hebbal,13.035,77.597,2026-08-08 16:00:00,24.3,74
Hebbal,13.035,77.597,2026-08-08 17:00:00,23.7,80
Hebbal,13.035,77.597,2026-08-08 18:00:00,23.6,78
Hebbal,13.035,77.597,2026-08-08 19:00:00,22.5,82
Hebbal,13.035,77.597,2026-08-08 20:00:00,21.8,87
Hebbal,13.035,77.597,2026-08-08 21:00:00,21.9,89
Hebbal,13.035,77.597,2026-08-08 22:00:00,21.9,88
Hebbal,13.035,77.597,2026-08-08 23:00:00,21.7,88
Hebbal,13.035,77.597,2026-08-09 00:00:00,21.2,90
Hebbal,13.035,77.597,2026-08-09 01:00:00,21.0,91
Hebbal,13.035,77.597,2026-08-09 02:00:00,20.8,92
Hebbal,13.035,77.597,2026-08-09 03:00:00,20.7,93
Hebbal,13.035,77.597,2026-08-09 04:00:00,20.6,93
Hebbal,13.035,77.597,2026-08-09 05:00:00,20.5,94
Hebbal,13.035,77.597,2026-08-09 06:00:00,20.6,94
Hebbal,13.035,77.597,2026-08-09 07:00:00,21.8,88
Hebbal,13.035,77.597,2026-08-09 08:00:00,23.1,80
Hebbal,13.035,77.597,2026-08-09 09:00:00,24.5,72
Hebbal,13.035,77.597,2026-08-09 10:00:00,25.7,66
Hebbal,13.035,77.597,2026-08-09 11:00:00,26.0,66
Hebbal,13.035,77.597,2026-08-09 12:00:00,27.2,61
Hebbal,13.035,77.597,2026-08-09 13:00:00,28.0,60
Hebbal,13.035,77.597,2026-08-09 14:00:00,27.9,60
Hebbal,13.035,77.597,2026-08-09 15:00:00,28.2,58
Hebbal,13.035,77.597,2026-08-09 16:00:00,27.9,58
Hebbal,13.035,77.597,2026-08-09 17:00:00,26.7,63
Hebbal,13.035,77.597,2026-08-09 18:00:00,25.2,69
Hebbal,13.035,77.597,2026-08-09 19:00:00,23.6,78
Hebbal,13.035,77.597,2026-08-09 20:00:00,23.2,78
Hebbal,13.035,77.597,2026-08-09 21:00:00,23.1,80
Hebbal,13.035,77.597,2026-08-09 22:00:00,22.8,82
Hebbal,13.035,77.597,2026-08-09 23:00:00,22.0,87
Hebbal,13.035,77.597,2026-08-10 00:00:00,21.4,89
Hebbal,13.035,77.597,2026-08-10 01:00:00,20.9,92
Hebbal,13.035,77.597,2026-08-10 02:00:00,20.5,93
Hebbal,13.035,77.597,2026-08-10 03:00:00,20.2,95
Hebbal,13.035,77.597,2026-08-10 04:00:00,20.0,96
Hebbal,13.035,77.597,2026-08-10 05:00:00,20.5,94
Hebbal,13.035,77.597,2026-08-10 06:00:00,20.4,94
Hebbal,13.035,77.597,2026-08-10 07:00:00,21.4,88
Hebbal,13.035,77.597,2026-08-10 08:00:00,23.1,78
Hebbal,13.035,77.597,2026-08-10 09:00:00,24.3,73
Hebbal,13.035,77.597,2026-08-10 10:00:00,25.6,68
Hebbal,13.035,77.597,2026-08-10 11:00:00,26.8,61
Hebbal,13.035,77.597,2026-08-10 12:00:00,27.7,58
Hebbal,13.035,77.597,2026-08-10 13:00:00,28.2,56
Hebbal,13.035,77.597,2026-08-10 14:00:00,28.7,54
Hebbal,13.035,77.597,2026-08-10 15:00:00,28.7,55
Hebbal,13.035,77.597,2026-08-10 16:00:00,24.4,83
Hebbal,13.035,77.597,2026-08-10 17:00:00,25.6,73
Hebbal,13.035,77.597,2026-08-10 18:00:00,24.2,79
Hebbal,13.035,77.597,2026-08-10 19:00:00,23.2,85
Hebbal,13.035,77.597,2026-08-10 20:00:00,22.8,87
Hebbal,13.035,77.597,2026-08-10 21:00:00,22.1,90
Hebbal,13.035,77.597,2026-08-10 22:00:00,22.0,93
Hebbal,13.035,77.597,2026-08-10 23:00:00,21.7,90
Hebbal,13.035,77.597,2026-08-11 00:00:00,21.5,93
Hebbal,13.035,77.597,2026-08-11 01:00:00,21.3,94
Hebbal,13.035,77.597,2026-08-11 02:00:00,21.0,95
Hebbal,13.035,77.597,2026-08-11 03:00:00,20.8,94
Hebbal,13.035,77.597,2026-08-11 04:00:00,20.5,94
Hebbal,13.035,77.597,2026-08-11 05:00:00,20.5,93
Hebbal,13.035,77.597,2026-08-11 06:00:00,20.8,92
Hebbal,13.035,77.597,2026-08-11 07:00:00,21.5,89
Hebbal,13.035,77.597,2026-08-11 08:00:00,23.0,80
Hebbal,13.035,77.597,2026-08-11 09:00:00,24.2,75
Hebbal,13.035,77.597,2026-08-11 10:00:00,25.2,71
Hebbal,13.035,77.597,2026-08-11 11:00:00,26.1,63
Hebbal,13.035,77.597,2026-08-11 12:00:00,26.8,61
Hebbal,13.035,77.597,2026-08-11 13:00:00,27.7,58
Hebbal,13.035,77.597,2026-08-11 14:00:00,28.0,59
Hebbal,13.035,77.597,2026-08-11 15:00:00,28.2,59
Hebbal,13.035,77.597,2026-08-11 16:00:00,27.9,59
Hebbal,13.035,77.597,2026-08-11 17:00:00,26.2,63
Hebbal,13.035,77.597,2026-08-11 18:00:00,25.4,69
Hebbal,13.035,77.597,2026-08-11 19:00:00,24.6,73
Hebbal,13.035,77.597,2026-08-11 20:00:00,23.8,76
Hebbal,13.035,77.597,2026-08-11 21:00:00,23.3,79
Hebbal,13.035,77.597,2026-08-11 22:00:00,22.6,80
Hebbal,13.035,77.597,2026-08-11 23:00:00,22.0,84
Hebbal,13.035,77.597,2026-08-12 00:00:00,21.6,87
Hebbal,13.035,77.597,2026-08-12 01:00:00,21.1,89
Hebbal,13.035,77.597,2026-08-12 02:00:00,20.8,90
Hebbal,13.035,77.597,2026-08-12 03:00:00,20.5,91
Hebbal,13.035,77.597,2026-08-12 04:00:00,20.2,91
Hebbal,13.035,77.597,2026-08-12 05:00:00,20.5,92
Hebbal,13.035,77.597,2026-08-12 06:00:00,20.3,92
Hebbal,13.035,77.597,2026-08-12 07:00:00,21.5,87
Hebbal,13.035,77.597,2026-08-12 08:00:00,22.9,79
Hebbal,13.035,77.597,2026-08-12 09:00:00,24.4,70
Hebbal,13.035,77.597,2026-08-12 10:00:00,25.7,64
Hebbal,13.035,77.597,2026-08-12 11:00:00,27.0,58
Hebbal,13.035,77.597,2026-08-12 12:00:00,27.7,59
Hebbal,13.035,77.597,2026-08-12 13:00:00,28.4,57
Hebbal,13.035,77.597,2026-08-12 14:00:00,28.6,56
Hebbal,13.035,77.597,2026-08-12 15:00:00,28.9,54
Hebbal,13.035,77.597,2026-08-12 16:00:00,27.0,62
Hebbal,13.035,77.597,2026-08-12 17:00:00,26.5,64
Hebbal,13.035,77.597,2026-08-12 18:00:00,25.9,67
Hebbal,13.035,77.597,2026-08-12 19:00:00,24.6,73
Hebbal,13.035,77.597,2026-08-12 20:00:00,24.3,75
Hebbal,13.035,77.597,2026-08-12 21:00:00,23.5,77
Hebbal,13.035,77.597,2026-08-12 22:00:00,22.7,80
Hebbal,13.035,77.597,2026-08-12 23:00:00,22.4,82
Hebbal,13.035,77.597,2026-08-13 00:00:00,21.8,85
Hebbal,13.035,77.597,2026-08-13 01:00:00,21.6,87
Hebbal,13.035,77.597,2026-08-13 02:00:00,21.4,89
Hebbal,13.035,77.597,2026-08-13 03:00:00,21.2,90
Hebbal,13.035,77.597,2026-08-13 04:00:00,21.0,90
Hebbal,13.035,77.597,2026-08-13 05:00:00,20.9,92
Hebbal,13.035,77.597,2026-08-13 06:00:00,20.9,92
Hebbal,13.035,77.597,2026-08-13 07:00:00,21.8,87
Hebbal,13.035,77.597,2026-08-13 08:00:00,23.4,78
Hebbal,13.035,77.597,2026-08-13 09:00:00,24.5,73
Hebbal,13.035,77.597,2026-08-13 10:00:00,25.5,68
Hebbal,13.035,77.597,2026-08-13 11:00:00,26.5,62
Hebbal,13.035,77.597,2026-08-13 12:00:00,27.7,58
Hebbal,13.035,77.597,2026-08-13 13:00:00,28.8,55
Hebbal,13.035,77.597,2026-08-13 14:00:00,28.6,53
Hebbal,13.035,77.597,2026-08-13 15:00:00,27.7,59
Hebbal,13.035,77.597,2026-08-13 16:00:00,26.5,65
Hebbal,13.035,77.597,2026-08-13 17:00:00,27.3,58
Hebbal,13.035,77.597,2026-08-13 18:00:00,25.2,66
Hebbal,13.035,77.597,2026-08-13 19:00:00,22.8,83
Hebbal,13.035,77.597,2026-08-13 20:00:00,21.7,90
Hebbal,13.035,77.597,2026-08-13 21:00:00,21.7,91
Hebbal,13.035,77.597,2026-08-13 22:00:00,21.9,90
Hebbal,13.035,77.597,2026-08-13 23:00:00,21.9,88
Hebbal,13.035,77.597,2026-08-14 00:00:00,21.3,89
Hebbal,13.035,77.597,2026-08-14 01:00:00,20.9,90
Hebbal,13.035,77.597,2026-08-14 02:00:00,20.7,91
Hebbal,13.035,77.597,2026-08-14 03:00:00,20.4,93
Hebbal,13.035,77.597,2026-08-14 04:00:00,20.2,95
Hebbal,13.035,77.597,2026-08-14 05:00:00,20.3,93
Hebbal,13.035,77.597,2026-08-14 06:00:00,20.0,95
Hebbal,13.035,77.597,2026-08-14 07:00:00,21.2,89
Hebbal,13.035,77.597,2026-08-14 08:00:00,23.2,77
Hebbal,13.035,77.597,2026-08-14 09:00:00,24.6,70
Hebbal,13.035,77.597,2026-08-14 10:00:00,25.9,65
Hebbal,13.035,77.597,2026-08-14 11:00:00,26.7,60
Hebbal,13.035,77.597,2026-08-14 12:00:00,27.8,56
Hebbal,13.035,77.597,2026-08-14 13:00:00,28.4,55
Hebbal,13.035,77.597,2026-08-14 14:00:00,28.8,55
Hebbal,13.035,77.597,2026-08-14 15:00:00,27.9,56
Hebbal,13.035,77.597,2026-08-14 16:00:00,27.6,58
Hebbal,13.035,77.597,2026-08-14 17:00:00,27.1,57
Hebbal,13.035,77.597,2026-08-14 18:00:00,26.0,63
Hebbal,13.035,77.597,2026-08-14 19:00:00,25.0,68
Hebbal,13.035,77.597,2026-08-14 20:00:00,23.2,78
Hebbal,13.035,77.597,2026-08-14 21:00:00,22.0,85
Hebbal,13.035,77.597,2026-08-14 22:00:00,22.3,86
Hebbal,13.035,77.597,2026-08-14 23:00:00,22.5,85
Hebbal,13.035,77.597,2026-08-15 00:00:00,21.9,86
Hebbal,13.035,77.597,2026-08-15 01:00:00,21.5,86
Hebbal,13.035,77.597,2026-08-15 02:00:00,21.3,88
Hebbal,13.035,77.597,2026-08-15 03:00:00,20.9,90
Hebbal,13.035,77.597,2026-08-15 04:00:00,20.6,91
Hebbal,13.035,77.597,2026-08-15 05:00:00,20.5,92
Hebbal,13.035,77.597,2026-08-15 06:00:00,20.3,93
Hebbal,13.035,77.597,2026-08-15 07:00:00,21.4,87
Hebbal,13.035,77.597,2026-08-15 08:00:00,23.3,77
Hebbal,13.035,77.597,2026-08-15 09:00:00,24.7,68
Hebbal,13.035,77.597,2026-08-15 10:00:00,25.7,63
Hebbal,13.035,77.597,2026-08-15 11:00:00,26.0,62
Hebbal,13.035,77.597,2026-08-15 12:00:00,27.3,56
Hebbal,13.035,77.597,2026-08-15 13:00:00,28.1,54
Hebbal,13.035,77.597,2026-08-15 14:00:00,28.7,52
Hebbal,13.035,77.597,2026-08-15 15:00:00,27.7,54
Hebbal,13.035,77.597,2026-08-15 16:00:00,27.1,60
Hebbal,13.035,77.597,2026-08-15 17:00:00,27.6,52
Hebbal,13.035,77.597,2026-08-15 18:00:00,26.2,58
Hebbal,13.035,77.597,2026-08-15 19:00:00,25.1,63
Hebbal,13.035,77.597,2026-08-15 20:00:00,24.2,70
Hebbal,13.035,77.597,2026-08-15 21:00:00,23.3,74
Hebbal,13.035,77.597,2026-08-15 22:00:00,22.5,78
Hebbal,13.035,77.597,2026-08-15 23:00:00,22.1,82
Hebbal,13.035,77.597,2026-08-16 00:00:00,21.5,85
Hebbal,13.035,77.597,2026-08-16 01:00:00,21.1,87
Hebbal,13.035,77.597,2026-08-16 02:00:00,20.7,89
Hebbal,13.035,77.597,2026-08-16 03:00:00,20.5,90
Hebbal,13.035,77.597,2026-08-16 04:00:00,20.3,89
Hebbal,13.035,77.597,2026-08-16 05:00:00,20.6,89
Hebbal,13.035,77.597,2026-08-16 06:00:00,20.3,91
Hebbal,13.035,77.597,2026-08-16 07:00:00,21.6,85
Hebbal,13.035,77.597,2026-08-16 08:00:00,23.5,73
Hebbal,13.035,77.597,2026-08-16 09:00:00,25.2,64
Hebbal,13.035,77.597,2026-08-16 10:00:00,26.6,58
Hebbal,13.035,77.597,2026-08-16 11:00:00,27.6,55
Hebbal,13.035,77.597,2026-08-16 12:00:00,28.4,54
Hebbal,13.035,77.597,2026-08-16 13:00:00,29.1,50
Hebbal,13.035,77.597,2026-08-16 14:00:00,29.9,48
Hebbal,13.035,77.597,2026-08-16 15:00:00,29.5,47
Hebbal,13.035,77.597,2026-08-16 16:00:00,27.5,58
Hebbal,13.035,77.597,2026-08-16 17:00:00,27.6,54
Hebbal,13.035,77.597,2026-08-16 18:00:00,26.5,60
Hebbal,13.035,77.597,2026-08-16 19:00:00,25.7,63
Hebbal,13.035,77.597,2026-08-16 20:00:00,24.8,67
Hebbal,13.035,77.597,2026-08-16 21:00:00,24.0,73
Hebbal,13.035,77.597,2026-08-16 22:00:00,23.2,77
Hebbal,13.035,77.597,2026-08-16 23:00:00,22.6,79
Hebbal,13.035,77.597,2026-08-17 00:00:00,21.8,82
Hebbal,13.035,77.597,2026-08-17 01:00:00,21.1,85
Hebbal,13.035,77.597,2026-08-17 02:00:00,20.6,88
Hebbal,13.035,77.597,2026-08-17 03:00:00,20.1,91
Hebbal,13.035,77.597,2026-08-17 04:00:00,20.0,92
Hebbal,13.035,77.597,2026-08-17 05:00:00,20.9,90
Hebbal,13.035,77.597,2026-08-17 06:00:00,20.7,91
Hebbal,13.035,77.597,2026-08-17 07:00:00,21.8,84
Hebbal,13.035,77.597,2026-08-17 08:00:00,23.3,75
Hebbal,13.035,77.597,2026-08-17 09:00:00,25.1,65
Hebbal,13.035,77.597,2026-08-17 10:00:00,26.8,56
Hebbal,13.035,77.597,2026-08-17 11:00:00,26.9,59
Hebbal,13.035,77.597,2026-08-17 12:00:00,27.5,56
Hebbal,13.035,77.597,2026-08-17 13:00:00,28.7,52
Hebbal,13.035,77.597,2026-08-17 14:00:00,29.1,49
Hebbal,13.035,77.597,2026-08-17 15:00:00,29.3,48
Hebbal,13.035,77.597,2026-08-17 16:00:00,28.3,49
Hebbal,13.035,77.597,2026-08-17 17:00:00,27.0,57
Hebbal,13.035,77.597,2026-08-17 18:00:00,24.8,67
Hebbal,13.035,77.597,2026-08-17 19:00:00,23.6,75
Hebbal,13.035,77.597,2026-08-17 20:00:00,23.5,77
Hebbal,13.035,77.597,2026-08-17 21:00:00,23.2,80
Hebbal,13.035,77.597,2026-08-17 22:00:00,22.8,82
Hebbal,13.035,77.597,2026-08-17 23:00:00,22.2,83
Hebbal,13.035,77.597,2026-08-18 00:00:00,21.5,85
Hebbal,13.035,77.597,2026-08-18 01:00:00,20.8,88
Hebbal,13.035,77.597,2026-08-18 02:00:00,20.4,89
Hebbal,13.035,77.597,2026-08-18 03:00:00,20.0,91
Hebbal,13.035,77.597,2026-08-18 04:00:00,19.8,93
Hebbal,13.035,77.597,2026-08-18 05:00:00,19.5,94
Hebbal,13.035,77.597,2026-08-18 06:00:00,19.6,94
Hebbal,13.035,77.597,2026-08-18 07:00:00,21.0,86
Hebbal,13.035,77.597,2026-08-18 08:00:00,22.9,75
Hebbal,13.035,77.597,2026-08-18 09:00:00,24.8,66
Hebbal,13.035,77.597,2026-08-18 10:00:00,26.3,59
Hebbal,13.035,77.597,2026-08-18 11:00:00,27.3,58
Hebbal,13.035,77.597,2026-08-18 12:00:00,28.7,54
Hebbal,13.035,77.597,2026-08-18 13:00:00,29.5,52
Hebbal,13.035,77.597,2026-08-18 14:00:00,29.2,52
Hebbal,13.035,77.597,2026-08-18 15:00:00,29.3,51
Hebbal,13.035,77.597,2026-08-18 16:00:00,28.1,53
Hebbal,13.035,77.597,2026-08-18 17:00:00,26.7,62
Hebbal,13.035,77.597,2026-08-18 18:00:00,25.1,67
Hebbal,13.035,77.597,2026-08-18 19:00:00,23.8,76
Hebbal,13.035,77.597,2026-08-18 20:00:00,23.5,79
Hebbal,13.035,77.597,2026-08-18 21:00:00,23.2,82
Hebbal,13.035,77.597,2026-08-18 22:00:00,22.8,84
Hebbal,13.035,77.597,2026-08-18 23:00:00,22.3,86
Hebbal,13.035,77.597,2026-08-19 00:00:00,21.7,87
Hebbal,13.035,77.597,2026-08-19 01:00:00,21.2,89
Hebbal,13.035,77.597,2026-08-19 02:00:00,20.8,90
Hebbal,13.035,77.597,2026-08-19 03:00:00,20.5,91
Hebbal,13.035,77.597,2026-08-19 04:00:00,20.5,91
Hebbal,13.035,77.597,2026-08-19 05:00:00,20.8,89
Hebbal,13.035,77.597,2026-08-19 06:00:00,20.8,89
Hebbal,13.035,77.597,2026-08-19 07:00:00,21.6,85
Hebbal,13.035,77.597,2026-08-19 08:00:00,23.4,74
Hebbal,13.035,77.597,2026-08-19 09:00:00,24.5,70
Hebbal,13.035,77.597,2026-08-19 10:00:00,25.7,65
Hebbal,13.035,77.597,2026-08-19 11:00:00,26.7,61
Hebbal,13.035,77.597,2026-08-19 12:00:00,28.2,57
Hebbal,13.035,77.597,2026-08-19 13:00:00,28.7,54
Hebbal,13.035,77.597,2026-08-19 14:00:00,29.2,52
Hebbal,13.035,77.597,2026-08-19 15:00:00,28.7,53
Hebbal,13.035,77.597,2026-08-19 16:00:00,28.6,53
Hebbal,13.035,77.597,2026-08-19 17:00:00,25.3,68
Hebbal,13.035,77.597,2026-08-19 18:00:00,24.5,73
Hebbal,13.035,77.597,2026-08-19 19:00:00,23.2,82
Hebbal,13.035,77.597,2026-08-19 20:00:00,22.9,83
Hebbal,13.035,77.597,2026-08-19 21:00:00,22.8,85
Hebbal,13.035,77.597,2026-08-19 22:00:00,22.4,88
Hebbal,13.035,77.597,2026-08-19 23:00:00,21.8,90
Hebbal,13.035,77.597,2026-08-20 00:00:00,21.3,89
Hebbal,13.035,77.597,2026-08-20 01:00:00,20.9,90
Hebbal,13.035,77.597,2026-08-20 02:00:00,20.5,91
Hebbal,13.035,77.597,2026-08-20 03:00:00,20.6,91
Hebbal,13.035,77.597,2026-08-20 04:00:00,20.7,90
Hebbal,13.035,77.597,2026-08-20 05:00:00,20.7,91
Hebbal,13.035,77.597,2026-08-20 06:00:00,20.9,90
Hebbal,13.035,77.597,2026-08-20 07:00:00,21.8,85
Hebbal,13.035,77.597,2026-08-20 08:00:00,23.5,75
Hebbal,13.035,77.597,2026-08-20 09:00:00,24.8,68
Hebbal,13.035,77.597,2026-08-20 10:00:00,26.2,62
Hebbal,13.035,77.597,2026-08-20 11:00:00,27.0,57
Hebbal,13.035,77.597,2026-08-20 12:00:00,28.7,51
Hebbal,13.035,77.597,2026-08-20 13:00:00,29.7,49
Hebbal,13.035,77.597,2026-08-20 14:00:00,29.8,48
Hebbal,13.035,77.597,2026-08-20 15:00:00,29.7,47
Hebbal,13.035,77.597,2026-08-20 16:00:00,26.4,56
Hebbal,13.035,77.597,2026-08-20 17:00:00,25.5,60
Hebbal,13.035,77.597,2026-08-20 18:00:00,24.9,64
Hebbal,13.035,77.597,2026-08-20 19:00:00,24.6,67
Hebbal,13.035,77.597,2026-08-20 20:00:00,24.3,69
Hebbal,13.035,77.597,2026-08-20 21:00:00,23.6,74
Hebbal,13.035,77.597,2026-08-20 22:00:00,22.7,80
Hebbal,13.035,77.597,2026-08-20 23:00:00,22.0,83
Hebbal,13.035,77.597,2026-08-21 00:00:00,21.3,86
Hebbal,13.035,77.597,2026-08-21 01:00:00,20.7,89
Hebbal,13.035,77.597,2026-08-21 02:00:00,20.3,91
Hebbal,13.035,77.597,2026-08-21 03:00:00,20.1,92
Hebbal,13.035,77.597,2026-08-21 04:00:00,20.2,91
Hebbal,13.035,77.597,2026-08-21 05:00:00,20.5,89
Hebbal,13.035,77.597,2026-08-21 06:00:00,21.1,85
Hebbal,13.035,77.597,2026-08-21 07:00:00,22.1,79
Hebbal,13.035,77.597,2026-08-21 08:00:00,23.2,73
Hebbal,13.035,77.597,2026-08-21 09:00:00,24.6,65
Hebbal,13.035,77.597,2026-08-21 10:00:00,26.2,58
Hebbal,13.035,77.597,2026-08-21 11:00:00,27.6,52
Hebbal,13.035,77.597,2026-08-21 12:00:00,28.8,49
Hebbal,13.035,77.597,2026-08-21 13:00:00,29.7,47
Hebbal,13.035,77.597,2026-08-21 14:00:00,30.1,46
Hebbal,13.035,77.597,2026-08-21 15:00:00,29.7,47
Hebbal,13.035,77.597,2026-08-21 16:00:00,28.7,49
Hebbal,13.035,77.597,2026-08-21 17:00:00,27.6,52
Hebbal,13.035,77.597,2026-08-21 18:00:00,26.5,56
Hebbal,13.035,77.597,2026-08-21 19:00:00,25.2,63
Hebbal,13.035,77.597,2026-08-21 20:00:00,24.1,69
Hebbal,13.035,77.597,2026-08-21 21:00:00,23.0,75
Hebbal,13.035,77.597,2026-08-21 22:00:00,22.0,80
Hebbal,13.035,77.597,2026-08-21 23:00:00,21.1,84
Hebbal,13.035,77.597,2026-08-22 00:00:00,20.5,87
Hebbal,13.035,77.597,2026-08-22 01:00:00,20.1,89
Hebbal,13.035,77.597,2026-08-22 02:00:00,19.9,91
Hebbal,13.035,77.597,2026-08-22 03:00:00,19.9,91
Hebbal,13.035,77.597,2026-08-22 04:00:00,20.0,90
Hebbal,13.035,77.597,2026-08-22 05:00:00,20.4,87
Hebbal,13.035,77.597,2026-08-22 06:00:00,21.2,83
Hebbal,13.035,77.597,2026-08-22 07:00:00,22.1,78
Hebbal,13.035,77.597,2026-08-22 08:00:00,23.2,72
Hebbal,13.035,77.597,2026-08-22 09:00:00,24.5,65
Hebbal,13.035,77.597,2026-08-22 10:00:00,25.8,58
Hebbal,13.035,77.597,2026-08-22 11:00:00,27.0,53
Hebbal,13.035,77.597,2026-08-22 12:00:00,28.1,50
Hebbal,13.035,77.597,2026-08-22 13:00:00,29.1,48
Hebbal,13.035,77.597,2026-08-22 14:00:00,29.5,47
Hebbal,13.035,77.597,2026-08-22 15:00:00,29.4,46
Hebbal,13.035,77.597,2026-08-22 16:00:00,28.7,47
Hebbal,13.035,77.597,2026-08-22 17:00:00,27.8,50
Hebbal,13.035,77.597,2026-08-22 18:00:00,26.4,57
Hebbal,13.035,77.597,2026-08-22 19:00:00,24.6,68
Hebbal,13.035,77.597,2026-08-22 20:00:00,23.2,78
Hebbal,13.035,77.597,2026-08-22 21:00:00,22.2,82
Hebbal,13.035,77.597,2026-08-22 22:00:00,21.6,84
Hebbal,13.035,77.597,2026-08-22 23:00:00,21.0,85
Hebbal,13.035,77.597,2026-08-23 00:00:00,20.6,88
Hebbal,13.035,77.597,2026-08-23 01:00:00,20.3,89
Hebbal,13.035,77.597,2026-08-23 02:00:00,20.2,91
Hebbal,13.035,77.597,2026-08-23 03:00:00,20.2,90
Hebbal,13.035,77.597,2026-08-23 04:00:00,20.4,89
Hebbal,13.035,77.597,2026-08-23 05:00:00,20.7,87
Hebbal,13.035,77.597,2026-08-23 06:00:00,21.3,84
Hebbal,13.035,77.597,2026-08-23 07:00:00,22.0,79
Hebbal,13.035,77.597,2026-08-23 08:00:00,23.0,74
Hebbal,13.035,77.597,2026-08-23 09:00:00,24.4,68
Hebbal,13.035,77.597,2026-08-23 10:00:00,26.0,61
Hebbal,13.035,77.597,2026-08-23 11:00:00,27.2,57
Hebbal,13.035,77.597,2026-08-23 12:00:00,26.7,60
Hebbal,13.035,77.597,2026-08-23 13:00:00,26.5,61
Hebbal,13.035,77.597,2026-08-23 14:00:00,26.1,64
Hebbal,13.035,77.597,2026-08-23 15:00:00,25.6,67
Hebbal,13.035,77.597,2026-08-23 16:00:00,25.0,70
Hebbal,13.035,77.597,2026-08-23 17:00:00,24.5,73
Hebbal,13.035,77.597,2026-08-23 18:00:00,23.9,77
Hebbal,13.035,77.597,2026-08-23 19:00:00,23.3,80
Hebbal,13.035,77.597,2026-08-23 20:00:00,22.6,84
Hebbal,13.035,77.597,2026-08-23 21:00:00,21.9,88
Hebbal,13.035,77.597,2026-08-23 22:00:00,21.3,91
Hebbal,13.035,77.597,2026-08-23 23:00:00,20.9,94
Electronic City,12.8399,77.677,2026-07-27 00:00:00,21.9,85
Electronic City,12.8399,77.677,2026-07-27 01:00:00,21.5,88
Electronic City,12.8399,77.677,2026-07-27 02:00:00,21.2,90
Electronic City,12.8399,77.677,2026-07-27 03:00:00,20.9,91
Electronic City,12.8399,77.677,2026-07-27 04:00:00,20.6,91
Electronic City,12.8399,77.677,2026-07-27 05:00:00,21.2,90
Electronic City,12.8399,77.677,2026-07-27 06:00:00,21.3,91
Electronic City,12.8399,77.677,2026-07-27 07:00:00,22.4,86
Electronic City,12.8399,77.677,2026-07-27 08:00:00,23.9,77
Electronic City,12.8399,77.677,2026-07-27 09:00:00,25.0,71
Electronic City,12.8399,77.677,2026-07-27 10:00:00,26.2,64
Electronic City,12.8399,77.677,2026-07-27 11:00:00,27.5,58
Electronic City,12.8399,77.677,2026-07-27 12:00:00,28.6,53
Electronic City,12.8399,77.677,2026-07-27 13:00:00,28.8,55
Electronic City,12.8399,77.677,2026-07-27 14:00:00,28.6,56
Electronic City,12.8399,77.677,2026-07-27 15:00:00,28.1,57
Electronic City,12.8399,77.677,2026-07-27 16:00:00,27.6,56
Electronic City,12.8399,77.677,2026-07-27 17:00:00,27.5,54
Electronic City,12.8399,77.677,2026-07-27 18:00:00,26.3,60
Electronic City,12.8399,77.677,2026-07-27 19:00:00,25.2,65
Electronic City,12.8399,77.677,2026-07-27 20:00:00,24.5,69
Electronic City,12.8399,77.677,2026-07-27 21:00:00,23.8,75
Electronic City,12.8399,77.677,2026-07-27 22:00:00,23.1,79
Electronic City,12.8399,77.677,2026-07-27 23:00:00,22.7,81
Electronic City,12.8399,77.677,2026-07-28 00:00:00,22.1,85
Electronic City,12.8399,77.677,2026-07-28 01:00:00,21.8,88
Electronic City,12.8399,77.677,2026-07-28 02:00:00,21.3,92
Electronic City,12.8399,77.677,2026-07-28 03:00:00,21.1,94
Electronic City,12.8399,77.677,2026-07-28 04:00:00,20.9,95
Electronic City,12.8399,77.677,2026-07-28 05:00:00,20.9,93
Electronic City,12.8399,77.677,2026-07-28 06:00:00,20.9,93
Electronic City,12.8399,77.677,2026-07-28 07:00:00,21.8,89
Electronic City,12.8399,77.677,2026-07-28 08:00:00,23.7,77
Electronic City,12.8399,77.677,2026-07-28 09:00:00,24.7,73
Electronic City,12.8399,77.677,2026-07-28 10:00:00,26.0,68
Electronic City,12.8399,77.677,2026-07-28 11:00:00,27.0,60
Electronic City,12.8399,77.677,2026-07-28 12:00:00,28.5,55
Electronic City,12.8399,77.677,2026-07-28 13:00:00,29.2,54
Electronic City,12.8399,77.677,2026-07-28 14:00:00,29.9,52
Electronic City,12.8399,77.677,2026-07-28 15:00:00,23.6,88
Electronic City,12.8399,77.677,2026-07-28 16:00:00,24.7,76
Electronic City,12.8399,77.677,2026-07-28 17:00:00,27.4,56
Electronic City,12.8399,77.677,2026-07-28 18:00:00,25.9,62
Electronic City,12.8399,77.677,2026-07-28 19:00:00,24.9,67
Electronic City,12.8399,77.677,2026-07-28 20:00:00,23.9,73
Electronic City,12.8399,77.677,2026-07-28 21:00:00,23.1,77
Electronic City,12.8399,77.677,2026-07-28 22:00:00,22.4,80
Electronic City,12.8399,77.677,2026-07-28 23:00:00,22.5,81
Electronic City,12.8399,77.677,2026-07-29 00:00:00,22.0,85
Electronic City,12.8399,77.677,2026-07-29 01:00:00,21.7,88
Electronic City,12.8399,77.677,2026-07-29 02:00:00,21.4,90
Electronic City,12.8399,77.677,2026-07-29 03:00:00,21.3,92
Electronic City,12.8399,77.677,2026-07-29 04:00:00,21.4,90
Electronic City,12.8399,77.677,2026-07-29 05:00:00,21.3,91
Electronic City,12.8399,77.677,2026-07-29 06:00:00,21.3,92
Electronic City,12.8399,77.677,2026-07-29 07:00:00,22.2,88
Electronic City,12.8399,77.677,2026-07-29 08:00:00,23.9,78
Electronic City,12.8399,77.677,2026-07-29 09:00:00,25.0,70
Electronic City,12.8399,77.677,2026-07-29 10:00:00,26.1,66
Electronic City,12.8399,77.677,2026-07-29 11:00:00,27.4,57
Electronic City,12.8399,77.677,2026-07-29 12:00:00,28.5,54
Electronic City,12.8399,77.677,2026-07-29 13:00:00,28.7,52
Electronic City,12.8399,77.677,2026-07-29 14:00:00,28.8,52
Electronic City,12.8399,77.677,2026-07-29 15:00:00,27.2,60
Electronic City,12.8399,77.677,2026-07-29 16:00:00,24.6,77
Electronic City,12.8399,77.677,2026-07-29 17:00:00,26.1,64
Electronic City,12.8399,77.677,2026-07-29 18:00:00,25.0,66
Electronic City,12.8399,77.677,2026-07-29 19:00:00,23.7,72
Electronic City,12.8399,77.677,2026-07-29 20:00:00,23.0,77
Electronic City,12.8399,77.677,2026-07-29 21:00:00,22.5,79
Electronic City,12.8399,77.677,2026-07-29 22:00:00,22.0,81
Electronic City,12.8399,77.677,2026-07-29 23:00:00,22.4,82
Electronic City,12.8399,77.677,2026-07-30 00:00:00,22.0,87
Electronic City,12.8399,77.677,2026-07-30 01:00:00,21.9,86
Electronic City,12.8399,77.677,2026-07-30 02:00:00,21.5,87
Electronic City,12.8399,77.677,2026-07-30 03:00:00,21.2,89
Electronic City,12.8399,77.677,2026-07-30 04:00:00,21.1,90
Electronic City,12.8399,77.677,2026-07-30 05:00:00,21.7,89
Electronic City,12.8399,77.677,2026-07-30 06:00:00,21.8,87
Electronic City,12.8399,77.677,2026-07-30 07:00:00,22.6,82
Electronic City,12.8399,77.677,2026-07-30 08:00:00,23.7,75
Electronic City,12.8399,77.677,2026-07-30 09:00:00,24.8,70
Electronic City,12.8399,77.677,2026-07-30 10:00:00,25.8,67
Electronic City,12.8399,77.677,2026-07-30 11:00:00,26.2,65
Electronic City,12.8399,77.677,2026-07-30 12:00:00,27.5,59
Electronic City,12.8399,77.677,2026-07-30 13:00:00,28.2,56
Electronic City,12.8399,77.677,2026-07-30 14:00:00,27.8,59
Electronic City,12.8399,77.677,2026-07-30 15:00:00,23.0,88
Electronic City,12.8399,77.677,2026-07-30 16:00:00,26.8,65
Electronic City,12.8399,77.677,2026-07-30 17:00:00,25.5,69
Electronic City,12.8399,77.677,2026-07-30 18:00:00,24.4,73
Electronic City,12.8399,77.677,2026-07-30 19:00:00,24.1,73
Electronic City,12.8399,77.677,2026-07-30 20:00:00,23.6,75
Electronic City,12.8399,77.677,2026-07-30 21:00:00,23.0,79
Electronic City,12.8399,77.677,2026-07-30 22:00:00,22.4,84
Electronic City,12.8399,77.677,2026-07-30 23:00:00,22.4,85
Electronic City,12.8399,77.677,2026-07-31 00:00:00,22.0,88
Electronic City,12.8399,77.677,2026-07-31 01:00:00,21.5,92
Electronic City,12.8399,77.677,2026-07-31 02:00:00,21.3,94
Electronic City,12.8399,77.677,2026-07-31 03:00:00,21.2,93
Electronic City,12.8399,77.677,2026-07-31 04:00:00,21.1,93
Electronic City,12.8399,77.677,2026-07-31 05:00:00,21.5,89
Electronic City,12.8399,77.677,2026-07-31 06:00:00,21.7,89
Electronic City,12.8399,77.677,2026-07-31 07:00:00,22.9,85
Electronic City,12.8399,77.677,2026-07-31 08:00:00,24.1,79
Electronic City,12.8399,77.677,2026-07-31 09:00:00,24.6,76
Electronic City,12.8399,77.677,2026-07-31 10:00:00,27.0,64
Electronic City,12.8399,77.677,2026-07-31 11:00:00,28.1,55
Electronic City,12.8399,77.677,2026-07-31 12:00:00,28.6,55
Electronic City,12.8399,77.677,2026-07-31 13:00:00,29.0,53
Electronic City,12.8399,77.677,2026-07-31 14:00:00,25.3,75
Electronic City,12.8399,77.677,2026-07-31 15:00:00,27.4,65
Electronic City,12.8399,77.677,2026-07-31 16:00:00,25.5,73
Electronic City,12.8399,77.677,2026-07-31 17:00:00,27.0,59
Electronic City,12.8399,77.677,2026-07-31 18:00:00,25.1,69
Electronic City,12.8399,77.677,2026-07-31 19:00:00,23.8,75
Electronic City,12.8399,77.677,2026-07-31 20:00:00,23.1,78
Electronic City,12.8399,77.677,2026-07-31 21:00:00,22.2,85
Electronic City,12.8399,77.677,2026-07-31 22:00:00,21.6,93
Electronic City,12.8399,77.677,2026-07-31 23:00:00,22.5,88
Electronic City,12.8399,77.677,2026-08-01 00:00:00,21.9,90
Electronic City,12.8399,77.677,2026-08-01 01:00:00,21.4,93
Electronic City,12.8399,77.677,2026-08-01 02:00:00,21.3,93
Electronic City,12.8399,77.677,2026-08-01 03:00:00,20.8,96
Electronic City,12.8399,77.677,2026-08-01 04:00:00,20.9,95
Electronic City,12.8399,77.677,2026-08-01 05:00:00,21.1,97
Electronic City,12.8399,77.677,2026-08-01 06:00:00,21.3,96
Electronic City,12.8399,77.677,2026-08-01 07:00:00,22.2,91
Electronic City,12.8399,77.677,2026-08-01 08:00:00,23.6,82
Electronic City,12.8399,77.677,2026-08-01 09:00:00,24.7,75
Electronic City,12.8399,77.677,2026-08-01 10:00:00,25.8,70
Electronic City,12.8399,77.677,2026-08-01 11:00:00,26.6,62
Electronic City,12.8399,77.677,2026-08-01 12:00:00,26.3,65
Electronic City,12.8399,77.677,2026-08-01 13:00:00,25.8,72
Electronic City,12.8399,77.677,2026-08-01 14:00:00,27.7,61
Electronic City,12.8399,77.677,2026-08-01 15:00:00,25.4,70
Electronic City,12.8399,77.677,2026-08-01 16:00:00,23.1,89
Electronic City,12.8399,77.677,2026-08-01 17:00:00,25.3,71
Electronic City,12.8399,77.677,2026-08-01 18:00:00,20.3,100
Electronic City,12.8399,77.677,2026-08-01 19:00:00,21.5,95
Electronic City,12.8399,77.677,2026-08-01 20:00:00,21.6,92
Electronic City,12.8399,77.677,2026-08-01 21:00:00,21.5,90
Electronic City,12.8399,77.677,2026-08-01 22:00:00,21.5,89
Electronic City,12.8399,77.677,2026-08-01 23:00:00,22.2,84
Electronic City,12.8399,77.677,2026-08-02 00:00:00,22.0,85
Electronic City,12.8399,77.677,2026-08-02 01:00:00,21.7,87
Electronic City,12.8399,77.677,2026-08-02 02:00:00,21.5,88
Electronic City,12.8399,77.677,2026-08-02 03:00:00,21.2,90
Electronic City,12.8399,77.677,2026-08-02 04:00:00,21.2,91
Electronic City,12.8399,77.677,2026-08-02 05:00:00,21.4,91
Electronic City,12.8399,77.677,2026-08-02 06:00:00,21.3,92
Electronic City,12.8399,77.677,2026-08-02 07:00:00,21.8,90
Electronic City,12.8399,77.677,2026-08-02 08:00:00,22.8,84
Electronic City,12.8399,77.677,2026-08-02 09:00:00,23.8,79
Electronic City,12.8399,77.677,2026-08-02 10:00:00,24.9,72
Electronic City,12.8399,77.677,2026-08-02 11:00:00,27.1,61
Electronic City,12.8399,77.677,2026-08-02 12:00:00,28.9,57
Electronic City,12.8399,77.677,2026-08-02 13:00:00,29.1,54
Electronic City,12.8399,77.677,2026-08-02 14:00:00,29.6,50
Electronic City,12.8399,77.677,2026-08-02 15:00:00,28.7,52
Electronic City,12.8399,77.677,2026-08-02 16:00:00,28.1,54
Electronic City,12.8399,77.677,2026-08-02 17:00:00,27.0,60
Electronic City,12.8399,77.677,2026-08-02 18:00:00,25.5,68
Electronic City,12.8399,77.677,2026-08-02 19:00:00,24.4,77
Electronic City,12.8399,77.677,2026-08-02 20:00:00,23.8,79
Electronic City,12.8399,77.677,2026-08-02 21:00:00,22.6,84
Electronic City,12.8399,77.677,2026-08-02 22:00:00,21.9,91
Electronic City,12.8399,77.677,2026-08-02 23:00:00,21.3,94
Electronic City,12.8399,77.677,2026-08-03 00:00:00,21.5,95
Electronic City,12.8399,77.677,2026-08-03 01:00:00,21.1,93
Electronic City,12.8399,77.677,2026-08-03 02:00:00,20.9,97
Electronic City,12.8399,77.677,2026-08-03 03:00:00,20.7,98
Electronic City,12.8399,77.677,2026-08-03 04:00:00,20.8,98
Electronic City,12.8399,77.677,2026-08-03 05:00:00,20.9,98
Electronic City,12.8399,77.677,2026-08-03 06:00:00,20.8,98
Electronic City,12.8399,77.677,2026-08-03 07:00:00,21.9,92
Electronic City,12.8399,77.677,2026-08-03 08:00:00,23.2,83
Electronic City,12.8399,77.677,2026-08-03 09:00:00,25.0,74
Electronic City,12.8399,77.677,2026-08-03 10:00:00,26.5,64
Electronic City,12.8399,77.677,2026-08-03 11:00:00,26.7,63
Electronic City,12.8399,77.677,2026-08-03 12:00:00,24.4,80
Electronic City,12.8399,77.677,2026-08-03 13:00:00,25.8,72
Electronic City,12.8399,77.677,2026-08-03 14:00:00,26.3,67
Electronic City,12.8399,77.677,2026-08-03 15:00:00,23.3,86
Electronic City,12.8399,77.677,2026-08-03 16:00:00,23.5,86
Electronic City,12.8399,77.677,2026-08-03 17:00:00,25.4,71
Electronic City,12.8399,77.677,2026-08-03 18:00:00,24.7,71
Electronic City,12.8399,77.677,2026-08-03 19:00:00,24.3,72
Electronic City,12.8399,77.677,2026-08-03 20:00:00,23.5,75
Electronic City,12.8399,77.677,2026-08-03 21:00:00,22.2,85
Electronic City,12.8399,77.677,2026-08-03 22:00:00,21.8,90
Electronic City,12.8399,77.677,2026-08-03 23:00:00,21.6,92
Electronic City,12.8399,77.677,2026-08-04 00:00:00,21.1,95
Electronic City,12.8399,77.677,2026-08-04 01:00:00,20.7,98
Electronic City,12.8399,77.677,2026-08-04 02:00:00,20.5,98
Electronic City,12.8399,77.677,2026-08-04 03:00:00,20.3,98
Electronic City,12.8399,77.677,2026-08-04 04:00:00,20.2,97
Electronic City,12.8399,77.677,2026-08-04 05:00:00,20.4,97
Electronic City,12.8399,77.677,2026-08-04 06:00:00,20.4,96
Electronic City,12.8399,77.677,2026-08-04 07:00:00,21.5,89
Electronic City,12.8399,77.677,2026-08-04 08:00:00,23.3,78
Electronic City,12.8399,77.677,2026-08-04 09:00:00,24.6,72
Electronic City,12.8399,77.677,2026-08-04 10:00:00,25.0,70
Electronic City,12.8399,77.677,2026-08-04 11:00:00,26.2,64
Electronic City,12.8399,77.677,2026-08-04 12:00:00,24.7,72
Electronic City,12.8399,77.677,2026-08-04 13:00:00,27.7,61
Electronic City,12.8399,77.677,2026-08-04 14:00:00,28.4,59
Electronic City,12.8399,77.677,2026-08-04 15:00:00,26.5,65
Electronic City,12.8399,77.677,2026-08-04 16:00:00,24.1,81
Electronic City,12.8399,77.677,2026-08-04 17:00:00,22.7,94
Electronic City,12.8399,77.677,2026-08-04 18:00:00,21.7,93
Electronic City,12.8399,77.677,2026-08-04 19:00:00,21.0,96
Electronic City,12.8399,77.677,2026-08-04 20:00:00,21.0,96
Electronic City,12.8399,77.677,2026-08-04 21:00:00,20.6,98
Electronic City,12.8399,77.677,2026-08-04 22:00:00,20.4,99
Electronic City,12.8399,77.677,2026-08-04 23:00:00,20.4,98
Electronic City,12.8399,77.677,2026-08-05 00:00:00,20.2,98
Electronic City,12.8399,77.677,2026-08-05 01:00:00,20.1,98
Electronic City,12.8399,77.677,2026-08-05 02:00:00,20.1,98
Electronic City,12.8399,77.677,2026-08-05 03:00:00,20.2,98
Electronic City,12.8399,77.677,2026-08-05 04:00:00,20.2,98
Electronic City,12.8399,77.677,2026-08-05 05:00:00,20.2,98
Electronic City,12.8399,77.677,2026-08-05 06:00:00,20.4,97
Electronic City,12.8399,77.677,2026-08-05 07:00:00,21.2,92
Electronic City,12.8399,77.677,2026-08-05 08:00:00,22.8,83
Electronic City,12.8399,77.677,2026-08-05 09:00:00,24.0,77
Electronic City,12.8399,77.677,2026-08-05 10:00:00,26.0,69
Electronic City,12.8399,77.677,2026-08-05 11:00:00,27.3,62
Electronic City,12.8399,77.677,2026-08-05 12:00:00,27.1,64
Electronic City,12.8399,77.677,2026-08-05 13:00:00,27.3,60
Electronic City,12.8399,77.677,2026-08-05 14:00:00,24.9,79
Electronic City,12.8399,77.677,2026-08-05 15:00:00,26.3,67
Electronic City,12.8399,77.677,2026-08-05 16:00:00,25.4,69
Electronic City,12.8399,77.677,2026-08-05 17:00:00,25.6,70
Electronic City,12.8399,77.677,2026-08-05 18:00:00,24.7,71
Electronic City,12.8399,77.677,2026-08-05 19:00:00,23.2,79
Electronic City,12.8399,77.677,2026-08-05 20:00:00,21.5,93
Electronic City,12.8399,77.677,2026-08-05 21:00:00,21.4,96
Electronic City,12.8399,77.677,2026-08-05 22:00:00,20.9,97
Electronic City,12.8399,77.677,2026-08-05 23:00:00,20.9,95
Electronic City,12.8399,77.677,2026-08-06 00:00:00,20.5,96
Electronic City,12.8399,77.677,2026-08-06 01:00:00,20.4,97
Electronic City,12.8399,77.677,2026-08-06 02:00:00,20.3,98
Electronic City,12.8399,77.677,2026-08-06 03:00:00,20.2,98
Electronic City,12.8399,77.677,2026-08-06 04:00:00,20.1,97
Electronic City,12.8399,77.677,2026-08-06 05:00:00,20.3,98
Electronic City,12.8399,77.677,2026-08-06 06:00:00,20.3,97
Electronic City,12.8399,77.677,2026-08-06 07:00:00,21.4,92
Electronic City,12.8399,77.677,2026-08-06 08:00:00,22.7,84
Electronic City,12.8399,77.677,2026-08-06 09:00:00,24.3,75
Electronic City,12.8399,77.677,2026-08-06 10:00:00,25.8,68
Electronic City,12.8399,77.677,2026-08-06 11:00:00,26.9,59
Electronic City,12.8399,77.677,2026-08-06 12:00:00,27.5,57
Electronic City,12.8399,77.677,2026-08-06 13:00:00,27.7,56
Electronic City,12.8399,77.677,2026-08-06 14:00:00,24.9,71
Electronic City,12.8399,77.677,2026-08-06 15:00:00,24.4,83
Electronic City,12.8399,77.677,2026-08-06 16:00:00,22.1,88
Electronic City,12.8399,77.677,2026-08-06 17:00:00,22.7,95
Electronic City,12.8399,77.677,2026-08-06 18:00:00,22.2,95
Electronic City,12.8399,77.677,2026-08-06 19:00:00,21.9,93
Electronic City,12.8399,77.677,2026-08-06 20:00:00,21.6,90
Electronic City,12.8399,77.677,2026-08-06 21:00:00,21.3,88
Electronic City,12.8399,77.677,2026-08-06 22:00:00,21.3,88
Electronic City,12.8399,77.677,2026-08-06 23:00:00,21.4,88
Electronic City,12.8399,77.677,2026-08-07 00:00:00,20.9,90
Electronic City,12.8399,77.677,2026-08-07 01:00:00,20.8,91
Electronic City,12.8399,77.677,2026-08-07 02:00:00,20.7,91
Electronic City,12.8399,77.677,2026-08-07 03:00:00,20.7,91
Electronic City,12.8399,77.677,2026-08-07 04:00:00,20.6,91
Electronic City,12.8399,77.677,2026-08-07 05:00:00,20.3,97
Electronic City,12.8399,77.677,2026-08-07 06:00:00,20.3,97
Electronic City,12.8399,77.677,2026-08-07 07:00:00,21.1,94
Electronic City,12.8399,77.677,2026-08-07 08:00:00,22.0,89
Electronic City,12.8399,77.677,2026-08-07 09:00:00,23.6,79
Electronic City,12.8399,77.677,2026-08-07 10:00:00,25.1,73
Electronic City,12.8399,77.677,2026-08-07 11:00:00,26.0,66
Electronic City,12.8399,77.677,2026-08-07 12:00:00,25.9,67
Electronic City,12.8399,77.677,2026-08-07 13:00:00,26.6,64
Electronic City,12.8399,77.677,2026-08-07 14:00:00,23.1,86
Electronic City,12.8399,77.677,2026-08-07 15:00:00,22.1,95
Electronic City,12.8399,77.677,2026-08-07 16:00:00,21.7,92
Electronic City,12.8399,77.677,2026-08-07 17:00:00,21.3,96
Electronic City,12.8399,77.677,2026-08-07 18:00:00,20.9,97
Electronic City,12.8399,77.677,2026-08-07 19:00:00,20.5,98
Electronic City,12.8399,77.677,2026-08-07 20:00:00,20.4,98
Electronic City,12.8399,77.677,2026-08-07 21:00:00,20.6,97
Electronic City,12.8399,77.677,2026-08-07 22:00:00,20.6,97
Electronic City,12.8399,77.677,2026-08-07 23:00:00,21.0,97
Electronic City,12.8399,77.677,2026-08-08 00:00:00,20.8,96
Electronic City,12.8399,77.677,2026-08-08 01:00:00,20.6,95
Electronic City,12.8399,77.677,2026-08-08 02:00:00,20.4,94
Electronic City,12.8399,77.677,2026-08-08 03:00:00,20.4,93
Electronic City,12.8399,77.677,2026-08-08 04:00:00,20.4,92
Electronic City,12.8399,77.677,2026-08-08 05:00:00,20.9,91
Electronic City,12.8399,77.677,2026-08-08 06:00:00,20.9,91
Electronic City,12.8399,77.677,2026-08-08 07:00:00,21.9,88
Electronic City,12.8399,77.677,2026-08-08 08:00:00,22.1,87
Electronic City,12.8399,77.677,2026-08-08 09:00:00,22.6,86
Electronic City,12.8399,77.677,2026-08-08 10:00:00,24.4,79
Electronic City,12.8399,77.677,2026-08-08 11:00:00,27.1,64
Electronic City,12.8399,77.677,2026-08-08 12:00:00,23.5,80
Electronic City,12.8399,77.677,2026-08-08 13:00:00,24.7,73
Electronic City,12.8399,77.677,2026-08-08 14:00:00,26.5,69
Electronic City,12.8399,77.677,2026-08-08 15:00:00,26.4,64
Electronic City,12.8399,77.677,2026-08-08 16:00:00,24.2,74
Electronic City,12.8399,77.677,2026-08-08 17:00:00,24.8,72
Electronic City,12.8399,77.677,2026-08-08 18:00:00,24.2,75
Electronic City,12.8399,77.677,2026-08-08 19:00:00,23.0,80
Electronic City,12.8399,77.677,2026-08-08 20:00:00,21.2,89
Electronic City,12.8399,77.677,2026-08-08 21:00:00,21.1,97
Electronic City,12.8399,77.677,2026-08-08 22:00:00,21.2,95
Electronic City,12.8399,77.677,2026-08-08 23:00:00,21.0,93
Electronic City,12.8399,77.677,2026-08-09 00:00:00,20.6,93
Electronic City,12.8399,77.677,2026-08-09 01:00:00,20.4,95
Electronic City,12.8399,77.677,2026-08-09 02:00:00,20.4,95
Electronic City,12.8399,77.677,2026-08-09 03:00:00,20.3,93
Electronic City,12.8399,77.677,2026-08-09 04:00:00,20.1,94
Electronic City,12.8399,77.677,2026-08-09 05:00:00,20.4,94
Electronic City,12.8399,77.677,2026-08-09 06:00:00,20.5,94
Electronic City,12.8399,77.677,2026-08-09 07:00:00,21.6,89
Electronic City,12.8399,77.677,2026-08-09 08:00:00,23.2,80
Electronic City,12.8399,77.677,2026-08-09 09:00:00,24.4,75
Electronic City,12.8399,77.677,2026-08-09 10:00:00,25.5,71
Electronic City,12.8399,77.677,2026-08-09 11:00:00,26.3,65
Electronic City,12.8399,77.677,2026-08-09 12:00:00,27.3,60
Electronic City,12.8399,77.677,2026-08-09 13:00:00,27.9,60
Electronic City,12.8399,77.677,2026-08-09 14:00:00,28.7,58
Electronic City,12.8399,77.677,2026-08-09 15:00:00,28.8,56
Electronic City,12.8399,77.677,2026-08-09 16:00:00,28.0,57
Electronic City,12.8399,77.677,2026-08-09 17:00:00,26.6,63
Electronic City,12.8399,77.677,2026-08-09 18:00:00,25.5,67
Electronic City,12.8399,77.677,2026-08-09 19:00:00,25.1,67
Electronic City,12.8399,77.677,2026-08-09 20:00:00,24.0,73
Electronic City,12.8399,77.677,2026-08-09 21:00:00,23.2,79
Electronic City,12.8399,77.677,2026-08-09 22:00:00,22.9,80
Electronic City,12.8399,77.677,2026-08-09 23:00:00,21.7,85
Electronic City,12.8399,77.677,2026-08-10 00:00:00,21.1,88
Electronic City,12.8399,77.677,2026-08-10 01:00:00,20.6,90
Electronic City,12.8399,77.677,2026-08-10 02:00:00,20.3,93
Electronic City,12.8399,77.677,2026-08-10 03:00:00,20.1,95
Electronic City,12.8399,77.677,2026-08-10 04:00:00,20.1,95
Electronic City,12.8399,77.677,2026-08-10 05:00:00,20.1,95
Electronic City,12.8399,77.677,2026-08-10 06:00:00,20.4,94
Electronic City,12.8399,77.677,2026-08-10 07:00:00,21.5,89
Electronic City,12.8399,77.677,2026-08-10 08:00:00,23.1,79
Electronic City,12.8399,77.677,2026-08-10 09:00:00,24.7,71
Electronic City,12.8399,77.677,2026-08-10 10:00:00,25.9,66
Electronic City,12.8399,77.677,2026-08-10 11:00:00,26.9,62
Electronic City,12.8399,77.677,2026-08-10 12:00:00,28.0,57
Electronic City,12.8399,77.677,2026-08-10 13:00:00,28.8,53
Electronic City,12.8399,77.677,2026-08-10 14:00:00,29.1,52
Electronic City,12.8399,77.677,2026-08-10 15:00:00,27.9,58
Electronic City,12.8399,77.677,2026-08-10 16:00:00,24.9,80
Electronic City,12.8399,77.677,2026-08-10 17:00:00,24.7,81
Electronic City,12.8399,77.677,2026-08-10 18:00:00,23.0,93
Electronic City,12.8399,77.677,2026-08-10 19:00:00,22.2,95
Electronic City,12.8399,77.677,2026-08-10 20:00:00,22.2,97
Electronic City,12.8399,77.677,2026-08-10 21:00:00,21.9,98
Electronic City,12.8399,77.677,2026-08-10 22:00:00,21.5,99
Electronic City,12.8399,77.677,2026-08-10 23:00:00,21.3,97
Electronic City,12.8399,77.677,2026-08-11 00:00:00,21.0,98
Electronic City,12.8399,77.677,2026-08-11 01:00:00,20.7,98
Electronic City,12.8399,77.677,2026-08-11 02:00:00,20.4,98
Electronic City,12.8399,77.677,2026-08-11 03:00:00,20.1,99
Electronic City,12.8399,77.677,2026-08-11 04:00:00,20.0,99
Electronic City,12.8399,77.677,2026-08-11 05:00:00,20.2,97
Electronic City,12.8399,77.677,2026-08-11 06:00:00,20.2,97
Electronic City,12.8399,77.677,2026-08-11 07:00:00,21.4,90
Electronic City,12.8399,77.677,2026-08-11 08:00:00,22.8,82
Electronic City,12.8399,77.677,2026-08-11 09:00:00,24.6,73
Electronic City,12.8399,77.677,2026-08-11 10:00:00,25.6,68
Electronic City,12.8399,77.677,2026-08-11 11:00:00,26.5,63
Electronic City,12.8399,77.677,2026-08-11 12:00:00,27.5,59
Electronic City,12.8399,77.677,2026-08-11 13:00:00,28.2,59
Electronic City,12.8399,77.677,2026-08-11 14:00:00,28.7,58
Electronic City,12.8399,77.677,2026-08-11 15:00:00,28.5,58
Electronic City,12.8399,77.677,2026-08-11 16:00:00,28.2,58
Electronic City,12.8399,77.677,2026-08-11 17:00:00,26.4,60
Electronic City,12.8399,77.677,2026-08-11 18:00:00,25.4,65
Electronic City,12.8399,77.677,2026-08-11 19:00:00,24.4,71
Electronic City,12.8399,77.677,2026-08-11 20:00:00,24.1,72
Electronic City,12.8399,77.677,2026-08-11 21:00:00,23.6,74
Electronic City,12.8399,77.677,2026-08-11 22:00:00,22.6,80
Electronic City,12.8399,77.677,2026-08-11 23:00:00,22.5,81
Electronic City,12.8399,77.677,2026-08-12 00:00:00,21.8,85
Electronic City,12.8399,77.677,2026-08-12 01:00:00,21.4,88
Electronic City,12.8399,77.677,2026-08-12 02:00:00,21.0,90
Electronic City,12.8399,77.677,2026-08-12 03:00:00,20.7,89
Electronic City,12.8399,77.677,2026-08-12 04:00:00,20.4,90
Electronic City,12.8399,77.677,2026-08-12 05:00:00,20.5,91
Electronic City,12.8399,77.677,2026-08-12 06:00:00,20.3,92
Electronic City,12.8399,77.677,2026-08-12 07:00:00,21.8,85
Electronic City,12.8399,77.677,2026-08-12 08:00:00,23.3,76
Electronic City,12.8399,77.677,2026-08-12 09:00:00,24.7,68
Electronic City,12.8399,77.677,2026-08-12 10:00:00,25.6,65
Electronic City,12.8399,77.677,2026-08-12 11:00:00,27.4,58
Electronic City,12.8399,77.677,2026-08-12 12:00:00,28.0,56
Electronic City,12.8399,77.677,2026-08-12 13:00:00,28.7,56
Electronic City,12.8399,77.677,2026-08-12 14:00:00,29.4,53
Electronic City,12.8399,77.677,2026-08-12 15:00:00,29.6,52
Electronic City,12.8399,77.677,2026-08-12 16:00:00,27.2,61
Electronic City,12.8399,77.677,2026-08-12 17:00:00,27.5,61
Electronic City,12.8399,77.677,2026-08-12 18:00:00,25.4,70
Electronic City,12.8399,77.677,2026-08-12 19:00:00,24.9,71
Electronic City,12.8399,77.677,2026-08-12 20:00:00,24.3,71
Electronic City,12.8399,77.677,2026-08-12 21:00:00,23.5,71
Electronic City,12.8399,77.677,2026-08-12 22:00:00,22.7,78
Electronic City,12.8399,77.677,2026-08-12 23:00:00,22.5,82
Electronic City,12.8399,77.677,2026-08-13 00:00:00,22.0,85
Electronic City,12.8399,77.677,2026-08-13 01:00:00,21.8,87
Electronic City,12.8399,77.677,2026-08-13 02:00:00,21.6,88
Electronic City,12.8399,77.677,2026-08-13 03:00:00,21.4,89
Electronic City,12.8399,77.677,2026-08-13 04:00:00,21.0,90
Electronic City,12.8399,77.677,2026-08-13 05:00:00,21.2,90
Electronic City,12.8399,77.677,2026-08-13 06:00:00,21.1,91
Electronic City,12.8399,77.677,2026-08-13 07:00:00,22.1,86
Electronic City,12.8399,77.677,2026-08-13 08:00:00,23.7,77
Electronic City,12.8399,77.677,2026-08-13 09:00:00,24.9,71
Electronic City,12.8399,77.677,2026-08-13 10:00:00,26.1,66
Electronic City,12.8399,77.677,2026-08-13 11:00:00,27.8,58
Electronic City,12.8399,77.677,2026-08-13 12:00:00,28.7,56
Electronic City,12.8399,77.677,2026-08-13 13:00:00,29.2,55
Electronic City,12.8399,77.677,2026-08-13 14:00:00,29.7,53
Electronic City,12.8399,77.677,2026-08-13 15:00:00,26.6,72
Electronic City,12.8399,77.677,2026-08-13 16:00:00,26.9,63
Electronic City,12.8399,77.677,2026-08-13 17:00:00,27.2,57
Electronic City,12.8399,77.677,2026-08-13 18:00:00,26.0,63
Electronic City,12.8399,77.677,2026-08-13 19:00:00,22.8,81
Electronic City,12.8399,77.677,2026-08-13 20:00:00,22.2,90
Electronic City,12.8399,77.677,2026-08-13 21:00:00,22.1,89
Electronic City,12.8399,77.677,2026-08-13 22:00:00,21.9,87
Electronic City,12.8399,77.677,2026-08-13 23:00:00,21.8,86
Electronic City,12.8399,77.677,2026-08-14 00:00:00,21.1,88
Electronic City,12.8399,77.677,2026-08-14 01:00:00,20.8,91
Electronic City,12.8399,77.677,2026-08-14 02:00:00,20.6,92
Electronic City,12.8399,77.677,2026-08-14 03:00:00,20.4,93
Electronic City,12.8399,77.677,2026-08-14 04:00:00,20.3,94
Electronic City,12.8399,77.677,2026-08-14 05:00:00,20.4,93
Electronic City,12.8399,77.677,2026-08-14 06:00:00,20.3,95
Electronic City,12.8399,77.677,2026-08-14 07:00:00,21.5,88
Electronic City,12.8399,77.677,2026-08-14 08:00:00,23.6,77
Electronic City,12.8399,77.677,2026-08-14 09:00:00,24.8,70
Electronic City,12.8399,77.677,2026-08-14 10:00:00,26.1,65
Electronic City,12.8399,77.677,2026-08-14 11:00:00,27.2,60
Electronic City,12.8399,77.677,2026-08-14 12:00:00,28.1,58
Electronic City,12.8399,77.677,2026-08-14 13:00:00,29.1,55
Electronic City,12.8399,77.677,2026-08-14 14:00:00,29.4,54
Electronic City,12.8399,77.677,2026-08-14 15:00:00,28.8,55
Electronic City,12.8399,77.677,2026-08-14 16:00:00,25.8,70
Electronic City,12.8399,77.677,2026-08-14 17:00:00,27.6,56
Electronic City,12.8399,77.677,2026-08-14 18:00:00,25.0,70
Electronic City,12.8399,77.677,2026-08-14 19:00:00,23.7,81
Electronic City,12.8399,77.677,2026-08-14 20:00:00,22.2,90
Electronic City,12.8399,77.677,2026-08-14 21:00:00,21.7,93
Electronic City,12.8399,77.677,2026-08-14 22:00:00,21.3,93
Electronic City,12.8399,77.677,2026-08-14 23:00:00,21.3,94
Electronic City,12.8399,77.677,2026-08-15 00:00:00,21.0,93
Electronic City,12.8399,77.677,2026-08-15 01:00:00,20.8,92
Electronic City,12.8399,77.677,2026-08-15 02:00:00,20.6,93
Electronic City,12.8399,77.677,2026-08-15 03:00:00,20.4,93
Electronic City,12.8399,77.677,2026-08-15 04:00:00,20.2,92
Electronic City,12.8399,77.677,2026-08-15 05:00:00,20.4,92
Electronic City,12.8399,77.677,2026-08-15 06:00:00,20.5,92
Electronic City,12.8399,77.677,2026-08-15 07:00:00,21.6,86
Electronic City,12.8399,77.677,2026-08-15 08:00:00,22.9,78
Electronic City,12.8399,77.677,2026-08-15 09:00:00,24.3,70
Electronic City,12.8399,77.677,2026-08-15 10:00:00,25.5,64
Electronic City,12.8399,77.677,2026-08-15 11:00:00,26.1,62
Electronic City,12.8399,77.677,2026-08-15 12:00:00,27.7,55
Electronic City,12.8399,77.677,2026-08-15 13:00:00,29.0,51
Electronic City,12.8399,77.677,2026-08-15 14:00:00,29.4,50
Electronic City,12.8399,77.677,2026-08-15 15:00:00,29.2,50
Electronic City,12.8399,77.677,2026-08-15 16:00:00,28.6,51
Electronic City,12.8399,77.677,2026-08-15 17:00:00,27.7,51
Electronic City,12.8399,77.677,2026-08-15 18:00:00,26.3,57
Electronic City,12.8399,77.677,2026-08-15 19:00:00,25.1,62
Electronic City,12.8399,77.677,2026-08-15 20:00:00,24.2,68
Electronic City,12.8399,77.677,2026-08-15 21:00:00,23.2,76
Electronic City,12.8399,77.677,2026-08-15 22:00:00,22.6,79
Electronic City,12.8399,77.677,2026-08-15 23:00:00,22.2,82
Electronic City,12.8399,77.677,2026-08-16 00:00:00,21.6,85
Electronic City,12.8399,77.677,2026-08-16 01:00:00,21.1,86
Electronic City,12.8399,77.677,2026-08-16 02:00:00,20.7,89
Electronic City,12.8399,77.677,2026-08-16 03:00:00,20.4,91
Electronic City,12.8399,77.677,2026-08-16 04:00:00,20.1,93
Electronic City,12.8399,77.677,2026-08-16 05:00:00,20.5,91
Electronic City,12.8399,77.677,2026-08-16 06:00:00,20.4,92
Electronic City,12.8399,77.677,2026-08-16 07:00:00,21.8,84
Electronic City,12.8399,77.677,2026-08-16 08:00:00,23.7,74
Electronic City,12.8399,77.677,2026-08-16 09:00:00,25.2,65
Electronic City,12.8399,77.677,2026-08-16 10:00:00,26.9,58
Electronic City,12.8399,77.677,2026-08-16 11:00:00,27.3,58
Electronic City,12.8399,77.677,2026-08-16 12:00:00,28.5,55
Electronic City,12.8399,77.677,2026-08-16 13:00:00,29.5,50
Electronic City,12.8399,77.677,2026-08-16 14:00:00,30.1,47
Electronic City,12.8399,77.677,2026-08-16 15:00:00,28.8,52
Electronic City,12.8399,77.677,2026-08-16 16:00:00,27.9,57
Electronic City,12.8399,77.677,2026-08-16 17:00:00,27.5,54
Electronic City,12.8399,77.677,2026-08-16 18:00:00,26.3,60
Electronic City,12.8399,77.677,2026-08-16 19:00:00,25.5,62
Electronic City,12.8399,77.677,2026-08-16 20:00:00,24.8,66
Electronic City,12.8399,77.677,2026-08-16 21:00:00,24.0,70
Electronic City,12.8399,77.677,2026-08-16 22:00:00,23.2,74
Electronic City,12.8399,77.677,2026-08-16 23:00:00,22.8,79
Electronic City,12.8399,77.677,2026-08-17 00:00:00,22.1,83
Electronic City,12.8399,77.677,2026-08-17 01:00:00,21.5,86
Electronic City,12.8399,77.677,2026-08-17 02:00:00,20.9,89
Electronic City,12.8399,77.677,2026-08-17 03:00:00,20.4,92
Electronic City,12.8399,77.677,2026-08-17 04:00:00,19.9,95
Electronic City,12.8399,77.677,2026-08-17 05:00:00,20.8,91
Electronic City,12.8399,77.677,2026-08-17 06:00:00,20.6,92
Electronic City,12.8399,77.677,2026-08-17 07:00:00,21.7,87
Electronic City,12.8399,77.677,2026-08-17 08:00:00,23.4,76
Electronic City,12.8399,77.677,2026-08-17 09:00:00,24.9,68
Electronic City,12.8399,77.677,2026-08-17 10:00:00,26.7,59
Electronic City,12.8399,77.677,2026-08-17 11:00:00,27.1,59
Electronic City,12.8399,77.677,2026-08-17 12:00:00,27.9,57
Electronic City,12.8399,77.677,2026-08-17 13:00:00,28.3,55
Electronic City,12.8399,77.677,2026-08-17 14:00:00,29.0,51
Electronic City,12.8399,77.677,2026-08-17 15:00:00,29.1,50
Electronic City,12.8399,77.677,2026-08-17 16:00:00,28.4,53
Electronic City,12.8399,77.677,2026-08-17 17:00:00,27.5,55
Electronic City,12.8399,77.677,2026-08-17 18:00:00,25.7,64
Electronic City,12.8399,77.677,2026-08-17 19:00:00,24.3,72
Electronic City,12.8399,77.677,2026-08-17 20:00:00,23.8,75
Electronic City,12.8399,77.677,2026-08-17 21:00:00,23.2,76
Electronic City,12.8399,77.677,2026-08-17 22:00:00,22.6,78
Electronic City,12.8399,77.677,2026-08-17 23:00:00,21.7,82
Electronic City,12.8399,77.677,2026-08-18 00:00:00,20.9,86
Electronic City,12.8399,77.677,2026-08-18 01:00:00,20.4,89
Electronic City,12.8399,77.677,2026-08-18 02:00:00,20.0,92
Electronic City,12.8399,77.677,2026-08-18 03:00:00,19.7,93
Electronic City,12.8399,77.677,2026-08-18 04:00:00,19.6,95
Electronic City,12.8399,77.677,2026-08-18 05:00:00,19.7,94
Electronic City,12.8399,77.677,2026-08-18 06:00:00,19.9,93
Electronic City,12.8399,77.677,2026-08-18 07:00:00,21.1,86
Electronic City,12.8399,77.677,2026-08-18 08:00:00,23.1,75
Electronic City,12.8399,77.677,2026-08-18 09:00:00,24.7,68
Electronic City,12.8399,77.677,2026-08-18 10:00:00,26.3,61
Electronic City,12.8399,77.677,2026-08-18 11:00:00,26.8,61
Electronic City,12.8399,77.677,2026-08-18 12:00:00,28.9,55
Electronic City,12.8399,77.677,2026-08-18 13:00:00,29.4,52
Electronic City,12.8399,77.677,2026-08-18 14:00:00,29.7,51
Electronic City,12.8399,77.677,2026-08-18 15:00:00,28.6,56
Electronic City,12.8399,77.677,2026-08-18 16:00:00,26.0,69
Electronic City,12.8399,77.677,2026-08-18 17:00:00,26.5,62
Electronic City,12.8399,77.677,2026-08-18 18:00:00,22.3,85
Electronic City,12.8399,77.677,2026-08-18 19:00:00,21.3,98
Electronic City,12.8399,77.677,2026-08-18 20:00:00,21.6,95
Electronic City,12.8399,77.677,2026-08-18 21:00:00,21.6,94
Electronic City,12.8399,77.677,2026-08-18 22:00:00,21.4,95
Electronic City,12.8399,77.677,2026-08-18 23:00:00,21.0,95
Electronic City,12.8399,77.677,2026-08-19 00:00:00,20.6,95
Electronic City,12.8399,77.677,2026-08-19 01:00:00,20.2,96
Electronic City,12.8399,77.677,2026-08-19 02:00:00,20.0,97
Electronic City,12.8399,77.677,2026-08-19 03:00:00,19.8,97
Electronic City,12.8399,77.677,2026-08-19 04:00:00,19.9,96
Electronic City,12.8399,77.677,2026-08-19 05:00:00,20.1,94
Electronic City,12.8399,77.677,2026-08-19 06:00:00,20.3,93
Electronic City,12.8399,77.677,2026-08-19 07:00:00,21.3,87
Electronic City,12.8399,77.677,2026-08-19 08:00:00,22.9,79
Electronic City,12.8399,77.677,2026-08-19 09:00:00,24.5,71
Electronic City,12.8399,77.677,2026-08-19 10:00:00,25.6,67
Electronic City,12.8399,77.677,2026-08-19 11:00:00,27.3,60
Electronic City,12.8399,77.677,2026-08-19 12:00:00,28.1,58
Electronic City,12.8399,77.677,2026-08-19 13:00:00,29.3,53
Electronic City,12.8399,77.677,2026-08-19 14:00:00,29.4,51
Electronic City,12.8399,77.677,2026-08-19 15:00:00,27.5,56
Electronic City,12.8399,77.677,2026-08-19 16:00:00,26.7,62
Electronic City,12.8399,77.677,2026-08-19 17:00:00,23.5,83
Electronic City,12.8399,77.677,2026-08-19 18:00:00,22.9,86
Electronic City,12.8399,77.677,2026-08-19 19:00:00,22.4,90
Electronic City,12.8399,77.677,2026-08-19 20:00:00,22.2,92
Electronic City,12.8399,77.677,2026-08-19 21:00:00,21.7,94
Electronic City,12.8399,77.677,2026-08-19 22:00:00,21.6,92
Electronic City,12.8399,77.677,2026-08-19 23:00:00,21.3,91
Electronic City,12.8399,77.677,2026-08-20 00:00:00,20.9,92
Electronic City,12.8399,77.677,2026-08-20 01:00:00,20.5,94
Electronic City,12.8399,77.677,2026-08-20 02:00:00,20.4,95
Electronic City,12.8399,77.677,2026-08-20 03:00:00,20.1,96
Electronic City,12.8399,77.677,2026-08-20 04:00:00,20.3,94
Electronic City,12.8399,77.677,2026-08-20 05:00:00,20.4,93
Electronic City,12.8399,77.677,2026-08-20 06:00:00,20.7,91
Electronic City,12.8399,77.677,2026-08-20 07:00:00,21.4,88
Electronic City,12.8399,77.677,2026-08-20 08:00:00,23.4,78
Electronic City,12.8399,77.677,2026-08-20 09:00:00,24.8,70
Electronic City,12.8399,77.677,2026-08-20 10:00:00,26.2,62
Electronic City,12.8399,77.677,2026-08-20 11:00:00,26.3,60
Electronic City,12.8399,77.677,2026-08-20 12:00:00,28.1,55
Electronic City,12.8399,77.677,2026-08-20 13:00:00,29.0,51
Electronic City,12.8399,77.677,2026-08-20 14:00:00,29.2,50
Electronic City,12.8399,77.677,2026-08-20 15:00:00,29.5,48
Electronic City,12.8399,77.677,2026-08-20 16:00:00,28.1,52
Electronic City,12.8399,77.677,2026-08-20 17:00:00,25.9,58
Electronic City,12.8399,77.677,2026-08-20 18:00:00,24.7,64
Electronic City,12.8399,77.677,2026-08-20 19:00:00,24.0,70
Electronic City,12.8399,77.677,2026-08-20 20:00:00,23.6,76
Electronic City,12.8399,77.677,2026-08-20 21:00:00,22.8,79
Electronic City,12.8399,77.677,2026-08-20 22:00:00,21.9,83
Electronic City,12.8399,77.677,2026-08-20 23:00:00,21.3,86
Electronic City,12.8399,77.677,2026-08-21 00:00:00,20.7,89
Electronic City,12.8399,77.677,2026-08-21 01:00:00,20.2,93
Electronic City,12.8399,77.677,2026-08-21 02:00:00,19.9,94
Electronic City,12.8399,77.677,2026-08-21 03:00:00,19.8,95
Electronic City,12.8399,77.677,2026-08-21 04:00:00,19.9,93
Electronic City,12.8399,77.677,2026-08-21 05:00:00,20.2,91
Electronic City,12.8399,77.677,2026-08-21 06:00:00,20.9,87
Electronic City,12.8399,77.677,2026-08-21 07:00:00,21.8,82
Electronic City,12.8399,77.677,2026-08-21 08:00:00,22.9,76
Electronic City,12.8399,77.677,2026-08-21 09:00:00,24.4,67
Electronic City,12.8399,77.677,2026-08-21 10:00:00,26.0,59
Electronic City,12.8399,77.677,2026-08-21 11:00:00,27.3,53
Electronic City,12.8399,77.677,2026-08-21 12:00:00,28.1,50
Electronic City,12.8399,77.677,2026-08-21 13:00:00,28.6,49
Electronic City,12.8399,77.677,2026-08-21 14:00:00,28.7,49
Electronic City,12.8399,77.677,2026-08-21 15:00:00,28.4,50
Electronic City,12.8399,77.677,2026-08-21 16:00:00,27.8,53
Electronic City,12.8399,77.677,2026-08-21 17:00:00,26.9,56
Electronic City,12.8399,77.677,2026-08-21 18:00:00,25.8,61
Electronic City,12.8399,77.677,2026-08-21 19:00:00,24.4,66
Electronic City,12.8399,77.677,2026-08-21 20:00:00,23.1,72
Electronic City,12.8399,77.677,2026-08-21 21:00:00,22.2,77
Electronic City,12.8399,77.677,2026-08-21 22:00:00,21.3,82
Electronic City,12.8399,77.677,2026-08-21 23:00:00,20.7,86
Electronic City,12.8399,77.677,2026-08-22 00:00:00,20.4,88
Electronic City,12.8399,77.677,2026-08-22 01:00:00,20.2,90
Electronic City,12.8399,77.677,2026-08-22 02:00:00,20.0,91
Electronic City,12.8399,77.677,2026-08-22 03:00:00,19.8,93
Electronic City,12.8399,77.677,2026-08-22 04:00:00,19.6,94
Electronic City,12.8399,77.677,2026-08-22 05:00:00,19.7,93
Electronic City,12.8399,77.677,2026-08-22 06:00:00,20.5,88
Electronic City,12.8399,77.677,2026-08-22 07:00:00,21.7,81
Electronic City,12.8399,77.677,2026-08-22 08:00:00,22.9,75
Electronic City,12.8399,77.677,2026-08-22 09:00:00,24.3,68
Electronic City,12.8399,77.677,2026-08-22 10:00:00,25.8,61
Electronic City,12.8399,77.677,2026-08-22 11:00:00,27.1,56
Electronic City,12.8399,77.677,2026-08-22 12:00:00,28.0,53
Electronic City,12.8399,77.677,2026-08-22 13:00:00,28.6,51
Electronic City,12.8399,77.677,2026-08-22 14:00:00,28.9,50
Electronic City,12.8399,77.677,2026-08-22 15:00:00,28.8,50
Electronic City,12.8399,77.677,2026-08-22 16:00:00,28.3,51
Electronic City,12.8399,77.677,2026-08-22 17:00:00,27.5,53
Electronic City,12.8399,77.677,2026-08-22 18:00:00,26.3,59
Electronic City,12.8399,77.677,2026-08-22 19:00:00,24.9,67
Electronic City,12.8399,77.677,2026-08-22 20:00:00,23.7,74
Electronic City,12.8399,77.677,2026-08-22 21:00:00,22.7,78
Electronic City,12.8399,77.677,2026-08-22 22:00:00,21.9,82
Electronic City,12.8399,77.677,2026-08-22 23:00:00,21.2,84
Electronic City,12.8399,77.677,2026-08-23 00:00:00,20.7,87
Electronic City,12.8399,77.677,2026-08-23 01:00:00,20.4,89
Electronic City,12.8399,77.677,2026-08-23 02:00:00,20.1,91
Electronic City,12.8399,77.677,2026-08-23 03:00:00,20.0,93
Electronic City,12.8399,77.677,2026-08-23 04:00:00,20.0,93
Electronic City,12.8399,77.677,2026-08-23 05:00:00,20.2,92
Electronic City,12.8399,77.677,2026-08-23 06:00:00,20.9,88
Electronic City,12.8399,77.677,2026-08-23 07:00:00,21.8,82
Electronic City,12.8399,77.677,2026-08-23 08:00:00,22.9,76
Electronic City,12.8399,77.677,2026-08-23 09:00:00,24.3,69
Electronic City,12.8399,77.677,2026-08-23 10:00:00,25.9,63
Electronic City,12.8399,77.677,2026-08-23 11:00:00,27.1,59
Electronic City,12.8399,77.677,2026-08-23 12:00:00,26.8,61
Electronic City,12.8399,77.677,2026-08-23 13:00:00,26.1,65
Electronic City,12.8399,77.677,2026-08-23 14:00:00,25.1,71
Electronic City,12.8399,77.677,2026-08-23 15:00:00,24.0,79
Electronic City,12.8399,77.677,2026-08-23 16:00:00,23.0,86
Electronic City,12.8399,77.677,2026-08-23 17:00:00,22.3,91
Electronic City,12.8399,77.677,2026-08-23 18:00:00,21.8,94
Electronic City,12.8399,77.677,2026-08-23 19:00:00,21.4,96
Electronic City,12.8399,77.677,2026-08-23 20:00:00,21.1,97
Electronic City,12.8399,77.677,2026-08-23 21:00:00,20.8,97
Electronic City,12.8399,77.677,2026-08-23 22:00:00,20.6,96
Electronic City,12.8399,77.677,2026-08-23 23:00:00,20.4,97
