location,latitude,longitude,time,pm10,pm2_5,carbon_monoxide
MG Road,12.9757,77.6011,2026-07-18 00:00:00,7.7,6.1,251.0
MG Road,12.9757,77.6011,2026-07-18 01:00:00,6.5,5.1,201.0
MG Road,12.9757,77.6011,2026-07-18 02:00:00,6.4,4.6,165.0
MG Road,12.9757,77.6011,2026-07-18 03:00:00,7.8,5.1,148.0
MG Road,12.9757,77.6011,2026-07-18 04:00:00,8.6,5.5,145.0
MG Road,12.9757,77.6011,2026-07-18 05:00:00,10.9,6.5,162.0
MG Road,12.9757,77.6011,2026-07-18 06:00:00,10.9,6.8,219.0
MG Road,12.9757,77.6011,2026-07-18 07:00:00,12.4,7.8,296.0
MG Road,12.9757,77.6011,2026-07-18 08:00:00,12.4,8.0,340.0
MG Road,12.9757,77.6011,2026-07-18 09:00:00,14.1,8.3,316.0
MG Road,12.9757,77.6011,2026-07-18 10:00:00,15.2,8.2,259.0
MG Road,12.9757,77.6011,2026-07-18 11:00:00,16.2,8.2,216.0
MG Road,12.9757,77.6011,2026-07-18 12:00:00,17.9,8.5,200.0
MG Road,12.9757,77.6011,2026-07-18 13:00:00,20.5,9.0,198.0
MG Road,12.9757,77.6011,2026-07-18 14:00:00,25.6,10.5,218.0
MG Road,12.9757,77.6011,2026-07-18 15:00:00,28.5,12.8,276.0
MG Road,12.9757,77.6011,2026-07-18 16:00:00,24.6,13.9,356.0
MG Road,12.9757,77.6011,2026-07-18 17:00:00,22.6,13.5,416.0
MG Road,12.9757,77.6011,2026-07-18 18:00:00,22.6,15.1,441.0
MG Road,12.9757,77.6011,2026-07-18 19:00:00,23.2,16.2,446.0
MG Road,12.9757,77.6011,2026-07-18 20:00:00,23.5,15.5,441.0
MG Road,12.9757,77.6011,2026-07-18 21:00:00,24.7,15.1,428.0
MG Road,12.9757,77.6011,2026-07-18 22:00:00,20.7,13.6,405.0
MG Road,12.9757,77.6011,2026-07-18 23:00:00,17.8,12.2,368.0
MG Road,12.9757,77.6011,2026-07-19 00:00:00,13.2,9.4,305.0
MG Road,12.9757,77.6011,2026-07-19 01:00:00,11.3,8.1,228.0
MG Road,12.9757,77.6011,2026-07-19 02:00:00,9.8,7.0,174.0
MG Road,12.9757,77.6011,2026-07-19 03:00:00,8.9,6.2,159.0
MG Road,12.9757,77.6011,2026-07-19 04:00:00,8.4,5.8,166.0
MG Road,12.9757,77.6011,2026-07-19 05:00:00,7.5,5.3,188.0
MG Road,12.9757,77.6011,2026-07-19 06:00:00,7.9,5.5,235.0
MG Road,12.9757,77.6011,2026-07-19 07:00:00,9.3,6.2,296.0
MG Road,12.9757,77.6011,2026-07-19 08:00:00,11.1,6.7,327.0
MG Road,12.9757,77.6011,2026-07-19 09:00:00,12.1,7.0,298.0
MG Road,12.9757,77.6011,2026-07-19 10:00:00,13.8,7.4,238.0
MG Road,12.9757,77.6011,2026-07-19 11:00:00,16.2,8.0,193.0
MG Road,12.9757,77.6011,2026-07-19 12:00:00,18.0,8.5,173.0
MG Road,12.9757,77.6011,2026-07-19 13:00:00,20.5,9.2,168.0
MG Road,12.9757,77.6011,2026-07-19 14:00:00,22.1,9.9,195.0
MG Road,12.9757,77.6011,2026-07-19 15:00:00,23.1,10.1,281.0
MG Road,12.9757,77.6011,2026-07-19 16:00:00,24.9,11.2,400.0
MG Road,12.9757,77.6011,2026-07-19 17:00:00,27.4,13.9,486.0
MG Road,12.9757,77.6011,2026-07-19 18:00:00,24.0,13.0,517.0
MG Road,12.9757,77.6011,2026-07-19 19:00:00,22.9,13.7,515.0
MG Road,12.9757,77.6011,2026-07-19 20:00:00,23.4,14.6,488.0
MG Road,12.9757,77.6011,2026-07-19 21:00:00,21.9,13.9,424.0
MG Road,12.9757,77.6011,2026-07-19 22:00:00,20.8,13.2,335.0
MG Road,12.9757,77.6011,2026-07-19 23:00:00,15.3,10.4,259.0
MG Road,12.9757,77.6011,2026-07-20 00:00:00,10.5,7.6,210.0
MG Road,12.9757,77.6011,2026-07-20 01:00:00,7.4,5.6,174.0
MG Road,12.9757,77.6011,2026-07-20 02:00:00,6.0,4.5,151.0
MG Road,12.9757,77.6011,2026-07-20 03:00:00,5.4,4.0,137.0
MG Road,12.9757,77.6011,2026-07-20 04:00:00,5.0,3.7,136.0
MG Road,12.9757,77.6011,2026-07-20 05:00:00,5.6,3.7,160.0
MG Road,12.9757,77.6011,2026-07-20 06:00:00,4.8,3.5,235.0
MG Road,12.9757,77.6011,2026-07-20 07:00:00,5.4,4.3,335.0
MG Road,12.9757,77.6011,2026-07-20 08:00:00,6.0,4.3,390.0
MG Road,12.9757,77.6011,2026-07-20 09:00:00,9.0,5.2,355.0
MG Road,12.9757,77.6011,2026-07-20 10:00:00,10.2,5.7,275.0
MG Road,12.9757,77.6011,2026-07-20 11:00:00,9.9,5.6,216.0
MG Road,12.9757,77.6011,2026-07-20 12:00:00,9.1,5.1,194.0
MG Road,12.9757,77.6011,2026-07-20 13:00:00,9.9,5.2,192.0
MG Road,12.9757,77.6011,2026-07-20 14:00:00,12.3,6.0,225.0
MG Road,12.9757,77.6011,2026-07-20 15:00:00,15.0,7.8,320.0
MG Road,12.9757,77.6011,2026-07-20 16:00:00,14.8,8.4,448.0
MG Road,12.9757,77.6011,2026-07-20 17:00:00,18.3,10.0,541.0
MG Road,12.9757,77.6011,2026-07-20 18:00:00,16.1,10.3,572.0
MG Road,12.9757,77.6011,2026-07-20 19:00:00,15.5,11.0,567.0
MG Road,12.9757,77.6011,2026-07-20 20:00:00,13.7,10.2,535.0
MG Road,12.9757,77.6011,2026-07-20 21:00:00,11.1,8.6,467.0
MG Road,12.9757,77.6011,2026-07-20 22:00:00,8.9,6.9,373.0
MG Road,12.9757,77.6011,2026-07-20 23:00:00,7.2,5.7,291.0
MG Road,12.9757,77.6011,2026-07-21 00:00:00,5.6,4.5,233.0
MG Road,12.9757,77.6011,2026-07-21 01:00:00,4.7,3.8,186.0
MG Road,12.9757,77.6011,2026-07-21 02:00:00,4.6,3.6,158.0
MG Road,12.9757,77.6011,2026-07-21 03:00:00,5.0,3.7,148.0
MG Road,12.9757,77.6011,2026-07-21 04:00:00,5.6,4.0,155.0
MG Road,12.9757,77.6011,2026-07-21 05:00:00,5.7,4.2,184.0
MG Road,12.9757,77.6011,2026-07-21 06:00:00,6.4,4.7,256.0
MG Road,12.9757,77.6011,2026-07-21 07:00:00,7.5,5.7,350.0
MG Road,12.9757,77.6011,2026-07-21 08:00:00,10.3,6.7,402.0
MG Road,12.9757,77.6011,2026-07-21 09:00:00,15.0,7.9,370.0
MG Road,12.9757,77.6011,2026-07-21 10:00:00,16.8,8.8,296.0
MG Road,12.9757,77.6011,2026-07-21 11:00:00,17.2,9.0,244.0
MG Road,12.9757,77.6011,2026-07-21 12:00:00,17.5,9.0,239.0
MG Road,12.9757,77.6011,2026-07-21 13:00:00,17.0,8.8,255.0
MG Road,12.9757,77.6011,2026-07-21 14:00:00,16.8,8.7,280.0
MG Road,12.9757,77.6011,2026-07-21 15:00:00,17.2,8.8,316.0
MG Road,12.9757,77.6011,2026-07-21 16:00:00,17.4,8.9,361.0
MG Road,12.9757,77.6011,2026-07-21 17:00:00,17.8,9.6,394.0
MG Road,12.9757,77.6011,2026-07-21 18:00:00,16.8,10.7,405.0
MG Road,12.9757,77.6011,2026-07-21 19:00:00,16.5,11.7,403.0
MG Road,12.9757,77.6011,2026-07-21 20:00:00,15.3,11.4,395.0
MG Road,12.9757,77.6011,2026-07-21 21:00:00,13.9,10.5,384.0
MG Road,12.9757,77.6011,2026-07-21 22:00:00,13.2,10.0,367.0
MG Road,12.9757,77.6011,2026-07-21 23:00:00,11.6,8.9,337.0
MG Road,12.9757,77.6011,2026-07-22 00:00:00,10.1,7.7,279.0
MG Road,12.9757,77.6011,2026-07-22 01:00:00,9.4,7.0,208.0
MG Road,12.9757,77.6011,2026-07-22 02:00:00,8.8,6.5,160.0
MG Road,12.9757,77.6011,2026-07-22 03:00:00,8.3,6.2,150.0
MG Road,12.9757,77.6011,2026-07-22 04:00:00,7.5,5.6,163.0
MG Road,12.9757,77.6011,2026-07-22 05:00:00,6.4,4.7,196.0
MG Road,12.9757,77.6011,2026-07-22 06:00:00,6.1,4.6,269.0
MG Road,12.9757,77.6011,2026-07-22 07:00:00,6.4,5.2,361.0
MG Road,12.9757,77.6011,2026-07-22 08:00:00,5.8,4.9,411.0
MG Road,12.9757,77.6011,2026-07-22 09:00:00,5.4,4.5,375.0
MG Road,12.9757,77.6011,2026-07-22 10:00:00,5.4,4.1,296.0
MG Road,12.9757,77.6011,2026-07-22 11:00:00,5.6,4.0,238.0
MG Road,12.9757,77.6011,2026-07-22 12:00:00,5.9,4.0,216.0
MG Road,12.9757,77.6011,2026-07-22 13:00:00,6.1,4.1,215.0
MG Road,12.9757,77.6011,2026-07-22 14:00:00,6.8,4.2,250.0
MG Road,12.9757,77.6011,2026-07-22 15:00:00,8.1,5.2,355.0
MG Road,12.9757,77.6011,2026-07-22 16:00:00,7.5,5.1,497.0
MG Road,12.9757,77.6011,2026-07-22 17:00:00,8.7,5.9,584.0
MG Road,12.9757,77.6011,2026-07-22 18:00:00,10.0,7.2,568.0
MG Road,12.9757,77.6011,2026-07-22 19:00:00,11.8,9.0,498.0
MG Road,12.9757,77.6011,2026-07-22 20:00:00,11.7,8.9,433.0
MG Road,12.9757,77.6011,2026-07-22 21:00:00,11.4,8.5,396.0
MG Road,12.9757,77.6011,2026-07-22 22:00:00,11.3,8.2,365.0
MG Road,12.9757,77.6011,2026-07-22 23:00:00,11.3,7.8,329.0
MG Road,12.9757,77.6011,2026-07-23 00:00:00,11.1,7.2,277.0
MG Road,12.9757,77.6011,2026-07-23 01:00:00,11.1,6.7,220.0
MG Road,12.9757,77.6011,2026-07-23 02:00:00,11.3,6.6,182.0
MG Road,12.9757,77.6011,2026-07-23 03:00:00,12.0,6.7,170.0
MG Road,12.9757,77.6011,2026-07-23 04:00:00,12.6,6.8,176.0
MG Road,12.9757,77.6011,2026-07-23 05:00:00,10.3,5.6,200.0
MG Road,12.9757,77.6011,2026-07-23 06:00:00,9.2,5.4,260.0
MG Road,12.9757,77.6011,2026-07-23 07:00:00,8.7,5.5,338.0
MG Road,12.9757,77.6011,2026-07-23 08:00:00,7.5,4.9,378.0
MG Road,12.9757,77.6011,2026-07-23 09:00:00,6.8,4.6,342.0
MG Road,12.9757,77.6011,2026-07-23 10:00:00,7.0,4.5,267.0
MG Road,12.9757,77.6011,2026-07-23 11:00:00,7.8,4.6,213.0
MG Road,12.9757,77.6011,2026-07-23 12:00:00,8.7,4.8,198.0
MG Road,12.9757,77.6011,2026-07-23 13:00:00,10.8,5.4,203.0
MG Road,12.9757,77.6011,2026-07-23 14:00:00,13.3,6.4,227.0
MG Road,12.9757,77.6011,2026-07-23 15:00:00,14.4,6.9,285.0
MG Road,12.9757,77.6011,2026-07-23 16:00:00,14.3,7.2,363.0
MG Road,12.9757,77.6011,2026-07-23 17:00:00,19.2,10.0,412.0
MG Road,12.9757,77.6011,2026-07-23 18:00:00,17.2,10.7,409.0
MG Road,12.9757,77.6011,2026-07-23 19:00:00,17.4,11.9,378.0
MG Road,12.9757,77.6011,2026-07-23 20:00:00,17.9,12.4,345.0
MG Road,12.9757,77.6011,2026-07-23 21:00:00,17.4,12.2,319.0
MG Road,12.9757,77.6011,2026-07-23 22:00:00,15.7,11.3,291.0
MG Road,12.9757,77.6011,2026-07-23 23:00:00,13.2,9.7,260.0
MG Road,12.9757,77.6011,2026-07-24 00:00:00,9.3,6.9,221.0
MG Road,12.9757,77.6011,2026-07-24 01:00:00,8.4,5.8,179.0
MG Road,12.9757,77.6011,2026-07-24 02:00:00,9.3,5.7,153.0
MG Road,12.9757,77.6011,2026-07-24 03:00:00,10.6,5.9,148.0
MG Road,12.9757,77.6011,2026-07-24 04:00:00,11.4,6.1,158.0
MG Road,12.9757,77.6011,2026-07-24 05:00:00,6.0,3.5,186.0
MG Road,12.9757,77.6011,2026-07-24 06:00:00,5.8,3.8,251.0
MG Road,12.9757,77.6011,2026-07-24 07:00:00,6.3,4.6,333.0
MG Road,12.9757,77.6011,2026-07-24 08:00:00,5.6,4.2,376.0
MG Road,12.9757,77.6011,2026-07-24 09:00:00,10.4,5.4,342.0
MG Road,12.9757,77.6011,2026-07-24 10:00:00,19.0,8.4,269.0
MG Road,12.9757,77.6011,2026-07-24 11:00:00,28.9,12.1,215.0
MG Road,12.9757,77.6011,2026-07-24 12:00:00,33.2,14.1,197.0
MG Road,12.9757,77.6011,2026-07-24 13:00:00,36.3,15.4,199.0
MG Road,12.9757,77.6011,2026-07-24 14:00:00,43.0,17.4,224.0
MG Road,12.9757,77.6011,2026-07-24 15:00:00,51.7,20.7,294.0
MG Road,12.9757,77.6011,2026-07-24 16:00:00,58.7,23.2,388.0
MG Road,12.9757,77.6011,2026-07-24 17:00:00,38.4,19.3,447.0
MG Road,12.9757,77.6011,2026-07-24 18:00:00,37.3,19.8,439.0
MG Road,12.9757,77.6011,2026-07-24 19:00:00,30.7,18.0,397.0
MG Road,12.9757,77.6011,2026-07-24 20:00:00,25.5,16.0,361.0
MG Road,12.9757,77.6011,2026-07-24 21:00:00,20.3,13.4,351.0
MG Road,12.9757,77.6011,2026-07-24 22:00:00,16.8,11.8,347.0
MG Road,12.9757,77.6011,2026-07-24 23:00:00,12.8,9.5,327.0
MG Road,12.9757,77.6011,2026-07-25 00:00:00,9.2,7.0,272.0
MG Road,12.9757,77.6011,2026-07-25 01:00:00,7.4,5.7,202.0
MG Road,12.9757,77.6011,2026-07-25 02:00:00,6.9,5.0,155.0
MG Road,12.9757,77.6011,2026-07-25 03:00:00,7.5,5.0,147.0
MG Road,12.9757,77.6011,2026-07-25 04:00:00,8.5,5.4,162.0
MG Road,12.9757,77.6011,2026-07-25 05:00:00,9.8,6.1,193.0
MG Road,12.9757,77.6011,2026-07-25 06:00:00,10.6,6.4,255.0
MG Road,12.9757,77.6011,2026-07-25 07:00:00,11.9,7.2,333.0
MG Road,12.9757,77.6011,2026-07-25 08:00:00,12.9,7.7,374.0
MG Road,12.9757,77.6011,2026-07-25 09:00:00,14.3,8.2,341.0
MG Road,12.9757,77.6011,2026-07-25 10:00:00,15.0,8.3,271.0
MG Road,12.9757,77.6011,2026-07-25 11:00:00,15.3,8.0,218.0
MG Road,12.9757,77.6011,2026-07-25 12:00:00,14.3,7.5,196.0
MG Road,12.9757,77.6011,2026-07-25 13:00:00,12.9,6.9,192.0
MG Road,12.9757,77.6011,2026-07-25 14:00:00,13.0,6.9,217.0
MG Road,12.9757,77.6011,2026-07-25 15:00:00,11.0,6.0,297.0
MG Road,12.9757,77.6011,2026-07-25 16:00:00,10.2,6.2,408.0
MG Road,12.9757,77.6011,2026-07-25 17:00:00,15.8,9.1,484.0
MG Road,12.9757,77.6011,2026-07-25 18:00:00,16.3,11.3,498.0
MG Road,12.9757,77.6011,2026-07-25 19:00:00,16.9,12.5,479.0
MG Road,12.9757,77.6011,2026-07-25 20:00:00,16.6,12.4,445.0
MG Road,12.9757,77.6011,2026-07-25 21:00:00,16.8,12.0,399.0
MG Road,12.9757,77.6011,2026-07-25 22:00:00,15.1,10.7,339.0
MG Road,12.9757,77.6011,2026-07-25 23:00:00,13.0,9.1,281.0
MG Road,12.9757,77.6011,2026-07-26 00:00:00,10.5,7.3,227.0
MG Road,12.9757,77.6011,2026-07-26 01:00:00,7.9,5.7,175.0
MG Road,12.9757,77.6011,2026-07-26 02:00:00,6.4,4.6,138.0
MG Road,12.9757,77.6011,2026-07-26 03:00:00,5.6,4.0,120.0
MG Road,12.9757,77.6011,2026-07-26 04:00:00,6.4,4.1,117.0
MG Road,12.9757,77.6011,2026-07-26 05:00:00,5.5,3.7,129.0
MG Road,12.9757,77.6011,2026-07-26 06:00:00,5.2,3.5,171.0
MG Road,12.9757,77.6011,2026-07-26 07:00:00,5.6,3.9,230.0
MG Road,12.9757,77.6011,2026-07-26 08:00:00,5.3,3.7,262.0
MG Road,12.9757,77.6011,2026-07-26 09:00:00,6.3,4.2,241.0
MG Road,12.9757,77.6011,2026-07-26 10:00:00,8.7,5.3,194.0
MG Road,12.9757,77.6011,2026-07-26 11:00:00,10.5,6.1,164.0
MG Road,12.9757,77.6011,2026-07-26 12:00:00,13.9,7.2,166.0
MG Road,12.9757,77.6011,2026-07-26 13:00:00,13.9,7.2,185.0
MG Road,12.9757,77.6011,2026-07-26 14:00:00,15.5,7.7,221.0
MG Road,12.9757,77.6011,2026-07-26 15:00:00,17.6,8.9,296.0
MG Road,12.9757,77.6011,2026-07-26 16:00:00,16.5,9.3,387.0
MG Road,12.9757,77.6011,2026-07-26 17:00:00,19.3,10.0,435.0
MG Road,12.9757,77.6011,2026-07-26 18:00:00,19.4,11.5,398.0
MG Road,12.9757,77.6011,2026-07-26 19:00:00,20.2,12.7,316.0
MG Road,12.9757,77.6011,2026-07-26 20:00:00,20.1,12.7,249.0
MG Road,12.9757,77.6011,2026-07-26 21:00:00,15.4,10.5,220.0
MG Road,12.9757,77.6011,2026-07-26 22:00:00,11.3,8.1,206.0
MG Road,12.9757,77.6011,2026-07-26 23:00:00,7.6,5.8,190.0
MG Road,12.9757,77.6011,2026-07-27 00:00:00,5.3,4.1,165.0
MG Road,12.9757,77.6011,2026-07-27 01:00:00,4.2,3.2,138.0
MG Road,12.9757,77.6011,2026-07-27 02:00:00,4.2,2.8,119.0
MG Road,12.9757,77.6011,2026-07-27 03:00:00,4.0,2.6,108.0
MG Road,12.9757,77.6011,2026-07-27 04:00:00,3.6,2.3,105.0
MG Road,12.9757,77.6011,2026-07-27 05:00:00,3.0,2.0,121.0
MG Road,12.9757,77.6011,2026-07-27 06:00:00,2.9,2.1,176.0
MG Road,12.9757,77.6011,2026-07-27 07:00:00,3.2,2.7,250.0
MG Road,12.9757,77.6011,2026-07-27 08:00:00,3.8,3.0,295.0
MG Road,12.9757,77.6011,2026-07-27 09:00:00,5.7,3.8,280.0
MG Road,12.9757,77.6011,2026-07-27 10:00:00,10.4,5.3,235.0
MG Road,12.9757,77.6011,2026-07-27 11:00:00,11.4,6.1,203.0
MG Road,12.9757,77.6011,2026-07-27 12:00:00,12.2,6.4,197.0
MG Road,12.9757,77.6011,2026-07-27 13:00:00,14.1,6.8,204.0
MG Road,12.9757,77.6011,2026-07-27 14:00:00,17.8,8.1,226.0
MG Road,12.9757,77.6011,2026-07-27 15:00:00,21.1,9.4,274.0
MG Road,12.9757,77.6011,2026-07-27 16:00:00,23.5,10.2,338.0
MG Road,12.9757,77.6011,2026-07-27 17:00:00,27.9,14.1,382.0
MG Road,12.9757,77.6011,2026-07-27 18:00:00,24.7,14.2,393.0
MG Road,12.9757,77.6011,2026-07-27 19:00:00,25.8,14.8,385.0
MG Road,12.9757,77.6011,2026-07-27 20:00:00,23.6,14.1,370.0
MG Road,12.9757,77.6011,2026-07-27 21:00:00,18.6,11.8,349.0
MG Road,12.9757,77.6011,2026-07-27 22:00:00,12.7,8.8,321.0
MG Road,12.9757,77.6011,2026-07-27 23:00:00,8.2,6.2,288.0
MG Road,12.9757,77.6011,2026-07-28 00:00:00,5.3,4.3,244.0
MG Road,12.9757,77.6011,2026-07-28 01:00:00,4.3,3.4,196.0
MG Road,12.9757,77.6011,2026-07-28 02:00:00,4.4,3.0,162.0
MG Road,12.9757,77.6011,2026-07-28 03:00:00,4.5,2.8,149.0
MG Road,12.9757,77.6011,2026-07-28 04:00:00,4.8,2.8,150.0
MG Road,12.9757,77.6011,2026-07-28 05:00:00,3.5,2.3,167.0
MG Road,12.9757,77.6011,2026-07-28 06:00:00,3.5,2.4,214.0
MG Road,12.9757,77.6011,2026-07-28 07:00:00,3.8,3.1,276.0
MG Road,12.9757,77.6011,2026-07-28 08:00:00,4.6,3.4,310.0
MG Road,12.9757,77.6011,2026-07-28 09:00:00,6.0,3.8,288.0
MG Road,12.9757,77.6011,2026-07-28 10:00:00,7.9,4.4,238.0
MG Road,12.9757,77.6011,2026-07-28 11:00:00,11.1,5.5,200.0
MG Road,12.9757,77.6011,2026-07-28 12:00:00,13.8,6.4,187.0
MG Road,12.9757,77.6011,2026-07-28 13:00:00,11.6,5.8,186.0
MG Road,12.9757,77.6011,2026-07-28 14:00:00,11.5,5.8,197.0
MG Road,12.9757,77.6011,2026-07-28 15:00:00,11.8,5.9,230.0
MG Road,12.9757,77.6011,2026-07-28 16:00:00,12.8,6.4,275.0
MG Road,12.9757,77.6011,2026-07-28 17:00:00,14.8,7.5,304.0
MG Road,12.9757,77.6011,2026-07-28 18:00:00,13.4,7.7,302.0
MG Road,12.9757,77.6011,2026-07-28 19:00:00,12.6,8.0,285.0
MG Road,12.9757,77.6011,2026-07-28 20:00:00,12.3,7.9,266.0
MG Road,12.9757,77.6011,2026-07-28 21:00:00,11.5,7.3,252.0
MG Road,12.9757,77.6011,2026-07-28 22:00:00,9.8,6.4,238.0
MG Road,12.9757,77.6011,2026-07-28 23:00:00,7.7,5.3,219.0
MG Road,12.9757,77.6011,2026-07-29 00:00:00,8.3,4.9,190.0
MG Road,12.9757,77.6011,2026-07-29 01:00:00,4.7,3.3,158.0
MG Road,12.9757,77.6011,2026-07-29 02:00:00,3.2,2.5,136.0
MG Road,12.9757,77.6011,2026-07-29 03:00:00,2.3,2.0,127.0
MG Road,12.9757,77.6011,2026-07-29 04:00:00,2.1,1.8,128.0
MG Road,12.9757,77.6011,2026-07-29 05:00:00,6.4,2.9,148.0
MG Road,12.9757,77.6011,2026-07-29 06:00:00,7.4,3.4,207.0
MG Road,12.9757,77.6011,2026-07-29 07:00:00,5.6,3.7,284.0
MG Road,12.9757,77.6011,2026-07-29 08:00:00,5.3,3.5,328.0
MG Road,12.9757,77.6011,2026-07-29 09:00:00,5.9,3.4,304.0
MG Road,12.9757,77.6011,2026-07-29 10:00:00,6.1,3.5,246.0
MG Road,12.9757,77.6011,2026-07-29 11:00:00,8.4,3.9,204.0
MG Road,12.9757,77.6011,2026-07-29 12:00:00,11.9,5.1,195.0
MG Road,12.9757,77.6011,2026-07-29 13:00:00,14.1,5.6,201.0
MG Road,12.9757,77.6011,2026-07-29 14:00:00,18.0,6.9,222.0
MG Road,12.9757,77.6011,2026-07-29 15:00:00,19.5,7.8,269.0
MG Road,12.9757,77.6011,2026-07-29 16:00:00,17.7,7.7,330.0
MG Road,12.9757,77.6011,2026-07-29 17:00:00,24.5,10.6,367.0
MG Road,12.9757,77.6011,2026-07-29 18:00:00,17.1,9.5,357.0
MG Road,12.9757,77.6011,2026-07-29 19:00:00,14.0,8.5,322.0
MG Road,12.9757,77.6011,2026-07-29 20:00:00,12.8,7.9,289.0
MG Road,12.9757,77.6011,2026-07-29 21:00:00,12.0,7.2,270.0
MG Road,12.9757,77.6011,2026-07-29 22:00:00,10.8,6.5,253.0
MG Road,12.9757,77.6011,2026-07-29 23:00:00,10.9,6.2,231.0
MG Road,12.9757,77.6011,2026-07-30 00:00:00,11.0,5.8,197.0
MG Road,12.9757,77.6011,2026-07-30 01:00:00,10.2,5.3,159.0
MG Road,12.9757,77.6011,2026-07-30 02:00:00,8.8,4.5,132.0
MG Road,12.9757,77.6011,2026-07-30 03:00:00,5.8,3.1,120.0
MG Road,12.9757,77.6011,2026-07-30 04:00:00,5.2,2.6,118.0
MG Road,12.9757,77.6011,2026-07-30 05:00:00,4.4,2.5,135.0
MG Road,12.9757,77.6011,2026-07-30 06:00:00,4.2,2.4,187.0
MG Road,12.9757,77.6011,2026-07-30 07:00:00,4.6,3.4,257.0
MG Road,12.9757,77.6011,2026-07-30 08:00:00,4.6,3.3,298.0
MG Road,12.9757,77.6011,2026-07-30 09:00:00,4.6,3.3,282.0
MG Road,12.9757,77.6011,2026-07-30 10:00:00,5.8,3.5,238.0
MG Road,12.9757,77.6011,2026-07-30 11:00:00,8.0,4.1,206.0
MG Road,12.9757,77.6011,2026-07-30 12:00:00,10.9,5.1,199.0
MG Road,12.9757,77.6011,2026-07-30 13:00:00,17.3,7.3,204.0
MG Road,12.9757,77.6011,2026-07-30 14:00:00,17.8,7.8,219.0
MG Road,12.9757,77.6011,2026-07-30 15:00:00,15.4,6.9,254.0
MG Road,12.9757,77.6011,2026-07-30 16:00:00,10.1,5.6,299.0
MG Road,12.9757,77.6011,2026-07-30 17:00:00,13.4,7.6,327.0
MG Road,12.9757,77.6011,2026-07-30 18:00:00,11.5,7.0,322.0
MG Road,12.9757,77.6011,2026-07-30 19:00:00,10.8,7.2,299.0
MG Road,12.9757,77.6011,2026-07-30 20:00:00,10.2,6.8,274.0
MG Road,12.9757,77.6011,2026-07-30 21:00:00,8.2,5.5,250.0
MG Road,12.9757,77.6011,2026-07-30 22:00:00,7.9,5.2,223.0
MG Road,12.9757,77.6011,2026-07-30 23:00:00,5.1,3.9,197.0
MG Road,12.9757,77.6011,2026-07-31 00:00:00,5.4,3.4,170.0
MG Road,12.9757,77.6011,2026-07-31 01:00:00,5.5,3.1,144.0
MG Road,12.9757,77.6011,2026-07-31 02:00:00,4.4,2.6,127.0
MG Road,12.9757,77.6011,2026-07-31 03:00:00,3.1,2.0,118.0
MG Road,12.9757,77.6011,2026-07-31 04:00:00,2.6,1.7,119.0
MG Road,12.9757,77.6011,2026-07-31 05:00:00,4.0,2.2,135.0
MG Road,12.9757,77.6011,2026-07-31 06:00:00,4.3,2.4,185.0
MG Road,12.9757,77.6011,2026-07-31 07:00:00,5.6,3.5,250.0
MG Road,12.9757,77.6011,2026-07-31 08:00:00,6.4,4.0,289.0
MG Road,12.9757,77.6011,2026-07-31 09:00:00,7.4,4.1,273.0
MG Road,12.9757,77.6011,2026-07-31 10:00:00,9.5,4.5,230.0
MG Road,12.9757,77.6011,2026-07-31 11:00:00,11.5,5.4,199.0
MG Road,12.9757,77.6011,2026-07-31 12:00:00,12.1,5.8,189.0
MG Road,12.9757,77.6011,2026-07-31 13:00:00,13.8,6.4,192.0
MG Road,12.9757,77.6011,2026-07-31 14:00:00,13.5,6.5,213.0
MG Road,12.9757,77.6011,2026-07-31 15:00:00,13.3,6.5,273.0
MG Road,12.9757,77.6011,2026-07-31 16:00:00,10.7,5.6,352.0
MG Road,12.9757,77.6011,2026-07-31 17:00:00,15.3,9.0,402.0
MG Road,12.9757,77.6011,2026-07-31 18:00:00,14.2,9.2,395.0
MG Road,12.9757,77.6011,2026-07-31 19:00:00,12.8,9.0,358.0
MG Road,12.9757,77.6011,2026-07-31 20:00:00,11.0,8.1,322.0
MG Road,12.9757,77.6011,2026-07-31 21:00:00,9.4,6.9,300.0
MG Road,12.9757,77.6011,2026-07-31 22:00:00,7.7,5.9,280.0
MG Road,12.9757,77.6011,2026-07-31 23:00:00,5.6,4.6,254.0
MG Road,12.9757,77.6011,2026-08-01 00:00:00,3.8,3.3,213.0
MG Road,12.9757,77.6011,2026-08-01 01:00:00,2.9,2.6,167.0
MG Road,12.9757,77.6011,2026-08-01 02:00:00,2.7,2.2,135.0
MG Road,12.9757,77.6011,2026-08-01 03:00:00,3.0,2.2,120.0
MG Road,12.9757,77.6011,2026-08-01 04:00:00,3.2,2.1,119.0
MG Road,12.9757,77.6011,2026-08-01 05:00:00,3.0,2.3,143.0
MG Road,12.9757,77.6011,2026-08-01 06:00:00,2.8,2.3,219.0
MG Road,12.9757,77.6011,2026-08-01 07:00:00,3.2,2.7,319.0
MG Road,12.9757,77.6011,2026-08-01 08:00:00,4.8,3.5,375.0
MG Road,12.9757,77.6011,2026-08-01 09:00:00,4.6,3.2,341.0
MG Road,12.9757,77.6011,2026-08-01 10:00:00,4.9,3.0,262.0
MG Road,12.9757,77.6011,2026-08-01 11:00:00,5.5,3.1,204.0
MG Road,12.9757,77.6011,2026-08-01 12:00:00,9.6,4.4,187.0
MG Road,12.9757,77.6011,2026-08-01 13:00:00,14.3,6.2,191.0
MG Road,12.9757,77.6011,2026-08-01 14:00:00,19.3,7.9,225.0
MG Road,12.9757,77.6011,2026-08-01 15:00:00,20.0,8.0,319.0
MG Road,12.9757,77.6011,2026-08-01 16:00:00,17.5,8.7,443.0
MG Road,12.9757,77.6011,2026-08-01 17:00:00,11.5,6.5,521.0
MG Road,12.9757,77.6011,2026-08-01 18:00:00,8.5,6.0,511.0
MG Road,12.9757,77.6011,2026-08-01 19:00:00,7.5,5.9,454.0
MG Road,12.9757,77.6011,2026-08-01 20:00:00,6.0,5.2,394.0
MG Road,12.9757,77.6011,2026-08-01 21:00:00,5.1,4.3,344.0
MG Road,12.9757,77.6011,2026-08-01 22:00:00,5.7,4.3,292.0
MG Road,12.9757,77.6011,2026-08-01 23:00:00,5.4,3.9,245.0
MG Road,12.9757,77.6011,2026-08-02 00:00:00,4.0,2.9,203.0
MG Road,12.9757,77.6011,2026-08-02 01:00:00,2.7,2.1,166.0
MG Road,12.9757,77.6011,2026-08-02 02:00:00,2.8,2.0,140.0
MG Road,12.9757,77.6011,2026-08-02 03:00:00,4.9,2.6,127.0
MG Road,12.9757,77.6011,2026-08-02 04:00:00,5.6,2.9,126.0
MG Road,12.9757,77.6011,2026-08-02 05:00:00,2.5,1.8,140.0
MG Road,12.9757,77.6011,2026-08-02 06:00:00,2.3,1.8,185.0
MG Road,12.9757,77.6011,2026-08-02 07:00:00,2.7,2.3,246.0
MG Road,12.9757,77.6011,2026-08-02 08:00:00,2.5,2.2,279.0
MG Road,12.9757,77.6011,2026-08-02 09:00:00,2.3,2.0,257.0
MG Road,12.9757,77.6011,2026-08-02 10:00:00,2.6,2.0,208.0
MG Road,12.9757,77.6011,2026-08-02 11:00:00,4.5,2.5,171.0
MG Road,12.9757,77.6011,2026-08-02 12:00:00,9.3,4.2,159.0
MG Road,12.9757,77.6011,2026-08-02 13:00:00,13.6,5.8,160.0
MG Road,12.9757,77.6011,2026-08-02 14:00:00,16.5,6.9,170.0
MG Road,12.9757,77.6011,2026-08-02 15:00:00,19.9,8.2,194.0
MG Road,12.9757,77.6011,2026-08-02 16:00:00,19.4,8.4,229.0
MG Road,12.9757,77.6011,2026-08-02 17:00:00,17.7,9.5,258.0
MG Road,12.9757,77.6011,2026-08-02 18:00:00,19.8,10.6,280.0
MG Road,12.9757,77.6011,2026-08-02 19:00:00,15.7,9.1,296.0
MG Road,12.9757,77.6011,2026-08-02 20:00:00,13.5,8.1,301.0
MG Road,12.9757,77.6011,2026-08-02 21:00:00,15.4,8.5,289.0
MG Road,12.9757,77.6011,2026-08-02 22:00:00,14.5,8.1,264.0
MG Road,12.9757,77.6011,2026-08-02 23:00:00,13.2,7.4,237.0
MG Road,12.9757,77.6011,2026-08-03 00:00:00,11.4,6.2,206.0
MG Road,12.9757,77.6011,2026-08-03 01:00:00,10.7,5.5,172.0
MG Road,12.9757,77.6011,2026-08-03 02:00:00,10.3,5.1,148.0
MG Road,12.9757,77.6011,2026-08-03 03:00:00,10.9,5.2,133.0
MG Road,12.9757,77.6011,2026-08-03 04:00:00,11.4,5.3,129.0
MG Road,12.9757,77.6011,2026-08-03 05:00:00,8.3,4.1,149.0
MG Road,12.9757,77.6011,2026-08-03 06:00:00,8.3,4.3,221.0
MG Road,12.9757,77.6011,2026-08-03 07:00:00,11.1,5.8,318.0
MG Road,12.9757,77.6011,2026-08-03 08:00:00,14.1,6.6,372.0
MG Road,12.9757,77.6011,2026-08-03 09:00:00,17.9,7.7,339.0
MG Road,12.9757,77.6011,2026-08-03 10:00:00,28.1,10.7,264.0
MG Road,12.9757,77.6011,2026-08-03 11:00:00,22.8,9.1,215.0
MG Road,12.9757,77.6011,2026-08-03 12:00:00,27.8,10.7,216.0
MG Road,12.9757,77.6011,2026-08-03 13:00:00,25.3,10.3,243.0
MG Road,12.9757,77.6011,2026-08-03 14:00:00,21.1,10.0,289.0
MG Road,12.9757,77.6011,2026-08-03 15:00:00,17.2,9.3,370.0
MG Road,12.9757,77.6011,2026-08-03 16:00:00,13.6,8.5,470.0
MG Road,12.9757,77.6011,2026-08-03 17:00:00,25.6,12.2,529.0
MG Road,12.9757,77.6011,2026-08-03 18:00:00,25.6,15.1,515.0
MG Road,12.9757,77.6011,2026-08-03 19:00:00,25.2,15.8,460.0
MG Road,12.9757,77.6011,2026-08-03 20:00:00,21.6,13.6,408.0
MG Road,12.9757,77.6011,2026-08-03 21:00:00,19.5,12.2,375.0
MG Road,12.9757,77.6011,2026-08-03 22:00:00,13.6,9.4,345.0
MG Road,12.9757,77.6011,2026-08-03 23:00:00,10.6,7.9,310.0
MG Road,12.9757,77.6011,2026-08-04 00:00:00,7.4,5.7,260.0
MG Road,12.9757,77.6011,2026-08-04 01:00:00,5.7,4.4,204.0
MG Road,12.9757,77.6011,2026-08-04 02:00:00,5.1,3.7,166.0
MG Road,12.9757,77.6011,2026-08-04 03:00:00,5.0,3.4,152.0
MG Road,12.9757,77.6011,2026-08-04 04:00:00,5.2,3.3,155.0
MG Road,12.9757,77.6011,2026-08-04 05:00:00,4.1,2.9,176.0
MG Road,12.9757,77.6011,2026-08-04 06:00:00,3.8,3.0,235.0
MG Road,12.9757,77.6011,2026-08-04 07:00:00,4.5,3.7,312.0
MG Road,12.9757,77.6011,2026-08-04 08:00:00,5.0,4.0,354.0
MG Road,12.9757,77.6011,2026-08-04 09:00:00,5.3,3.8,325.0
MG Road,12.9757,77.6011,2026-08-04 10:00:00,8.6,4.2,262.0
MG Road,12.9757,77.6011,2026-08-04 11:00:00,10.4,5.5,216.0
MG Road,12.9757,77.6011,2026-08-04 12:00:00,11.3,6.3,205.0
MG Road,12.9757,77.6011,2026-08-04 13:00:00,11.5,6.4,213.0
MG Road,12.9757,77.6011,2026-08-04 14:00:00,11.1,5.9,241.0
MG Road,12.9757,77.6011,2026-08-04 15:00:00,10.2,6.2,308.0
MG Road,12.9757,77.6011,2026-08-04 16:00:00,10.2,7.4,395.0
MG Road,12.9757,77.6011,2026-08-04 17:00:00,9.6,8.1,455.0
MG Road,12.9757,77.6011,2026-08-04 18:00:00,11.0,9.5,463.0
MG Road,12.9757,77.6011,2026-08-04 19:00:00,12.3,10.0,442.0
MG Road,12.9757,77.6011,2026-08-04 20:00:00,12.4,9.8,415.0
MG Road,12.9757,77.6011,2026-08-04 21:00:00,11.3,8.6,389.0
MG Road,12.9757,77.6011,2026-08-04 22:00:00,11.0,8.5,356.0
MG Road,12.9757,77.6011,2026-08-04 23:00:00,10.9,8.0,317.0
MG Road,12.9757,77.6011,2026-08-05 00:00:00,9.4,6.6,265.0
MG Road,12.9757,77.6011,2026-08-05 01:00:00,7.9,5.4,206.0
MG Road,12.9757,77.6011,2026-08-05 02:00:00,5.9,4.0,165.0
MG Road,12.9757,77.6011,2026-08-05 03:00:00,5.2,3.4,145.0
MG Road,12.9757,77.6011,2026-08-05 04:00:00,5.0,3.2,143.0
MG Road,12.9757,77.6011,2026-08-05 05:00:00,4.4,3.3,170.0
MG Road,12.9757,77.6011,2026-08-05 06:00:00,5.2,3.6,259.0
MG Road,12.9757,77.6011,2026-08-05 07:00:00,8.3,4.6,376.0
MG Road,12.9757,77.6011,2026-08-05 08:00:00,9.7,6.4,440.0
MG Road,12.9757,77.6011,2026-08-05 09:00:00,10.6,6.5,392.0
MG Road,12.9757,77.6011,2026-08-05 10:00:00,14.2,7.3,289.0
MG Road,12.9757,77.6011,2026-08-05 11:00:00,18.6,8.6,220.0
MG Road,12.9757,77.6011,2026-08-05 12:00:00,19.3,8.6,226.0
MG Road,12.9757,77.6011,2026-08-05 13:00:00,20.5,9.6,266.0
MG Road,12.9757,77.6011,2026-08-05 14:00:00,21.7,10.4,309.0
MG Road,12.9757,77.6011,2026-08-05 15:00:00,20.8,11.2,350.0
MG Road,12.9757,77.6011,2026-08-05 16:00:00,21.5,11.7,394.0
MG Road,12.9757,77.6011,2026-08-05 17:00:00,16.5,10.0,422.0
MG Road,12.9757,77.6011,2026-08-05 18:00:00,16.4,10.6,427.0
MG Road,12.9757,77.6011,2026-08-05 19:00:00,16.1,11.1,416.0
MG Road,12.9757,77.6011,2026-08-05 20:00:00,15.0,10.4,399.0
MG Road,12.9757,77.6011,2026-08-05 21:00:00,14.2,9.7,378.0
MG Road,12.9757,77.6011,2026-08-05 22:00:00,13.0,9.1,350.0
MG Road,12.9757,77.6011,2026-08-05 23:00:00,10.9,7.8,315.0
MG Road,12.9757,77.6011,2026-08-06 00:00:00,8.8,6.1,264.0
MG Road,12.9757,77.6011,2026-08-06 01:00:00,6.7,4.9,206.0
MG Road,12.9757,77.6011,2026-08-06 02:00:00,5.0,3.9,165.0
MG Road,12.9757,77.6011,2026-08-06 03:00:00,4.0,3.1,149.0
MG Road,12.9757,77.6011,2026-08-06 04:00:00,4.2,3.0,150.0
MG Road,12.9757,77.6011,2026-08-06 05:00:00,6.1,3.8,171.0
MG Road,12.9757,77.6011,2026-08-06 06:00:00,6.5,4.0,230.0
MG Road,12.9757,77.6011,2026-08-06 07:00:00,8.1,5.5,308.0
MG Road,12.9757,77.6011,2026-08-06 08:00:00,8.5,5.4,354.0
MG Road,12.9757,77.6011,2026-08-06 09:00:00,9.7,5.6,334.0
MG Road,12.9757,77.6011,2026-08-06 10:00:00,14.0,6.9,280.0
MG Road,12.9757,77.6011,2026-08-06 11:00:00,16.3,7.9,241.0
MG Road,12.9757,77.6011,2026-08-06 12:00:00,19.0,8.5,229.0
MG Road,12.9757,77.6011,2026-08-06 13:00:00,20.5,10.2,231.0
MG Road,12.9757,77.6011,2026-08-06 14:00:00,22.1,11.0,254.0
MG Road,12.9757,77.6011,2026-08-06 15:00:00,24.1,12.0,318.0
MG Road,12.9757,77.6011,2026-08-06 16:00:00,25.8,12.1,403.0
MG Road,12.9757,77.6011,2026-08-06 17:00:00,30.6,14.9,451.0
MG Road,12.9757,77.6011,2026-08-06 18:00:00,27.1,15.5,428.0
MG Road,12.9757,77.6011,2026-08-06 19:00:00,30.4,17.1,369.0
MG Road,12.9757,77.6011,2026-08-06 20:00:00,22.5,14.1,319.0
MG Road,12.9757,77.6011,2026-08-06 21:00:00,18.4,11.8,299.0
MG Road,12.9757,77.6011,2026-08-06 22:00:00,14.5,9.9,288.0
MG Road,12.9757,77.6011,2026-08-06 23:00:00,10.8,7.9,269.0
MG Road,12.9757,77.6011,2026-08-07 00:00:00,7.3,5.6,229.0
MG Road,12.9757,77.6011,2026-08-07 01:00:00,5.2,4.0,180.0
MG Road,12.9757,77.6011,2026-08-07 02:00:00,4.2,3.2,147.0
MG Road,12.9757,77.6011,2026-08-07 03:00:00,4.1,3.0,131.0
MG Road,12.9757,77.6011,2026-08-07 04:00:00,3.9,2.7,131.0
MG Road,12.9757,77.6011,2026-08-07 05:00:00,4.4,2.7,158.0
MG Road,12.9757,77.6011,2026-08-07 06:00:00,5.0,3.1,244.0
MG Road,12.9757,77.6011,2026-08-07 07:00:00,7.0,4.6,359.0
MG Road,12.9757,77.6011,2026-08-07 08:00:00,8.2,5.2,422.0
MG Road,12.9757,77.6011,2026-08-07 09:00:00,7.9,5.1,381.0
MG Road,12.9757,77.6011,2026-08-07 10:00:00,6.7,4.3,288.0
MG Road,12.9757,77.6011,2026-08-07 11:00:00,6.7,3.8,221.0
MG Road,12.9757,77.6011,2026-08-07 12:00:00,8.1,4.3,200.0
MG Road,12.9757,77.6011,2026-08-07 13:00:00,10.0,5.9,205.0
MG Road,12.9757,77.6011,2026-08-07 14:00:00,10.6,6.8,250.0
MG Road,12.9757,77.6011,2026-08-07 15:00:00,12.5,8.1,376.0
MG Road,12.9757,77.6011,2026-08-07 16:00:00,13.9,8.8,543.0
MG Road,12.9757,77.6011,2026-08-07 17:00:00,8.2,5.8,645.0
MG Road,12.9757,77.6011,2026-08-07 18:00:00,13.2,8.7,627.0
MG Road,12.9757,77.6011,2026-08-07 19:00:00,12.9,9.3,544.0
MG Road,12.9757,77.6011,2026-08-07 20:00:00,11.3,8.7,461.0
MG Road,12.9757,77.6011,2026-08-07 21:00:00,8.5,7.2,395.0
MG Road,12.9757,77.6011,2026-08-07 22:00:00,6.4,5.8,328.0
MG Road,12.9757,77.6011,2026-08-07 23:00:00,5.0,4.7,268.0
MG Road,12.9757,77.6011,2026-08-08 00:00:00,4.0,3.7,216.0
MG Road,12.9757,77.6011,2026-08-08 01:00:00,3.1,2.9,171.0
MG Road,12.9757,77.6011,2026-08-08 02:00:00,2.8,2.4,142.0
MG Road,12.9757,77.6011,2026-08-08 03:00:00,3.0,2.3,127.0
MG Road,12.9757,77.6011,2026-08-08 04:00:00,3.0,2.2,127.0
MG Road,12.9757,77.6011,2026-08-08 05:00:00,1.9,1.8,154.0
MG Road,12.9757,77.6011,2026-08-08 06:00:00,2.3,1.9,235.0
MG Road,12.9757,77.6011,2026-08-08 07:00:00,3.8,3.2,343.0
MG Road,12.9757,77.6011,2026-08-08 08:00:00,5.5,4.3,402.0
MG Road,12.9757,77.6011,2026-08-08 09:00:00,6.6,4.5,358.0
MG Road,12.9757,77.6011,2026-08-08 10:00:00,8.3,5.0,265.0
MG Road,12.9757,77.6011,2026-08-08 11:00:00,9.4,5.4,210.0
MG Road,12.9757,77.6011,2026-08-08 12:00:00,14.1,6.9,233.0
MG Road,12.9757,77.6011,2026-08-08 13:00:00,10.5,5.5,295.0
MG Road,12.9757,77.6011,2026-08-08 14:00:00,11.3,6.5,362.0
MG Road,12.9757,77.6011,2026-08-08 15:00:00,13.3,7.9,439.0
MG Road,12.9757,77.6011,2026-08-08 16:00:00,15.2,8.9,522.0
MG Road,12.9757,77.6011,2026-08-08 17:00:00,22.1,12.5,562.0
MG Road,12.9757,77.6011,2026-08-08 18:00:00,19.4,12.9,528.0
MG Road,12.9757,77.6011,2026-08-08 19:00:00,17.8,12.9,452.0
MG Road,12.9757,77.6011,2026-08-08 20:00:00,15.3,11.7,381.0
MG Road,12.9757,77.6011,2026-08-08 21:00:00,11.9,9.7,332.0
MG Road,12.9757,77.6011,2026-08-08 22:00:00,9.0,7.7,289.0
MG Road,12.9757,77.6011,2026-08-08 23:00:00,6.9,6.0,248.0
MG Road,12.9757,77.6011,2026-08-09 00:00:00,5.0,4.3,205.0
MG Road,12.9757,77.6011,2026-08-09 01:00:00,3.8,3.3,164.0
MG Road,12.9757,77.6011,2026-08-09 02:00:00,3.2,2.7,138.0
MG Road,12.9757,77.6011,2026-08-09 03:00:00,3.2,2.5,133.0
MG Road,12.9757,77.6011,2026-08-09 04:00:00,3.4,2.4,144.0
MG Road,12.9757,77.6011,2026-08-09 05:00:00,2.8,2.2,161.0
MG Road,12.9757,77.6011,2026-08-09 06:00:00,2.8,2.2,191.0
MG Road,12.9757,77.6011,2026-08-09 07:00:00,3.2,2.4,228.0
MG Road,12.9757,77.6011,2026-08-09 08:00:00,4.3,2.8,247.0
MG Road,12.9757,77.6011,2026-08-09 09:00:00,4.8,3.4,232.0
MG Road,12.9757,77.6011,2026-08-09 10:00:00,7.0,3.8,198.0
MG Road,12.9757,77.6011,2026-08-09 11:00:00,7.1,3.8,172.0
MG Road,12.9757,77.6011,2026-08-09 12:00:00,9.1,4.6,158.0
MG Road,12.9757,77.6011,2026-08-09 13:00:00,10.7,5.2,151.0
MG Road,12.9757,77.6011,2026-08-09 14:00:00,15.7,7.4,162.0
MG Road,12.9757,77.6011,2026-08-09 15:00:00,13.6,6.8,204.0
MG Road,12.9757,77.6011,2026-08-09 16:00:00,12.5,7.2,264.0
MG Road,12.9757,77.6011,2026-08-09 17:00:00,22.1,12.1,311.0
MG Road,12.9757,77.6011,2026-08-09 18:00:00,21.9,14.1,337.0
MG Road,12.9757,77.6011,2026-08-09 19:00:00,20.8,14.2,351.0
MG Road,12.9757,77.6011,2026-08-09 20:00:00,18.4,13.1,348.0
MG Road,12.9757,77.6011,2026-08-09 21:00:00,15.1,11.2,320.0
MG Road,12.9757,77.6011,2026-08-09 22:00:00,12.9,10.1,275.0
MG Road,12.9757,77.6011,2026-08-09 23:00:00,11.0,8.8,233.0
MG Road,12.9757,77.6011,2026-08-10 00:00:00,8.9,7.1,198.0
MG Road,12.9757,77.6011,2026-08-10 01:00:00,7.6,6.0,166.0
MG Road,12.9757,77.6011,2026-08-10 02:00:00,6.7,5.1,144.0
MG Road,12.9757,77.6011,2026-08-10 03:00:00,6.2,4.5,130.0
MG Road,12.9757,77.6011,2026-08-10 04:00:00,5.8,4.0,126.0
MG Road,12.9757,77.6011,2026-08-10 05:00:00,5.6,3.9,144.0
MG Road,12.9757,77.6011,2026-08-10 06:00:00,5.6,4.1,209.0
MG Road,12.9757,77.6011,2026-08-10 07:00:00,5.8,4.1,296.0
MG Road,12.9757,77.6011,2026-08-10 08:00:00,6.6,4.9,347.0
MG Road,12.9757,77.6011,2026-08-10 09:00:00,7.1,4.9,324.0
MG Road,12.9757,77.6011,2026-08-10 10:00:00,9.0,5.4,265.0
MG Road,12.9757,77.6011,2026-08-10 11:00:00,11.3,6.3,222.0
MG Road,12.9757,77.6011,2026-08-10 12:00:00,13.0,7.0,206.0
MG Road,12.9757,77.6011,2026-08-10 13:00:00,14.2,7.5,205.0
MG Road,12.9757,77.6011,2026-08-10 14:00:00,14.6,7.4,238.0
MG Road,12.9757,77.6011,2026-08-10 15:00:00,15.4,7.6,334.0
MG Road,12.9757,77.6011,2026-08-10 16:00:00,14.8,8.4,464.0
MG Road,12.9757,77.6011,2026-08-10 17:00:00,14.3,9.8,558.0
MG Road,12.9757,77.6011,2026-08-10 18:00:00,13.8,10.3,589.0
MG Road,12.9757,77.6011,2026-08-10 19:00:00,16.1,12.9,585.0
MG Road,12.9757,77.6011,2026-08-10 20:00:00,16.4,13.3,558.0
MG Road,12.9757,77.6011,2026-08-10 21:00:00,15.2,12.2,503.0
MG Road,12.9757,77.6011,2026-08-10 22:00:00,14.0,11.2,425.0
MG Road,12.9757,77.6011,2026-08-10 23:00:00,12.5,10.0,351.0
MG Road,12.9757,77.6011,2026-08-11 00:00:00,10.7,8.4,286.0
MG Road,12.9757,77.6011,2026-08-11 01:00:00,9.2,7.2,224.0
MG Road,12.9757,77.6011,2026-08-11 02:00:00,8.0,6.2,182.0
MG Road,12.9757,77.6011,2026-08-11 03:00:00,7.5,5.6,161.0
MG Road,12.9757,77.6011,2026-08-11 04:00:00,7.6,5.4,159.0
MG Road,12.9757,77.6011,2026-08-11 05:00:00,7.4,5.3,182.0
MG Road,12.9757,77.6011,2026-08-11 06:00:00,7.4,5.5,253.0
MG Road,12.9757,77.6011,2026-08-11 07:00:00,8.2,6.3,349.0
MG Road,12.9757,77.6011,2026-08-11 08:00:00,7.5,5.5,403.0
MG Road,12.9757,77.6011,2026-08-11 09:00:00,8.2,5.6,374.0
MG Road,12.9757,77.6011,2026-08-11 10:00:00,9.5,5.9,303.0
MG Road,12.9757,77.6011,2026-08-11 11:00:00,12.0,6.9,251.0
MG Road,12.9757,77.6011,2026-08-11 12:00:00,13.4,7.4,227.0
MG Road,12.9757,77.6011,2026-08-11 13:00:00,14.2,7.8,222.0
MG Road,12.9757,77.6011,2026-08-11 14:00:00,14.7,8.1,263.0
MG Road,12.9757,77.6011,2026-08-11 15:00:00,15.0,8.2,399.0
MG Road,12.9757,77.6011,2026-08-11 16:00:00,13.6,8.5,581.0
MG Road,12.9757,77.6011,2026-08-11 17:00:00,20.8,12.6,690.0
MG Road,12.9757,77.6011,2026-08-11 18:00:00,21.1,14.5,663.0
MG Road,12.9757,77.6011,2026-08-11 19:00:00,21.9,15.7,563.0
MG Road,12.9757,77.6011,2026-08-11 20:00:00,22.6,16.0,465.0
MG Road,12.9757,77.6011,2026-08-11 21:00:00,20.4,14.5,392.0
MG Road,12.9757,77.6011,2026-08-11 22:00:00,17.1,12.5,321.0
MG Road,12.9757,77.6011,2026-08-11 23:00:00,13.6,10.2,261.0
MG Road,12.9757,77.6011,2026-08-12 00:00:00,10.5,8.0,213.0
MG Road,12.9757,77.6011,2026-08-12 01:00:00,8.6,6.4,174.0
MG Road,12.9757,77.6011,2026-08-12 02:00:00,7.9,5.6,150.0
MG Road,12.9757,77.6011,2026-08-12 03:00:00,8.0,5.4,138.0
MG Road,12.9757,77.6011,2026-08-12 04:00:00,8.4,5.4,140.0
MG Road,12.9757,77.6011,2026-08-12 05:00:00,7.4,4.7,162.0
MG Road,12.9757,77.6011,2026-08-12 06:00:00,7.7,4.9,225.0
MG Road,12.9757,77.6011,2026-08-12 07:00:00,8.6,5.2,308.0
MG Road,12.9757,77.6011,2026-08-12 08:00:00,9.6,5.8,357.0
MG Road,12.9757,77.6011,2026-08-12 09:00:00,10.8,6.2,337.0
MG Road,12.9757,77.6011,2026-08-12 10:00:00,11.9,6.5,282.0
MG Road,12.9757,77.6011,2026-08-12 11:00:00,13.6,7.1,241.0
MG Road,12.9757,77.6011,2026-08-12 12:00:00,13.2,7.0,229.0
MG Road,12.9757,77.6011,2026-08-12 13:00:00,11.6,6.4,232.0
MG Road,12.9757,77.6011,2026-08-12 14:00:00,9.5,5.7,255.0
MG Road,12.9757,77.6011,2026-08-12 15:00:00,8.4,5.2,316.0
MG Road,12.9757,77.6011,2026-08-12 16:00:00,8.1,5.1,398.0
MG Road,12.9757,77.6011,2026-08-12 17:00:00,16.8,10.7,457.0
MG Road,12.9757,77.6011,2026-08-12 18:00:00,16.8,12.2,478.0
MG Road,12.9757,77.6011,2026-08-12 19:00:00,17.2,12.8,476.0
MG Road,12.9757,77.6011,2026-08-12 20:00:00,17.5,12.9,456.0
MG Road,12.9757,77.6011,2026-08-12 21:00:00,16.3,12.0,411.0
MG Road,12.9757,77.6011,2026-08-12 22:00:00,15.7,11.5,348.0
MG Road,12.9757,77.6011,2026-08-12 23:00:00,13.9,10.1,288.0
MG Road,12.9757,77.6011,2026-08-13 00:00:00,12.4,8.8,236.0
MG Road,12.9757,77.6011,2026-08-13 01:00:00,11.1,7.7,187.0
MG Road,12.9757,77.6011,2026-08-13 02:00:00,10.1,6.8,154.0
MG Road,12.9757,77.6011,2026-08-13 03:00:00,9.0,6.0,138.0
MG Road,12.9757,77.6011,2026-08-13 04:00:00,7.7,5.2,138.0
MG Road,12.9757,77.6011,2026-08-13 05:00:00,5.0,3.8,162.0
MG Road,12.9757,77.6011,2026-08-13 06:00:00,4.5,3.6,234.0
MG Road,12.9757,77.6011,2026-08-13 07:00:00,4.3,3.5,329.0
MG Road,12.9757,77.6011,2026-08-13 08:00:00,4.2,3.5,382.0
MG Road,12.9757,77.6011,2026-08-13 09:00:00,4.7,3.6,351.0
MG Road,12.9757,77.6011,2026-08-13 10:00:00,4.7,3.6,277.0
MG Road,12.9757,77.6011,2026-08-13 11:00:00,5.2,3.8,222.0
MG Road,12.9757,77.6011,2026-08-13 12:00:00,5.2,3.7,202.0
MG Road,12.9757,77.6011,2026-08-13 13:00:00,6.1,4.0,200.0
MG Road,12.9757,77.6011,2026-08-13 14:00:00,13.8,7.6,228.0
MG Road,12.9757,77.6011,2026-08-13 15:00:00,11.2,6.6,307.0
MG Road,12.9757,77.6011,2026-08-13 16:00:00,13.0,8.1,416.0
MG Road,12.9757,77.6011,2026-08-13 17:00:00,16.9,10.9,500.0
MG Road,12.9757,77.6011,2026-08-13 18:00:00,17.5,13.2,545.0
MG Road,12.9757,77.6011,2026-08-13 19:00:00,17.0,13.1,565.0
MG Road,12.9757,77.6011,2026-08-13 20:00:00,16.7,13.0,551.0
MG Road,12.9757,77.6011,2026-08-13 21:00:00,16.2,12.5,483.0
MG Road,12.9757,77.6011,2026-08-13 22:00:00,16.0,12.1,381.0
MG Road,12.9757,77.6011,2026-08-13 23:00:00,15.5,11.2,292.0
MG Road,12.9757,77.6011,2026-08-14 00:00:00,14.3,9.7,230.0
MG Road,12.9757,77.6011,2026-08-14 01:00:00,12.9,8.5,182.0
MG Road,12.9757,77.6011,2026-08-14 02:00:00,11.1,7.3,151.0
MG Road,12.9757,77.6011,2026-08-14 03:00:00,9.5,6.4,139.0
MG Road,12.9757,77.6011,2026-08-14 04:00:00,8.1,5.6,144.0
MG Road,12.9757,77.6011,2026-08-14 05:00:00,6.0,4.4,171.0
MG Road,12.9757,77.6011,2026-08-14 06:00:00,5.9,4.3,240.0
MG Road,12.9757,77.6011,2026-08-14 07:00:00,5.9,4.3,330.0
MG Road,12.9757,77.6011,2026-08-14 08:00:00,6.7,4.8,379.0
MG Road,12.9757,77.6011,2026-08-14 09:00:00,6.2,4.6,347.0
MG Road,12.9757,77.6011,2026-08-14 10:00:00,6.2,4.3,274.0
MG Road,12.9757,77.6011,2026-08-14 11:00:00,5.6,3.8,220.0
MG Road,12.9757,77.6011,2026-08-14 12:00:00,5.7,3.9,200.0
MG Road,12.9757,77.6011,2026-08-14 13:00:00,5.4,3.7,198.0
MG Road,12.9757,77.6011,2026-08-14 14:00:00,7.7,4.6,225.0
MG Road,12.9757,77.6011,2026-08-14 15:00:00,9.1,5.1,309.0
MG Road,12.9757,77.6011,2026-08-14 16:00:00,9.7,5.9,422.0
MG Road,12.9757,77.6011,2026-08-14 17:00:00,10.9,7.8,494.0
MG Road,12.9757,77.6011,2026-08-14 18:00:00,12.7,10.1,490.0
MG Road,12.9757,77.6011,2026-08-14 19:00:00,13.3,10.8,446.0
MG Road,12.9757,77.6011,2026-08-14 20:00:00,12.0,9.6,396.0
MG Road,12.9757,77.6011,2026-08-14 21:00:00,11.7,9.4,349.0
MG Road,12.9757,77.6011,2026-08-14 22:00:00,11.4,9.3,297.0
MG Road,12.9757,77.6011,2026-08-14 23:00:00,10.2,8.3,250.0
MG Road,12.9757,77.6011,2026-08-15 00:00:00,8.3,6.6,209.0
MG Road,12.9757,77.6011,2026-08-15 01:00:00,7.0,5.1,173.0
MG Road,12.9757,77.6011,2026-08-15 02:00:00,6.3,4.3,148.0
MG Road,12.9757,77.6011,2026-08-15 03:00:00,6.1,3.9,135.0
MG Road,12.9757,77.6011,2026-08-15 04:00:00,6.5,3.9,134.0
MG Road,12.9757,77.6011,2026-08-15 05:00:00,7.7,4.5,151.0
MG Road,12.9757,77.6011,2026-08-15 06:00:00,8.3,4.9,204.0
MG Road,12.9757,77.6011,2026-08-15 07:00:00,9.7,5.8,275.0
MG Road,12.9757,77.6011,2026-08-15 08:00:00,10.1,5.7,317.0
MG Road,12.9757,77.6011,2026-08-15 09:00:00,11.0,6.3,300.0
MG Road,12.9757,77.6011,2026-08-15 10:00:00,13.7,7.1,253.0
MG Road,12.9757,77.6011,2026-08-15 11:00:00,16.6,8.1,217.0
MG Road,12.9757,77.6011,2026-08-15 12:00:00,19.7,9.3,203.0
MG Road,12.9757,77.6011,2026-08-15 13:00:00,14.5,7.4,199.0
MG Road,12.9757,77.6011,2026-08-15 14:00:00,11.5,6.3,208.0
MG Road,12.9757,77.6011,2026-08-15 15:00:00,10.2,5.7,238.0
MG Road,12.9757,77.6011,2026-08-15 16:00:00,10.0,5.7,281.0
MG Road,12.9757,77.6011,2026-08-15 17:00:00,12.5,7.2,317.0
MG Road,12.9757,77.6011,2026-08-15 18:00:00,14.6,9.8,342.0
MG Road,12.9757,77.6011,2026-08-15 19:00:00,15.8,11.3,360.0
MG Road,12.9757,77.6011,2026-08-15 20:00:00,15.1,11.0,362.0
MG Road,12.9757,77.6011,2026-08-15 21:00:00,13.8,10.2,340.0
MG Road,12.9757,77.6011,2026-08-15 22:00:00,13.1,9.7,303.0
MG Road,12.9757,77.6011,2026-08-15 23:00:00,11.5,8.5,264.0
MG Road,12.9757,77.6011,2026-08-16 00:00:00,9.7,7.1,224.0
MG Road,12.9757,77.6011,2026-08-16 01:00:00,8.3,6.0,182.0
MG Road,12.9757,77.6011,2026-08-16 02:00:00,7.5,5.2,155.0
MG Road,12.9757,77.6011,2026-08-16 03:00:00,7.0,4.7,151.0
MG Road,12.9757,77.6011,2026-08-16 04:00:00,6.8,4.4,160.0
MG Road,12.9757,77.6011,2026-08-16 05:00:00,5.6,3.9,174.0
MG Road,12.9757,77.6011,2026-08-16 06:00:00,5.4,3.8,194.0
MG Road,12.9757,77.6011,2026-08-16 07:00:00,6.2,4.2,218.0
MG Road,12.9757,77.6011,2026-08-16 08:00:00,7.1,4.5,229.0
MG Road,12.9757,77.6011,2026-08-16 09:00:00,8.5,4.9,214.0
MG Road,12.9757,77.6011,2026-08-16 10:00:00,10.0,5.4,186.0
MG Road,12.9757,77.6011,2026-08-16 11:00:00,11.0,5.9,166.0
MG Road,12.9757,77.6011,2026-08-16 12:00:00,10.7,5.6,161.0
MG Road,12.9757,77.6011,2026-08-16 13:00:00,9.9,5.3,163.0
MG Road,12.9757,77.6011,2026-08-16 14:00:00,9.0,5.0,171.0
MG Road,12.9757,77.6011,2026-08-16 15:00:00,8.8,5.0,187.0
MG Road,12.9757,77.6011,2026-08-16 16:00:00,10.8,6.3,208.0
MG Road,12.9757,77.6011,2026-08-16 17:00:00,17.8,9.5,224.0
MG Road,12.9757,77.6011,2026-08-16 18:00:00,19.8,11.9,230.0
MG Road,12.9757,77.6011,2026-08-16 19:00:00,21.8,14.2,231.0
MG Road,12.9757,77.6011,2026-08-16 20:00:00,21.8,14.8,229.0
MG Road,12.9757,77.6011,2026-08-16 21:00:00,20.3,13.9,226.0
MG Road,12.9757,77.6011,2026-08-16 22:00:00,18.6,12.8,219.0
MG Road,12.9757,77.6011,2026-08-16 23:00:00,16.2,11.1,208.0
MG Road,12.9757,77.6011,2026-08-17 00:00:00,13.6,9.1,185.0
MG Road,12.9757,77.6011,2026-08-17 01:00:00,11.8,7.8,157.0
MG Road,12.9757,77.6011,2026-08-17 02:00:00,10.3,6.8,140.0
MG Road,12.9757,77.6011,2026-08-17 03:00:00,8.9,5.9,137.0
MG Road,12.9757,77.6011,2026-08-17 04:00:00,7.7,5.2,145.0
MG Road,12.9757,77.6011,2026-08-17 05:00:00,8.7,5.4,166.0
MG Road,12.9757,77.6011,2026-08-17 06:00:00,7.5,4.9,218.0
MG Road,12.9757,77.6011,2026-08-17 07:00:00,8.1,5.0,283.0
MG Road,12.9757,77.6011,2026-08-17 08:00:00,10.0,6.2,318.0
MG Road,12.9757,77.6011,2026-08-17 09:00:00,12.6,6.8,292.0
MG Road,12.9757,77.6011,2026-08-17 10:00:00,18.1,8.3,236.0
MG Road,12.9757,77.6011,2026-08-17 11:00:00,21.2,9.4,195.0
MG Road,12.9757,77.6011,2026-08-17 12:00:00,21.7,9.7,186.0
MG Road,12.9757,77.6011,2026-08-17 13:00:00,19.6,9.2,192.0
MG Road,12.9757,77.6011,2026-08-17 14:00:00,17.3,8.7,208.0
MG Road,12.9757,77.6011,2026-08-17 15:00:00,17.1,8.8,234.0
MG Road,12.9757,77.6011,2026-08-17 16:00:00,16.8,8.7,270.0
MG Road,12.9757,77.6011,2026-08-17 17:00:00,15.1,9.5,304.0
MG Road,12.9757,77.6011,2026-08-17 18:00:00,15.8,11.5,341.0
MG Road,12.9757,77.6011,2026-08-17 19:00:00,14.6,11.1,378.0
MG Road,12.9757,77.6011,2026-08-17 20:00:00,13.0,10.3,392.0
MG Road,12.9757,77.6011,2026-08-17 21:00:00,11.0,9.1,370.0
MG Road,12.9757,77.6011,2026-08-17 22:00:00,10.0,8.4,327.0
MG Road,12.9757,77.6011,2026-08-17 23:00:00,9.0,7.5,283.0
MG Road,12.9757,77.6011,2026-08-18 00:00:00,8.1,6.4,242.0
MG Road,12.9757,77.6011,2026-08-18 01:00:00,7.6,5.8,200.0
MG Road,12.9757,77.6011,2026-08-18 02:00:00,7.7,5.5,171.0
MG Road,12.9757,77.6011,2026-08-18 03:00:00,8.2,5.6,157.0
MG Road,12.9757,77.6011,2026-08-18 04:00:00,8.5,5.6,155.0
MG Road,12.9757,77.6011,2026-08-18 05:00:00,8.5,5.6,169.0
MG Road,12.9757,77.6011,2026-08-18 06:00:00,8.6,6.0,212.0
MG Road,12.9757,77.6011,2026-08-18 07:00:00,7.9,5.4,271.0
MG Road,12.9757,77.6011,2026-08-18 08:00:00,7.1,5.2,305.0
MG Road,12.9757,77.6011,2026-08-18 09:00:00,7.4,5.1,288.0
MG Road,12.9757,77.6011,2026-08-18 10:00:00,7.9,5.2,246.0
MG Road,12.9757,77.6011,2026-08-18 11:00:00,9.3,5.4,215.0
MG Road,12.9757,77.6011,2026-08-18 12:00:00,10.6,5.9,205.0
MG Road,12.9757,77.6011,2026-08-18 13:00:00,11.7,6.2,206.0
MG Road,12.9757,77.6011,2026-08-18 14:00:00,14.6,7.4,220.0
MG Road,12.9757,77.6011,2026-08-18 15:00:00,16.4,7.9,260.0
MG Road,12.9757,77.6011,2026-08-18 16:00:00,16.0,8.8,314.0
MG Road,12.9757,77.6011,2026-08-18 17:00:00,13.0,9.5,349.0
MG Road,12.9757,77.6011,2026-08-18 18:00:00,11.9,9.6,343.0
MG Road,12.9757,77.6011,2026-08-18 19:00:00,12.4,10.1,319.0
MG Road,12.9757,77.6011,2026-08-18 20:00:00,13.4,10.8,304.0
MG Road,12.9757,77.6011,2026-08-18 21:00:00,13.3,10.7,320.0
MG Road,12.9757,77.6011,2026-08-18 22:00:00,12.5,10.2,347.0
MG Road,12.9757,77.6011,2026-08-18 23:00:00,11.3,9.3,351.0
MG Road,12.9757,77.6011,2026-08-19 00:00:00,9.3,7.7,310.0
MG Road,12.9757,77.6011,2026-08-19 01:00:00,7.5,6.2,246.0
MG Road,12.9757,77.6011,2026-08-19 02:00:00,6.4,5.2,199.0
MG Road,12.9757,77.6011,2026-08-19 03:00:00,6.1,4.7,181.0
MG Road,12.9757,77.6011,2026-08-19 04:00:00,5.8,4.3,179.0
MG Road,12.9757,77.6011,2026-08-19 05:00:00,5.6,4.1,197.0
MG Road,12.9757,77.6011,2026-08-19 06:00:00,5.4,4.1,256.0
MG Road,12.9757,77.6011,2026-08-19 07:00:00,5.3,3.9,336.0
MG Road,12.9757,77.6011,2026-08-19 08:00:00,6.9,4.9,376.0
MG Road,12.9757,77.6011,2026-08-19 09:00:00,7.7,5.5,335.0
MG Road,12.9757,77.6011,2026-08-19 10:00:00,8.5,5.5,255.0
MG Road,12.9757,77.6011,2026-08-19 11:00:00,9.0,5.2,203.0
MG Road,12.9757,77.6011,2026-08-19 12:00:00,10.0,5.4,211.0
MG Road,12.9757,77.6011,2026-08-19 13:00:00,12.1,5.7,246.0
MG Road,12.9757,77.6011,2026-08-19 14:00:00,19.3,8.7,284.0
MG Road,12.9757,77.6011,2026-08-19 15:00:00,15.2,8.3,315.0
MG Road,12.9757,77.6011,2026-08-19 16:00:00,12.7,7.8,348.0
MG Road,12.9757,77.6011,2026-08-19 17:00:00,11.9,8.3,383.0
MG Road,12.9757,77.6011,2026-08-19 18:00:00,12.4,9.5,429.0
MG Road,12.9757,77.6011,2026-08-19 19:00:00,12.6,10.3,477.0
MG Road,12.9757,77.6011,2026-08-19 20:00:00,11.1,9.4,503.0
MG Road,12.9757,77.6011,2026-08-19 21:00:00,9.7,8.4,497.0
MG Road,12.9757,77.6011,2026-08-19 22:00:00,8.4,7.3,469.0
MG Road,12.9757,77.6011,2026-08-19 23:00:00,7.2,6.3,423.0
MG Road,12.9757,77.6011,2026-08-20 00:00:00,6.1,5.1,345.0
MG Road,12.9757,77.6011,2026-08-20 01:00:00,5.3,4.3,248.0
MG Road,12.9757,77.6011,2026-08-20 02:00:00,5.3,3.9,180.0
MG Road,12.9757,77.6011,2026-08-20 03:00:00,5.4,3.7,160.0
MG Road,12.9757,77.6011,2026-08-20 04:00:00,5.6,3.7,168.0
MG Road,12.9757,77.6011,2026-08-20 05:00:00,5.3,3.7,193.0
MG Road,12.9757,77.6011,2026-08-20 06:00:00,5.6,3.9,248.0
MG Road,12.9757,77.6011,2026-08-20 07:00:00,6.5,5.0,319.0
MG Road,12.9757,77.6011,2026-08-20 08:00:00,6.5,4.9,356.0
MG Road,12.9757,77.6011,2026-08-20 09:00:00,7.0,4.8,323.0
MG Road,12.9757,77.6011,2026-08-20 10:00:00,8.0,4.8,255.0
MG Road,12.9757,77.6011,2026-08-20 11:00:00,11.2,5.8,205.0
MG Road,12.9757,77.6011,2026-08-20 12:00:00,12.8,6.2,191.0
MG Road,12.9757,77.6011,2026-08-20 13:00:00,13.2,6.3,194.0
MG Road,12.9757,77.6011,2026-08-20 14:00:00,13.3,6.4,215.0
MG Road,12.9757,77.6011,2026-08-20 15:00:00,12.7,6.4,259.0
MG Road,12.9757,77.6011,2026-08-20 16:00:00,12.4,6.5,320.0
MG Road,12.9757,77.6011,2026-08-20 17:00:00,12.6,6.7,377.0
MG Road,12.9757,77.6011,2026-08-20 18:00:00,13.9,8.6,431.0
MG Road,12.9757,77.6011,2026-08-20 19:00:00,14.1,10.3,481.0
MG Road,12.9757,77.6011,2026-08-20 20:00:00,13.5,10.2,497.0
MG Road,12.9757,77.6011,2026-08-20 21:00:00,12.2,9.4,456.0
MG Road,12.9757,77.6011,2026-08-20 22:00:00,11.9,9.1,380.0
MG Road,12.9757,77.6011,2026-08-20 23:00:00,11.1,8.3,310.0
MG Road,12.9757,77.6011,2026-08-21 00:00:00,10.1,7.4,256.0
MG Road,12.9757,77.6011,2026-08-21 01:00:00,9.4,6.8,207.0
MG Road,12.9757,77.6011,2026-08-21 02:00:00,8.9,6.3,171.0
MG Road,12.9757,77.6011,2026-08-21 03:00:00,8.4,5.9,146.0
MG Road,12.9757,77.6011,2026-08-21 04:00:00,8.0,5.5,134.0
MG Road,12.9757,77.6011,2026-08-21 05:00:00,7.6,5.2,145.0
MG Road,12.9757,77.6011,2026-08-21 06:00:00,6.8,4.8,200.0
MG Road,12.9757,77.6011,2026-08-21 07:00:00,7.7,5.1,277.0
MG Road,12.9757,77.6011,2026-08-21 08:00:00,8.8,6.0,322.0
MG Road,12.9757,77.6011,2026-08-21 09:00:00,10.3,6.8,301.0
MG Road,12.9757,77.6011,2026-08-21 10:00:00,11.5,7.0,247.0
MG Road,12.9757,77.6011,2026-08-21 11:00:00,12.5,7.2,207.0
MG Road,12.9757,77.6011,2026-08-21 12:00:00,14.0,7.7,197.0
MG Road,12.9757,77.6011,2026-08-21 13:00:00,16.9,8.6,200.0
MG Road,12.9757,77.6011,2026-08-21 14:00:00,17.3,8.7,215.0
MG Road,12.9757,77.6011,2026-08-21 15:00:00,17.0,8.7,247.0
MG Road,12.9757,77.6011,2026-08-21 16:00:00,15.7,8.5,290.0
MG Road,12.9757,77.6011,2026-08-21 17:00:00,14.8,8.7,327.0
MG Road,12.9757,77.6011,2026-08-21 18:00:00,14.8,10.0,354.0
MG Road,12.9757,77.6011,2026-08-21 19:00:00,15.6,11.2,374.0
MG Road,12.9757,77.6011,2026-08-21 20:00:00,15.5,11.6,380.0
MG Road,12.9757,77.6011,2026-08-21 21:00:00,15.5,11.7,369.0
MG Road,12.9757,77.6011,2026-08-21 22:00:00,15.5,11.7,345.0
MG Road,12.9757,77.6011,2026-08-21 23:00:00,13.5,10.3,311.0
Whitefield,12.9698,77.75,2026-07-18 00:00:00,7.7,6.1,225.0
Whitefield,12.9698,77.75,2026-07-18 01:00:00,6.5,5.1,187.0
Whitefield,12.9698,77.75,2026-07-18 02:00:00,6.4,4.6,160.0
Whitefield,12.9698,77.75,2026-07-18 03:00:00,7.8,5.1,145.0
Whitefield,12.9698,77.75,2026-07-18 04:00:00,8.6,5.5,139.0
Whitefield,12.9698,77.75,2026-07-18 05:00:00,10.9,6.5,145.0
Whitefield,12.9698,77.75,2026-07-18 06:00:00,10.9,6.8,173.0
Whitefield,12.9698,77.75,2026-07-18 07:00:00,12.4,7.8,213.0
Whitefield,12.9698,77.75,2026-07-18 08:00:00,12.4,8.0,235.0
Whitefield,12.9698,77.75,2026-07-18 09:00:00,14.1,8.3,221.0
Whitefield,12.9698,77.75,2026-07-18 10:00:00,15.2,8.2,190.0
Whitefield,12.9698,77.75,2026-07-18 11:00:00,16.2,8.2,164.0
Whitefield,12.9698,77.75,2026-07-18 12:00:00,17.9,8.5,149.0
Whitefield,12.9698,77.75,2026-07-18 13:00:00,20.5,9.0,140.0
Whitefield,12.9698,77.75,2026-07-18 14:00:00,25.6,10.5,145.0
Whitefield,12.9698,77.75,2026-07-18 15:00:00,28.5,12.8,170.0
Whitefield,12.9698,77.75,2026-07-18 16:00:00,24.6,13.9,210.0
Whitefield,12.9698,77.75,2026-07-18 17:00:00,22.6,13.5,250.0
Whitefield,12.9698,77.75,2026-07-18 18:00:00,22.6,15.1,292.0
Whitefield,12.9698,77.75,2026-07-18 19:00:00,23.2,16.2,336.0
Whitefield,12.9698,77.75,2026-07-18 20:00:00,23.5,15.5,366.0
Whitefield,12.9698,77.75,2026-07-18 21:00:00,24.7,15.1,380.0
Whitefield,12.9698,77.75,2026-07-18 22:00:00,20.7,13.6,381.0
Whitefield,12.9698,77.75,2026-07-18 23:00:00,17.8,12.2,361.0
Whitefield,12.9698,77.75,2026-07-19 00:00:00,13.2,9.4,306.0
Whitefield,12.9698,77.75,2026-07-19 01:00:00,11.3,8.1,231.0
Whitefield,12.9698,77.75,2026-07-19 02:00:00,9.8,7.0,174.0
Whitefield,12.9698,77.75,2026-07-19 03:00:00,8.9,6.2,152.0
Whitefield,12.9698,77.75,2026-07-19 04:00:00,8.4,5.8,149.0
Whitefield,12.9698,77.75,2026-07-19 05:00:00,7.5,5.3,156.0
Whitefield,12.9698,77.75,2026-07-19 06:00:00,7.9,5.5,180.0
Whitefield,12.9698,77.75,2026-07-19 07:00:00,9.3,6.2,215.0
Whitefield,12.9698,77.75,2026-07-19 08:00:00,11.1,6.7,232.0
Whitefield,12.9698,77.75,2026-07-19 09:00:00,12.1,7.0,213.0
Whitefield,12.9698,77.75,2026-07-19 10:00:00,13.8,7.4,176.0
Whitefield,12.9698,77.75,2026-07-19 11:00:00,16.2,8.0,148.0
Whitefield,12.9698,77.75,2026-07-19 12:00:00,18.0,8.5,138.0
Whitefield,12.9698,77.75,2026-07-19 13:00:00,20.5,9.2,137.0
Whitefield,12.9698,77.75,2026-07-19 14:00:00,22.1,9.9,148.0
Whitefield,12.9698,77.75,2026-07-19 15:00:00,23.1,10.1,174.0
Whitefield,12.9698,77.75,2026-07-19 16:00:00,24.9,11.2,212.0
Whitefield,12.9698,77.75,2026-07-19 17:00:00,27.4,13.9,255.0
Whitefield,12.9698,77.75,2026-07-19 18:00:00,24.0,13.0,316.0
Whitefield,12.9698,77.75,2026-07-19 19:00:00,22.9,13.7,382.0
Whitefield,12.9698,77.75,2026-07-19 20:00:00,23.4,14.6,413.0
Whitefield,12.9698,77.75,2026-07-19 21:00:00,21.9,13.9,380.0
Whitefield,12.9698,77.75,2026-07-19 22:00:00,20.8,13.2,312.0
Whitefield,12.9698,77.75,2026-07-19 23:00:00,15.3,10.4,251.0
Whitefield,12.9698,77.75,2026-07-20 00:00:00,10.5,7.6,210.0
Whitefield,12.9698,77.75,2026-07-20 01:00:00,7.4,5.6,176.0
Whitefield,12.9698,77.75,2026-07-20 02:00:00,6.0,4.5,152.0
Whitefield,12.9698,77.75,2026-07-20 03:00:00,5.4,4.0,138.0
Whitefield,12.9698,77.75,2026-07-20 04:00:00,5.0,3.7,134.0
Whitefield,12.9698,77.75,2026-07-20 05:00:00,5.6,3.7,143.0
Whitefield,12.9698,77.75,2026-07-20 06:00:00,4.8,3.5,179.0
Whitefield,12.9698,77.75,2026-07-20 07:00:00,5.4,4.3,228.0
Whitefield,12.9698,77.75,2026-07-20 08:00:00,6.0,4.3,256.0
Whitefield,12.9698,77.75,2026-07-20 09:00:00,9.0,5.2,240.0
Whitefield,12.9698,77.75,2026-07-20 10:00:00,10.2,5.7,202.0
Whitefield,12.9698,77.75,2026-07-20 11:00:00,9.9,5.6,173.0
Whitefield,12.9698,77.75,2026-07-20 12:00:00,9.1,5.1,160.0
Whitefield,12.9698,77.75,2026-07-20 13:00:00,9.9,5.2,154.0
Whitefield,12.9698,77.75,2026-07-20 14:00:00,12.3,6.0,164.0
Whitefield,12.9698,77.75,2026-07-20 15:00:00,15.0,7.8,191.0
Whitefield,12.9698,77.75,2026-07-20 16:00:00,14.8,8.4,233.0
Whitefield,12.9698,77.75,2026-07-20 17:00:00,18.3,10.0,288.0
Whitefield,12.9698,77.75,2026-07-20 18:00:00,16.1,10.3,381.0
Whitefield,12.9698,77.75,2026-07-20 19:00:00,15.5,11.0,488.0
Whitefield,12.9698,77.75,2026-07-20 20:00:00,13.7,10.2,535.0
Whitefield,12.9698,77.75,2026-07-20 21:00:00,11.1,8.6,471.0
Whitefield,12.9698,77.75,2026-07-20 22:00:00,8.9,6.9,347.0
Whitefield,12.9698,77.75,2026-07-20 23:00:00,7.2,5.7,246.0
Whitefield,12.9698,77.75,2026-07-21 00:00:00,5.6,4.5,199.0
Whitefield,12.9698,77.75,2026-07-21 01:00:00,4.7,3.8,174.0
Whitefield,12.9698,77.75,2026-07-21 02:00:00,4.6,3.6,159.0
Whitefield,12.9698,77.75,2026-07-21 03:00:00,5.0,3.7,148.0
Whitefield,12.9698,77.75,2026-07-21 04:00:00,5.6,4.0,145.0
Whitefield,12.9698,77.75,2026-07-21 05:00:00,5.7,4.2,155.0
Whitefield,12.9698,77.75,2026-07-21 06:00:00,6.4,4.7,188.0
Whitefield,12.9698,77.75,2026-07-21 07:00:00,7.5,5.7,233.0
Whitefield,12.9698,77.75,2026-07-21 08:00:00,10.3,6.7,259.0
Whitefield,12.9698,77.75,2026-07-21 09:00:00,15.0,7.9,246.0
Whitefield,12.9698,77.75,2026-07-21 10:00:00,16.8,8.8,214.0
Whitefield,12.9698,77.75,2026-07-21 11:00:00,17.2,9.0,189.0
Whitefield,12.9698,77.75,2026-07-21 12:00:00,17.5,9.0,182.0
Whitefield,12.9698,77.75,2026-07-21 13:00:00,17.0,8.8,182.0
Whitefield,12.9698,77.75,2026-07-21 14:00:00,16.8,8.7,190.0
Whitefield,12.9698,77.75,2026-07-21 15:00:00,17.2,8.8,205.0
Whitefield,12.9698,77.75,2026-07-21 16:00:00,17.4,8.9,227.0
Whitefield,12.9698,77.75,2026-07-21 17:00:00,17.8,9.6,259.0
Whitefield,12.9698,77.75,2026-07-21 18:00:00,16.8,10.7,315.0
Whitefield,12.9698,77.75,2026-07-21 19:00:00,16.5,11.7,380.0
Whitefield,12.9698,77.75,2026-07-21 20:00:00,15.3,11.4,414.0
Whitefield,12.9698,77.75,2026-07-21 21:00:00,13.9,10.5,392.0
Whitefield,12.9698,77.75,2026-07-21 22:00:00,13.2,10.0,339.0
Whitefield,12.9698,77.75,2026-07-21 23:00:00,11.6,8.9,286.0
Whitefield,12.9698,77.75,2026-07-22 00:00:00,10.1,7.7,240.0
Whitefield,12.9698,77.75,2026-07-22 01:00:00,9.4,7.0,195.0
Whitefield,12.9698,77.75,2026-07-22 02:00:00,8.8,6.5,164.0
Whitefield,12.9698,77.75,2026-07-22 03:00:00,8.3,6.2,152.0
Whitefield,12.9698,77.75,2026-07-22 04:00:00,7.5,5.6,154.0
Whitefield,12.9698,77.75,2026-07-22 05:00:00,6.4,4.7,163.0
Whitefield,12.9698,77.75,2026-07-22 06:00:00,6.1,4.6,186.0
Whitefield,12.9698,77.75,2026-07-22 07:00:00,6.4,5.2,216.0
Whitefield,12.9698,77.75,2026-07-22 08:00:00,5.8,4.9,233.0
Whitefield,12.9698,77.75,2026-07-22 09:00:00,5.4,4.5,223.0
Whitefield,12.9698,77.75,2026-07-22 10:00:00,5.4,4.1,199.0
Whitefield,12.9698,77.75,2026-07-22 11:00:00,5.6,4.0,181.0
Whitefield,12.9698,77.75,2026-07-22 12:00:00,5.9,4.0,170.0
Whitefield,12.9698,77.75,2026-07-22 13:00:00,6.1,4.1,165.0
Whitefield,12.9698,77.75,2026-07-22 14:00:00,6.8,4.2,182.0
Whitefield,12.9698,77.75,2026-07-22 15:00:00,8.1,5.2,241.0
Whitefield,12.9698,77.75,2026-07-22 16:00:00,7.5,5.1,322.0
Whitefield,12.9698,77.75,2026-07-22 17:00:00,8.7,5.9,378.0
Whitefield,12.9698,77.75,2026-07-22 18:00:00,10.0,7.2,387.0
Whitefield,12.9698,77.75,2026-07-22 19:00:00,11.8,9.0,371.0
Whitefield,12.9698,77.75,2026-07-22 20:00:00,11.7,8.9,348.0
Whitefield,12.9698,77.75,2026-07-22 21:00:00,11.4,8.5,323.0
Whitefield,12.9698,77.75,2026-07-22 22:00:00,11.3,8.2,291.0
Whitefield,12.9698,77.75,2026-07-22 23:00:00,11.3,7.8,260.0
Whitefield,12.9698,77.75,2026-07-23 00:00:00,11.1,7.2,228.0
Whitefield,12.9698,77.75,2026-07-23 01:00:00,11.1,6.7,196.0
Whitefield,12.9698,77.75,2026-07-23 02:00:00,11.3,6.6,173.0
Whitefield,12.9698,77.75,2026-07-23 03:00:00,12.0,6.7,161.0
Whitefield,12.9698,77.75,2026-07-23 04:00:00,12.6,6.8,159.0
Whitefield,12.9698,77.75,2026-07-23 05:00:00,10.3,5.6,164.0
Whitefield,12.9698,77.75,2026-07-23 06:00:00,9.2,5.4,185.0
Whitefield,12.9698,77.75,2026-07-23 07:00:00,8.7,5.5,214.0
Whitefield,12.9698,77.75,2026-07-23 08:00:00,7.5,4.9,229.0
Whitefield,12.9698,77.75,2026-07-23 09:00:00,6.8,4.6,215.0
Whitefield,12.9698,77.75,2026-07-23 10:00:00,7.0,4.5,187.0
Whitefield,12.9698,77.75,2026-07-23 11:00:00,7.8,4.6,166.0
Whitefield,12.9698,77.75,2026-07-23 12:00:00,8.7,4.8,159.0
Whitefield,12.9698,77.75,2026-07-23 13:00:00,10.8,5.4,157.0
Whitefield,12.9698,77.75,2026-07-23 14:00:00,13.3,6.4,161.0
Whitefield,12.9698,77.75,2026-07-23 15:00:00,14.4,6.9,167.0
Whitefield,12.9698,77.75,2026-07-23 16:00:00,14.3,7.2,177.0
Whitefield,12.9698,77.75,2026-07-23 17:00:00,19.2,10.0,197.0
Whitefield,12.9698,77.75,2026-07-23 18:00:00,17.2,10.7,240.0
Whitefield,12.9698,77.75,2026-07-23 19:00:00,17.4,11.9,293.0
Whitefield,12.9698,77.75,2026-07-23 20:00:00,17.9,12.4,320.0
Whitefield,12.9698,77.75,2026-07-23 21:00:00,17.4,12.2,298.0
Whitefield,12.9698,77.75,2026-07-23 22:00:00,15.7,11.3,251.0
Whitefield,12.9698,77.75,2026-07-23 23:00:00,13.2,9.7,209.0
Whitefield,12.9698,77.75,2026-07-24 00:00:00,9.3,6.9,183.0
Whitefield,12.9698,77.75,2026-07-24 01:00:00,8.4,5.8,163.0
Whitefield,12.9698,77.75,2026-07-24 02:00:00,9.3,5.7,150.0
Whitefield,12.9698,77.75,2026-07-24 03:00:00,10.6,5.9,144.0
Whitefield,12.9698,77.75,2026-07-24 04:00:00,11.4,6.1,145.0
Whitefield,12.9698,77.75,2026-07-24 05:00:00,6.0,3.5,156.0
Whitefield,12.9698,77.75,2026-07-24 06:00:00,5.8,3.8,187.0
Whitefield,12.9698,77.75,2026-07-24 07:00:00,6.3,4.6,227.0
Whitefield,12.9698,77.75,2026-07-24 08:00:00,5.6,4.2,248.0
Whitefield,12.9698,77.75,2026-07-24 09:00:00,10.4,5.4,232.0
Whitefield,12.9698,77.75,2026-07-24 10:00:00,19.0,8.4,198.0
Whitefield,12.9698,77.75,2026-07-24 11:00:00,28.9,12.1,171.0
Whitefield,12.9698,77.75,2026-07-24 12:00:00,33.2,14.1,159.0
Whitefield,12.9698,77.75,2026-07-24 13:00:00,36.3,15.4,154.0
Whitefield,12.9698,77.75,2026-07-24 14:00:00,43.0,17.4,160.0
Whitefield,12.9698,77.75,2026-07-24 15:00:00,51.7,20.7,185.0
Whitefield,12.9698,77.75,2026-07-24 16:00:00,58.7,23.2,221.0
Whitefield,12.9698,77.75,2026-07-24 17:00:00,38.4,19.3,250.0
Whitefield,12.9698,77.75,2026-07-24 18:00:00,37.3,19.8,264.0
Whitefield,12.9698,77.75,2026-07-24 19:00:00,30.7,18.0,271.0
Whitefield,12.9698,77.75,2026-07-24 20:00:00,25.5,16.0,276.0
Whitefield,12.9698,77.75,2026-07-24 21:00:00,20.3,13.4,285.0
Whitefield,12.9698,77.75,2026-07-24 22:00:00,16.8,11.8,292.0
Whitefield,12.9698,77.75,2026-07-24 23:00:00,12.8,9.5,284.0
Whitefield,12.9698,77.75,2026-07-25 00:00:00,9.2,7.0,245.0
Whitefield,12.9698,77.75,2026-07-25 01:00:00,7.4,5.7,191.0
Whitefield,12.9698,77.75,2026-07-25 02:00:00,6.9,5.0,152.0
Whitefield,12.9698,77.75,2026-07-25 03:00:00,7.5,5.0,138.0
Whitefield,12.9698,77.75,2026-07-25 04:00:00,8.5,5.4,139.0
Whitefield,12.9698,77.75,2026-07-25 05:00:00,9.8,6.1,154.0
Whitefield,12.9698,77.75,2026-07-25 06:00:00,10.6,6.4,199.0
Whitefield,12.9698,77.75,2026-07-25 07:00:00,11.9,7.2,258.0
Whitefield,12.9698,77.75,2026-07-25 08:00:00,12.9,7.7,289.0
Whitefield,12.9698,77.75,2026-07-25 09:00:00,14.3,8.2,262.0
Whitefield,12.9698,77.75,2026-07-25 10:00:00,15.0,8.3,206.0
Whitefield,12.9698,77.75,2026-07-25 11:00:00,15.3,8.0,163.0
Whitefield,12.9698,77.75,2026-07-25 12:00:00,14.3,7.5,148.0
Whitefield,12.9698,77.75,2026-07-25 13:00:00,12.9,6.9,146.0
Whitefield,12.9698,77.75,2026-07-25 14:00:00,13.0,6.9,159.0
Whitefield,12.9698,77.75,2026-07-25 15:00:00,11.0,6.0,194.0
Whitefield,12.9698,77.75,2026-07-25 16:00:00,10.2,6.2,244.0
Whitefield,12.9698,77.75,2026-07-25 17:00:00,15.8,9.1,290.0
Whitefield,12.9698,77.75,2026-07-25 18:00:00,16.3,11.3,333.0
Whitefield,12.9698,77.75,2026-07-25 19:00:00,16.9,12.5,372.0
Whitefield,12.9698,77.75,2026-07-25 20:00:00,16.6,12.4,382.0
Whitefield,12.9698,77.75,2026-07-25 21:00:00,16.8,12.0,344.0
Whitefield,12.9698,77.75,2026-07-25 22:00:00,15.1,10.7,278.0
Whitefield,12.9698,77.75,2026-07-25 23:00:00,13.0,9.1,220.0
Whitefield,12.9698,77.75,2026-07-26 00:00:00,10.5,7.3,184.0
Whitefield,12.9698,77.75,2026-07-26 01:00:00,7.9,5.7,156.0
Whitefield,12.9698,77.75,2026-07-26 02:00:00,6.4,4.6,136.0
Whitefield,12.9698,77.75,2026-07-26 03:00:00,5.6,4.0,123.0
Whitefield,12.9698,77.75,2026-07-26 04:00:00,6.4,4.1,118.0
Whitefield,12.9698,77.75,2026-07-26 05:00:00,5.5,3.7,122.0
Whitefield,12.9698,77.75,2026-07-26 06:00:00,5.2,3.5,143.0
Whitefield,12.9698,77.75,2026-07-26 07:00:00,5.6,3.9,174.0
Whitefield,12.9698,77.75,2026-07-26 08:00:00,5.3,3.7,191.0
Whitefield,12.9698,77.75,2026-07-26 09:00:00,6.3,4.2,180.0
Whitefield,12.9698,77.75,2026-07-26 10:00:00,8.7,5.3,156.0
Whitefield,12.9698,77.75,2026-07-26 11:00:00,10.5,6.1,141.0
Whitefield,12.9698,77.75,2026-07-26 12:00:00,13.9,7.2,144.0
Whitefield,12.9698,77.75,2026-07-26 13:00:00,13.9,7.2,157.0
Whitefield,12.9698,77.75,2026-07-26 14:00:00,15.5,7.7,174.0
Whitefield,12.9698,77.75,2026-07-26 15:00:00,17.6,8.9,199.0
Whitefield,12.9698,77.75,2026-07-26 16:00:00,16.5,9.3,230.0
Whitefield,12.9698,77.75,2026-07-26 17:00:00,19.3,10.0,248.0
Whitefield,12.9698,77.75,2026-07-26 18:00:00,19.4,11.5,247.0
Whitefield,12.9698,77.75,2026-07-26 19:00:00,20.2,12.7,234.0
Whitefield,12.9698,77.75,2026-07-26 20:00:00,20.1,12.7,218.0
Whitefield,12.9698,77.75,2026-07-26 21:00:00,15.4,10.5,200.0
Whitefield,12.9698,77.75,2026-07-26 22:00:00,11.3,8.1,180.0
Whitefield,12.9698,77.75,2026-07-26 23:00:00,7.6,5.8,161.0
Whitefield,12.9698,77.75,2026-07-27 00:00:00,5.3,4.1,144.0
Whitefield,12.9698,77.75,2026-07-27 01:00:00,4.2,3.2,130.0
Whitefield,12.9698,77.75,2026-07-27 02:00:00,4.2,2.8,119.0
Whitefield,12.9698,77.75,2026-07-27 03:00:00,4.0,2.6,111.0
Whitefield,12.9698,77.75,2026-07-27 04:00:00,3.6,2.3,107.0
Whitefield,12.9698,77.75,2026-07-27 05:00:00,3.0,2.0,115.0
Whitefield,12.9698,77.75,2026-07-27 06:00:00,2.9,2.1,149.0
Whitefield,12.9698,77.75,2026-07-27 07:00:00,3.2,2.7,196.0
Whitefield,12.9698,77.75,2026-07-27 08:00:00,3.8,3.0,223.0
Whitefield,12.9698,77.75,2026-07-27 09:00:00,5.7,3.8,210.0
Whitefield,12.9698,77.75,2026-07-27 10:00:00,10.4,5.3,178.0
Whitefield,12.9698,77.75,2026-07-27 11:00:00,11.4,6.1,154.0
Whitefield,12.9698,77.75,2026-07-27 12:00:00,12.2,6.4,149.0
Whitefield,12.9698,77.75,2026-07-27 13:00:00,14.1,6.8,153.0
Whitefield,12.9698,77.75,2026-07-27 14:00:00,17.8,8.1,162.0
Whitefield,12.9698,77.75,2026-07-27 15:00:00,21.1,9.4,175.0
Whitefield,12.9698,77.75,2026-07-27 16:00:00,23.5,10.2,192.0
Whitefield,12.9698,77.75,2026-07-27 17:00:00,27.9,14.1,213.0
Whitefield,12.9698,77.75,2026-07-27 18:00:00,24.7,14.2,242.0
Whitefield,12.9698,77.75,2026-07-27 19:00:00,25.8,14.8,274.0
Whitefield,12.9698,77.75,2026-07-27 20:00:00,23.6,14.1,290.0
Whitefield,12.9698,77.75,2026-07-27 21:00:00,18.6,11.8,278.0
Whitefield,12.9698,77.75,2026-07-27 22:00:00,12.7,8.8,250.0
Whitefield,12.9698,77.75,2026-07-27 23:00:00,8.2,6.2,221.0
Whitefield,12.9698,77.75,2026-07-28 00:00:00,5.3,4.3,195.0
Whitefield,12.9698,77.75,2026-07-28 01:00:00,4.3,3.4,168.0
Whitefield,12.9698,77.75,2026-07-28 02:00:00,4.4,3.0,150.0
Whitefield,12.9698,77.75,2026-07-28 03:00:00,4.5,2.8,143.0
Whitefield,12.9698,77.75,2026-07-28 04:00:00,4.8,2.8,145.0
Whitefield,12.9698,77.75,2026-07-28 05:00:00,3.5,2.3,155.0
Whitefield,12.9698,77.75,2026-07-28 06:00:00,3.5,2.4,181.0
Whitefield,12.9698,77.75,2026-07-28 07:00:00,3.8,3.1,215.0
Whitefield,12.9698,77.75,2026-07-28 08:00:00,4.6,3.4,232.0
Whitefield,12.9698,77.75,2026-07-28 09:00:00,6.0,3.8,215.0
Whitefield,12.9698,77.75,2026-07-28 10:00:00,7.9,4.4,182.0
Whitefield,12.9698,77.75,2026-07-28 11:00:00,11.1,5.5,156.0
Whitefield,12.9698,77.75,2026-07-28 12:00:00,13.8,6.4,146.0
Whitefield,12.9698,77.75,2026-07-28 13:00:00,11.6,5.8,143.0
Whitefield,12.9698,77.75,2026-07-28 14:00:00,11.5,5.8,148.0
Whitefield,12.9698,77.75,2026-07-28 15:00:00,11.8,5.9,164.0
Whitefield,12.9698,77.75,2026-07-28 16:00:00,12.8,6.4,187.0
Whitefield,12.9698,77.75,2026-07-28 17:00:00,14.8,7.5,205.0
Whitefield,12.9698,77.75,2026-07-28 18:00:00,13.4,7.7,212.0
Whitefield,12.9698,77.75,2026-07-28 19:00:00,12.6,8.0,214.0
Whitefield,12.9698,77.75,2026-07-28 20:00:00,12.3,7.9,212.0
Whitefield,12.9698,77.75,2026-07-28 21:00:00,11.5,7.3,205.0
Whitefield,12.9698,77.75,2026-07-28 22:00:00,9.8,6.4,193.0
Whitefield,12.9698,77.75,2026-07-28 23:00:00,7.7,5.3,180.0
Whitefield,12.9698,77.75,2026-07-29 00:00:00,8.3,4.9,163.0
Whitefield,12.9698,77.75,2026-07-29 01:00:00,4.7,3.3,144.0
Whitefield,12.9698,77.75,2026-07-29 02:00:00,3.2,2.5,131.0
Whitefield,12.9698,77.75,2026-07-29 03:00:00,2.3,2.0,123.0
Whitefield,12.9698,77.75,2026-07-29 04:00:00,2.1,1.8,121.0
Whitefield,12.9698,77.75,2026-07-29 05:00:00,6.4,2.9,132.0
Whitefield,12.9698,77.75,2026-07-29 06:00:00,7.4,3.4,173.0
Whitefield,12.9698,77.75,2026-07-29 07:00:00,5.6,3.7,227.0
Whitefield,12.9698,77.75,2026-07-29 08:00:00,5.3,3.5,257.0
Whitefield,12.9698,77.75,2026-07-29 09:00:00,5.9,3.4,238.0
Whitefield,12.9698,77.75,2026-07-29 10:00:00,6.1,3.5,195.0
Whitefield,12.9698,77.75,2026-07-29 11:00:00,8.4,3.9,163.0
Whitefield,12.9698,77.75,2026-07-29 12:00:00,11.9,5.1,154.0
Whitefield,12.9698,77.75,2026-07-29 13:00:00,14.1,5.6,155.0
Whitefield,12.9698,77.75,2026-07-29 14:00:00,18.0,6.9,167.0
Whitefield,12.9698,77.75,2026-07-29 15:00:00,19.5,7.8,195.0
Whitefield,12.9698,77.75,2026-07-29 16:00:00,17.7,7.7,234.0
Whitefield,12.9698,77.75,2026-07-29 17:00:00,24.5,10.6,261.0
Whitefield,12.9698,77.75,2026-07-29 18:00:00,17.1,9.5,268.0
Whitefield,12.9698,77.75,2026-07-29 19:00:00,14.0,8.5,263.0
Whitefield,12.9698,77.75,2026-07-29 20:00:00,12.8,7.9,253.0
Whitefield,12.9698,77.75,2026-07-29 21:00:00,12.0,7.2,237.0
Whitefield,12.9698,77.75,2026-07-29 22:00:00,10.8,6.5,215.0
Whitefield,12.9698,77.75,2026-07-29 23:00:00,10.9,6.2,193.0
Whitefield,12.9698,77.75,2026-07-30 00:00:00,11.0,5.8,169.0
Whitefield,12.9698,77.75,2026-07-30 01:00:00,10.2,5.3,145.0
Whitefield,12.9698,77.75,2026-07-30 02:00:00,8.8,4.5,127.0
Whitefield,12.9698,77.75,2026-07-30 03:00:00,5.8,3.1,116.0
Whitefield,12.9698,77.75,2026-07-30 04:00:00,5.2,2.6,112.0
Whitefield,12.9698,77.75,2026-07-30 05:00:00,4.4,2.5,119.0
Whitefield,12.9698,77.75,2026-07-30 06:00:00,4.2,2.4,150.0
Whitefield,12.9698,77.75,2026-07-30 07:00:00,4.6,3.4,192.0
Whitefield,12.9698,77.75,2026-07-30 08:00:00,4.6,3.3,218.0
Whitefield,12.9698,77.75,2026-07-30 09:00:00,4.6,3.3,210.0
Whitefield,12.9698,77.75,2026-07-30 10:00:00,5.8,3.5,186.0
Whitefield,12.9698,77.75,2026-07-30 11:00:00,8.0,4.1,167.0
Whitefield,12.9698,77.75,2026-07-30 12:00:00,10.9,5.1,161.0
Whitefield,12.9698,77.75,2026-07-30 13:00:00,17.3,7.3,160.0
Whitefield,12.9698,77.75,2026-07-30 14:00:00,17.8,7.8,168.0
Whitefield,12.9698,77.75,2026-07-30 15:00:00,15.4,6.9,191.0
Whitefield,12.9698,77.75,2026-07-30 16:00:00,10.1,5.6,222.0
Whitefield,12.9698,77.75,2026-07-30 17:00:00,13.4,7.6,242.0
Whitefield,12.9698,77.75,2026-07-30 18:00:00,11.5,7.0,241.0
Whitefield,12.9698,77.75,2026-07-30 19:00:00,10.8,7.2,229.0
Whitefield,12.9698,77.75,2026-07-30 20:00:00,10.2,6.8,215.0
Whitefield,12.9698,77.75,2026-07-30 21:00:00,8.2,5.5,202.0
Whitefield,12.9698,77.75,2026-07-30 22:00:00,7.9,5.2,187.0
Whitefield,12.9698,77.75,2026-07-30 23:00:00,5.1,3.9,171.0
Whitefield,12.9698,77.75,2026-07-31 00:00:00,5.4,3.4,154.0
Whitefield,12.9698,77.75,2026-07-31 01:00:00,5.5,3.1,136.0
Whitefield,12.9698,77.75,2026-07-31 02:00:00,4.4,2.6,123.0
Whitefield,12.9698,77.75,2026-07-31 03:00:00,3.1,2.0,114.0
Whitefield,12.9698,77.75,2026-07-31 04:00:00,2.6,1.7,110.0
Whitefield,12.9698,77.75,2026-07-31 05:00:00,4.0,2.2,118.0
Whitefield,12.9698,77.75,2026-07-31 06:00:00,4.3,2.4,149.0
Whitefield,12.9698,77.75,2026-07-31 07:00:00,5.6,3.5,192.0
Whitefield,12.9698,77.75,2026-07-31 08:00:00,6.4,4.0,217.0
Whitefield,12.9698,77.75,2026-07-31 09:00:00,7.4,4.1,207.0
Whitefield,12.9698,77.75,2026-07-31 10:00:00,9.5,4.5,180.0
Whitefield,12.9698,77.75,2026-07-31 11:00:00,11.5,5.4,159.0
Whitefield,12.9698,77.75,2026-07-31 12:00:00,12.1,5.8,151.0
Whitefield,12.9698,77.75,2026-07-31 13:00:00,13.8,6.4,148.0
Whitefield,12.9698,77.75,2026-07-31 14:00:00,13.5,6.5,156.0
Whitefield,12.9698,77.75,2026-07-31 15:00:00,13.3,6.5,180.0
Whitefield,12.9698,77.75,2026-07-31 16:00:00,10.7,5.6,213.0
Whitefield,12.9698,77.75,2026-07-31 17:00:00,15.3,9.0,242.0
Whitefield,12.9698,77.75,2026-07-31 18:00:00,14.2,9.2,264.0
Whitefield,12.9698,77.75,2026-07-31 19:00:00,12.8,9.0,282.0
Whitefield,12.9698,77.75,2026-07-31 20:00:00,11.0,8.1,286.0
Whitefield,12.9698,77.75,2026-07-31 21:00:00,9.4,6.9,269.0
Whitefield,12.9698,77.75,2026-07-31 22:00:00,7.7,5.9,239.0
Whitefield,12.9698,77.75,2026-07-31 23:00:00,5.6,4.6,208.0
Whitefield,12.9698,77.75,2026-08-01 00:00:00,3.8,3.3,179.0
Whitefield,12.9698,77.75,2026-08-01 01:00:00,2.9,2.6,150.0
Whitefield,12.9698,77.75,2026-08-01 02:00:00,2.7,2.2,129.0
Whitefield,12.9698,77.75,2026-08-01 03:00:00,3.0,2.2,117.0
Whitefield,12.9698,77.75,2026-08-01 04:00:00,3.2,2.1,114.0
Whitefield,12.9698,77.75,2026-08-01 05:00:00,3.0,2.3,124.0
Whitefield,12.9698,77.75,2026-08-01 06:00:00,2.8,2.3,162.0
Whitefield,12.9698,77.75,2026-08-01 07:00:00,3.2,2.7,215.0
Whitefield,12.9698,77.75,2026-08-01 08:00:00,4.8,3.5,244.0
Whitefield,12.9698,77.75,2026-08-01 09:00:00,4.6,3.2,226.0
Whitefield,12.9698,77.75,2026-08-01 10:00:00,4.9,3.0,186.0
Whitefield,12.9698,77.75,2026-08-01 11:00:00,5.5,3.1,158.0
Whitefield,12.9698,77.75,2026-08-01 12:00:00,9.6,4.4,153.0
Whitefield,12.9698,77.75,2026-08-01 13:00:00,14.3,6.2,161.0
Whitefield,12.9698,77.75,2026-08-01 14:00:00,19.3,7.9,184.0
Whitefield,12.9698,77.75,2026-08-01 15:00:00,20.0,8.0,239.0
Whitefield,12.9698,77.75,2026-08-01 16:00:00,17.5,8.7,310.0
Whitefield,12.9698,77.75,2026-08-01 17:00:00,11.5,6.5,354.0
Whitefield,12.9698,77.75,2026-08-01 18:00:00,8.5,6.0,349.0
Whitefield,12.9698,77.75,2026-08-01 19:00:00,7.5,5.9,318.0
Whitefield,12.9698,77.75,2026-08-01 20:00:00,6.0,5.2,286.0
Whitefield,12.9698,77.75,2026-08-01 21:00:00,5.1,4.3,263.0
Whitefield,12.9698,77.75,2026-08-01 22:00:00,5.7,4.3,239.0
Whitefield,12.9698,77.75,2026-08-01 23:00:00,5.4,3.9,215.0
Whitefield,12.9698,77.75,2026-08-02 00:00:00,4.0,2.9,186.0
Whitefield,12.9698,77.75,2026-08-02 01:00:00,2.7,2.1,157.0
Whitefield,12.9698,77.75,2026-08-02 02:00:00,2.8,2.0,135.0
Whitefield,12.9698,77.75,2026-08-02 03:00:00,4.9,2.6,123.0
Whitefield,12.9698,77.75,2026-08-02 04:00:00,5.6,2.9,119.0
Whitefield,12.9698,77.75,2026-08-02 05:00:00,2.5,1.8,125.0
Whitefield,12.9698,77.75,2026-08-02 06:00:00,2.3,1.8,150.0
Whitefield,12.9698,77.75,2026-08-02 07:00:00,2.7,2.3,184.0
Whitefield,12.9698,77.75,2026-08-02 08:00:00,2.5,2.2,203.0
Whitefield,12.9698,77.75,2026-08-02 09:00:00,2.3,2.0,192.0
Whitefield,12.9698,77.75,2026-08-02 10:00:00,2.6,2.0,166.0
Whitefield,12.9698,77.75,2026-08-02 11:00:00,4.5,2.5,144.0
Whitefield,12.9698,77.75,2026-08-02 12:00:00,9.3,4.2,133.0
Whitefield,12.9698,77.75,2026-08-02 13:00:00,13.6,5.8,128.0
Whitefield,12.9698,77.75,2026-08-02 14:00:00,16.5,6.9,128.0
Whitefield,12.9698,77.75,2026-08-02 15:00:00,19.9,8.2,134.0
Whitefield,12.9698,77.75,2026-08-02 16:00:00,19.4,8.4,146.0
Whitefield,12.9698,77.75,2026-08-02 17:00:00,17.7,9.5,168.0
Whitefield,12.9698,77.75,2026-08-02 18:00:00,19.8,10.6,213.0
Whitefield,12.9698,77.75,2026-08-02 19:00:00,15.7,9.1,268.0
Whitefield,12.9698,77.75,2026-08-02 20:00:00,13.5,8.1,298.0
Whitefield,12.9698,77.75,2026-08-02 21:00:00,15.4,8.5,283.0
Whitefield,12.9698,77.75,2026-08-02 22:00:00,14.5,8.1,244.0
Whitefield,12.9698,77.75,2026-08-02 23:00:00,13.2,7.4,208.0
Whitefield,12.9698,77.75,2026-08-03 00:00:00,11.4,6.2,185.0
Whitefield,12.9698,77.75,2026-08-03 01:00:00,10.7,5.5,166.0
Whitefield,12.9698,77.75,2026-08-03 02:00:00,10.3,5.1,152.0
Whitefield,12.9698,77.75,2026-08-03 03:00:00,10.9,5.2,140.0
Whitefield,12.9698,77.75,2026-08-03 04:00:00,11.4,5.3,133.0
Whitefield,12.9698,77.75,2026-08-03 05:00:00,8.3,4.1,138.0
Whitefield,12.9698,77.75,2026-08-03 06:00:00,8.3,4.3,170.0
Whitefield,12.9698,77.75,2026-08-03 07:00:00,11.1,5.8,214.0
Whitefield,12.9698,77.75,2026-08-03 08:00:00,14.1,6.6,237.0
Whitefield,12.9698,77.75,2026-08-03 09:00:00,17.9,7.7,217.0
Whitefield,12.9698,77.75,2026-08-03 10:00:00,28.1,10.7,176.0
Whitefield,12.9698,77.75,2026-08-03 11:00:00,22.8,9.1,148.0
Whitefield,12.9698,77.75,2026-08-03 12:00:00,27.8,10.7,145.0
Whitefield,12.9698,77.75,2026-08-03 13:00:00,25.3,10.3,156.0
Whitefield,12.9698,77.75,2026-08-03 14:00:00,21.1,10.0,182.0
Whitefield,12.9698,77.75,2026-08-03 15:00:00,17.2,9.3,232.0
Whitefield,12.9698,77.75,2026-08-03 16:00:00,13.6,8.5,297.0
Whitefield,12.9698,77.75,2026-08-03 17:00:00,25.6,12.2,347.0
Whitefield,12.9698,77.75,2026-08-03 18:00:00,25.6,15.1,371.0
Whitefield,12.9698,77.75,2026-08-03 19:00:00,25.2,15.8,380.0
Whitefield,12.9698,77.75,2026-08-03 20:00:00,21.6,13.6,375.0
Whitefield,12.9698,77.75,2026-08-03 21:00:00,19.5,12.2,353.0
Whitefield,12.9698,77.75,2026-08-03 22:00:00,13.6,9.4,318.0
Whitefield,12.9698,77.75,2026-08-03 23:00:00,10.6,7.9,280.0
Whitefield,12.9698,77.75,2026-08-04 00:00:00,7.4,5.7,239.0
Whitefield,12.9698,77.75,2026-08-04 01:00:00,5.7,4.4,196.0
Whitefield,12.9698,77.75,2026-08-04 02:00:00,5.1,3.7,164.0
Whitefield,12.9698,77.75,2026-08-04 03:00:00,5.0,3.4,149.0
Whitefield,12.9698,77.75,2026-08-04 04:00:00,5.2,3.3,146.0
Whitefield,12.9698,77.75,2026-08-04 05:00:00,4.1,2.9,151.0
Whitefield,12.9698,77.75,2026-08-04 06:00:00,3.8,3.0,172.0
Whitefield,12.9698,77.75,2026-08-04 07:00:00,4.5,3.7,201.0
Whitefield,12.9698,77.75,2026-08-04 08:00:00,5.0,4.0,215.0
Whitefield,12.9698,77.75,2026-08-04 09:00:00,5.3,3.8,197.0
Whitefield,12.9698,77.75,2026-08-04 10:00:00,8.6,4.2,163.0
Whitefield,12.9698,77.75,2026-08-04 11:00:00,10.4,5.5,140.0
Whitefield,12.9698,77.75,2026-08-04 12:00:00,11.3,6.3,135.0
Whitefield,12.9698,77.75,2026-08-04 13:00:00,11.5,6.4,142.0
Whitefield,12.9698,77.75,2026-08-04 14:00:00,11.1,5.9,165.0
Whitefield,12.9698,77.75,2026-08-04 15:00:00,10.2,6.2,219.0
Whitefield,12.9698,77.75,2026-08-04 16:00:00,10.2,7.4,290.0
Whitefield,12.9698,77.75,2026-08-04 17:00:00,9.6,8.1,344.0
Whitefield,12.9698,77.75,2026-08-04 18:00:00,11.0,9.5,367.0
Whitefield,12.9698,77.75,2026-08-04 19:00:00,12.3,10.0,373.0
Whitefield,12.9698,77.75,2026-08-04 20:00:00,12.4,9.8,368.0
Whitefield,12.9698,77.75,2026-08-04 21:00:00,11.3,8.6,352.0
Whitefield,12.9698,77.75,2026-08-04 22:00:00,11.0,8.5,326.0
Whitefield,12.9698,77.75,2026-08-04 23:00:00,10.9,8.0,293.0
Whitefield,12.9698,77.75,2026-08-05 00:00:00,9.4,6.6,249.0
Whitefield,12.9698,77.75,2026-08-05 01:00:00,7.9,5.4,198.0
Whitefield,12.9698,77.75,2026-08-05 02:00:00,5.9,4.0,161.0
Whitefield,12.9698,77.75,2026-08-05 03:00:00,5.2,3.4,144.0
Whitefield,12.9698,77.75,2026-08-05 04:00:00,5.0,3.2,141.0
Whitefield,12.9698,77.75,2026-08-05 05:00:00,4.4,3.3,149.0
Whitefield,12.9698,77.75,2026-08-05 06:00:00,5.2,3.6,179.0
Whitefield,12.9698,77.75,2026-08-05 07:00:00,8.3,4.6,222.0
Whitefield,12.9698,77.75,2026-08-05 08:00:00,9.7,6.4,244.0
Whitefield,12.9698,77.75,2026-08-05 09:00:00,10.6,6.5,223.0
Whitefield,12.9698,77.75,2026-08-05 10:00:00,14.2,7.3,182.0
Whitefield,12.9698,77.75,2026-08-05 11:00:00,18.6,8.6,157.0
Whitefield,12.9698,77.75,2026-08-05 12:00:00,19.3,8.6,163.0
Whitefield,12.9698,77.75,2026-08-05 13:00:00,20.5,9.6,186.0
Whitefield,12.9698,77.75,2026-08-05 14:00:00,21.7,10.4,213.0
Whitefield,12.9698,77.75,2026-08-05 15:00:00,20.8,11.2,246.0
Whitefield,12.9698,77.75,2026-08-05 16:00:00,21.5,11.7,283.0
Whitefield,12.9698,77.75,2026-08-05 17:00:00,16.5,10.0,312.0
Whitefield,12.9698,77.75,2026-08-05 18:00:00,16.4,10.6,329.0
Whitefield,12.9698,77.75,2026-08-05 19:00:00,16.1,11.1,337.0
Whitefield,12.9698,77.75,2026-08-05 20:00:00,15.0,10.4,335.0
Whitefield,12.9698,77.75,2026-08-05 21:00:00,14.2,9.7,320.0
Whitefield,12.9698,77.75,2026-08-05 22:00:00,13.0,9.1,295.0
Whitefield,12.9698,77.75,2026-08-05 23:00:00,10.9,7.8,266.0
Whitefield,12.9698,77.75,2026-08-06 00:00:00,8.8,6.1,230.0
Whitefield,12.9698,77.75,2026-08-06 01:00:00,6.7,4.9,190.0
Whitefield,12.9698,77.75,2026-08-06 02:00:00,5.0,3.9,160.0
Whitefield,12.9698,77.75,2026-08-06 03:00:00,4.0,3.1,144.0
Whitefield,12.9698,77.75,2026-08-06 04:00:00,4.2,3.0,139.0
Whitefield,12.9698,77.75,2026-08-06 05:00:00,6.1,3.8,147.0
Whitefield,12.9698,77.75,2026-08-06 06:00:00,6.5,4.0,180.0
Whitefield,12.9698,77.75,2026-08-06 07:00:00,8.1,5.5,226.0
Whitefield,12.9698,77.75,2026-08-06 08:00:00,8.5,5.4,252.0
Whitefield,12.9698,77.75,2026-08-06 09:00:00,9.7,5.6,236.0
Whitefield,12.9698,77.75,2026-08-06 10:00:00,14.0,6.9,199.0
Whitefield,12.9698,77.75,2026-08-06 11:00:00,16.3,7.9,173.0
Whitefield,12.9698,77.75,2026-08-06 12:00:00,19.0,8.5,167.0
Whitefield,12.9698,77.75,2026-08-06 13:00:00,20.5,10.2,172.0
Whitefield,12.9698,77.75,2026-08-06 14:00:00,22.1,11.0,184.0
Whitefield,12.9698,77.75,2026-08-06 15:00:00,24.1,12.0,209.0
Whitefield,12.9698,77.75,2026-08-06 16:00:00,25.8,12.1,243.0
Whitefield,12.9698,77.75,2026-08-06 17:00:00,30.6,14.9,269.0
Whitefield,12.9698,77.75,2026-08-06 18:00:00,27.1,15.5,281.0
Whitefield,12.9698,77.75,2026-08-06 19:00:00,30.4,17.1,286.0
Whitefield,12.9698,77.75,2026-08-06 20:00:00,22.5,14.1,283.0
Whitefield,12.9698,77.75,2026-08-06 21:00:00,18.4,11.8,271.0
Whitefield,12.9698,77.75,2026-08-06 22:00:00,14.5,9.9,251.0
Whitefield,12.9698,77.75,2026-08-06 23:00:00,10.8,7.9,228.0
Whitefield,12.9698,77.75,2026-08-07 00:00:00,7.3,5.6,199.0
Whitefield,12.9698,77.75,2026-08-07 01:00:00,5.2,4.0,167.0
Whitefield,12.9698,77.75,2026-08-07 02:00:00,4.2,3.2,143.0
Whitefield,12.9698,77.75,2026-08-07 03:00:00,4.1,3.0,130.0
Whitefield,12.9698,77.75,2026-08-07 04:00:00,3.9,2.7,125.0
Whitefield,12.9698,77.75,2026-08-07 05:00:00,4.4,2.7,135.0
Whitefield,12.9698,77.75,2026-08-07 06:00:00,5.0,3.1,176.0
Whitefield,12.9698,77.75,2026-08-07 07:00:00,7.0,4.6,232.0
Whitefield,12.9698,77.75,2026-08-07 08:00:00,8.2,5.2,264.0
Whitefield,12.9698,77.75,2026-08-07 09:00:00,7.9,5.1,247.0
Whitefield,12.9698,77.75,2026-08-07 10:00:00,6.7,4.3,205.0
Whitefield,12.9698,77.75,2026-08-07 11:00:00,6.7,3.8,171.0
Whitefield,12.9698,77.75,2026-08-07 12:00:00,8.1,4.3,148.0
Whitefield,12.9698,77.75,2026-08-07 13:00:00,10.0,5.9,134.0
Whitefield,12.9698,77.75,2026-08-07 14:00:00,10.6,6.8,152.0
Whitefield,12.9698,77.75,2026-08-07 15:00:00,12.5,8.1,231.0
Whitefield,12.9698,77.75,2026-08-07 16:00:00,13.9,8.8,343.0
Whitefield,12.9698,77.75,2026-08-07 17:00:00,8.2,5.8,422.0
Whitefield,12.9698,77.75,2026-08-07 18:00:00,13.2,8.7,442.0
Whitefield,12.9698,77.75,2026-08-07 19:00:00,12.9,9.3,431.0
Whitefield,12.9698,77.75,2026-08-07 20:00:00,11.3,8.7,403.0
Whitefield,12.9698,77.75,2026-08-07 21:00:00,8.5,7.2,357.0
Whitefield,12.9698,77.75,2026-08-07 22:00:00,6.4,5.8,295.0
Whitefield,12.9698,77.75,2026-08-07 23:00:00,5.0,4.7,240.0
Whitefield,12.9698,77.75,2026-08-08 00:00:00,4.0,3.7,197.0
Whitefield,12.9698,77.75,2026-08-08 01:00:00,3.1,2.9,160.0
Whitefield,12.9698,77.75,2026-08-08 02:00:00,2.8,2.4,135.0
Whitefield,12.9698,77.75,2026-08-08 03:00:00,3.0,2.3,123.0
Whitefield,12.9698,77.75,2026-08-08 04:00:00,3.0,2.2,123.0
Whitefield,12.9698,77.75,2026-08-08 05:00:00,1.9,1.8,134.0
Whitefield,12.9698,77.75,2026-08-08 06:00:00,2.3,1.9,165.0
Whitefield,12.9698,77.75,2026-08-08 07:00:00,3.8,3.2,207.0
Whitefield,12.9698,77.75,2026-08-08 08:00:00,5.5,4.3,234.0
Whitefield,12.9698,77.75,2026-08-08 09:00:00,6.6,4.5,229.0
Whitefield,12.9698,77.75,2026-08-08 10:00:00,8.3,5.0,209.0
Whitefield,12.9698,77.75,2026-08-08 11:00:00,9.4,5.4,199.0
Whitefield,12.9698,77.75,2026-08-08 12:00:00,14.1,6.9,212.0
Whitefield,12.9698,77.75,2026-08-08 13:00:00,10.5,5.5,236.0
Whitefield,12.9698,77.75,2026-08-08 14:00:00,11.3,6.5,259.0
Whitefield,12.9698,77.75,2026-08-08 15:00:00,13.3,7.9,277.0
Whitefield,12.9698,77.75,2026-08-08 16:00:00,15.2,8.9,294.0
Whitefield,12.9698,77.75,2026-08-08 17:00:00,22.1,12.5,307.0
Whitefield,12.9698,77.75,2026-08-08 18:00:00,19.4,12.9,320.0
Whitefield,12.9698,77.75,2026-08-08 19:00:00,17.8,12.9,329.0
Whitefield,12.9698,77.75,2026-08-08 20:00:00,15.3,11.7,324.0
Whitefield,12.9698,77.75,2026-08-08 21:00:00,11.9,9.7,296.0
Whitefield,12.9698,77.75,2026-08-08 22:00:00,9.0,7.7,255.0
Whitefield,12.9698,77.75,2026-08-08 23:00:00,6.9,6.0,216.0
Whitefield,12.9698,77.75,2026-08-09 00:00:00,5.0,4.3,184.0
Whitefield,12.9698,77.75,2026-08-09 01:00:00,3.8,3.3,155.0
Whitefield,12.9698,77.75,2026-08-09 02:00:00,3.2,2.7,135.0
Whitefield,12.9698,77.75,2026-08-09 03:00:00,3.2,2.5,129.0
Whitefield,12.9698,77.75,2026-08-09 04:00:00,3.4,2.4,132.0
Whitefield,12.9698,77.75,2026-08-09 05:00:00,2.8,2.2,139.0
Whitefield,12.9698,77.75,2026-08-09 06:00:00,2.8,2.2,151.0
Whitefield,12.9698,77.75,2026-08-09 07:00:00,3.2,2.4,166.0
Whitefield,12.9698,77.75,2026-08-09 08:00:00,4.3,2.8,173.0
Whitefield,12.9698,77.75,2026-08-09 09:00:00,4.8,3.4,166.0
Whitefield,12.9698,77.75,2026-08-09 10:00:00,7.0,3.8,151.0
Whitefield,12.9698,77.75,2026-08-09 11:00:00,7.1,3.8,140.0
Whitefield,12.9698,77.75,2026-08-09 12:00:00,9.1,4.6,135.0
Whitefield,12.9698,77.75,2026-08-09 13:00:00,10.7,5.2,134.0
Whitefield,12.9698,77.75,2026-08-09 14:00:00,15.7,7.4,138.0
Whitefield,12.9698,77.75,2026-08-09 15:00:00,13.6,6.8,147.0
Whitefield,12.9698,77.75,2026-08-09 16:00:00,12.5,7.2,161.0
Whitefield,12.9698,77.75,2026-08-09 17:00:00,22.1,12.1,187.0
Whitefield,12.9698,77.75,2026-08-09 18:00:00,21.9,14.1,242.0
Whitefield,12.9698,77.75,2026-08-09 19:00:00,20.8,14.2,308.0
Whitefield,12.9698,77.75,2026-08-09 20:00:00,18.4,13.1,342.0
Whitefield,12.9698,77.75,2026-08-09 21:00:00,15.1,11.2,314.0
Whitefield,12.9698,77.75,2026-08-09 22:00:00,12.9,10.1,254.0
Whitefield,12.9698,77.75,2026-08-09 23:00:00,11.0,8.8,203.0
Whitefield,12.9698,77.75,2026-08-10 00:00:00,8.9,7.1,176.0
Whitefield,12.9698,77.75,2026-08-10 01:00:00,7.6,6.0,157.0
Whitefield,12.9698,77.75,2026-08-10 02:00:00,6.7,5.1,144.0
Whitefield,12.9698,77.75,2026-08-10 03:00:00,6.2,4.5,133.0
Whitefield,12.9698,77.75,2026-08-10 04:00:00,5.8,4.0,127.0
Whitefield,12.9698,77.75,2026-08-10 05:00:00,5.6,3.9,131.0
Whitefield,12.9698,77.75,2026-08-10 06:00:00,5.6,4.1,154.0
Whitefield,12.9698,77.75,2026-08-10 07:00:00,5.8,4.1,186.0
Whitefield,12.9698,77.75,2026-08-10 08:00:00,6.6,4.9,205.0
Whitefield,12.9698,77.75,2026-08-10 09:00:00,7.1,4.9,197.0
Whitefield,12.9698,77.75,2026-08-10 10:00:00,9.0,5.4,176.0
Whitefield,12.9698,77.75,2026-08-10 11:00:00,11.3,6.3,163.0
Whitefield,12.9698,77.75,2026-08-10 12:00:00,13.0,7.0,162.0
Whitefield,12.9698,77.75,2026-08-10 13:00:00,14.2,7.5,169.0
Whitefield,12.9698,77.75,2026-08-10 14:00:00,14.6,7.4,188.0
Whitefield,12.9698,77.75,2026-08-10 15:00:00,15.4,7.6,221.0
Whitefield,12.9698,77.75,2026-08-10 16:00:00,14.8,8.4,266.0
Whitefield,12.9698,77.75,2026-08-10 17:00:00,14.3,9.8,322.0
Whitefield,12.9698,77.75,2026-08-10 18:00:00,13.8,10.3,411.0
Whitefield,12.9698,77.75,2026-08-10 19:00:00,16.1,12.9,511.0
Whitefield,12.9698,77.75,2026-08-10 20:00:00,16.4,13.3,556.0
Whitefield,12.9698,77.75,2026-08-10 21:00:00,15.2,12.2,502.0
Whitefield,12.9698,77.75,2026-08-10 22:00:00,14.0,11.2,394.0
Whitefield,12.9698,77.75,2026-08-10 23:00:00,12.5,10.0,301.0
Whitefield,12.9698,77.75,2026-08-11 00:00:00,10.7,8.4,248.0
Whitefield,12.9698,77.75,2026-08-11 01:00:00,9.2,7.2,210.0
Whitefield,12.9698,77.75,2026-08-11 02:00:00,8.0,6.2,183.0
Whitefield,12.9698,77.75,2026-08-11 03:00:00,7.5,5.6,164.0
Whitefield,12.9698,77.75,2026-08-11 04:00:00,7.6,5.4,156.0
Whitefield,12.9698,77.75,2026-08-11 05:00:00,7.4,5.3,160.0
Whitefield,12.9698,77.75,2026-08-11 06:00:00,7.4,5.5,188.0
Whitefield,12.9698,77.75,2026-08-11 07:00:00,8.2,6.3,229.0
Whitefield,12.9698,77.75,2026-08-11 08:00:00,7.5,5.5,253.0
Whitefield,12.9698,77.75,2026-08-11 09:00:00,8.2,5.6,242.0
Whitefield,12.9698,77.75,2026-08-11 10:00:00,9.5,5.9,214.0
Whitefield,12.9698,77.75,2026-08-11 11:00:00,12.0,6.9,192.0
Whitefield,12.9698,77.75,2026-08-11 12:00:00,13.4,7.4,181.0
Whitefield,12.9698,77.75,2026-08-11 13:00:00,14.2,7.8,176.0
Whitefield,12.9698,77.75,2026-08-11 14:00:00,14.7,8.1,189.0
Whitefield,12.9698,77.75,2026-08-11 15:00:00,15.0,8.2,232.0
Whitefield,12.9698,77.75,2026-08-11 16:00:00,13.6,8.5,293.0
Whitefield,12.9698,77.75,2026-08-11 17:00:00,20.8,12.6,348.0
Whitefield,12.9698,77.75,2026-08-11 18:00:00,21.1,14.5,401.0
Whitefield,12.9698,77.75,2026-08-11 19:00:00,21.9,15.7,449.0
Whitefield,12.9698,77.75,2026-08-11 20:00:00,22.6,16.0,458.0
Whitefield,12.9698,77.75,2026-08-11 21:00:00,20.4,14.5,397.0
Whitefield,12.9698,77.75,2026-08-11 22:00:00,17.1,12.5,297.0
Whitefield,12.9698,77.75,2026-08-11 23:00:00,13.6,10.2,216.0
Whitefield,12.9698,77.75,2026-08-12 00:00:00,10.5,8.0,178.0
Whitefield,12.9698,77.75,2026-08-12 01:00:00,8.6,6.4,158.0
Whitefield,12.9698,77.75,2026-08-12 02:00:00,7.9,5.6,146.0
Whitefield,12.9698,77.75,2026-08-12 03:00:00,8.0,5.4,134.0
Whitefield,12.9698,77.75,2026-08-12 04:00:00,8.4,5.4,129.0
Whitefield,12.9698,77.75,2026-08-12 05:00:00,7.4,4.7,138.0
Whitefield,12.9698,77.75,2026-08-12 06:00:00,7.7,4.9,176.0
Whitefield,12.9698,77.75,2026-08-12 07:00:00,8.6,5.2,228.0
Whitefield,12.9698,77.75,2026-08-12 08:00:00,9.6,5.8,257.0
Whitefield,12.9698,77.75,2026-08-12 09:00:00,10.8,6.2,241.0
Whitefield,12.9698,77.75,2026-08-12 10:00:00,11.9,6.5,203.0
Whitefield,12.9698,77.75,2026-08-12 11:00:00,13.6,7.1,175.0
Whitefield,12.9698,77.75,2026-08-12 12:00:00,13.2,7.0,171.0
Whitefield,12.9698,77.75,2026-08-12 13:00:00,11.6,6.4,179.0
Whitefield,12.9698,77.75,2026-08-12 14:00:00,9.5,5.7,191.0
Whitefield,12.9698,77.75,2026-08-12 15:00:00,8.4,5.2,207.0
Whitefield,12.9698,77.75,2026-08-12 16:00:00,8.1,5.1,228.0
Whitefield,12.9698,77.75,2026-08-12 17:00:00,16.8,10.7,253.0
Whitefield,12.9698,77.75,2026-08-12 18:00:00,16.8,12.2,292.0
Whitefield,12.9698,77.75,2026-08-12 19:00:00,17.2,12.8,336.0
Whitefield,12.9698,77.75,2026-08-12 20:00:00,17.5,12.9,356.0
Whitefield,12.9698,77.75,2026-08-12 21:00:00,16.3,12.0,335.0
Whitefield,12.9698,77.75,2026-08-12 22:00:00,15.7,11.5,289.0
Whitefield,12.9698,77.75,2026-08-12 23:00:00,13.9,10.1,246.0
Whitefield,12.9698,77.75,2026-08-13 00:00:00,12.4,8.8,210.0
Whitefield,12.9698,77.75,2026-08-13 01:00:00,11.1,7.7,176.0
Whitefield,12.9698,77.75,2026-08-13 02:00:00,10.1,6.8,152.0
Whitefield,12.9698,77.75,2026-08-13 03:00:00,9.0,6.0,139.0
Whitefield,12.9698,77.75,2026-08-13 04:00:00,7.7,5.2,135.0
Whitefield,12.9698,77.75,2026-08-13 05:00:00,5.0,3.8,144.0
Whitefield,12.9698,77.75,2026-08-13 06:00:00,4.5,3.6,176.0
Whitefield,12.9698,77.75,2026-08-13 07:00:00,4.3,3.5,220.0
Whitefield,12.9698,77.75,2026-08-13 08:00:00,4.2,3.5,245.0
Whitefield,12.9698,77.75,2026-08-13 09:00:00,4.7,3.6,233.0
Whitefield,12.9698,77.75,2026-08-13 10:00:00,4.7,3.6,202.0
Whitefield,12.9698,77.75,2026-08-13 11:00:00,5.2,3.8,177.0
Whitefield,12.9698,77.75,2026-08-13 12:00:00,5.2,3.7,164.0
Whitefield,12.9698,77.75,2026-08-13 13:00:00,6.1,4.0,157.0
Whitefield,12.9698,77.75,2026-08-13 14:00:00,13.8,7.6,165.0
Whitefield,12.9698,77.75,2026-08-13 15:00:00,11.2,6.6,196.0
Whitefield,12.9698,77.75,2026-08-13 16:00:00,13.0,8.1,243.0
Whitefield,12.9698,77.75,2026-08-13 17:00:00,16.9,10.9,293.0
Whitefield,12.9698,77.75,2026-08-13 18:00:00,17.5,13.2,358.0
Whitefield,12.9698,77.75,2026-08-13 19:00:00,17.0,13.1,427.0
Whitefield,12.9698,77.75,2026-08-13 20:00:00,16.7,13.0,454.0
Whitefield,12.9698,77.75,2026-08-13 21:00:00,16.2,12.5,408.0
Whitefield,12.9698,77.75,2026-08-13 22:00:00,16.0,12.1,320.0
Whitefield,12.9698,77.75,2026-08-13 23:00:00,15.5,11.2,245.0
Whitefield,12.9698,77.75,2026-08-14 00:00:00,14.3,9.7,201.0
Whitefield,12.9698,77.75,2026-08-14 01:00:00,12.9,8.5,170.0
Whitefield,12.9698,77.75,2026-08-14 02:00:00,11.1,7.3,149.0
Whitefield,12.9698,77.75,2026-08-14 03:00:00,9.5,6.4,137.0
Whitefield,12.9698,77.75,2026-08-14 04:00:00,8.1,5.6,135.0
Whitefield,12.9698,77.75,2026-08-14 05:00:00,6.0,4.4,143.0
Whitefield,12.9698,77.75,2026-08-14 06:00:00,5.9,4.3,170.0
Whitefield,12.9698,77.75,2026-08-14 07:00:00,5.9,4.3,207.0
Whitefield,12.9698,77.75,2026-08-14 08:00:00,6.7,4.8,227.0
Whitefield,12.9698,77.75,2026-08-14 09:00:00,6.2,4.6,212.0
Whitefield,12.9698,77.75,2026-08-14 10:00:00,6.2,4.3,179.0
Whitefield,12.9698,77.75,2026-08-14 11:00:00,5.6,3.8,155.0
Whitefield,12.9698,77.75,2026-08-14 12:00:00,5.7,3.9,142.0
Whitefield,12.9698,77.75,2026-08-14 13:00:00,5.4,3.7,138.0
Whitefield,12.9698,77.75,2026-08-14 14:00:00,7.7,4.6,158.0
Whitefield,12.9698,77.75,2026-08-14 15:00:00,9.1,5.1,224.0
Whitefield,12.9698,77.75,2026-08-14 16:00:00,9.7,5.9,313.0
Whitefield,12.9698,77.75,2026-08-14 17:00:00,10.9,7.8,377.0
Whitefield,12.9698,77.75,2026-08-14 18:00:00,12.7,10.1,394.0
Whitefield,12.9698,77.75,2026-08-14 19:00:00,13.3,10.8,385.0
Whitefield,12.9698,77.75,2026-08-14 20:00:00,12.0,9.6,361.0
Whitefield,12.9698,77.75,2026-08-14 21:00:00,11.7,9.4,319.0
Whitefield,12.9698,77.75,2026-08-14 22:00:00,11.4,9.3,262.0
Whitefield,12.9698,77.75,2026-08-14 23:00:00,10.2,8.3,213.0
Whitefield,12.9698,77.75,2026-08-15 00:00:00,8.3,6.6,181.0
Whitefield,12.9698,77.75,2026-08-15 01:00:00,7.0,5.1,158.0
Whitefield,12.9698,77.75,2026-08-15 02:00:00,6.3,4.3,142.0
Whitefield,12.9698,77.75,2026-08-15 03:00:00,6.1,3.9,130.0
Whitefield,12.9698,77.75,2026-08-15 04:00:00,6.5,3.9,124.0
Whitefield,12.9698,77.75,2026-08-15 05:00:00,7.7,4.5,130.0
Whitefield,12.9698,77.75,2026-08-15 06:00:00,8.3,4.9,159.0
Whitefield,12.9698,77.75,2026-08-15 07:00:00,9.7,5.8,200.0
Whitefield,12.9698,77.75,2026-08-15 08:00:00,10.1,5.7,222.0
Whitefield,12.9698,77.75,2026-08-15 09:00:00,11.0,6.3,208.0
Whitefield,12.9698,77.75,2026-08-15 10:00:00,13.7,7.1,175.0
Whitefield,12.9698,77.75,2026-08-15 11:00:00,16.6,8.1,151.0
Whitefield,12.9698,77.75,2026-08-15 12:00:00,19.7,9.3,145.0
Whitefield,12.9698,77.75,2026-08-15 13:00:00,14.5,7.4,148.0
Whitefield,12.9698,77.75,2026-08-15 14:00:00,11.5,6.3,155.0
Whitefield,12.9698,77.75,2026-08-15 15:00:00,10.2,5.7,168.0
Whitefield,12.9698,77.75,2026-08-15 16:00:00,10.0,5.7,186.0
Whitefield,12.9698,77.75,2026-08-15 17:00:00,12.5,7.2,203.0
Whitefield,12.9698,77.75,2026-08-15 18:00:00,14.6,9.8,218.0
Whitefield,12.9698,77.75,2026-08-15 19:00:00,15.8,11.3,231.0
Whitefield,12.9698,77.75,2026-08-15 20:00:00,15.1,11.0,237.0
Whitefield,12.9698,77.75,2026-08-15 21:00:00,13.8,10.2,231.0
Whitefield,12.9698,77.75,2026-08-15 22:00:00,13.1,9.7,218.0
Whitefield,12.9698,77.75,2026-08-15 23:00:00,11.5,8.5,203.0
Whitefield,12.9698,77.75,2026-08-16 00:00:00,9.7,7.1,184.0
Whitefield,12.9698,77.75,2026-08-16 01:00:00,8.3,6.0,163.0
Whitefield,12.9698,77.75,2026-08-16 02:00:00,7.5,5.2,149.0
Whitefield,12.9698,77.75,2026-08-16 03:00:00,7.0,4.7,146.0
Whitefield,12.9698,77.75,2026-08-16 04:00:00,6.8,4.4,149.0
Whitefield,12.9698,77.75,2026-08-16 05:00:00,5.6,3.9,154.0
Whitefield,12.9698,77.75,2026-08-16 06:00:00,5.4,3.8,164.0
Whitefield,12.9698,77.75,2026-08-16 07:00:00,6.2,4.2,176.0
Whitefield,12.9698,77.75,2026-08-16 08:00:00,7.1,4.5,179.0
Whitefield,12.9698,77.75,2026-08-16 09:00:00,8.5,4.9,165.0
Whitefield,12.9698,77.75,2026-08-16 10:00:00,10.0,5.4,143.0
Whitefield,12.9698,77.75,2026-08-16 11:00:00,11.0,5.9,128.0
Whitefield,12.9698,77.75,2026-08-16 12:00:00,10.7,5.6,127.0
Whitefield,12.9698,77.75,2026-08-16 13:00:00,9.9,5.3,134.0
Whitefield,12.9698,77.75,2026-08-16 14:00:00,9.0,5.0,141.0
Whitefield,12.9698,77.75,2026-08-16 15:00:00,8.8,5.0,146.0
Whitefield,12.9698,77.75,2026-08-16 16:00:00,10.8,6.3,152.0
Whitefield,12.9698,77.75,2026-08-16 17:00:00,17.8,9.5,160.0
Whitefield,12.9698,77.75,2026-08-16 18:00:00,19.8,11.9,172.0
Whitefield,12.9698,77.75,2026-08-16 19:00:00,21.8,14.2,185.0
Whitefield,12.9698,77.75,2026-08-16 20:00:00,21.8,14.8,193.0
Whitefield,12.9698,77.75,2026-08-16 21:00:00,20.3,13.9,194.0
Whitefield,12.9698,77.75,2026-08-16 22:00:00,18.6,12.8,190.0
Whitefield,12.9698,77.75,2026-08-16 23:00:00,16.2,11.1,182.0
Whitefield,12.9698,77.75,2026-08-17 00:00:00,13.6,9.1,167.0
Whitefield,12.9698,77.75,2026-08-17 01:00:00,11.8,7.8,148.0
Whitefield,12.9698,77.75,2026-08-17 02:00:00,10.3,6.8,135.0
Whitefield,12.9698,77.75,2026-08-17 03:00:00,8.9,5.9,132.0
Whitefield,12.9698,77.75,2026-08-17 04:00:00,7.7,5.2,135.0
Whitefield,12.9698,77.75,2026-08-17 05:00:00,8.7,5.4,148.0
Whitefield,12.9698,77.75,2026-08-17 06:00:00,7.5,4.9,182.0
Whitefield,12.9698,77.75,2026-08-17 07:00:00,8.1,5.0,227.0
Whitefield,12.9698,77.75,2026-08-17 08:00:00,10.0,6.2,249.0
Whitefield,12.9698,77.75,2026-08-17 09:00:00,12.6,6.8,228.0
Whitefield,12.9698,77.75,2026-08-17 10:00:00,18.1,8.3,186.0
Whitefield,12.9698,77.75,2026-08-17 11:00:00,21.2,9.4,155.0
Whitefield,12.9698,77.75,2026-08-17 12:00:00,21.7,9.7,148.0
Whitefield,12.9698,77.75,2026-08-17 13:00:00,19.6,9.2,153.0
Whitefield,12.9698,77.75,2026-08-17 14:00:00,17.3,8.7,161.0
Whitefield,12.9698,77.75,2026-08-17 15:00:00,17.1,8.8,169.0
Whitefield,12.9698,77.75,2026-08-17 16:00:00,16.8,8.7,182.0
Whitefield,12.9698,77.75,2026-08-17 17:00:00,15.1,9.5,203.0
Whitefield,12.9698,77.75,2026-08-17 18:00:00,15.8,11.5,245.0
Whitefield,12.9698,77.75,2026-08-17 19:00:00,14.6,11.1,297.0
Whitefield,12.9698,77.75,2026-08-17 20:00:00,13.0,10.3,325.0
Whitefield,12.9698,77.75,2026-08-17 21:00:00,11.0,9.1,312.0
Whitefield,12.9698,77.75,2026-08-17 22:00:00,10.0,8.4,276.0
Whitefield,12.9698,77.75,2026-08-17 23:00:00,9.0,7.5,242.0
Whitefield,12.9698,77.75,2026-08-18 00:00:00,8.1,6.4,217.0
Whitefield,12.9698,77.75,2026-08-18 01:00:00,7.6,5.8,195.0
Whitefield,12.9698,77.75,2026-08-18 02:00:00,7.7,5.5,177.0
Whitefield,12.9698,77.75,2026-08-18 03:00:00,8.2,5.6,164.0
Whitefield,12.9698,77.75,2026-08-18 04:00:00,8.5,5.6,157.0
Whitefield,12.9698,77.75,2026-08-18 05:00:00,8.5,5.6,159.0
Whitefield,12.9698,77.75,2026-08-18 06:00:00,8.6,6.0,180.0
Whitefield,12.9698,77.75,2026-08-18 07:00:00,7.9,5.4,210.0
Whitefield,12.9698,77.75,2026-08-18 08:00:00,7.1,5.2,224.0
Whitefield,12.9698,77.75,2026-08-18 09:00:00,7.4,5.1,206.0
Whitefield,12.9698,77.75,2026-08-18 10:00:00,7.9,5.2,173.0
Whitefield,12.9698,77.75,2026-08-18 11:00:00,9.3,5.4,149.0
Whitefield,12.9698,77.75,2026-08-18 12:00:00,10.6,5.9,141.0
Whitefield,12.9698,77.75,2026-08-18 13:00:00,11.7,6.2,143.0
Whitefield,12.9698,77.75,2026-08-18 14:00:00,14.6,7.4,158.0
Whitefield,12.9698,77.75,2026-08-18 15:00:00,16.4,7.9,196.0
Whitefield,12.9698,77.75,2026-08-18 16:00:00,16.0,8.8,247.0
Whitefield,12.9698,77.75,2026-08-18 17:00:00,13.0,9.5,283.0
Whitefield,12.9698,77.75,2026-08-18 18:00:00,11.9,9.6,289.0
Whitefield,12.9698,77.75,2026-08-18 19:00:00,12.4,10.1,279.0
Whitefield,12.9698,77.75,2026-08-18 20:00:00,13.4,10.8,271.0
Whitefield,12.9698,77.75,2026-08-18 21:00:00,13.3,10.7,273.0
Whitefield,12.9698,77.75,2026-08-18 22:00:00,12.5,10.2,276.0
Whitefield,12.9698,77.75,2026-08-18 23:00:00,11.3,9.3,272.0
Whitefield,12.9698,77.75,2026-08-19 00:00:00,9.3,7.7,253.0
Whitefield,12.9698,77.75,2026-08-19 01:00:00,7.5,6.2,228.0
Whitefield,12.9698,77.75,2026-08-19 02:00:00,6.4,5.2,206.0
Whitefield,12.9698,77.75,2026-08-19 03:00:00,6.1,4.7,191.0
Whitefield,12.9698,77.75,2026-08-19 04:00:00,5.8,4.3,181.0
Whitefield,12.9698,77.75,2026-08-19 05:00:00,5.6,4.1,180.0
Whitefield,12.9698,77.75,2026-08-19 06:00:00,5.4,4.1,198.0
Whitefield,12.9698,77.75,2026-08-19 07:00:00,5.3,3.9,225.0
Whitefield,12.9698,77.75,2026-08-19 08:00:00,6.9,4.9,237.0
Whitefield,12.9698,77.75,2026-08-19 09:00:00,7.7,5.5,216.0
Whitefield,12.9698,77.75,2026-08-19 10:00:00,8.5,5.5,180.0
Whitefield,12.9698,77.75,2026-08-19 11:00:00,9.0,5.2,157.0
Whitefield,12.9698,77.75,2026-08-19 12:00:00,10.0,5.4,156.0
Whitefield,12.9698,77.75,2026-08-19 13:00:00,12.1,5.7,168.0
Whitefield,12.9698,77.75,2026-08-19 14:00:00,19.3,8.7,190.0
Whitefield,12.9698,77.75,2026-08-19 15:00:00,15.2,8.3,225.0
Whitefield,12.9698,77.75,2026-08-19 16:00:00,12.7,7.8,270.0
Whitefield,12.9698,77.75,2026-08-19 17:00:00,11.9,8.3,316.0
Whitefield,12.9698,77.75,2026-08-19 18:00:00,12.4,9.5,368.0
Whitefield,12.9698,77.75,2026-08-19 19:00:00,12.6,10.3,421.0
Whitefield,12.9698,77.75,2026-08-19 20:00:00,11.1,9.4,446.0
Whitefield,12.9698,77.75,2026-08-19 21:00:00,9.7,8.4,425.0
Whitefield,12.9698,77.75,2026-08-19 22:00:00,8.4,7.3,376.0
Whitefield,12.9698,77.75,2026-08-19 23:00:00,7.2,6.3,325.0
Whitefield,12.9698,77.75,2026-08-20 00:00:00,6.1,5.1,274.0
Whitefield,12.9698,77.75,2026-08-20 01:00:00,5.3,4.3,220.0
Whitefield,12.9698,77.75,2026-08-20 02:00:00,5.3,3.9,181.0
Whitefield,12.9698,77.75,2026-08-20 03:00:00,5.4,3.7,165.0
Whitefield,12.9698,77.75,2026-08-20 04:00:00,5.6,3.7,164.0
Whitefield,12.9698,77.75,2026-08-20 05:00:00,5.3,3.7,171.0
Whitefield,12.9698,77.75,2026-08-20 06:00:00,5.6,3.9,194.0
Whitefield,12.9698,77.75,2026-08-20 07:00:00,6.5,5.0,225.0
Whitefield,12.9698,77.75,2026-08-20 08:00:00,6.5,4.9,239.0
Whitefield,12.9698,77.75,2026-08-20 09:00:00,7.0,4.8,216.0
Whitefield,12.9698,77.75,2026-08-20 10:00:00,8.0,4.8,175.0
Whitefield,12.9698,77.75,2026-08-20 11:00:00,11.2,5.8,145.0
Whitefield,12.9698,77.75,2026-08-20 12:00:00,12.8,6.2,137.0
Whitefield,12.9698,77.75,2026-08-20 13:00:00,13.2,6.3,141.0
Whitefield,12.9698,77.75,2026-08-20 14:00:00,13.3,6.4,153.0
Whitefield,12.9698,77.75,2026-08-20 15:00:00,12.7,6.4,170.0
Whitefield,12.9698,77.75,2026-08-20 16:00:00,12.4,6.5,196.0
Whitefield,12.9698,77.75,2026-08-20 17:00:00,12.6,6.7,236.0
Whitefield,12.9698,77.75,2026-08-20 18:00:00,13.9,8.6,312.0
Whitefield,12.9698,77.75,2026-08-20 19:00:00,14.1,10.3,402.0
Whitefield,12.9698,77.75,2026-08-20 20:00:00,13.5,10.2,450.0
Whitefield,12.9698,77.75,2026-08-20 21:00:00,12.2,9.4,422.0
Whitefield,12.9698,77.75,2026-08-20 22:00:00,11.9,9.1,353.0
Whitefield,12.9698,77.75,2026-08-20 23:00:00,11.1,8.3,288.0
Whitefield,12.9698,77.75,2026-08-21 00:00:00,10.1,7.4,241.0
Whitefield,12.9698,77.75,2026-08-21 01:00:00,9.4,6.8,198.0
Whitefield,12.9698,77.75,2026-08-21 02:00:00,8.9,6.3,166.0
Whitefield,12.9698,77.75,2026-08-21 03:00:00,8.4,5.9,146.0
Whitefield,12.9698,77.75,2026-08-21 04:00:00,8.0,5.5,138.0
Whitefield,12.9698,77.75,2026-08-21 05:00:00,7.6,5.2,140.0
Whitefield,12.9698,77.75,2026-08-21 06:00:00,6.8,4.8,163.0
Whitefield,12.9698,77.75,2026-08-21 07:00:00,7.7,5.1,196.0
Whitefield,12.9698,77.75,2026-08-21 08:00:00,8.8,6.0,215.0
Whitefield,12.9698,77.75,2026-08-21 09:00:00,10.3,6.8,202.0
Whitefield,12.9698,77.75,2026-08-21 10:00:00,11.5,7.0,174.0
Whitefield,12.9698,77.75,2026-08-21 11:00:00,12.5,7.2,153.0
Whitefield,12.9698,77.75,2026-08-21 12:00:00,14.0,7.7,148.0
Whitefield,12.9698,77.75,2026-08-21 13:00:00,16.9,8.6,152.0
Whitefield,12.9698,77.75,2026-08-21 14:00:00,17.3,8.7,160.0
Whitefield,12.9698,77.75,2026-08-21 15:00:00,17.0,8.7,172.0
Whitefield,12.9698,77.75,2026-08-21 16:00:00,15.7,8.5,189.0
Whitefield,12.9698,77.75,2026-08-21 17:00:00,14.8,8.7,215.0
Whitefield,12.9698,77.75,2026-08-21 18:00:00,14.8,10.0,265.0
Whitefield,12.9698,77.75,2026-08-21 19:00:00,15.6,11.2,325.0
Whitefield,12.9698,77.75,2026-08-21 20:00:00,15.5,11.6,356.0
Whitefield,12.9698,77.75,2026-08-21 21:00:00,15.5,11.7,334.0
Whitefield,12.9698,77.75,2026-08-21 22:00:00,15.5,11.7,283.0
Whitefield,12.9698,77.75,2026-08-21 23:00:00,13.5,10.3,237.0
Jayanagar,12.9308,77.5838,2026-07-18 00:00:00,7.7,6.1,219.0
Jayanagar,12.9308,77.5838,2026-07-18 01:00:00,6.5,5.1,178.0
Jayanagar,12.9308,77.5838,2026-07-18 02:00:00,6.4,4.6,148.0
Jayanagar,12.9308,77.5838,2026-07-18 03:00:00,7.8,5.1,133.0
Jayanagar,12.9308,77.5838,2026-07-18 04:00:00,8.6,5.5,128.0
Jayanagar,12.9308,77.5838,2026-07-18 05:00:00,10.9,6.5,141.0
Jayanagar,12.9308,77.5838,2026-07-18 06:00:00,10.9,6.8,186.0
Jayanagar,12.9308,77.5838,2026-07-18 07:00:00,12.4,7.8,247.0
Jayanagar,12.9308,77.5838,2026-07-18 08:00:00,12.4,8.0,284.0
Jayanagar,12.9308,77.5838,2026-07-18 09:00:00,14.1,8.3,272.0
Jayanagar,12.9308,77.5838,2026-07-18 10:00:00,15.2,8.2,236.0
Jayanagar,12.9308,77.5838,2026-07-18 11:00:00,16.2,8.2,208.0
Jayanagar,12.9308,77.5838,2026-07-18 12:00:00,17.9,8.5,195.0
Jayanagar,12.9308,77.5838,2026-07-18 13:00:00,20.5,9.0,190.0
Jayanagar,12.9308,77.5838,2026-07-18 14:00:00,25.6,10.5,206.0
Jayanagar,12.9308,77.5838,2026-07-18 15:00:00,28.5,12.8,264.0
Jayanagar,12.9308,77.5838,2026-07-18 16:00:00,24.6,13.9,344.0
Jayanagar,12.9308,77.5838,2026-07-18 17:00:00,22.6,13.5,395.0
Jayanagar,12.9308,77.5838,2026-07-18 18:00:00,22.6,15.1,390.0
Jayanagar,12.9308,77.5838,2026-07-18 19:00:00,23.2,16.2,356.0
Jayanagar,12.9308,77.5838,2026-07-18 20:00:00,23.5,15.5,328.0
Jayanagar,12.9308,77.5838,2026-07-18 21:00:00,24.7,15.1,326.0
Jayanagar,12.9308,77.5838,2026-07-18 22:00:00,20.7,13.6,330.0
Jayanagar,12.9308,77.5838,2026-07-18 23:00:00,17.8,12.2,318.0
Jayanagar,12.9308,77.5838,2026-07-19 00:00:00,13.2,9.4,270.0
Jayanagar,12.9308,77.5838,2026-07-19 01:00:00,11.3,8.1,206.0
Jayanagar,12.9308,77.5838,2026-07-19 02:00:00,9.8,7.0,160.0
Jayanagar,12.9308,77.5838,2026-07-19 03:00:00,8.9,6.2,146.0
Jayanagar,12.9308,77.5838,2026-07-19 04:00:00,8.4,5.8,150.0
Jayanagar,12.9308,77.5838,2026-07-19 05:00:00,7.5,5.3,162.0
Jayanagar,12.9308,77.5838,2026-07-19 06:00:00,7.9,5.5,188.0
Jayanagar,12.9308,77.5838,2026-07-19 07:00:00,9.3,6.2,223.0
Jayanagar,12.9308,77.5838,2026-07-19 08:00:00,11.1,6.7,242.0
Jayanagar,12.9308,77.5838,2026-07-19 09:00:00,12.1,7.0,229.0
Jayanagar,12.9308,77.5838,2026-07-19 10:00:00,13.8,7.4,201.0
Jayanagar,12.9308,77.5838,2026-07-19 11:00:00,16.2,8.0,179.0
Jayanagar,12.9308,77.5838,2026-07-19 12:00:00,18.0,8.5,165.0
Jayanagar,12.9308,77.5838,2026-07-19 13:00:00,20.5,9.2,158.0
Jayanagar,12.9308,77.5838,2026-07-19 14:00:00,22.1,9.9,180.0
Jayanagar,12.9308,77.5838,2026-07-19 15:00:00,23.1,10.1,258.0
Jayanagar,12.9308,77.5838,2026-07-19 16:00:00,24.9,11.2,364.0
Jayanagar,12.9308,77.5838,2026-07-19 17:00:00,27.4,13.9,435.0
Jayanagar,12.9308,77.5838,2026-07-19 18:00:00,24.0,13.0,442.0
Jayanagar,12.9308,77.5838,2026-07-19 19:00:00,22.9,13.7,414.0
Jayanagar,12.9308,77.5838,2026-07-19 20:00:00,23.4,14.6,374.0
Jayanagar,12.9308,77.5838,2026-07-19 21:00:00,21.9,13.9,324.0
Jayanagar,12.9308,77.5838,2026-07-19 22:00:00,20.8,13.2,263.0
Jayanagar,12.9308,77.5838,2026-07-19 23:00:00,15.3,10.4,212.0
Jayanagar,12.9308,77.5838,2026-07-20 00:00:00,10.5,7.6,177.0
Jayanagar,12.9308,77.5838,2026-07-20 01:00:00,7.4,5.6,151.0
Jayanagar,12.9308,77.5838,2026-07-20 02:00:00,6.0,4.5,137.0
Jayanagar,12.9308,77.5838,2026-07-20 03:00:00,5.4,4.0,133.0
Jayanagar,12.9308,77.5838,2026-07-20 04:00:00,5.0,3.7,140.0
Jayanagar,12.9308,77.5838,2026-07-20 05:00:00,5.6,3.7,162.0
Jayanagar,12.9308,77.5838,2026-07-20 06:00:00,4.8,3.5,214.0
Jayanagar,12.9308,77.5838,2026-07-20 07:00:00,5.4,4.3,280.0
Jayanagar,12.9308,77.5838,2026-07-20 08:00:00,6.0,4.3,315.0
Jayanagar,12.9308,77.5838,2026-07-20 09:00:00,9.0,5.2,289.0
Jayanagar,12.9308,77.5838,2026-07-20 10:00:00,10.2,5.7,231.0
Jayanagar,12.9308,77.5838,2026-07-20 11:00:00,9.9,5.6,186.0
Jayanagar,12.9308,77.5838,2026-07-20 12:00:00,9.1,5.1,161.0
Jayanagar,12.9308,77.5838,2026-07-20 13:00:00,9.9,5.2,149.0
Jayanagar,12.9308,77.5838,2026-07-20 14:00:00,12.3,6.0,172.0
Jayanagar,12.9308,77.5838,2026-07-20 15:00:00,15.0,7.8,263.0
Jayanagar,12.9308,77.5838,2026-07-20 16:00:00,14.8,8.4,390.0
Jayanagar,12.9308,77.5838,2026-07-20 17:00:00,18.3,10.0,472.0
Jayanagar,12.9308,77.5838,2026-07-20 18:00:00,16.1,10.3,471.0
Jayanagar,12.9308,77.5838,2026-07-20 19:00:00,15.5,11.0,427.0
Jayanagar,12.9308,77.5838,2026-07-20 20:00:00,13.7,10.2,378.0
Jayanagar,12.9308,77.5838,2026-07-20 21:00:00,11.1,8.6,336.0
Jayanagar,12.9308,77.5838,2026-07-20 22:00:00,8.9,6.9,290.0
Jayanagar,12.9308,77.5838,2026-07-20 23:00:00,7.2,5.7,247.0
Jayanagar,12.9308,77.5838,2026-07-21 00:00:00,5.6,4.5,205.0
Jayanagar,12.9308,77.5838,2026-07-21 01:00:00,4.7,3.8,166.0
Jayanagar,12.9308,77.5838,2026-07-21 02:00:00,4.6,3.6,142.0
Jayanagar,12.9308,77.5838,2026-07-21 03:00:00,5.0,3.7,140.0
Jayanagar,12.9308,77.5838,2026-07-21 04:00:00,5.6,4.0,154.0
Jayanagar,12.9308,77.5838,2026-07-21 05:00:00,5.7,4.2,178.0
Jayanagar,12.9308,77.5838,2026-07-21 06:00:00,6.4,4.7,223.0
Jayanagar,12.9308,77.5838,2026-07-21 07:00:00,7.5,5.7,278.0
Jayanagar,12.9308,77.5838,2026-07-21 08:00:00,10.3,6.7,307.0
Jayanagar,12.9308,77.5838,2026-07-21 09:00:00,15.0,7.9,286.0
Jayanagar,12.9308,77.5838,2026-07-21 10:00:00,16.8,8.8,239.0
Jayanagar,12.9308,77.5838,2026-07-21 11:00:00,17.2,9.0,205.0
Jayanagar,12.9308,77.5838,2026-07-21 12:00:00,17.5,9.0,196.0
Jayanagar,12.9308,77.5838,2026-07-21 13:00:00,17.0,8.8,199.0
Jayanagar,12.9308,77.5838,2026-07-21 14:00:00,16.8,8.7,219.0
Jayanagar,12.9308,77.5838,2026-07-21 15:00:00,17.2,8.8,270.0
Jayanagar,12.9308,77.5838,2026-07-21 16:00:00,17.4,8.9,338.0
Jayanagar,12.9308,77.5838,2026-07-21 17:00:00,17.8,9.6,382.0
Jayanagar,12.9308,77.5838,2026-07-21 18:00:00,16.8,10.7,380.0
Jayanagar,12.9308,77.5838,2026-07-21 19:00:00,16.5,11.7,354.0
Jayanagar,12.9308,77.5838,2026-07-21 20:00:00,15.3,11.4,327.0
Jayanagar,12.9308,77.5838,2026-07-21 21:00:00,13.9,10.5,308.0
Jayanagar,12.9308,77.5838,2026-07-21 22:00:00,13.2,10.0,287.0
Jayanagar,12.9308,77.5838,2026-07-21 23:00:00,11.6,8.9,260.0
Jayanagar,12.9308,77.5838,2026-07-22 00:00:00,10.1,7.7,217.0
Jayanagar,12.9308,77.5838,2026-07-22 01:00:00,9.4,7.0,169.0
Jayanagar,12.9308,77.5838,2026-07-22 02:00:00,8.8,6.5,140.0
Jayanagar,12.9308,77.5838,2026-07-22 03:00:00,8.3,6.2,145.0
Jayanagar,12.9308,77.5838,2026-07-22 04:00:00,7.5,5.6,169.0
Jayanagar,12.9308,77.5838,2026-07-22 05:00:00,6.4,4.7,196.0
Jayanagar,12.9308,77.5838,2026-07-22 06:00:00,6.1,4.6,228.0
Jayanagar,12.9308,77.5838,2026-07-22 07:00:00,6.4,5.2,264.0
Jayanagar,12.9308,77.5838,2026-07-22 08:00:00,5.8,4.9,280.0
Jayanagar,12.9308,77.5838,2026-07-22 09:00:00,5.4,4.5,257.0
Jayanagar,12.9308,77.5838,2026-07-22 10:00:00,5.4,4.1,215.0
Jayanagar,12.9308,77.5838,2026-07-22 11:00:00,5.6,4.0,189.0
Jayanagar,12.9308,77.5838,2026-07-22 12:00:00,5.9,4.0,191.0
Jayanagar,12.9308,77.5838,2026-07-22 13:00:00,6.1,4.1,208.0
Jayanagar,12.9308,77.5838,2026-07-22 14:00:00,6.8,4.2,240.0
Jayanagar,12.9308,77.5838,2026-07-22 15:00:00,8.1,5.2,300.0
Jayanagar,12.9308,77.5838,2026-07-22 16:00:00,7.5,5.1,375.0
Jayanagar,12.9308,77.5838,2026-07-22 17:00:00,8.7,5.9,418.0
Jayanagar,12.9308,77.5838,2026-07-22 18:00:00,10.0,7.2,401.0
Jayanagar,12.9308,77.5838,2026-07-22 19:00:00,11.8,9.0,353.0
Jayanagar,12.9308,77.5838,2026-07-22 20:00:00,11.7,8.9,314.0
Jayanagar,12.9308,77.5838,2026-07-22 21:00:00,11.4,8.5,302.0
Jayanagar,12.9308,77.5838,2026-07-22 22:00:00,11.3,8.2,299.0
Jayanagar,12.9308,77.5838,2026-07-22 23:00:00,11.3,7.8,286.0
Jayanagar,12.9308,77.5838,2026-07-23 00:00:00,11.1,7.2,252.0
Jayanagar,12.9308,77.5838,2026-07-23 01:00:00,11.1,6.7,208.0
Jayanagar,12.9308,77.5838,2026-07-23 02:00:00,11.3,6.6,177.0
Jayanagar,12.9308,77.5838,2026-07-23 03:00:00,12.0,6.7,165.0
Jayanagar,12.9308,77.5838,2026-07-23 04:00:00,12.6,6.8,164.0
Jayanagar,12.9308,77.5838,2026-07-23 05:00:00,10.3,5.6,175.0
Jayanagar,12.9308,77.5838,2026-07-23 06:00:00,9.2,5.4,207.0
Jayanagar,12.9308,77.5838,2026-07-23 07:00:00,8.7,5.5,251.0
Jayanagar,12.9308,77.5838,2026-07-23 08:00:00,7.5,4.9,273.0
Jayanagar,12.9308,77.5838,2026-07-23 09:00:00,6.8,4.6,252.0
Jayanagar,12.9308,77.5838,2026-07-23 10:00:00,7.0,4.5,209.0
Jayanagar,12.9308,77.5838,2026-07-23 11:00:00,7.8,4.6,178.0
Jayanagar,12.9308,77.5838,2026-07-23 12:00:00,8.7,4.8,169.0
Jayanagar,12.9308,77.5838,2026-07-23 13:00:00,10.8,5.4,172.0
Jayanagar,12.9308,77.5838,2026-07-23 14:00:00,13.3,6.4,189.0
Jayanagar,12.9308,77.5838,2026-07-23 15:00:00,14.4,6.9,231.0
Jayanagar,12.9308,77.5838,2026-07-23 16:00:00,14.3,7.2,286.0
Jayanagar,12.9308,77.5838,2026-07-23 17:00:00,19.2,10.0,321.0
Jayanagar,12.9308,77.5838,2026-07-23 18:00:00,17.2,10.7,319.0
Jayanagar,12.9308,77.5838,2026-07-23 19:00:00,17.4,11.9,296.0
Jayanagar,12.9308,77.5838,2026-07-23 20:00:00,17.9,12.4,274.0
Jayanagar,12.9308,77.5838,2026-07-23 21:00:00,17.4,12.2,260.0
Jayanagar,12.9308,77.5838,2026-07-23 22:00:00,15.7,11.3,245.0
Jayanagar,12.9308,77.5838,2026-07-23 23:00:00,13.2,9.7,228.0
Jayanagar,12.9308,77.5838,2026-07-24 00:00:00,9.3,6.9,202.0
Jayanagar,12.9308,77.5838,2026-07-24 01:00:00,8.4,5.8,172.0
Jayanagar,12.9308,77.5838,2026-07-24 02:00:00,9.3,5.7,153.0
Jayanagar,12.9308,77.5838,2026-07-24 03:00:00,10.6,5.9,146.0
Jayanagar,12.9308,77.5838,2026-07-24 04:00:00,11.4,6.1,150.0
Jayanagar,12.9308,77.5838,2026-07-24 05:00:00,6.0,3.5,168.0
Jayanagar,12.9308,77.5838,2026-07-24 06:00:00,5.8,3.8,218.0
Jayanagar,12.9308,77.5838,2026-07-24 07:00:00,6.3,4.6,282.0
Jayanagar,12.9308,77.5838,2026-07-24 08:00:00,5.6,4.2,316.0
Jayanagar,12.9308,77.5838,2026-07-24 09:00:00,10.4,5.4,289.0
Jayanagar,12.9308,77.5838,2026-07-24 10:00:00,19.0,8.4,231.0
Jayanagar,12.9308,77.5838,2026-07-24 11:00:00,28.9,12.1,189.0
Jayanagar,12.9308,77.5838,2026-07-24 12:00:00,33.2,14.1,177.0
Jayanagar,12.9308,77.5838,2026-07-24 13:00:00,36.3,15.4,182.0
Jayanagar,12.9308,77.5838,2026-07-24 14:00:00,43.0,17.4,207.0
Jayanagar,12.9308,77.5838,2026-07-24 15:00:00,51.7,20.7,268.0
Jayanagar,12.9308,77.5838,2026-07-24 16:00:00,58.7,23.2,351.0
Jayanagar,12.9308,77.5838,2026-07-24 17:00:00,38.4,19.3,413.0
Jayanagar,12.9308,77.5838,2026-07-24 18:00:00,37.3,19.8,442.0
Jayanagar,12.9308,77.5838,2026-07-24 19:00:00,30.7,18.0,450.0
Jayanagar,12.9308,77.5838,2026-07-24 20:00:00,25.5,16.0,437.0
Jayanagar,12.9308,77.5838,2026-07-24 21:00:00,20.3,13.4,392.0
Jayanagar,12.9308,77.5838,2026-07-24 22:00:00,16.8,11.8,326.0
Jayanagar,12.9308,77.5838,2026-07-24 23:00:00,12.8,9.5,265.0
Jayanagar,12.9308,77.5838,2026-07-25 00:00:00,9.2,7.0,214.0
Jayanagar,12.9308,77.5838,2026-07-25 01:00:00,7.4,5.7,169.0
Jayanagar,12.9308,77.5838,2026-07-25 02:00:00,6.9,5.0,142.0
Jayanagar,12.9308,77.5838,2026-07-25 03:00:00,7.5,5.0,141.0
Jayanagar,12.9308,77.5838,2026-07-25 04:00:00,8.5,5.4,158.0
Jayanagar,12.9308,77.5838,2026-07-25 05:00:00,9.8,6.1,182.0
Jayanagar,12.9308,77.5838,2026-07-25 06:00:00,10.6,6.4,218.0
Jayanagar,12.9308,77.5838,2026-07-25 07:00:00,11.9,7.2,261.0
Jayanagar,12.9308,77.5838,2026-07-25 08:00:00,12.9,7.7,282.0
Jayanagar,12.9308,77.5838,2026-07-25 09:00:00,14.3,8.2,262.0
Jayanagar,12.9308,77.5838,2026-07-25 10:00:00,15.0,8.3,221.0
Jayanagar,12.9308,77.5838,2026-07-25 11:00:00,15.3,8.0,190.0
Jayanagar,12.9308,77.5838,2026-07-25 12:00:00,14.3,7.5,175.0
Jayanagar,12.9308,77.5838,2026-07-25 13:00:00,12.9,6.9,172.0
Jayanagar,12.9308,77.5838,2026-07-25 14:00:00,13.0,6.9,194.0
Jayanagar,12.9308,77.5838,2026-07-25 15:00:00,11.0,6.0,269.0
Jayanagar,12.9308,77.5838,2026-07-25 16:00:00,10.2,6.2,370.0
Jayanagar,12.9308,77.5838,2026-07-25 17:00:00,15.8,9.1,434.0
Jayanagar,12.9308,77.5838,2026-07-25 18:00:00,16.3,11.3,425.0
Jayanagar,12.9308,77.5838,2026-07-25 19:00:00,16.9,12.5,379.0
Jayanagar,12.9308,77.5838,2026-07-25 20:00:00,16.6,12.4,335.0
Jayanagar,12.9308,77.5838,2026-07-25 21:00:00,16.8,12.0,307.0
Jayanagar,12.9308,77.5838,2026-07-25 22:00:00,15.1,10.7,282.0
Jayanagar,12.9308,77.5838,2026-07-25 23:00:00,13.0,9.1,253.0
Jayanagar,12.9308,77.5838,2026-07-26 00:00:00,10.5,7.3,215.0
Jayanagar,12.9308,77.5838,2026-07-26 01:00:00,7.9,5.7,174.0
Jayanagar,12.9308,77.5838,2026-07-26 02:00:00,6.4,4.6,145.0
Jayanagar,12.9308,77.5838,2026-07-26 03:00:00,5.6,4.0,134.0
Jayanagar,12.9308,77.5838,2026-07-26 04:00:00,6.4,4.1,135.0
Jayanagar,12.9308,77.5838,2026-07-26 05:00:00,5.5,3.7,144.0
Jayanagar,12.9308,77.5838,2026-07-26 06:00:00,5.2,3.5,168.0
Jayanagar,12.9308,77.5838,2026-07-26 07:00:00,5.6,3.9,200.0
Jayanagar,12.9308,77.5838,2026-07-26 08:00:00,5.3,3.7,216.0
Jayanagar,12.9308,77.5838,2026-07-26 09:00:00,6.3,4.2,198.0
Jayanagar,12.9308,77.5838,2026-07-26 10:00:00,8.7,5.3,164.0
Jayanagar,12.9308,77.5838,2026-07-26 11:00:00,10.5,6.1,145.0
Jayanagar,12.9308,77.5838,2026-07-26 12:00:00,13.9,7.2,154.0
Jayanagar,12.9308,77.5838,2026-07-26 13:00:00,13.9,7.2,179.0
Jayanagar,12.9308,77.5838,2026-07-26 14:00:00,15.5,7.7,211.0
Jayanagar,12.9308,77.5838,2026-07-26 15:00:00,17.6,8.9,262.0
Jayanagar,12.9308,77.5838,2026-07-26 16:00:00,16.5,9.3,320.0
Jayanagar,12.9308,77.5838,2026-07-26 17:00:00,19.3,10.0,346.0
Jayanagar,12.9308,77.5838,2026-07-26 18:00:00,19.4,11.5,310.0
Jayanagar,12.9308,77.5838,2026-07-26 19:00:00,20.2,12.7,242.0
Jayanagar,12.9308,77.5838,2026-07-26 20:00:00,20.1,12.7,189.0
Jayanagar,12.9308,77.5838,2026-07-26 21:00:00,15.4,10.5,173.0
Jayanagar,12.9308,77.5838,2026-07-26 22:00:00,11.3,8.1,173.0
Jayanagar,12.9308,77.5838,2026-07-26 23:00:00,7.6,5.8,168.0
Jayanagar,12.9308,77.5838,2026-07-27 00:00:00,5.3,4.1,149.0
Jayanagar,12.9308,77.5838,2026-07-27 01:00:00,4.2,3.2,127.0
Jayanagar,12.9308,77.5838,2026-07-27 02:00:00,4.2,2.8,111.0
Jayanagar,12.9308,77.5838,2026-07-27 03:00:00,4.0,2.6,103.0
Jayanagar,12.9308,77.5838,2026-07-27 04:00:00,3.6,2.3,102.0
Jayanagar,12.9308,77.5838,2026-07-27 05:00:00,3.0,2.0,115.0
Jayanagar,12.9308,77.5838,2026-07-27 06:00:00,2.9,2.1,156.0
Jayanagar,12.9308,77.5838,2026-07-27 07:00:00,3.2,2.7,210.0
Jayanagar,12.9308,77.5838,2026-07-27 08:00:00,3.8,3.0,242.0
Jayanagar,12.9308,77.5838,2026-07-27 09:00:00,5.7,3.8,226.0
Jayanagar,12.9308,77.5838,2026-07-27 10:00:00,10.4,5.3,187.0
Jayanagar,12.9308,77.5838,2026-07-27 11:00:00,11.4,6.1,162.0
Jayanagar,12.9308,77.5838,2026-07-27 12:00:00,12.2,6.4,168.0
Jayanagar,12.9308,77.5838,2026-07-27 13:00:00,14.1,6.8,188.0
Jayanagar,12.9308,77.5838,2026-07-27 14:00:00,17.8,8.1,209.0
Jayanagar,12.9308,77.5838,2026-07-27 15:00:00,21.1,9.4,229.0
Jayanagar,12.9308,77.5838,2026-07-27 16:00:00,23.5,10.2,250.0
Jayanagar,12.9308,77.5838,2026-07-27 17:00:00,27.9,14.1,271.0
Jayanagar,12.9308,77.5838,2026-07-27 18:00:00,24.7,14.2,296.0
Jayanagar,12.9308,77.5838,2026-07-27 19:00:00,25.8,14.8,320.0
Jayanagar,12.9308,77.5838,2026-07-27 20:00:00,23.6,14.1,330.0
Jayanagar,12.9308,77.5838,2026-07-27 21:00:00,18.6,11.8,317.0
Jayanagar,12.9308,77.5838,2026-07-27 22:00:00,12.7,8.8,290.0
Jayanagar,12.9308,77.5838,2026-07-27 23:00:00,8.2,6.2,260.0
Jayanagar,12.9308,77.5838,2026-07-28 00:00:00,5.3,4.3,228.0
Jayanagar,12.9308,77.5838,2026-07-28 01:00:00,4.3,3.4,193.0
Jayanagar,12.9308,77.5838,2026-07-28 02:00:00,4.4,3.0,166.0
Jayanagar,12.9308,77.5838,2026-07-28 03:00:00,4.5,2.8,147.0
Jayanagar,12.9308,77.5838,2026-07-28 04:00:00,4.8,2.8,137.0
Jayanagar,12.9308,77.5838,2026-07-28 05:00:00,3.5,2.3,144.0
Jayanagar,12.9308,77.5838,2026-07-28 06:00:00,3.5,2.4,187.0
Jayanagar,12.9308,77.5838,2026-07-28 07:00:00,3.8,3.1,248.0
Jayanagar,12.9308,77.5838,2026-07-28 08:00:00,4.6,3.4,282.0
Jayanagar,12.9308,77.5838,2026-07-28 09:00:00,6.0,3.8,261.0
Jayanagar,12.9308,77.5838,2026-07-28 10:00:00,7.9,4.4,213.0
Jayanagar,12.9308,77.5838,2026-07-28 11:00:00,11.1,5.5,176.0
Jayanagar,12.9308,77.5838,2026-07-28 12:00:00,13.8,6.4,163.0
Jayanagar,12.9308,77.5838,2026-07-28 13:00:00,11.6,5.8,162.0
Jayanagar,12.9308,77.5838,2026-07-28 14:00:00,11.5,5.8,173.0
Jayanagar,12.9308,77.5838,2026-07-28 15:00:00,11.8,5.9,207.0
Jayanagar,12.9308,77.5838,2026-07-28 16:00:00,12.8,6.4,255.0
Jayanagar,12.9308,77.5838,2026-07-28 17:00:00,14.8,7.5,285.0
Jayanagar,12.9308,77.5838,2026-07-28 18:00:00,13.4,7.7,283.0
Jayanagar,12.9308,77.5838,2026-07-28 19:00:00,12.6,8.0,264.0
Jayanagar,12.9308,77.5838,2026-07-28 20:00:00,12.3,7.9,244.0
Jayanagar,12.9308,77.5838,2026-07-28 21:00:00,11.5,7.3,230.0
Jayanagar,12.9308,77.5838,2026-07-28 22:00:00,9.8,6.4,216.0
Jayanagar,12.9308,77.5838,2026-07-28 23:00:00,7.7,5.3,200.0
Jayanagar,12.9308,77.5838,2026-07-29 00:00:00,8.3,4.9,178.0
Jayanagar,12.9308,77.5838,2026-07-29 01:00:00,4.7,3.3,153.0
Jayanagar,12.9308,77.5838,2026-07-29 02:00:00,3.2,2.5,137.0
Jayanagar,12.9308,77.5838,2026-07-29 03:00:00,2.3,2.0,130.0
Jayanagar,12.9308,77.5838,2026-07-29 04:00:00,2.1,1.8,131.0
Jayanagar,12.9308,77.5838,2026-07-29 05:00:00,6.4,2.9,145.0
Jayanagar,12.9308,77.5838,2026-07-29 06:00:00,7.4,3.4,186.0
Jayanagar,12.9308,77.5838,2026-07-29 07:00:00,5.6,3.7,239.0
Jayanagar,12.9308,77.5838,2026-07-29 08:00:00,5.3,3.5,269.0
Jayanagar,12.9308,77.5838,2026-07-29 09:00:00,5.9,3.4,252.0
Jayanagar,12.9308,77.5838,2026-07-29 10:00:00,6.1,3.5,212.0
Jayanagar,12.9308,77.5838,2026-07-29 11:00:00,8.4,3.9,183.0
Jayanagar,12.9308,77.5838,2026-07-29 12:00:00,11.9,5.1,174.0
Jayanagar,12.9308,77.5838,2026-07-29 13:00:00,14.1,5.6,175.0
Jayanagar,12.9308,77.5838,2026-07-29 14:00:00,18.0,6.9,191.0
Jayanagar,12.9308,77.5838,2026-07-29 15:00:00,19.5,7.8,238.0
Jayanagar,12.9308,77.5838,2026-07-29 16:00:00,17.7,7.7,301.0
Jayanagar,12.9308,77.5838,2026-07-29 17:00:00,24.5,10.6,335.0
Jayanagar,12.9308,77.5838,2026-07-29 18:00:00,17.1,9.5,314.0
Jayanagar,12.9308,77.5838,2026-07-29 19:00:00,14.0,8.5,265.0
Jayanagar,12.9308,77.5838,2026-07-29 20:00:00,12.8,7.9,225.0
Jayanagar,12.9308,77.5838,2026-07-29 21:00:00,12.0,7.2,209.0
Jayanagar,12.9308,77.5838,2026-07-29 22:00:00,10.8,6.5,202.0
Jayanagar,12.9308,77.5838,2026-07-29 23:00:00,10.9,6.2,192.0
Jayanagar,12.9308,77.5838,2026-07-30 00:00:00,11.0,5.8,171.0
Jayanagar,12.9308,77.5838,2026-07-30 01:00:00,10.2,5.3,147.0
Jayanagar,12.9308,77.5838,2026-07-30 02:00:00,8.8,4.5,129.0
Jayanagar,12.9308,77.5838,2026-07-30 03:00:00,5.8,3.1,119.0
Jayanagar,12.9308,77.5838,2026-07-30 04:00:00,5.2,2.6,115.0
Jayanagar,12.9308,77.5838,2026-07-30 05:00:00,4.4,2.5,126.0
Jayanagar,12.9308,77.5838,2026-07-30 06:00:00,4.2,2.4,166.0
Jayanagar,12.9308,77.5838,2026-07-30 07:00:00,4.6,3.4,220.0
Jayanagar,12.9308,77.5838,2026-07-30 08:00:00,4.6,3.3,252.0
Jayanagar,12.9308,77.5838,2026-07-30 09:00:00,4.6,3.3,240.0
Jayanagar,12.9308,77.5838,2026-07-30 10:00:00,5.8,3.5,206.0
Jayanagar,12.9308,77.5838,2026-07-30 11:00:00,8.0,4.1,179.0
Jayanagar,12.9308,77.5838,2026-07-30 12:00:00,10.9,5.1,166.0
Jayanagar,12.9308,77.5838,2026-07-30 13:00:00,17.3,7.3,161.0
Jayanagar,12.9308,77.5838,2026-07-30 14:00:00,17.8,7.8,169.0
Jayanagar,12.9308,77.5838,2026-07-30 15:00:00,15.4,6.9,204.0
Jayanagar,12.9308,77.5838,2026-07-30 16:00:00,10.1,5.6,254.0
Jayanagar,12.9308,77.5838,2026-07-30 17:00:00,13.4,7.6,285.0
Jayanagar,12.9308,77.5838,2026-07-30 18:00:00,11.5,7.0,281.0
Jayanagar,12.9308,77.5838,2026-07-30 19:00:00,10.8,7.2,259.0
Jayanagar,12.9308,77.5838,2026-07-30 20:00:00,10.2,6.8,236.0
Jayanagar,12.9308,77.5838,2026-07-30 21:00:00,8.2,5.5,217.0
Jayanagar,12.9308,77.5838,2026-07-30 22:00:00,7.9,5.2,197.0
Jayanagar,12.9308,77.5838,2026-07-30 23:00:00,5.1,3.9,177.0
Jayanagar,12.9308,77.5838,2026-07-31 00:00:00,5.4,3.4,157.0
Jayanagar,12.9308,77.5838,2026-07-31 01:00:00,5.5,3.1,138.0
Jayanagar,12.9308,77.5838,2026-07-31 02:00:00,4.4,2.6,125.0
Jayanagar,12.9308,77.5838,2026-07-31 03:00:00,3.1,2.0,116.0
Jayanagar,12.9308,77.5838,2026-07-31 04:00:00,2.6,1.7,112.0
Jayanagar,12.9308,77.5838,2026-07-31 05:00:00,4.0,2.2,122.0
Jayanagar,12.9308,77.5838,2026-07-31 06:00:00,4.3,2.4,161.0
Jayanagar,12.9308,77.5838,2026-07-31 07:00:00,5.6,3.5,214.0
Jayanagar,12.9308,77.5838,2026-07-31 08:00:00,6.4,4.0,245.0
Jayanagar,12.9308,77.5838,2026-07-31 09:00:00,7.4,4.1,232.0
Jayanagar,12.9308,77.5838,2026-07-31 10:00:00,9.5,4.5,198.0
Jayanagar,12.9308,77.5838,2026-07-31 11:00:00,11.5,5.4,172.0
Jayanagar,12.9308,77.5838,2026-07-31 12:00:00,12.1,5.8,164.0
Jayanagar,12.9308,77.5838,2026-07-31 13:00:00,13.8,6.4,166.0
Jayanagar,12.9308,77.5838,2026-07-31 14:00:00,13.5,6.5,180.0
Jayanagar,12.9308,77.5838,2026-07-31 15:00:00,13.3,6.5,218.0
Jayanagar,12.9308,77.5838,2026-07-31 16:00:00,10.7,5.6,269.0
Jayanagar,12.9308,77.5838,2026-07-31 17:00:00,15.3,9.0,302.0
Jayanagar,12.9308,77.5838,2026-07-31 18:00:00,14.2,9.2,300.0
Jayanagar,12.9308,77.5838,2026-07-31 19:00:00,12.8,9.0,280.0
Jayanagar,12.9308,77.5838,2026-07-31 20:00:00,11.0,8.1,259.0
Jayanagar,12.9308,77.5838,2026-07-31 21:00:00,9.4,6.9,244.0
Jayanagar,12.9308,77.5838,2026-07-31 22:00:00,7.7,5.9,227.0
Jayanagar,12.9308,77.5838,2026-07-31 23:00:00,5.6,4.6,208.0
Jayanagar,12.9308,77.5838,2026-08-01 00:00:00,3.8,3.3,182.0
Jayanagar,12.9308,77.5838,2026-08-01 01:00:00,2.9,2.6,152.0
Jayanagar,12.9308,77.5838,2026-08-01 02:00:00,2.7,2.2,132.0
Jayanagar,12.9308,77.5838,2026-08-01 03:00:00,3.0,2.2,122.0
Jayanagar,12.9308,77.5838,2026-08-01 04:00:00,3.2,2.1,122.0
Jayanagar,12.9308,77.5838,2026-08-01 05:00:00,3.0,2.3,134.0
Jayanagar,12.9308,77.5838,2026-08-01 06:00:00,2.8,2.3,172.0
Jayanagar,12.9308,77.5838,2026-08-01 07:00:00,3.2,2.7,224.0
Jayanagar,12.9308,77.5838,2026-08-01 08:00:00,4.8,3.5,255.0
Jayanagar,12.9308,77.5838,2026-08-01 09:00:00,4.6,3.2,244.0
Jayanagar,12.9308,77.5838,2026-08-01 10:00:00,4.9,3.0,212.0
Jayanagar,12.9308,77.5838,2026-08-01 11:00:00,5.5,3.1,189.0
Jayanagar,12.9308,77.5838,2026-08-01 12:00:00,9.6,4.4,178.0
Jayanagar,12.9308,77.5838,2026-08-01 13:00:00,14.3,6.2,175.0
Jayanagar,12.9308,77.5838,2026-08-01 14:00:00,19.3,7.9,200.0
Jayanagar,12.9308,77.5838,2026-08-01 15:00:00,20.0,8.0,283.0
Jayanagar,12.9308,77.5838,2026-08-01 16:00:00,17.5,8.7,393.0
Jayanagar,12.9308,77.5838,2026-08-01 17:00:00,11.5,6.5,462.0
Jayanagar,12.9308,77.5838,2026-08-01 18:00:00,8.5,6.0,452.0
Jayanagar,12.9308,77.5838,2026-08-01 19:00:00,7.5,5.9,400.0
Jayanagar,12.9308,77.5838,2026-08-01 20:00:00,6.0,5.2,345.0
Jayanagar,12.9308,77.5838,2026-08-01 21:00:00,5.1,4.3,297.0
Jayanagar,12.9308,77.5838,2026-08-01 22:00:00,5.7,4.3,246.0
Jayanagar,12.9308,77.5838,2026-08-01 23:00:00,5.4,3.9,202.0
Jayanagar,12.9308,77.5838,2026-08-02 00:00:00,4.0,2.9,169.0
Jayanagar,12.9308,77.5838,2026-08-02 01:00:00,2.7,2.1,142.0
Jayanagar,12.9308,77.5838,2026-08-02 02:00:00,2.8,2.0,125.0
Jayanagar,12.9308,77.5838,2026-08-02 03:00:00,4.9,2.6,115.0
Jayanagar,12.9308,77.5838,2026-08-02 04:00:00,5.6,2.9,114.0
Jayanagar,12.9308,77.5838,2026-08-02 05:00:00,2.5,1.8,127.0
Jayanagar,12.9308,77.5838,2026-08-02 06:00:00,2.3,1.8,169.0
Jayanagar,12.9308,77.5838,2026-08-02 07:00:00,2.7,2.3,226.0
Jayanagar,12.9308,77.5838,2026-08-02 08:00:00,2.5,2.2,257.0
Jayanagar,12.9308,77.5838,2026-08-02 09:00:00,2.3,2.0,236.0
Jayanagar,12.9308,77.5838,2026-08-02 10:00:00,2.6,2.0,190.0
Jayanagar,12.9308,77.5838,2026-08-02 11:00:00,4.5,2.5,156.0
Jayanagar,12.9308,77.5838,2026-08-02 12:00:00,9.3,4.2,146.0
Jayanagar,12.9308,77.5838,2026-08-02 13:00:00,13.6,5.8,149.0
Jayanagar,12.9308,77.5838,2026-08-02 14:00:00,16.5,6.9,162.0
Jayanagar,12.9308,77.5838,2026-08-02 15:00:00,19.9,8.2,194.0
Jayanagar,12.9308,77.5838,2026-08-02 16:00:00,19.4,8.4,236.0
Jayanagar,12.9308,77.5838,2026-08-02 17:00:00,17.7,9.5,267.0
Jayanagar,12.9308,77.5838,2026-08-02 18:00:00,19.8,10.6,276.0
Jayanagar,12.9308,77.5838,2026-08-02 19:00:00,15.7,9.1,274.0
Jayanagar,12.9308,77.5838,2026-08-02 20:00:00,13.5,8.1,264.0
Jayanagar,12.9308,77.5838,2026-08-02 21:00:00,15.4,8.5,246.0
Jayanagar,12.9308,77.5838,2026-08-02 22:00:00,14.5,8.1,220.0
Jayanagar,12.9308,77.5838,2026-08-02 23:00:00,13.2,7.4,195.0
Jayanagar,12.9308,77.5838,2026-08-03 00:00:00,11.4,6.2,170.0
Jayanagar,12.9308,77.5838,2026-08-03 01:00:00,10.7,5.5,146.0
Jayanagar,12.9308,77.5838,2026-08-03 02:00:00,10.3,5.1,129.0
Jayanagar,12.9308,77.5838,2026-08-03 03:00:00,10.9,5.2,117.0
Jayanagar,12.9308,77.5838,2026-08-03 04:00:00,11.4,5.3,112.0
Jayanagar,12.9308,77.5838,2026-08-03 05:00:00,8.3,4.1,130.0
Jayanagar,12.9308,77.5838,2026-08-03 06:00:00,8.3,4.3,196.0
Jayanagar,12.9308,77.5838,2026-08-03 07:00:00,11.1,5.8,285.0
Jayanagar,12.9308,77.5838,2026-08-03 08:00:00,14.1,6.6,338.0
Jayanagar,12.9308,77.5838,2026-08-03 09:00:00,17.9,7.7,316.0
Jayanagar,12.9308,77.5838,2026-08-03 10:00:00,28.1,10.7,258.0
Jayanagar,12.9308,77.5838,2026-08-03 11:00:00,22.8,9.1,221.0
Jayanagar,12.9308,77.5838,2026-08-03 12:00:00,27.8,10.7,223.0
Jayanagar,12.9308,77.5838,2026-08-03 13:00:00,25.3,10.3,247.0
Jayanagar,12.9308,77.5838,2026-08-03 14:00:00,21.1,10.0,294.0
Jayanagar,12.9308,77.5838,2026-08-03 15:00:00,17.2,9.3,394.0
Jayanagar,12.9308,77.5838,2026-08-03 16:00:00,13.6,8.5,519.0
Jayanagar,12.9308,77.5838,2026-08-03 17:00:00,25.6,12.2,584.0
Jayanagar,12.9308,77.5838,2026-08-03 18:00:00,25.6,15.1,537.0
Jayanagar,12.9308,77.5838,2026-08-03 19:00:00,25.2,15.8,431.0
Jayanagar,12.9308,77.5838,2026-08-03 20:00:00,21.6,13.6,341.0
Jayanagar,12.9308,77.5838,2026-08-03 21:00:00,19.5,12.2,298.0
Jayanagar,12.9308,77.5838,2026-08-03 22:00:00,13.6,9.4,271.0
Jayanagar,12.9308,77.5838,2026-08-03 23:00:00,10.6,7.9,244.0
Jayanagar,12.9308,77.5838,2026-08-04 00:00:00,7.4,5.7,209.0
Jayanagar,12.9308,77.5838,2026-08-04 01:00:00,5.7,4.4,175.0
Jayanagar,12.9308,77.5838,2026-08-04 02:00:00,5.1,3.7,151.0
Jayanagar,12.9308,77.5838,2026-08-04 03:00:00,5.0,3.4,136.0
Jayanagar,12.9308,77.5838,2026-08-04 04:00:00,5.2,3.3,130.0
Jayanagar,12.9308,77.5838,2026-08-04 05:00:00,4.1,2.9,148.0
Jayanagar,12.9308,77.5838,2026-08-04 06:00:00,3.8,3.0,214.0
Jayanagar,12.9308,77.5838,2026-08-04 07:00:00,4.5,3.7,304.0
Jayanagar,12.9308,77.5838,2026-08-04 08:00:00,5.0,4.0,356.0
Jayanagar,12.9308,77.5838,2026-08-04 09:00:00,5.3,3.8,332.0
Jayanagar,12.9308,77.5838,2026-08-04 10:00:00,8.6,4.2,270.0
Jayanagar,12.9308,77.5838,2026-08-04 11:00:00,10.4,5.5,224.0
Jayanagar,12.9308,77.5838,2026-08-04 12:00:00,11.3,6.3,207.0
Jayanagar,12.9308,77.5838,2026-08-04 13:00:00,11.5,6.4,205.0
Jayanagar,12.9308,77.5838,2026-08-04 14:00:00,11.1,5.9,231.0
Jayanagar,12.9308,77.5838,2026-08-04 15:00:00,10.2,6.2,309.0
Jayanagar,12.9308,77.5838,2026-08-04 16:00:00,10.2,7.4,414.0
Jayanagar,12.9308,77.5838,2026-08-04 17:00:00,9.6,8.1,483.0
Jayanagar,12.9308,77.5838,2026-08-04 18:00:00,11.0,9.5,486.0
Jayanagar,12.9308,77.5838,2026-08-04 19:00:00,12.3,10.0,454.0
Jayanagar,12.9308,77.5838,2026-08-04 20:00:00,12.4,9.8,411.0
Jayanagar,12.9308,77.5838,2026-08-04 21:00:00,11.3,8.6,361.0
Jayanagar,12.9308,77.5838,2026-08-04 22:00:00,11.0,8.5,300.0
Jayanagar,12.9308,77.5838,2026-08-04 23:00:00,10.9,8.0,247.0
Jayanagar,12.9308,77.5838,2026-08-05 00:00:00,9.4,6.6,207.0
Jayanagar,12.9308,77.5838,2026-08-05 01:00:00,7.9,5.4,174.0
Jayanagar,12.9308,77.5838,2026-08-05 02:00:00,5.9,4.0,152.0
Jayanagar,12.9308,77.5838,2026-08-05 03:00:00,5.2,3.4,137.0
Jayanagar,12.9308,77.5838,2026-08-05 04:00:00,5.0,3.2,132.0
Jayanagar,12.9308,77.5838,2026-08-05 05:00:00,4.4,3.3,152.0
Jayanagar,12.9308,77.5838,2026-08-05 06:00:00,5.2,3.6,222.0
Jayanagar,12.9308,77.5838,2026-08-05 07:00:00,8.3,4.6,317.0
Jayanagar,12.9308,77.5838,2026-08-05 08:00:00,9.7,6.4,368.0
Jayanagar,12.9308,77.5838,2026-08-05 09:00:00,10.6,6.5,331.0
Jayanagar,12.9308,77.5838,2026-08-05 10:00:00,14.2,7.3,251.0
Jayanagar,12.9308,77.5838,2026-08-05 11:00:00,18.6,8.6,198.0
Jayanagar,12.9308,77.5838,2026-08-05 12:00:00,19.3,8.6,202.0
Jayanagar,12.9308,77.5838,2026-08-05 13:00:00,20.5,9.6,233.0
Jayanagar,12.9308,77.5838,2026-08-05 14:00:00,21.7,10.4,266.0
Jayanagar,12.9308,77.5838,2026-08-05 15:00:00,20.8,11.2,298.0
Jayanagar,12.9308,77.5838,2026-08-05 16:00:00,21.5,11.7,333.0
Jayanagar,12.9308,77.5838,2026-08-05 17:00:00,16.5,10.0,356.0
Jayanagar,12.9308,77.5838,2026-08-05 18:00:00,16.4,10.6,359.0
Jayanagar,12.9308,77.5838,2026-08-05 19:00:00,16.1,11.1,350.0
Jayanagar,12.9308,77.5838,2026-08-05 20:00:00,15.0,10.4,335.0
Jayanagar,12.9308,77.5838,2026-08-05 21:00:00,14.2,9.7,315.0
Jayanagar,12.9308,77.5838,2026-08-05 22:00:00,13.0,9.1,289.0
Jayanagar,12.9308,77.5838,2026-08-05 23:00:00,10.9,7.8,259.0
Jayanagar,12.9308,77.5838,2026-08-06 00:00:00,8.8,6.1,222.0
Jayanagar,12.9308,77.5838,2026-08-06 01:00:00,6.7,4.9,181.0
Jayanagar,12.9308,77.5838,2026-08-06 02:00:00,5.0,3.9,151.0
Jayanagar,12.9308,77.5838,2026-08-06 03:00:00,4.0,3.1,136.0
Jayanagar,12.9308,77.5838,2026-08-06 04:00:00,4.2,3.0,132.0
Jayanagar,12.9308,77.5838,2026-08-06 05:00:00,6.1,3.8,144.0
Jayanagar,12.9308,77.5838,2026-08-06 06:00:00,6.5,4.0,188.0
Jayanagar,12.9308,77.5838,2026-08-06 07:00:00,8.1,5.5,248.0
Jayanagar,12.9308,77.5838,2026-08-06 08:00:00,8.5,5.4,284.0
Jayanagar,12.9308,77.5838,2026-08-06 09:00:00,9.7,5.6,273.0
Jayanagar,12.9308,77.5838,2026-08-06 10:00:00,14.0,6.9,238.0
Jayanagar,12.9308,77.5838,2026-08-06 11:00:00,16.3,7.9,212.0
Jayanagar,12.9308,77.5838,2026-08-06 12:00:00,19.0,8.5,204.0
Jayanagar,12.9308,77.5838,2026-08-06 13:00:00,20.5,10.2,204.0
Jayanagar,12.9308,77.5838,2026-08-06 14:00:00,22.1,11.0,214.0
Jayanagar,12.9308,77.5838,2026-08-06 15:00:00,24.1,12.0,241.0
Jayanagar,12.9308,77.5838,2026-08-06 16:00:00,25.8,12.1,277.0
Jayanagar,12.9308,77.5838,2026-08-06 17:00:00,30.6,14.9,299.0
Jayanagar,12.9308,77.5838,2026-08-06 18:00:00,27.1,15.5,295.0
Jayanagar,12.9308,77.5838,2026-08-06 19:00:00,30.4,17.1,278.0
Jayanagar,12.9308,77.5838,2026-08-06 20:00:00,22.5,14.1,261.0
Jayanagar,12.9308,77.5838,2026-08-06 21:00:00,18.4,11.8,250.0
Jayanagar,12.9308,77.5838,2026-08-06 22:00:00,14.5,9.9,239.0
Jayanagar,12.9308,77.5838,2026-08-06 23:00:00,10.8,7.9,223.0
Jayanagar,12.9308,77.5838,2026-08-07 00:00:00,7.3,5.6,194.0
Jayanagar,12.9308,77.5838,2026-08-07 01:00:00,5.2,4.0,158.0
Jayanagar,12.9308,77.5838,2026-08-07 02:00:00,4.2,3.2,134.0
Jayanagar,12.9308,77.5838,2026-08-07 03:00:00,4.1,3.0,121.0
Jayanagar,12.9308,77.5838,2026-08-07 04:00:00,3.9,2.7,118.0
Jayanagar,12.9308,77.5838,2026-08-07 05:00:00,4.4,2.7,141.0
Jayanagar,12.9308,77.5838,2026-08-07 06:00:00,5.0,3.1,219.0
Jayanagar,12.9308,77.5838,2026-08-07 07:00:00,7.0,4.6,324.0
Jayanagar,12.9308,77.5838,2026-08-07 08:00:00,8.2,5.2,381.0
Jayanagar,12.9308,77.5838,2026-08-07 09:00:00,7.9,5.1,343.0
Jayanagar,12.9308,77.5838,2026-08-07 10:00:00,6.7,4.3,259.0
Jayanagar,12.9308,77.5838,2026-08-07 11:00:00,6.7,3.8,200.0
Jayanagar,12.9308,77.5838,2026-08-07 12:00:00,8.1,4.3,188.0
Jayanagar,12.9308,77.5838,2026-08-07 13:00:00,10.0,5.9,200.0
Jayanagar,12.9308,77.5838,2026-08-07 14:00:00,10.6,6.8,246.0
Jayanagar,12.9308,77.5838,2026-08-07 15:00:00,12.5,8.1,358.0
Jayanagar,12.9308,77.5838,2026-08-07 16:00:00,13.9,8.8,503.0
Jayanagar,12.9308,77.5838,2026-08-07 17:00:00,8.2,5.8,588.0
Jayanagar,12.9308,77.5838,2026-08-07 18:00:00,13.2,8.7,558.0
Jayanagar,12.9308,77.5838,2026-08-07 19:00:00,12.9,9.3,468.0
Jayanagar,12.9308,77.5838,2026-08-07 20:00:00,11.3,8.7,384.0
Jayanagar,12.9308,77.5838,2026-08-07 21:00:00,8.5,7.2,329.0
Jayanagar,12.9308,77.5838,2026-08-07 22:00:00,6.4,5.8,279.0
Jayanagar,12.9308,77.5838,2026-08-07 23:00:00,5.0,4.7,235.0
Jayanagar,12.9308,77.5838,2026-08-08 00:00:00,4.0,3.7,193.0
Jayanagar,12.9308,77.5838,2026-08-08 01:00:00,3.1,2.9,156.0
Jayanagar,12.9308,77.5838,2026-08-08 02:00:00,2.8,2.4,131.0
Jayanagar,12.9308,77.5838,2026-08-08 03:00:00,3.0,2.3,116.0
Jayanagar,12.9308,77.5838,2026-08-08 04:00:00,3.0,2.2,114.0
Jayanagar,12.9308,77.5838,2026-08-08 05:00:00,1.9,1.8,139.0
Jayanagar,12.9308,77.5838,2026-08-08 06:00:00,2.3,1.9,221.0
Jayanagar,12.9308,77.5838,2026-08-08 07:00:00,3.8,3.2,329.0
Jayanagar,12.9308,77.5838,2026-08-08 08:00:00,5.5,4.3,389.0
Jayanagar,12.9308,77.5838,2026-08-08 09:00:00,6.6,4.5,350.0
Jayanagar,12.9308,77.5838,2026-08-08 10:00:00,8.3,5.0,262.0
Jayanagar,12.9308,77.5838,2026-08-08 11:00:00,9.4,5.4,204.0
Jayanagar,12.9308,77.5838,2026-08-08 12:00:00,14.1,6.9,210.0
Jayanagar,12.9308,77.5838,2026-08-08 13:00:00,10.5,5.5,246.0
Jayanagar,12.9308,77.5838,2026-08-08 14:00:00,11.3,6.5,289.0
Jayanagar,12.9308,77.5838,2026-08-08 15:00:00,13.3,7.9,343.0
Jayanagar,12.9308,77.5838,2026-08-08 16:00:00,15.2,8.9,403.0
Jayanagar,12.9308,77.5838,2026-08-08 17:00:00,22.1,12.5,439.0
Jayanagar,12.9308,77.5838,2026-08-08 18:00:00,19.4,12.9,432.0
Jayanagar,12.9308,77.5838,2026-08-08 19:00:00,17.8,12.9,401.0
Jayanagar,12.9308,77.5838,2026-08-08 20:00:00,15.3,11.7,362.0
Jayanagar,12.9308,77.5838,2026-08-08 21:00:00,11.9,9.7,319.0
Jayanagar,12.9308,77.5838,2026-08-08 22:00:00,9.0,7.7,268.0
Jayanagar,12.9308,77.5838,2026-08-08 23:00:00,6.9,6.0,223.0
Jayanagar,12.9308,77.5838,2026-08-09 00:00:00,5.0,4.3,184.0
Jayanagar,12.9308,77.5838,2026-08-09 01:00:00,3.8,3.3,151.0
Jayanagar,12.9308,77.5838,2026-08-09 02:00:00,3.2,2.7,129.0
Jayanagar,12.9308,77.5838,2026-08-09 03:00:00,3.2,2.5,122.0
Jayanagar,12.9308,77.5838,2026-08-09 04:00:00,3.4,2.4,126.0
Jayanagar,12.9308,77.5838,2026-08-09 05:00:00,2.8,2.2,141.0
Jayanagar,12.9308,77.5838,2026-08-09 06:00:00,2.8,2.2,178.0
Jayanagar,12.9308,77.5838,2026-08-09 07:00:00,3.2,2.4,226.0
Jayanagar,12.9308,77.5838,2026-08-09 08:00:00,4.3,2.8,251.0
Jayanagar,12.9308,77.5838,2026-08-09 09:00:00,4.8,3.4,231.0
Jayanagar,12.9308,77.5838,2026-08-09 10:00:00,7.0,3.8,188.0
Jayanagar,12.9308,77.5838,2026-08-09 11:00:00,7.1,3.8,156.0
Jayanagar,12.9308,77.5838,2026-08-09 12:00:00,9.1,4.6,147.0
Jayanagar,12.9308,77.5838,2026-08-09 13:00:00,10.7,5.2,148.0
Jayanagar,12.9308,77.5838,2026-08-09 14:00:00,15.7,7.4,160.0
Jayanagar,12.9308,77.5838,2026-08-09 15:00:00,13.6,6.8,188.0
Jayanagar,12.9308,77.5838,2026-08-09 16:00:00,12.5,7.2,227.0
Jayanagar,12.9308,77.5838,2026-08-09 17:00:00,22.1,12.1,255.0
Jayanagar,12.9308,77.5838,2026-08-09 18:00:00,21.9,14.1,266.0
Jayanagar,12.9308,77.5838,2026-08-09 19:00:00,20.8,14.2,266.0
Jayanagar,12.9308,77.5838,2026-08-09 20:00:00,18.4,13.1,259.0
Jayanagar,12.9308,77.5838,2026-08-09 21:00:00,15.1,11.2,241.0
Jayanagar,12.9308,77.5838,2026-08-09 22:00:00,12.9,10.1,216.0
Jayanagar,12.9308,77.5838,2026-08-09 23:00:00,11.0,8.8,191.0
Jayanagar,12.9308,77.5838,2026-08-10 00:00:00,8.9,7.1,168.0
Jayanagar,12.9308,77.5838,2026-08-10 01:00:00,7.6,6.0,145.0
Jayanagar,12.9308,77.5838,2026-08-10 02:00:00,6.7,5.1,130.0
Jayanagar,12.9308,77.5838,2026-08-10 03:00:00,6.2,4.5,118.0
Jayanagar,12.9308,77.5838,2026-08-10 04:00:00,5.8,4.0,113.0
Jayanagar,12.9308,77.5838,2026-08-10 05:00:00,5.6,3.9,131.0
Jayanagar,12.9308,77.5838,2026-08-10 06:00:00,5.6,4.1,197.0
Jayanagar,12.9308,77.5838,2026-08-10 07:00:00,5.8,4.1,286.0
Jayanagar,12.9308,77.5838,2026-08-10 08:00:00,6.6,4.9,337.0
Jayanagar,12.9308,77.5838,2026-08-10 09:00:00,7.1,4.9,313.0
Jayanagar,12.9308,77.5838,2026-08-10 10:00:00,9.0,5.4,252.0
Jayanagar,12.9308,77.5838,2026-08-10 11:00:00,11.3,6.3,204.0
Jayanagar,12.9308,77.5838,2026-08-10 12:00:00,13.0,7.0,183.0
Jayanagar,12.9308,77.5838,2026-08-10 13:00:00,14.2,7.5,175.0
Jayanagar,12.9308,77.5838,2026-08-10 14:00:00,14.6,7.4,191.0
Jayanagar,12.9308,77.5838,2026-08-10 15:00:00,15.4,7.6,247.0
Jayanagar,12.9308,77.5838,2026-08-10 16:00:00,14.8,8.4,327.0
Jayanagar,12.9308,77.5838,2026-08-10 17:00:00,14.3,9.8,390.0
Jayanagar,12.9308,77.5838,2026-08-10 18:00:00,13.8,10.3,423.0
Jayanagar,12.9308,77.5838,2026-08-10 19:00:00,16.1,12.9,440.0
Jayanagar,12.9308,77.5838,2026-08-10 20:00:00,16.4,13.3,436.0
Jayanagar,12.9308,77.5838,2026-08-10 21:00:00,15.2,12.2,403.0
Jayanagar,12.9308,77.5838,2026-08-10 22:00:00,14.0,11.2,350.0
Jayanagar,12.9308,77.5838,2026-08-10 23:00:00,12.5,10.0,298.0
Jayanagar,12.9308,77.5838,2026-08-11 00:00:00,10.7,8.4,250.0
Jayanagar,12.9308,77.5838,2026-08-11 01:00:00,9.2,7.2,202.0
Jayanagar,12.9308,77.5838,2026-08-11 02:00:00,8.0,6.2,168.0
Jayanagar,12.9308,77.5838,2026-08-11 03:00:00,7.5,5.6,147.0
Jayanagar,12.9308,77.5838,2026-08-11 04:00:00,7.6,5.4,139.0
Jayanagar,12.9308,77.5838,2026-08-11 05:00:00,7.4,5.3,156.0
Jayanagar,12.9308,77.5838,2026-08-11 06:00:00,7.4,5.5,225.0
Jayanagar,12.9308,77.5838,2026-08-11 07:00:00,8.2,6.3,320.0
Jayanagar,12.9308,77.5838,2026-08-11 08:00:00,7.5,5.5,374.0
Jayanagar,12.9308,77.5838,2026-08-11 09:00:00,8.2,5.6,346.0
Jayanagar,12.9308,77.5838,2026-08-11 10:00:00,9.5,5.9,278.0
Jayanagar,12.9308,77.5838,2026-08-11 11:00:00,12.0,6.9,225.0
Jayanagar,12.9308,77.5838,2026-08-11 12:00:00,13.4,7.4,202.0
Jayanagar,12.9308,77.5838,2026-08-11 13:00:00,14.2,7.8,195.0
Jayanagar,12.9308,77.5838,2026-08-11 14:00:00,14.7,8.1,216.0
Jayanagar,12.9308,77.5838,2026-08-11 15:00:00,15.0,8.2,296.0
Jayanagar,12.9308,77.5838,2026-08-11 16:00:00,13.6,8.5,405.0
Jayanagar,12.9308,77.5838,2026-08-11 17:00:00,20.8,12.6,467.0
Jayanagar,12.9308,77.5838,2026-08-11 18:00:00,21.1,14.5,437.0
Jayanagar,12.9308,77.5838,2026-08-11 19:00:00,21.9,15.7,360.0
Jayanagar,12.9308,77.5838,2026-08-11 20:00:00,22.6,16.0,293.0
Jayanagar,12.9308,77.5838,2026-08-11 21:00:00,20.4,14.5,258.0
Jayanagar,12.9308,77.5838,2026-08-11 22:00:00,17.1,12.5,234.0
Jayanagar,12.9308,77.5838,2026-08-11 23:00:00,13.6,10.2,210.0
Jayanagar,12.9308,77.5838,2026-08-12 00:00:00,10.5,8.0,182.0
Jayanagar,12.9308,77.5838,2026-08-12 01:00:00,8.6,6.4,155.0
Jayanagar,12.9308,77.5838,2026-08-12 02:00:00,7.9,5.6,137.0
Jayanagar,12.9308,77.5838,2026-08-12 03:00:00,8.0,5.4,127.0
Jayanagar,12.9308,77.5838,2026-08-12 04:00:00,8.4,5.4,124.0
Jayanagar,12.9308,77.5838,2026-08-12 05:00:00,7.4,4.7,138.0
Jayanagar,12.9308,77.5838,2026-08-12 06:00:00,7.7,4.9,183.0
Jayanagar,12.9308,77.5838,2026-08-12 07:00:00,8.6,5.2,243.0
Jayanagar,12.9308,77.5838,2026-08-12 08:00:00,9.6,5.8,280.0
Jayanagar,12.9308,77.5838,2026-08-12 09:00:00,10.8,6.2,270.0
Jayanagar,12.9308,77.5838,2026-08-12 10:00:00,11.9,6.5,237.0
Jayanagar,12.9308,77.5838,2026-08-12 11:00:00,13.6,7.1,211.0
Jayanagar,12.9308,77.5838,2026-08-12 12:00:00,13.2,7.0,199.0
Jayanagar,12.9308,77.5838,2026-08-12 13:00:00,11.6,6.4,195.0
Jayanagar,12.9308,77.5838,2026-08-12 14:00:00,9.5,5.7,209.0
Jayanagar,12.9308,77.5838,2026-08-12 15:00:00,8.4,5.2,258.0
Jayanagar,12.9308,77.5838,2026-08-12 16:00:00,8.1,5.1,325.0
Jayanagar,12.9308,77.5838,2026-08-12 17:00:00,16.8,10.7,371.0
Jayanagar,12.9308,77.5838,2026-08-12 18:00:00,16.8,12.2,379.0
Jayanagar,12.9308,77.5838,2026-08-12 19:00:00,17.2,12.8,367.0
Jayanagar,12.9308,77.5838,2026-08-12 20:00:00,17.5,12.9,346.0
Jayanagar,12.9308,77.5838,2026-08-12 21:00:00,16.3,12.0,317.0
Jayanagar,12.9308,77.5838,2026-08-12 22:00:00,15.7,11.5,279.0
Jayanagar,12.9308,77.5838,2026-08-12 23:00:00,13.9,10.1,242.0
Jayanagar,12.9308,77.5838,2026-08-13 00:00:00,12.4,8.8,204.0
Jayanagar,12.9308,77.5838,2026-08-13 01:00:00,11.1,7.7,167.0
Jayanagar,12.9308,77.5838,2026-08-13 02:00:00,10.1,6.8,140.0
Jayanagar,12.9308,77.5838,2026-08-13 03:00:00,9.0,6.0,124.0
Jayanagar,12.9308,77.5838,2026-08-13 04:00:00,7.7,5.2,118.0
Jayanagar,12.9308,77.5838,2026-08-13 05:00:00,5.0,3.8,134.0
Jayanagar,12.9308,77.5838,2026-08-13 06:00:00,4.5,3.6,195.0
Jayanagar,12.9308,77.5838,2026-08-13 07:00:00,4.3,3.5,279.0
Jayanagar,12.9308,77.5838,2026-08-13 08:00:00,4.2,3.5,326.0
Jayanagar,12.9308,77.5838,2026-08-13 09:00:00,4.7,3.6,300.0
Jayanagar,12.9308,77.5838,2026-08-13 10:00:00,4.7,3.6,238.0
Jayanagar,12.9308,77.5838,2026-08-13 11:00:00,5.2,3.8,192.0
Jayanagar,12.9308,77.5838,2026-08-13 12:00:00,5.2,3.7,178.0
Jayanagar,12.9308,77.5838,2026-08-13 13:00:00,6.1,4.0,180.0
Jayanagar,12.9308,77.5838,2026-08-13 14:00:00,13.8,7.6,206.0
Jayanagar,12.9308,77.5838,2026-08-13 15:00:00,11.2,6.6,272.0
Jayanagar,12.9308,77.5838,2026-08-13 16:00:00,13.0,8.1,362.0
Jayanagar,12.9308,77.5838,2026-08-13 17:00:00,16.9,10.9,430.0
Jayanagar,12.9308,77.5838,2026-08-13 18:00:00,17.5,13.2,465.0
Jayanagar,12.9308,77.5838,2026-08-13 19:00:00,17.0,13.1,478.0
Jayanagar,12.9308,77.5838,2026-08-13 20:00:00,16.7,13.0,463.0
Jayanagar,12.9308,77.5838,2026-08-13 21:00:00,16.2,12.5,403.0
Jayanagar,12.9308,77.5838,2026-08-13 22:00:00,16.0,12.1,314.0
Jayanagar,12.9308,77.5838,2026-08-13 23:00:00,15.5,11.2,239.0
Jayanagar,12.9308,77.5838,2026-08-14 00:00:00,14.3,9.7,191.0
Jayanagar,12.9308,77.5838,2026-08-14 01:00:00,12.9,8.5,158.0
Jayanagar,12.9308,77.5838,2026-08-14 02:00:00,11.1,7.3,138.0
Jayanagar,12.9308,77.5838,2026-08-14 03:00:00,9.5,6.4,133.0
Jayanagar,12.9308,77.5838,2026-08-14 04:00:00,8.1,5.6,143.0
Jayanagar,12.9308,77.5838,2026-08-14 05:00:00,6.0,4.4,166.0
Jayanagar,12.9308,77.5838,2026-08-14 06:00:00,5.9,4.3,218.0
Jayanagar,12.9308,77.5838,2026-08-14 07:00:00,5.9,4.3,283.0
Jayanagar,12.9308,77.5838,2026-08-14 08:00:00,6.7,4.8,318.0
Jayanagar,12.9308,77.5838,2026-08-14 09:00:00,6.2,4.6,294.0
Jayanagar,12.9308,77.5838,2026-08-14 10:00:00,6.2,4.3,239.0
Jayanagar,12.9308,77.5838,2026-08-14 11:00:00,5.6,3.8,198.0
Jayanagar,12.9308,77.5838,2026-08-14 12:00:00,5.7,3.9,183.0
Jayanagar,12.9308,77.5838,2026-08-14 13:00:00,5.4,3.7,182.0
Jayanagar,12.9308,77.5838,2026-08-14 14:00:00,7.7,4.6,203.0
Jayanagar,12.9308,77.5838,2026-08-14 15:00:00,9.1,5.1,262.0
Jayanagar,12.9308,77.5838,2026-08-14 16:00:00,9.7,5.9,343.0
Jayanagar,12.9308,77.5838,2026-08-14 17:00:00,10.9,7.8,401.0
Jayanagar,12.9308,77.5838,2026-08-14 18:00:00,12.7,10.1,422.0
Jayanagar,12.9308,77.5838,2026-08-14 19:00:00,13.3,10.8,420.0
Jayanagar,12.9308,77.5838,2026-08-14 20:00:00,12.0,9.6,399.0
Jayanagar,12.9308,77.5838,2026-08-14 21:00:00,11.7,9.4,348.0
Jayanagar,12.9308,77.5838,2026-08-14 22:00:00,11.4,9.3,277.0
Jayanagar,12.9308,77.5838,2026-08-14 23:00:00,10.2,8.3,218.0
Jayanagar,12.9308,77.5838,2026-08-15 00:00:00,8.3,6.6,181.0
Jayanagar,12.9308,77.5838,2026-08-15 01:00:00,7.0,5.1,155.0
Jayanagar,12.9308,77.5838,2026-08-15 02:00:00,6.3,4.3,139.0
Jayanagar,12.9308,77.5838,2026-08-15 03:00:00,6.1,3.9,131.0
Jayanagar,12.9308,77.5838,2026-08-15 04:00:00,6.5,3.9,133.0
Jayanagar,12.9308,77.5838,2026-08-15 05:00:00,7.7,4.5,147.0
Jayanagar,12.9308,77.5838,2026-08-15 06:00:00,8.3,4.9,186.0
Jayanagar,12.9308,77.5838,2026-08-15 07:00:00,9.7,5.8,238.0
Jayanagar,12.9308,77.5838,2026-08-15 08:00:00,10.1,5.7,268.0
Jayanagar,12.9308,77.5838,2026-08-15 09:00:00,11.0,6.3,257.0
Jayanagar,12.9308,77.5838,2026-08-15 10:00:00,13.7,7.1,225.0
Jayanagar,12.9308,77.5838,2026-08-15 11:00:00,16.6,8.1,199.0
Jayanagar,12.9308,77.5838,2026-08-15 12:00:00,19.7,9.3,186.0
Jayanagar,12.9308,77.5838,2026-08-15 13:00:00,14.5,7.4,178.0
Jayanagar,12.9308,77.5838,2026-08-15 14:00:00,11.5,6.3,185.0
Jayanagar,12.9308,77.5838,2026-08-15 15:00:00,10.2,5.7,217.0
Jayanagar,12.9308,77.5838,2026-08-15 16:00:00,10.0,5.7,262.0
Jayanagar,12.9308,77.5838,2026-08-15 17:00:00,12.5,7.2,298.0
Jayanagar,12.9308,77.5838,2026-08-15 18:00:00,14.6,9.8,316.0
Jayanagar,12.9308,77.5838,2026-08-15 19:00:00,15.8,11.3,324.0
Jayanagar,12.9308,77.5838,2026-08-15 20:00:00,15.1,11.0,320.0
Jayanagar,12.9308,77.5838,2026-08-15 21:00:00,13.8,10.2,300.0
Jayanagar,12.9308,77.5838,2026-08-15 22:00:00,13.1,9.7,267.0
Jayanagar,12.9308,77.5838,2026-08-15 23:00:00,11.5,8.5,235.0
Jayanagar,12.9308,77.5838,2026-08-16 00:00:00,9.7,7.1,203.0
Jayanagar,12.9308,77.5838,2026-08-16 01:00:00,8.3,6.0,170.0
Jayanagar,12.9308,77.5838,2026-08-16 02:00:00,7.5,5.2,149.0
Jayanagar,12.9308,77.5838,2026-08-16 03:00:00,7.0,4.7,145.0
Jayanagar,12.9308,77.5838,2026-08-16 04:00:00,6.8,4.4,153.0
Jayanagar,12.9308,77.5838,2026-08-16 05:00:00,5.6,3.9,164.0
Jayanagar,12.9308,77.5838,2026-08-16 06:00:00,5.4,3.8,182.0
Jayanagar,12.9308,77.5838,2026-08-16 07:00:00,6.2,4.2,204.0
Jayanagar,12.9308,77.5838,2026-08-16 08:00:00,7.1,4.5,213.0
Jayanagar,12.9308,77.5838,2026-08-16 09:00:00,8.5,4.9,198.0
Jayanagar,12.9308,77.5838,2026-08-16 10:00:00,10.0,5.4,169.0
Jayanagar,12.9308,77.5838,2026-08-16 11:00:00,11.0,5.9,149.0
Jayanagar,12.9308,77.5838,2026-08-16 12:00:00,10.7,5.6,144.0
Jayanagar,12.9308,77.5838,2026-08-16 13:00:00,9.9,5.3,146.0
Jayanagar,12.9308,77.5838,2026-08-16 14:00:00,9.0,5.0,153.0
Jayanagar,12.9308,77.5838,2026-08-16 15:00:00,8.8,5.0,167.0
Jayanagar,12.9308,77.5838,2026-08-16 16:00:00,10.8,6.3,187.0
Jayanagar,12.9308,77.5838,2026-08-16 17:00:00,17.8,9.5,204.0
Jayanagar,12.9308,77.5838,2026-08-16 18:00:00,19.8,11.9,216.0
Jayanagar,12.9308,77.5838,2026-08-16 19:00:00,21.8,14.2,225.0
Jayanagar,12.9308,77.5838,2026-08-16 20:00:00,21.8,14.8,229.0
Jayanagar,12.9308,77.5838,2026-08-16 21:00:00,20.3,13.9,226.0
Jayanagar,12.9308,77.5838,2026-08-16 22:00:00,18.6,12.8,218.0
Jayanagar,12.9308,77.5838,2026-08-16 23:00:00,16.2,11.1,205.0
Jayanagar,12.9308,77.5838,2026-08-17 00:00:00,13.6,9.1,185.0
Jayanagar,12.9308,77.5838,2026-08-17 01:00:00,11.8,7.8,161.0
Jayanagar,12.9308,77.5838,2026-08-17 02:00:00,10.3,6.8,144.0
Jayanagar,12.9308,77.5838,2026-08-17 03:00:00,8.9,5.9,138.0
Jayanagar,12.9308,77.5838,2026-08-17 04:00:00,7.7,5.2,140.0
Jayanagar,12.9308,77.5838,2026-08-17 05:00:00,8.7,5.4,153.0
Jayanagar,12.9308,77.5838,2026-08-17 06:00:00,7.5,4.9,189.0
Jayanagar,12.9308,77.5838,2026-08-17 07:00:00,8.1,5.0,236.0
Jayanagar,12.9308,77.5838,2026-08-17 08:00:00,10.0,6.2,262.0
Jayanagar,12.9308,77.5838,2026-08-17 09:00:00,12.6,6.8,246.0
Jayanagar,12.9308,77.5838,2026-08-17 10:00:00,18.1,8.3,209.0
Jayanagar,12.9308,77.5838,2026-08-17 11:00:00,21.2,9.4,181.0
Jayanagar,12.9308,77.5838,2026-08-17 12:00:00,21.7,9.7,172.0
Jayanagar,12.9308,77.5838,2026-08-17 13:00:00,19.6,9.2,173.0
Jayanagar,12.9308,77.5838,2026-08-17 14:00:00,17.3,8.7,184.0
Jayanagar,12.9308,77.5838,2026-08-17 15:00:00,17.1,8.8,211.0
Jayanagar,12.9308,77.5838,2026-08-17 16:00:00,16.8,8.7,249.0
Jayanagar,12.9308,77.5838,2026-08-17 17:00:00,15.1,9.5,280.0
Jayanagar,12.9308,77.5838,2026-08-17 18:00:00,15.8,11.5,300.0
Jayanagar,12.9308,77.5838,2026-08-17 19:00:00,14.6,11.1,314.0
Jayanagar,12.9308,77.5838,2026-08-17 20:00:00,13.0,10.3,317.0
Jayanagar,12.9308,77.5838,2026-08-17 21:00:00,11.0,9.1,305.0
Jayanagar,12.9308,77.5838,2026-08-17 22:00:00,10.0,8.4,282.0
Jayanagar,12.9308,77.5838,2026-08-17 23:00:00,9.0,7.5,255.0
Jayanagar,12.9308,77.5838,2026-08-18 00:00:00,8.1,6.4,221.0
Jayanagar,12.9308,77.5838,2026-08-18 01:00:00,7.6,5.8,182.0
Jayanagar,12.9308,77.5838,2026-08-18 02:00:00,7.7,5.5,155.0
Jayanagar,12.9308,77.5838,2026-08-18 03:00:00,8.2,5.6,142.0
Jayanagar,12.9308,77.5838,2026-08-18 04:00:00,8.5,5.6,141.0
Jayanagar,12.9308,77.5838,2026-08-18 05:00:00,8.5,5.6,154.0
Jayanagar,12.9308,77.5838,2026-08-18 06:00:00,8.6,6.0,197.0
Jayanagar,12.9308,77.5838,2026-08-18 07:00:00,7.9,5.4,254.0
Jayanagar,12.9308,77.5838,2026-08-18 08:00:00,7.1,5.2,287.0
Jayanagar,12.9308,77.5838,2026-08-18 09:00:00,7.4,5.1,269.0
Jayanagar,12.9308,77.5838,2026-08-18 10:00:00,7.9,5.2,226.0
Jayanagar,12.9308,77.5838,2026-08-18 11:00:00,9.3,5.4,195.0
Jayanagar,12.9308,77.5838,2026-08-18 12:00:00,10.6,5.9,186.0
Jayanagar,12.9308,77.5838,2026-08-18 13:00:00,11.7,6.2,188.0
Jayanagar,12.9308,77.5838,2026-08-18 14:00:00,14.6,7.4,205.0
Jayanagar,12.9308,77.5838,2026-08-18 15:00:00,16.4,7.9,247.0
Jayanagar,12.9308,77.5838,2026-08-18 16:00:00,16.0,8.8,303.0
Jayanagar,12.9308,77.5838,2026-08-18 17:00:00,13.0,9.5,347.0
Jayanagar,12.9308,77.5838,2026-08-18 18:00:00,11.9,9.6,366.0
Jayanagar,12.9308,77.5838,2026-08-18 19:00:00,12.4,10.1,372.0
Jayanagar,12.9308,77.5838,2026-08-18 20:00:00,13.4,10.8,374.0
Jayanagar,12.9308,77.5838,2026-08-18 21:00:00,13.3,10.7,378.0
Jayanagar,12.9308,77.5838,2026-08-18 22:00:00,12.5,10.2,378.0
Jayanagar,12.9308,77.5838,2026-08-18 23:00:00,11.3,9.3,360.0
Jayanagar,12.9308,77.5838,2026-08-19 00:00:00,9.3,7.7,308.0
Jayanagar,12.9308,77.5838,2026-08-19 01:00:00,7.5,6.2,239.0
Jayanagar,12.9308,77.5838,2026-08-19 02:00:00,6.4,5.2,188.0
Jayanagar,12.9308,77.5838,2026-08-19 03:00:00,6.1,4.7,168.0
Jayanagar,12.9308,77.5838,2026-08-19 04:00:00,5.8,4.3,167.0
Jayanagar,12.9308,77.5838,2026-08-19 05:00:00,5.6,4.1,184.0
Jayanagar,12.9308,77.5838,2026-08-19 06:00:00,5.4,4.1,236.0
Jayanagar,12.9308,77.5838,2026-08-19 07:00:00,5.3,3.9,307.0
Jayanagar,12.9308,77.5838,2026-08-19 08:00:00,6.9,4.9,342.0
Jayanagar,12.9308,77.5838,2026-08-19 09:00:00,7.7,5.5,305.0
Jayanagar,12.9308,77.5838,2026-08-19 10:00:00,8.5,5.5,234.0
Jayanagar,12.9308,77.5838,2026-08-19 11:00:00,9.0,5.2,186.0
Jayanagar,12.9308,77.5838,2026-08-19 12:00:00,10.0,5.4,187.0
Jayanagar,12.9308,77.5838,2026-08-19 13:00:00,12.1,5.7,213.0
Jayanagar,12.9308,77.5838,2026-08-19 14:00:00,19.3,8.7,246.0
Jayanagar,12.9308,77.5838,2026-08-19 15:00:00,15.2,8.3,286.0
Jayanagar,12.9308,77.5838,2026-08-19 16:00:00,12.7,7.8,333.0
Jayanagar,12.9308,77.5838,2026-08-19 17:00:00,11.9,8.3,378.0
Jayanagar,12.9308,77.5838,2026-08-19 18:00:00,12.4,9.5,425.0
Jayanagar,12.9308,77.5838,2026-08-19 19:00:00,12.6,10.3,469.0
Jayanagar,12.9308,77.5838,2026-08-19 20:00:00,11.1,9.4,487.0
Jayanagar,12.9308,77.5838,2026-08-19 21:00:00,9.7,8.4,463.0
Jayanagar,12.9308,77.5838,2026-08-19 22:00:00,8.4,7.3,413.0
Jayanagar,12.9308,77.5838,2026-08-19 23:00:00,7.2,6.3,357.0
Jayanagar,12.9308,77.5838,2026-08-20 00:00:00,6.1,5.1,296.0
Jayanagar,12.9308,77.5838,2026-08-20 01:00:00,5.3,4.3,230.0
Jayanagar,12.9308,77.5838,2026-08-20 02:00:00,5.3,3.9,182.0
Jayanagar,12.9308,77.5838,2026-08-20 03:00:00,5.4,3.7,159.0
Jayanagar,12.9308,77.5838,2026-08-20 04:00:00,5.6,3.7,153.0
Jayanagar,12.9308,77.5838,2026-08-20 05:00:00,5.3,3.7,169.0
Jayanagar,12.9308,77.5838,2026-08-20 06:00:00,5.6,3.9,226.0
Jayanagar,12.9308,77.5838,2026-08-20 07:00:00,6.5,5.0,304.0
Jayanagar,12.9308,77.5838,2026-08-20 08:00:00,6.5,4.9,346.0
Jayanagar,12.9308,77.5838,2026-08-20 09:00:00,7.0,4.8,313.0
Jayanagar,12.9308,77.5838,2026-08-20 10:00:00,8.0,4.8,243.0
Jayanagar,12.9308,77.5838,2026-08-20 11:00:00,11.2,5.8,192.0
Jayanagar,12.9308,77.5838,2026-08-20 12:00:00,12.8,6.2,176.0
Jayanagar,12.9308,77.5838,2026-08-20 13:00:00,13.2,6.3,178.0
Jayanagar,12.9308,77.5838,2026-08-20 14:00:00,13.3,6.4,205.0
Jayanagar,12.9308,77.5838,2026-08-20 15:00:00,12.7,6.4,272.0
Jayanagar,12.9308,77.5838,2026-08-20 16:00:00,12.4,6.5,365.0
Jayanagar,12.9308,77.5838,2026-08-20 17:00:00,12.6,6.7,439.0
Jayanagar,12.9308,77.5838,2026-08-20 18:00:00,13.9,8.6,488.0
Jayanagar,12.9308,77.5838,2026-08-20 19:00:00,14.1,10.3,519.0
Jayanagar,12.9308,77.5838,2026-08-20 20:00:00,13.5,10.2,515.0
Jayanagar,12.9308,77.5838,2026-08-20 21:00:00,12.2,9.4,455.0
Jayanagar,12.9308,77.5838,2026-08-20 22:00:00,11.9,9.1,360.0
Jayanagar,12.9308,77.5838,2026-08-20 23:00:00,11.1,8.3,278.0
Jayanagar,12.9308,77.5838,2026-08-21 00:00:00,10.1,7.4,226.0
Jayanagar,12.9308,77.5838,2026-08-21 01:00:00,9.4,6.8,188.0
Jayanagar,12.9308,77.5838,2026-08-21 02:00:00,8.9,6.3,160.0
Jayanagar,12.9308,77.5838,2026-08-21 03:00:00,8.4,5.9,139.0
Jayanagar,12.9308,77.5838,2026-08-21 04:00:00,8.0,5.5,128.0
Jayanagar,12.9308,77.5838,2026-08-21 05:00:00,7.6,5.2,136.0
Jayanagar,12.9308,77.5838,2026-08-21 06:00:00,6.8,4.8,181.0
Jayanagar,12.9308,77.5838,2026-08-21 07:00:00,7.7,5.1,245.0
Jayanagar,12.9308,77.5838,2026-08-21 08:00:00,8.8,6.0,282.0
Jayanagar,12.9308,77.5838,2026-08-21 09:00:00,10.3,6.8,265.0
Jayanagar,12.9308,77.5838,2026-08-21 10:00:00,11.5,7.0,221.0
Jayanagar,12.9308,77.5838,2026-08-21 11:00:00,12.5,7.2,189.0
Jayanagar,12.9308,77.5838,2026-08-21 12:00:00,14.0,7.7,179.0
Jayanagar,12.9308,77.5838,2026-08-21 13:00:00,16.9,8.6,181.0
Jayanagar,12.9308,77.5838,2026-08-21 14:00:00,17.3,8.7,199.0
Jayanagar,12.9308,77.5838,2026-08-21 15:00:00,17.0,8.7,246.0
Jayanagar,12.9308,77.5838,2026-08-21 16:00:00,15.7,8.5,309.0
Jayanagar,12.9308,77.5838,2026-08-21 17:00:00,14.8,8.7,354.0
Jayanagar,12.9308,77.5838,2026-08-21 18:00:00,14.8,10.0,366.0
Jayanagar,12.9308,77.5838,2026-08-21 19:00:00,15.6,11.2,359.0
Jayanagar,12.9308,77.5838,2026-08-21 20:00:00,15.5,11.6,342.0
Jayanagar,12.9308,77.5838,2026-08-21 21:00:00,15.5,11.7,314.0
Jayanagar,12.9308,77.5838,2026-08-21 22:00:00,15.5,11.7,276.0
Jayanagar,12.9308,77.5838,2026-08-21 23:00:00,13.5,10.3,239.0
Hebbal,13.035,77.597,2026-07-18 00:00:00,7.0,5.5,251.0
Hebbal,13.035,77.597,2026-07-18 01:00:00,5.7,4.6,201.0
Hebbal,13.035,77.597,2026-07-18 02:00:00,4.4,3.6,165.0
Hebbal,13.035,77.597,2026-07-18 03:00:00,5.0,3.6,148.0
Hebbal,13.035,77.597,2026-07-18 04:00:00,5.8,3.9,145.0
Hebbal,13.035,77.597,2026-07-18 05:00:00,7.8,4.7,162.0
Hebbal,13.035,77.597,2026-07-18 06:00:00,11.5,6.4,219.0
Hebbal,13.035,77.597,2026-07-18 07:00:00,11.5,6.8,296.0
Hebbal,13.035,77.597,2026-07-18 08:00:00,15.8,8.6,340.0
Hebbal,13.035,77.597,2026-07-18 09:00:00,17.8,9.0,316.0
Hebbal,13.035,77.597,2026-07-18 10:00:00,17.4,8.6,259.0
Hebbal,13.035,77.597,2026-07-18 11:00:00,16.4,7.9,216.0
Hebbal,13.035,77.597,2026-07-18 12:00:00,18.0,8.3,200.0
Hebbal,13.035,77.597,2026-07-18 13:00:00,20.3,8.5,198.0
Hebbal,13.035,77.597,2026-07-18 14:00:00,28.1,10.9,218.0
Hebbal,13.035,77.597,2026-07-18 15:00:00,28.3,11.9,276.0
Hebbal,13.035,77.597,2026-07-18 16:00:00,24.7,11.7,356.0
Hebbal,13.035,77.597,2026-07-18 17:00:00,20.8,11.6,416.0
Hebbal,13.035,77.597,2026-07-18 18:00:00,19.5,12.0,441.0
Hebbal,13.035,77.597,2026-07-18 19:00:00,20.4,13.8,446.0
Hebbal,13.035,77.597,2026-07-18 20:00:00,19.3,13.0,441.0
Hebbal,13.035,77.597,2026-07-18 21:00:00,18.0,12.0,428.0
Hebbal,13.035,77.597,2026-07-18 22:00:00,20.0,12.2,405.0
Hebbal,13.035,77.597,2026-07-18 23:00:00,16.7,10.5,368.0
Hebbal,13.035,77.597,2026-07-19 00:00:00,14.0,8.7,305.0
Hebbal,13.035,77.597,2026-07-19 01:00:00,12.3,7.5,228.0
Hebbal,13.035,77.597,2026-07-19 02:00:00,9.9,5.9,174.0
Hebbal,13.035,77.597,2026-07-19 03:00:00,8.3,5.1,159.0
Hebbal,13.035,77.597,2026-07-19 04:00:00,7.6,4.7,166.0
Hebbal,13.035,77.597,2026-07-19 05:00:00,6.5,4.4,188.0
Hebbal,13.035,77.597,2026-07-19 06:00:00,7.4,4.7,235.0
Hebbal,13.035,77.597,2026-07-19 07:00:00,9.5,5.5,296.0
Hebbal,13.035,77.597,2026-07-19 08:00:00,12.5,6.5,327.0
Hebbal,13.035,77.597,2026-07-19 09:00:00,13.9,7.0,298.0
Hebbal,13.035,77.597,2026-07-19 10:00:00,16.2,7.8,238.0
Hebbal,13.035,77.597,2026-07-19 11:00:00,18.6,8.5,193.0
Hebbal,13.035,77.597,2026-07-19 12:00:00,22.7,9.7,173.0
Hebbal,13.035,77.597,2026-07-19 13:00:00,24.7,10.4,168.0
Hebbal,13.035,77.597,2026-07-19 14:00:00,39.8,15.5,195.0
Hebbal,13.035,77.597,2026-07-19 15:00:00,27.9,11.3,281.0
Hebbal,13.035,77.597,2026-07-19 16:00:00,31.7,14.0,400.0
Hebbal,13.035,77.597,2026-07-19 17:00:00,35.7,15.0,486.0
Hebbal,13.035,77.597,2026-07-19 18:00:00,87.5,34.2,517.0
Hebbal,13.035,77.597,2026-07-19 19:00:00,32.6,18.0,515.0
Hebbal,13.035,77.597,2026-07-19 20:00:00,25.8,15.7,488.0
Hebbal,13.035,77.597,2026-07-19 21:00:00,23.3,15.0,424.0
Hebbal,13.035,77.597,2026-07-19 22:00:00,31.0,17.5,335.0
Hebbal,13.035,77.597,2026-07-19 23:00:00,22.6,14.1,259.0
Hebbal,13.035,77.597,2026-07-20 00:00:00,14.9,9.9,210.0
Hebbal,13.035,77.597,2026-07-20 01:00:00,9.1,6.6,174.0
Hebbal,13.035,77.597,2026-07-20 02:00:00,6.6,4.9,151.0
Hebbal,13.035,77.597,2026-07-20 03:00:00,4.9,3.8,137.0
Hebbal,13.035,77.597,2026-07-20 04:00:00,4.5,3.3,136.0
Hebbal,13.035,77.597,2026-07-20 05:00:00,5.2,3.5,160.0
Hebbal,13.035,77.597,2026-07-20 06:00:00,5.4,3.6,235.0
Hebbal,13.035,77.597,2026-07-20 07:00:00,5.0,3.6,335.0
Hebbal,13.035,77.597,2026-07-20 08:00:00,7.1,4.4,390.0
Hebbal,13.035,77.597,2026-07-20 09:00:00,9.7,5.2,355.0
Hebbal,13.035,77.597,2026-07-20 10:00:00,10.9,5.5,275.0
Hebbal,13.035,77.597,2026-07-20 11:00:00,10.4,5.3,216.0
Hebbal,13.035,77.597,2026-07-20 12:00:00,10.4,5.2,194.0
Hebbal,13.035,77.597,2026-07-20 13:00:00,12.8,5.7,192.0
Hebbal,13.035,77.597,2026-07-20 14:00:00,20.1,8.2,225.0
Hebbal,13.035,77.597,2026-07-20 15:00:00,19.7,8.4,320.0
Hebbal,13.035,77.597,2026-07-20 16:00:00,21.1,8.8,448.0
Hebbal,13.035,77.597,2026-07-20 17:00:00,15.9,8.7,541.0
Hebbal,13.035,77.597,2026-07-20 18:00:00,13.4,10.2,572.0
Hebbal,13.035,77.597,2026-07-20 19:00:00,11.4,8.4,567.0
Hebbal,13.035,77.597,2026-07-20 20:00:00,10.6,8.2,535.0
Hebbal,13.035,77.597,2026-07-20 21:00:00,9.3,7.4,467.0
Hebbal,13.035,77.597,2026-07-20 22:00:00,8.1,6.5,373.0
Hebbal,13.035,77.597,2026-07-20 23:00:00,7.0,5.6,291.0
Hebbal,13.035,77.597,2026-07-21 00:00:00,5.8,4.5,233.0
Hebbal,13.035,77.597,2026-07-21 01:00:00,5.6,4.1,186.0
Hebbal,13.035,77.597,2026-07-21 02:00:00,5.9,4.0,158.0
Hebbal,13.035,77.597,2026-07-21 03:00:00,6.2,4.1,148.0
Hebbal,13.035,77.597,2026-07-21 04:00:00,6.3,4.1,155.0
Hebbal,13.035,77.597,2026-07-21 05:00:00,6.4,4.3,184.0
Hebbal,13.035,77.597,2026-07-21 06:00:00,6.9,4.7,256.0
Hebbal,13.035,77.597,2026-07-21 07:00:00,8.3,5.5,350.0
Hebbal,13.035,77.597,2026-07-21 08:00:00,11.7,6.8,402.0
Hebbal,13.035,77.597,2026-07-21 09:00:00,16.1,8.1,370.0
Hebbal,13.035,77.597,2026-07-21 10:00:00,17.2,8.6,296.0
Hebbal,13.035,77.597,2026-07-21 11:00:00,16.9,8.5,244.0
Hebbal,13.035,77.597,2026-07-21 12:00:00,15.8,8.2,239.0
Hebbal,13.035,77.597,2026-07-21 13:00:00,16.5,8.5,255.0
Hebbal,13.035,77.597,2026-07-21 14:00:00,20.1,9.4,280.0
Hebbal,13.035,77.597,2026-07-21 15:00:00,23.3,10.4,316.0
Hebbal,13.035,77.597,2026-07-21 16:00:00,20.5,9.6,361.0
Hebbal,13.035,77.597,2026-07-21 17:00:00,20.5,9.9,394.0
Hebbal,13.035,77.597,2026-07-21 18:00:00,21.3,11.8,405.0
Hebbal,13.035,77.597,2026-07-21 19:00:00,20.8,13.3,403.0
Hebbal,13.035,77.597,2026-07-21 20:00:00,19.4,13.3,395.0
Hebbal,13.035,77.597,2026-07-21 21:00:00,16.6,12.0,384.0
Hebbal,13.035,77.597,2026-07-21 22:00:00,14.4,10.7,367.0
Hebbal,13.035,77.597,2026-07-21 23:00:00,12.8,9.7,337.0
Hebbal,13.035,77.597,2026-07-22 00:00:00,11.4,8.5,279.0
Hebbal,13.035,77.597,2026-07-22 01:00:00,10.2,7.5,208.0
Hebbal,13.035,77.597,2026-07-22 02:00:00,9.5,6.8,160.0
Hebbal,13.035,77.597,2026-07-22 03:00:00,8.8,6.3,150.0
Hebbal,13.035,77.597,2026-07-22 04:00:00,7.9,5.7,163.0
Hebbal,13.035,77.597,2026-07-22 05:00:00,6.4,4.6,196.0
Hebbal,13.035,77.597,2026-07-22 06:00:00,6.1,4.5,269.0
Hebbal,13.035,77.597,2026-07-22 07:00:00,6.4,4.8,361.0
Hebbal,13.035,77.597,2026-07-22 08:00:00,6.3,4.7,411.0
Hebbal,13.035,77.597,2026-07-22 09:00:00,5.8,4.4,375.0
Hebbal,13.035,77.597,2026-07-22 10:00:00,5.1,3.8,296.0
Hebbal,13.035,77.597,2026-07-22 11:00:00,5.1,3.5,238.0
Hebbal,13.035,77.597,2026-07-22 12:00:00,5.7,3.7,216.0
Hebbal,13.035,77.597,2026-07-22 13:00:00,7.5,4.2,215.0
Hebbal,13.035,77.597,2026-07-22 14:00:00,7.6,4.2,250.0
Hebbal,13.035,77.597,2026-07-22 15:00:00,8.5,4.8,355.0
Hebbal,13.035,77.597,2026-07-22 16:00:00,7.0,4.5,497.0
Hebbal,13.035,77.597,2026-07-22 17:00:00,9.4,5.6,584.0
Hebbal,13.035,77.597,2026-07-22 18:00:00,9.5,6.2,568.0
Hebbal,13.035,77.597,2026-07-22 19:00:00,10.7,7.9,498.0
Hebbal,13.035,77.597,2026-07-22 20:00:00,11.3,8.4,433.0
Hebbal,13.035,77.597,2026-07-22 21:00:00,11.5,8.4,396.0
Hebbal,13.035,77.597,2026-07-22 22:00:00,12.0,8.5,365.0
Hebbal,13.035,77.597,2026-07-22 23:00:00,12.1,8.1,329.0
Hebbal,13.035,77.597,2026-07-23 00:00:00,11.3,7.0,277.0
Hebbal,13.035,77.597,2026-07-23 01:00:00,11.4,6.5,220.0
Hebbal,13.035,77.597,2026-07-23 02:00:00,12.0,6.4,182.0
Hebbal,13.035,77.597,2026-07-23 03:00:00,12.5,6.5,170.0
Hebbal,13.035,77.597,2026-07-23 04:00:00,12.6,6.5,176.0
Hebbal,13.035,77.597,2026-07-23 05:00:00,9.2,5.2,200.0
Hebbal,13.035,77.597,2026-07-23 06:00:00,8.3,4.9,260.0
Hebbal,13.035,77.597,2026-07-23 07:00:00,8.2,4.8,338.0
Hebbal,13.035,77.597,2026-07-23 08:00:00,7.1,4.2,378.0
Hebbal,13.035,77.597,2026-07-23 09:00:00,5.8,3.7,342.0
Hebbal,13.035,77.597,2026-07-23 10:00:00,6.0,3.6,267.0
Hebbal,13.035,77.597,2026-07-23 11:00:00,8.2,4.1,213.0
Hebbal,13.035,77.597,2026-07-23 12:00:00,9.3,4.6,198.0
Hebbal,13.035,77.597,2026-07-23 13:00:00,18.5,7.5,203.0
Hebbal,13.035,77.597,2026-07-23 14:00:00,13.9,6.3,227.0
Hebbal,13.035,77.597,2026-07-23 15:00:00,15.6,7.0,285.0
Hebbal,13.035,77.597,2026-07-23 16:00:00,17.1,7.6,363.0
Hebbal,13.035,77.597,2026-07-23 17:00:00,20.8,9.7,412.0
Hebbal,13.035,77.597,2026-07-23 18:00:00,18.0,10.4,409.0
Hebbal,13.035,77.597,2026-07-23 19:00:00,23.2,13.6,378.0
Hebbal,13.035,77.597,2026-07-23 20:00:00,19.3,13.0,345.0
Hebbal,13.035,77.597,2026-07-23 21:00:00,17.6,12.4,319.0
Hebbal,13.035,77.597,2026-07-23 22:00:00,16.2,11.6,291.0
Hebbal,13.035,77.597,2026-07-23 23:00:00,14.2,10.1,260.0
Hebbal,13.035,77.597,2026-07-24 00:00:00,12.3,8.2,221.0
Hebbal,13.035,77.597,2026-07-24 01:00:00,11.6,7.3,179.0
Hebbal,13.035,77.597,2026-07-24 02:00:00,11.7,6.9,153.0
Hebbal,13.035,77.597,2026-07-24 03:00:00,11.4,6.4,148.0
Hebbal,13.035,77.597,2026-07-24 04:00:00,10.3,6.0,158.0
Hebbal,13.035,77.597,2026-07-24 05:00:00,5.2,3.4,186.0
Hebbal,13.035,77.597,2026-07-24 06:00:00,5.1,3.6,251.0
Hebbal,13.035,77.597,2026-07-24 07:00:00,5.1,3.8,333.0
Hebbal,13.035,77.597,2026-07-24 08:00:00,6.3,3.9,376.0
Hebbal,13.035,77.597,2026-07-24 09:00:00,21.9,8.4,342.0
Hebbal,13.035,77.597,2026-07-24 10:00:00,30.5,11.8,269.0
Hebbal,13.035,77.597,2026-07-24 11:00:00,39.3,15.1,215.0
Hebbal,13.035,77.597,2026-07-24 12:00:00,39.7,15.7,197.0
Hebbal,13.035,77.597,2026-07-24 13:00:00,42.1,16.5,199.0
Hebbal,13.035,77.597,2026-07-24 14:00:00,83.8,29.9,224.0
Hebbal,13.035,77.597,2026-07-24 15:00:00,48.9,19.3,294.0
Hebbal,13.035,77.597,2026-07-24 16:00:00,42.1,18.5,388.0
Hebbal,13.035,77.597,2026-07-24 17:00:00,31.3,14.2,447.0
Hebbal,13.035,77.597,2026-07-24 18:00:00,23.8,12.3,439.0
Hebbal,13.035,77.597,2026-07-24 19:00:00,19.6,12.0,397.0
Hebbal,13.035,77.597,2026-07-24 20:00:00,17.0,11.6,361.0
Hebbal,13.035,77.597,2026-07-24 21:00:00,15.4,10.5,351.0
Hebbal,13.035,77.597,2026-07-24 22:00:00,13.7,9.8,347.0
Hebbal,13.035,77.597,2026-07-24 23:00:00,11.8,8.6,327.0
Hebbal,13.035,77.597,2026-07-25 00:00:00,9.6,7.1,272.0
Hebbal,13.035,77.597,2026-07-25 01:00:00,8.4,6.4,202.0
Hebbal,13.035,77.597,2026-07-25 02:00:00,7.7,5.8,155.0
Hebbal,13.035,77.597,2026-07-25 03:00:00,7.7,5.1,147.0
Hebbal,13.035,77.597,2026-07-25 04:00:00,8.1,5.1,162.0
Hebbal,13.035,77.597,2026-07-25 05:00:00,8.5,5.3,193.0
Hebbal,13.035,77.597,2026-07-25 06:00:00,9.3,5.7,255.0
Hebbal,13.035,77.597,2026-07-25 07:00:00,10.7,6.5,333.0
Hebbal,13.035,77.597,2026-07-25 08:00:00,12.9,7.5,374.0
Hebbal,13.035,77.597,2026-07-25 09:00:00,13.0,7.5,341.0
Hebbal,13.035,77.597,2026-07-25 10:00:00,13.2,7.5,271.0
Hebbal,13.035,77.597,2026-07-25 11:00:00,13.2,7.0,218.0
Hebbal,13.035,77.597,2026-07-25 12:00:00,12.9,6.7,196.0
Hebbal,13.035,77.597,2026-07-25 13:00:00,12.7,6.6,192.0
Hebbal,13.035,77.597,2026-07-25 14:00:00,12.4,6.2,217.0
Hebbal,13.035,77.597,2026-07-25 15:00:00,14.7,6.8,297.0
Hebbal,13.035,77.597,2026-07-25 16:00:00,13.9,6.6,408.0
Hebbal,13.035,77.597,2026-07-25 17:00:00,20.4,10.0,484.0
Hebbal,13.035,77.597,2026-07-25 18:00:00,16.2,10.1,498.0
Hebbal,13.035,77.597,2026-07-25 19:00:00,15.2,10.6,479.0
Hebbal,13.035,77.597,2026-07-25 20:00:00,14.3,10.6,445.0
Hebbal,13.035,77.597,2026-07-25 21:00:00,14.1,10.6,399.0
Hebbal,13.035,77.597,2026-07-25 22:00:00,13.7,10.2,339.0
Hebbal,13.035,77.597,2026-07-25 23:00:00,12.6,9.1,281.0
Hebbal,13.035,77.597,2026-07-26 00:00:00,10.2,7.3,227.0
Hebbal,13.035,77.597,2026-07-26 01:00:00,7.7,5.5,175.0
Hebbal,13.035,77.597,2026-07-26 02:00:00,6.2,4.4,138.0
Hebbal,13.035,77.597,2026-07-26 03:00:00,8.0,4.9,120.0
Hebbal,13.035,77.597,2026-07-26 04:00:00,6.9,4.2,117.0
Hebbal,13.035,77.597,2026-07-26 05:00:00,6.0,3.8,129.0
Hebbal,13.035,77.597,2026-07-26 06:00:00,5.9,4.0,171.0
Hebbal,13.035,77.597,2026-07-26 07:00:00,5.1,3.5,230.0
Hebbal,13.035,77.597,2026-07-26 08:00:00,5.4,3.5,262.0
Hebbal,13.035,77.597,2026-07-26 09:00:00,7.6,4.5,241.0
Hebbal,13.035,77.597,2026-07-26 10:00:00,7.5,4.5,194.0
Hebbal,13.035,77.597,2026-07-26 11:00:00,8.4,4.8,164.0
Hebbal,13.035,77.597,2026-07-26 12:00:00,12.7,6.1,166.0
Hebbal,13.035,77.597,2026-07-26 13:00:00,15.4,7.0,185.0
Hebbal,13.035,77.597,2026-07-26 14:00:00,21.4,8.8,221.0
Hebbal,13.035,77.597,2026-07-26 15:00:00,17.4,7.6,296.0
Hebbal,13.035,77.597,2026-07-26 16:00:00,16.1,7.6,387.0
Hebbal,13.035,77.597,2026-07-26 17:00:00,18.2,8.5,435.0
Hebbal,13.035,77.597,2026-07-26 18:00:00,17.1,9.7,398.0
Hebbal,13.035,77.597,2026-07-26 19:00:00,17.9,11.2,316.0
Hebbal,13.035,77.597,2026-07-26 20:00:00,19.2,12.3,249.0
Hebbal,13.035,77.597,2026-07-26 21:00:00,18.5,12.0,220.0
Hebbal,13.035,77.597,2026-07-26 22:00:00,15.5,10.4,206.0
Hebbal,13.035,77.597,2026-07-26 23:00:00,11.7,7.9,190.0
Hebbal,13.035,77.597,2026-07-27 00:00:00,7.7,5.2,165.0
Hebbal,13.035,77.597,2026-07-27 01:00:00,6.1,4.0,138.0
Hebbal,13.035,77.597,2026-07-27 02:00:00,5.5,3.4,119.0
Hebbal,13.035,77.597,2026-07-27 03:00:00,4.9,3.0,108.0
Hebbal,13.035,77.597,2026-07-27 04:00:00,4.4,2.6,105.0
Hebbal,13.035,77.597,2026-07-27 05:00:00,4.1,2.4,121.0
Hebbal,13.035,77.597,2026-07-27 06:00:00,4.0,2.5,176.0
Hebbal,13.035,77.597,2026-07-27 07:00:00,4.1,2.8,250.0
Hebbal,13.035,77.597,2026-07-27 08:00:00,4.6,3.0,295.0
Hebbal,13.035,77.597,2026-07-27 09:00:00,5.7,3.3,280.0
Hebbal,13.035,77.597,2026-07-27 10:00:00,7.0,3.9,235.0
Hebbal,13.035,77.597,2026-07-27 11:00:00,8.8,4.6,203.0
Hebbal,13.035,77.597,2026-07-27 12:00:00,11.4,5.0,197.0
Hebbal,13.035,77.597,2026-07-27 13:00:00,13.8,6.1,204.0
Hebbal,13.035,77.597,2026-07-27 14:00:00,17.7,7.3,226.0
Hebbal,13.035,77.597,2026-07-27 15:00:00,22.5,8.8,274.0
Hebbal,13.035,77.597,2026-07-27 16:00:00,31.7,11.9,338.0
Hebbal,13.035,77.597,2026-07-27 17:00:00,28.5,11.9,382.0
Hebbal,13.035,77.597,2026-07-27 18:00:00,25.1,13.1,393.0
Hebbal,13.035,77.597,2026-07-27 19:00:00,25.1,14.0,385.0
Hebbal,13.035,77.597,2026-07-27 20:00:00,22.2,13.4,370.0
Hebbal,13.035,77.597,2026-07-27 21:00:00,19.9,12.7,349.0
Hebbal,13.035,77.597,2026-07-27 22:00:00,16.9,11.4,321.0
Hebbal,13.035,77.597,2026-07-27 23:00:00,11.9,8.6,288.0
Hebbal,13.035,77.597,2026-07-28 00:00:00,7.7,5.8,244.0
Hebbal,13.035,77.597,2026-07-28 01:00:00,5.4,4.3,196.0
Hebbal,13.035,77.597,2026-07-28 02:00:00,4.0,3.1,162.0
Hebbal,13.035,77.597,2026-07-28 03:00:00,3.5,2.4,149.0
Hebbal,13.035,77.597,2026-07-28 04:00:00,3.5,2.4,150.0
Hebbal,13.035,77.597,2026-07-28 05:00:00,2.9,2.1,167.0
Hebbal,13.035,77.597,2026-07-28 06:00:00,3.2,2.3,214.0
Hebbal,13.035,77.597,2026-07-28 07:00:00,4.2,2.8,276.0
Hebbal,13.035,77.597,2026-07-28 08:00:00,5.9,3.4,310.0
Hebbal,13.035,77.597,2026-07-28 09:00:00,7.3,3.9,288.0
Hebbal,13.035,77.597,2026-07-28 10:00:00,8.9,4.3,238.0
Hebbal,13.035,77.597,2026-07-28 11:00:00,11.4,5.2,200.0
Hebbal,13.035,77.597,2026-07-28 12:00:00,13.3,5.9,187.0
Hebbal,13.035,77.597,2026-07-28 13:00:00,13.0,5.9,186.0
Hebbal,13.035,77.597,2026-07-28 14:00:00,14.0,6.2,197.0
Hebbal,13.035,77.597,2026-07-28 15:00:00,16.5,6.9,230.0
Hebbal,13.035,77.597,2026-07-28 16:00:00,17.6,7.3,275.0
Hebbal,13.035,77.597,2026-07-28 17:00:00,17.7,7.6,304.0
Hebbal,13.035,77.597,2026-07-28 18:00:00,16.2,7.7,302.0
Hebbal,13.035,77.597,2026-07-28 19:00:00,14.8,8.2,285.0
Hebbal,13.035,77.597,2026-07-28 20:00:00,13.4,8.0,266.0
Hebbal,13.035,77.597,2026-07-28 21:00:00,12.3,7.5,252.0
Hebbal,13.035,77.597,2026-07-28 22:00:00,10.5,6.6,238.0
Hebbal,13.035,77.597,2026-07-28 23:00:00,8.4,5.5,219.0
Hebbal,13.035,77.597,2026-07-29 00:00:00,6.1,4.1,190.0
Hebbal,13.035,77.597,2026-07-29 01:00:00,4.9,3.5,158.0
Hebbal,13.035,77.597,2026-07-29 02:00:00,4.2,3.1,136.0
Hebbal,13.035,77.597,2026-07-29 03:00:00,3.9,2.7,127.0
Hebbal,13.035,77.597,2026-07-29 04:00:00,3.4,2.4,128.0
Hebbal,13.035,77.597,2026-07-29 05:00:00,7.2,3.1,148.0
Hebbal,13.035,77.597,2026-07-29 06:00:00,6.9,3.3,207.0
Hebbal,13.035,77.597,2026-07-29 07:00:00,7.2,4.1,284.0
Hebbal,13.035,77.597,2026-07-29 08:00:00,6.1,3.7,328.0
Hebbal,13.035,77.597,2026-07-29 09:00:00,6.4,3.7,304.0
Hebbal,13.035,77.597,2026-07-29 10:00:00,7.5,4.0,246.0
Hebbal,13.035,77.597,2026-07-29 11:00:00,9.4,4.4,204.0
Hebbal,13.035,77.597,2026-07-29 12:00:00,17.1,6.4,195.0
Hebbal,13.035,77.597,2026-07-29 13:00:00,20.8,7.6,201.0
Hebbal,13.035,77.597,2026-07-29 14:00:00,22.5,8.4,222.0
Hebbal,13.035,77.597,2026-07-29 15:00:00,22.4,8.5,269.0
Hebbal,13.035,77.597,2026-07-29 16:00:00,17.8,7.2,330.0
Hebbal,13.035,77.597,2026-07-29 17:00:00,17.9,8.1,367.0
Hebbal,13.035,77.597,2026-07-29 18:00:00,16.4,7.8,357.0
Hebbal,13.035,77.597,2026-07-29 19:00:00,14.3,7.7,322.0
Hebbal,13.035,77.597,2026-07-29 20:00:00,13.8,7.4,289.0
Hebbal,13.035,77.597,2026-07-29 21:00:00,13.5,7.2,270.0
Hebbal,13.035,77.597,2026-07-29 22:00:00,13.4,7.3,253.0
Hebbal,13.035,77.597,2026-07-29 23:00:00,13.7,7.2,231.0
Hebbal,13.035,77.597,2026-07-30 00:00:00,13.1,6.6,197.0
Hebbal,13.035,77.597,2026-07-30 01:00:00,11.3,5.5,159.0
Hebbal,13.035,77.597,2026-07-30 02:00:00,9.1,4.8,132.0
Hebbal,13.035,77.597,2026-07-30 03:00:00,9.1,4.5,120.0
Hebbal,13.035,77.597,2026-07-30 04:00:00,6.0,3.4,118.0
Hebbal,13.035,77.597,2026-07-30 05:00:00,4.6,2.6,135.0
Hebbal,13.035,77.597,2026-07-30 06:00:00,6.8,3.1,187.0
Hebbal,13.035,77.597,2026-07-30 07:00:00,4.6,3.0,257.0
Hebbal,13.035,77.597,2026-07-30 08:00:00,4.7,3.1,298.0
Hebbal,13.035,77.597,2026-07-30 09:00:00,4.1,2.7,282.0
Hebbal,13.035,77.597,2026-07-30 10:00:00,4.7,2.8,238.0
Hebbal,13.035,77.597,2026-07-30 11:00:00,5.8,3.1,206.0
Hebbal,13.035,77.597,2026-07-30 12:00:00,8.9,4.1,199.0
Hebbal,13.035,77.597,2026-07-30 13:00:00,13.9,5.7,204.0
Hebbal,13.035,77.597,2026-07-30 14:00:00,14.2,5.9,219.0
Hebbal,13.035,77.597,2026-07-30 15:00:00,15.4,6.2,254.0
Hebbal,13.035,77.597,2026-07-30 16:00:00,10.9,5.0,299.0
Hebbal,13.035,77.597,2026-07-30 17:00:00,14.1,6.7,327.0
Hebbal,13.035,77.597,2026-07-30 18:00:00,10.9,6.2,322.0
Hebbal,13.035,77.597,2026-07-30 19:00:00,9.8,6.6,299.0
Hebbal,13.035,77.597,2026-07-30 20:00:00,9.1,6.1,274.0
Hebbal,13.035,77.597,2026-07-30 21:00:00,8.2,5.5,250.0
Hebbal,13.035,77.597,2026-07-30 22:00:00,6.6,4.6,223.0
Hebbal,13.035,77.597,2026-07-30 23:00:00,5.1,3.8,197.0
Hebbal,13.035,77.597,2026-07-31 00:00:00,5.7,3.8,170.0
Hebbal,13.035,77.597,2026-07-31 01:00:00,4.2,2.8,144.0
Hebbal,13.035,77.597,2026-07-31 02:00:00,3.7,2.3,127.0
Hebbal,13.035,77.597,2026-07-31 03:00:00,4.3,2.4,118.0
Hebbal,13.035,77.597,2026-07-31 04:00:00,2.8,1.9,119.0
Hebbal,13.035,77.597,2026-07-31 05:00:00,5.0,2.7,135.0
Hebbal,13.035,77.597,2026-07-31 06:00:00,5.1,2.9,185.0
Hebbal,13.035,77.597,2026-07-31 07:00:00,5.5,3.2,250.0
Hebbal,13.035,77.597,2026-07-31 08:00:00,8.6,4.2,289.0
Hebbal,13.035,77.597,2026-07-31 09:00:00,7.2,3.7,273.0
Hebbal,13.035,77.597,2026-07-31 10:00:00,6.7,3.4,230.0
Hebbal,13.035,77.597,2026-07-31 11:00:00,10.3,4.5,199.0
Hebbal,13.035,77.597,2026-07-31 12:00:00,13.4,5.8,189.0
Hebbal,13.035,77.597,2026-07-31 13:00:00,13.7,6.0,192.0
Hebbal,13.035,77.597,2026-07-31 14:00:00,11.7,5.5,213.0
Hebbal,13.035,77.597,2026-07-31 15:00:00,10.3,5.3,273.0
Hebbal,13.035,77.597,2026-07-31 16:00:00,9.7,4.9,352.0
Hebbal,13.035,77.597,2026-07-31 17:00:00,15.8,7.9,402.0
Hebbal,13.035,77.597,2026-07-31 18:00:00,13.1,8.7,395.0
Hebbal,13.035,77.597,2026-07-31 19:00:00,11.1,8.0,358.0
Hebbal,13.035,77.597,2026-07-31 20:00:00,10.5,7.6,322.0
Hebbal,13.035,77.597,2026-07-31 21:00:00,9.4,6.9,300.0
Hebbal,13.035,77.597,2026-07-31 22:00:00,8.2,6.4,280.0
Hebbal,13.035,77.597,2026-07-31 23:00:00,6.0,4.9,254.0
Hebbal,13.035,77.597,2026-08-01 00:00:00,3.9,3.4,213.0
Hebbal,13.035,77.597,2026-08-01 01:00:00,2.9,2.6,167.0
Hebbal,13.035,77.597,2026-08-01 02:00:00,2.4,2.2,135.0
Hebbal,13.035,77.597,2026-08-01 03:00:00,2.5,2.2,120.0
Hebbal,13.035,77.597,2026-08-01 04:00:00,2.8,2.2,119.0
Hebbal,13.035,77.597,2026-08-01 05:00:00,4.7,3.0,143.0
Hebbal,13.035,77.597,2026-08-01 06:00:00,4.8,3.0,219.0
Hebbal,13.035,77.597,2026-08-01 07:00:00,6.1,4.1,319.0
Hebbal,13.035,77.597,2026-08-01 08:00:00,5.3,3.8,375.0
Hebbal,13.035,77.597,2026-08-01 09:00:00,4.4,3.0,341.0
Hebbal,13.035,77.597,2026-08-01 10:00:00,3.8,2.4,262.0
Hebbal,13.035,77.597,2026-08-01 11:00:00,4.5,2.6,204.0
Hebbal,13.035,77.597,2026-08-01 12:00:00,7.1,3.3,187.0
Hebbal,13.035,77.597,2026-08-01 13:00:00,11.1,4.5,191.0
Hebbal,13.035,77.597,2026-08-01 14:00:00,15.8,5.8,225.0
Hebbal,13.035,77.597,2026-08-01 15:00:00,46.8,14.4,319.0
Hebbal,13.035,77.597,2026-08-01 16:00:00,15.4,7.0,443.0
Hebbal,13.035,77.597,2026-08-01 17:00:00,11.2,5.5,521.0
Hebbal,13.035,77.597,2026-08-01 18:00:00,6.5,4.2,511.0
Hebbal,13.035,77.597,2026-08-01 19:00:00,5.7,4.5,454.0
Hebbal,13.035,77.597,2026-08-01 20:00:00,5.6,4.6,394.0
Hebbal,13.035,77.597,2026-08-01 21:00:00,6.0,4.1,344.0
Hebbal,13.035,77.597,2026-08-01 22:00:00,7.1,4.4,292.0
Hebbal,13.035,77.597,2026-08-01 23:00:00,7.3,4.5,245.0
Hebbal,13.035,77.597,2026-08-02 00:00:00,5.9,3.8,203.0
Hebbal,13.035,77.597,2026-08-02 01:00:00,4.4,2.9,166.0
Hebbal,13.035,77.597,2026-08-02 02:00:00,3.5,2.4,140.0
Hebbal,13.035,77.597,2026-08-02 03:00:00,4.2,2.4,127.0
Hebbal,13.035,77.597,2026-08-02 04:00:00,3.6,2.2,126.0
Hebbal,13.035,77.597,2026-08-02 05:00:00,2.3,1.9,140.0
Hebbal,13.035,77.597,2026-08-02 06:00:00,1.9,1.6,185.0
Hebbal,13.035,77.597,2026-08-02 07:00:00,2.9,2.2,246.0
Hebbal,13.035,77.597,2026-08-02 08:00:00,2.3,1.9,279.0
Hebbal,13.035,77.597,2026-08-02 09:00:00,2.0,1.8,257.0
Hebbal,13.035,77.597,2026-08-02 10:00:00,1.8,1.7,208.0
Hebbal,13.035,77.597,2026-08-02 11:00:00,3.1,1.9,171.0
Hebbal,13.035,77.597,2026-08-02 12:00:00,8.2,3.6,159.0
Hebbal,13.035,77.597,2026-08-02 13:00:00,12.5,5.2,160.0
Hebbal,13.035,77.597,2026-08-02 14:00:00,16.2,6.4,170.0
Hebbal,13.035,77.597,2026-08-02 15:00:00,24.2,8.8,194.0
Hebbal,13.035,77.597,2026-08-02 16:00:00,21.7,8.3,229.0
Hebbal,13.035,77.597,2026-08-02 17:00:00,15.5,7.2,258.0
Hebbal,13.035,77.597,2026-08-02 18:00:00,11.8,6.1,280.0
Hebbal,13.035,77.597,2026-08-02 19:00:00,12.0,6.3,296.0
Hebbal,13.035,77.597,2026-08-02 20:00:00,12.8,7.0,301.0
Hebbal,13.035,77.597,2026-08-02 21:00:00,15.0,8.0,289.0
Hebbal,13.035,77.597,2026-08-02 22:00:00,15.3,8.0,264.0
Hebbal,13.035,77.597,2026-08-02 23:00:00,14.2,7.5,237.0
Hebbal,13.035,77.597,2026-08-03 00:00:00,12.6,6.2,206.0
Hebbal,13.035,77.597,2026-08-03 01:00:00,10.4,5.2,172.0
Hebbal,13.035,77.597,2026-08-03 02:00:00,10.3,4.8,148.0
Hebbal,13.035,77.597,2026-08-03 03:00:00,13.8,5.7,133.0
Hebbal,13.035,77.597,2026-08-03 04:00:00,13.2,5.8,129.0
Hebbal,13.035,77.597,2026-08-03 05:00:00,10.3,4.8,149.0
Hebbal,13.035,77.597,2026-08-03 06:00:00,12.3,5.3,221.0
Hebbal,13.035,77.597,2026-08-03 07:00:00,17.2,6.7,318.0
Hebbal,13.035,77.597,2026-08-03 08:00:00,21.8,8.5,372.0
Hebbal,13.035,77.597,2026-08-03 09:00:00,22.8,9.1,339.0
Hebbal,13.035,77.597,2026-08-03 10:00:00,24.5,9.6,264.0
Hebbal,13.035,77.597,2026-08-03 11:00:00,25.8,10.0,215.0
Hebbal,13.035,77.597,2026-08-03 12:00:00,29.2,10.6,216.0
Hebbal,13.035,77.597,2026-08-03 13:00:00,44.6,15.4,243.0
Hebbal,13.035,77.597,2026-08-03 14:00:00,80.1,25.3,289.0
Hebbal,13.035,77.597,2026-08-03 15:00:00,35.0,13.8,370.0
Hebbal,13.035,77.597,2026-08-03 16:00:00,25.8,12.4,470.0
Hebbal,13.035,77.597,2026-08-03 17:00:00,29.5,12.4,529.0
Hebbal,13.035,77.597,2026-08-03 18:00:00,26.7,14.0,515.0
Hebbal,13.035,77.597,2026-08-03 19:00:00,24.7,14.7,460.0
Hebbal,13.035,77.597,2026-08-03 20:00:00,20.7,12.6,408.0
Hebbal,13.035,77.597,2026-08-03 21:00:00,17.1,10.9,375.0
Hebbal,13.035,77.597,2026-08-03 22:00:00,13.9,9.1,345.0
Hebbal,13.035,77.597,2026-08-03 23:00:00,11.6,8.1,310.0
Hebbal,13.035,77.597,2026-08-04 00:00:00,9.2,6.6,260.0
Hebbal,13.035,77.597,2026-08-04 01:00:00,7.5,5.4,204.0
Hebbal,13.035,77.597,2026-08-04 02:00:00,6.4,4.5,166.0
Hebbal,13.035,77.597,2026-08-04 03:00:00,6.0,4.0,152.0
Hebbal,13.035,77.597,2026-08-04 04:00:00,5.8,3.6,155.0
Hebbal,13.035,77.597,2026-08-04 05:00:00,6.2,3.9,176.0
Hebbal,13.035,77.597,2026-08-04 06:00:00,6.7,4.1,235.0
Hebbal,13.035,77.597,2026-08-04 07:00:00,6.2,4.2,312.0
Hebbal,13.035,77.597,2026-08-04 08:00:00,5.4,3.9,354.0
Hebbal,13.035,77.597,2026-08-04 09:00:00,6.0,3.5,325.0
Hebbal,13.035,77.597,2026-08-04 10:00:00,10.4,4.7,262.0
Hebbal,13.035,77.597,2026-08-04 11:00:00,12.4,5.9,216.0
Hebbal,13.035,77.597,2026-08-04 12:00:00,12.7,5.7,205.0
Hebbal,13.035,77.597,2026-08-04 13:00:00,14.0,6.2,213.0
Hebbal,13.035,77.597,2026-08-04 14:00:00,13.9,6.9,241.0
Hebbal,13.035,77.597,2026-08-04 15:00:00,14.4,7.3,308.0
Hebbal,13.035,77.597,2026-08-04 16:00:00,16.0,8.6,395.0
Hebbal,13.035,77.597,2026-08-04 17:00:00,12.1,7.1,455.0
Hebbal,13.035,77.597,2026-08-04 18:00:00,12.5,8.5,463.0
Hebbal,13.035,77.597,2026-08-04 19:00:00,12.4,9.0,442.0
Hebbal,13.035,77.597,2026-08-04 20:00:00,12.9,9.2,415.0
Hebbal,13.035,77.597,2026-08-04 21:00:00,11.8,8.4,389.0
Hebbal,13.035,77.597,2026-08-04 22:00:00,11.9,8.6,356.0
Hebbal,13.035,77.597,2026-08-04 23:00:00,11.5,8.5,317.0
Hebbal,13.035,77.597,2026-08-05 00:00:00,9.3,6.8,265.0
Hebbal,13.035,77.597,2026-08-05 01:00:00,7.8,5.5,206.0
Hebbal,13.035,77.597,2026-08-05 02:00:00,6.2,4.1,165.0
Hebbal,13.035,77.597,2026-08-05 03:00:00,5.1,3.5,145.0
Hebbal,13.035,77.597,2026-08-05 04:00:00,4.6,3.2,143.0
Hebbal,13.035,77.597,2026-08-05 05:00:00,4.2,3.3,170.0
Hebbal,13.035,77.597,2026-08-05 06:00:00,5.2,3.5,259.0
Hebbal,13.035,77.597,2026-08-05 07:00:00,8.8,4.5,376.0
Hebbal,13.035,77.597,2026-08-05 08:00:00,8.9,5.3,440.0
Hebbal,13.035,77.597,2026-08-05 09:00:00,11.8,6.1,392.0
Hebbal,13.035,77.597,2026-08-05 10:00:00,15.9,7.4,289.0
Hebbal,13.035,77.597,2026-08-05 11:00:00,17.2,7.7,220.0
Hebbal,13.035,77.597,2026-08-05 12:00:00,18.6,8.0,226.0
Hebbal,13.035,77.597,2026-08-05 13:00:00,23.2,9.7,266.0
Hebbal,13.035,77.597,2026-08-05 14:00:00,19.5,8.9,309.0
Hebbal,13.035,77.597,2026-08-05 15:00:00,18.7,9.2,350.0
Hebbal,13.035,77.597,2026-08-05 16:00:00,16.2,8.9,394.0
Hebbal,13.035,77.597,2026-08-05 17:00:00,15.1,9.3,422.0
Hebbal,13.035,77.597,2026-08-05 18:00:00,13.7,9.4,427.0
Hebbal,13.035,77.597,2026-08-05 19:00:00,12.8,9.5,416.0
Hebbal,13.035,77.597,2026-08-05 20:00:00,12.0,9.0,399.0
Hebbal,13.035,77.597,2026-08-05 21:00:00,11.5,8.4,378.0
Hebbal,13.035,77.597,2026-08-05 22:00:00,11.4,8.0,350.0
Hebbal,13.035,77.597,2026-08-05 23:00:00,9.8,6.9,315.0
Hebbal,13.035,77.597,2026-08-06 00:00:00,7.6,5.3,264.0
Hebbal,13.035,77.597,2026-08-06 01:00:00,6.2,4.5,206.0
Hebbal,13.035,77.597,2026-08-06 02:00:00,5.3,3.8,165.0
Hebbal,13.035,77.597,2026-08-06 03:00:00,5.0,3.5,149.0
Hebbal,13.035,77.597,2026-08-06 04:00:00,5.3,3.5,150.0
Hebbal,13.035,77.597,2026-08-06 05:00:00,4.6,3.4,171.0
Hebbal,13.035,77.597,2026-08-06 06:00:00,5.1,3.5,230.0
Hebbal,13.035,77.597,2026-08-06 07:00:00,6.5,4.2,308.0
Hebbal,13.035,77.597,2026-08-06 08:00:00,7.8,4.5,354.0
Hebbal,13.035,77.597,2026-08-06 09:00:00,10.5,5.3,334.0
Hebbal,13.035,77.597,2026-08-06 10:00:00,14.4,6.7,280.0
Hebbal,13.035,77.597,2026-08-06 11:00:00,17.0,7.7,241.0
Hebbal,13.035,77.597,2026-08-06 12:00:00,24.4,9.8,229.0
Hebbal,13.035,77.597,2026-08-06 13:00:00,17.1,7.9,231.0
Hebbal,13.035,77.597,2026-08-06 14:00:00,16.6,7.8,254.0
Hebbal,13.035,77.597,2026-08-06 15:00:00,16.6,8.9,318.0
Hebbal,13.035,77.597,2026-08-06 16:00:00,19.4,10.7,403.0
Hebbal,13.035,77.597,2026-08-06 17:00:00,21.0,10.9,451.0
Hebbal,13.035,77.597,2026-08-06 18:00:00,22.6,13.5,428.0
Hebbal,13.035,77.597,2026-08-06 19:00:00,24.7,15.1,369.0
Hebbal,13.035,77.597,2026-08-06 20:00:00,25.7,15.9,319.0
Hebbal,13.035,77.597,2026-08-06 21:00:00,24.0,15.1,299.0
Hebbal,13.035,77.597,2026-08-06 22:00:00,18.8,12.5,288.0
Hebbal,13.035,77.597,2026-08-06 23:00:00,14.3,9.7,269.0
Hebbal,13.035,77.597,2026-08-07 00:00:00,12.1,7.7,229.0
Hebbal,13.035,77.597,2026-08-07 01:00:00,7.5,5.2,180.0
Hebbal,13.035,77.597,2026-08-07 02:00:00,5.2,3.8,147.0
Hebbal,13.035,77.597,2026-08-07 03:00:00,3.8,3.0,131.0
Hebbal,13.035,77.597,2026-08-07 04:00:00,3.0,2.5,131.0
Hebbal,13.035,77.597,2026-08-07 05:00:00,6.2,3.4,158.0
Hebbal,13.035,77.597,2026-08-07 06:00:00,6.6,3.7,244.0
Hebbal,13.035,77.597,2026-08-07 07:00:00,7.6,4.5,359.0
Hebbal,13.035,77.597,2026-08-07 08:00:00,7.8,4.7,422.0
Hebbal,13.035,77.597,2026-08-07 09:00:00,8.1,4.7,381.0
Hebbal,13.035,77.597,2026-08-07 10:00:00,8.4,4.8,288.0
Hebbal,13.035,77.597,2026-08-07 11:00:00,8.4,4.5,221.0
Hebbal,13.035,77.597,2026-08-07 12:00:00,11.5,5.2,200.0
Hebbal,13.035,77.597,2026-08-07 13:00:00,11.4,5.4,205.0
Hebbal,13.035,77.597,2026-08-07 14:00:00,12.8,6.0,250.0
Hebbal,13.035,77.597,2026-08-07 15:00:00,24.8,10.2,376.0
Hebbal,13.035,77.597,2026-08-07 16:00:00,14.4,7.3,543.0
Hebbal,13.035,77.597,2026-08-07 17:00:00,9.7,6.3,645.0
Hebbal,13.035,77.597,2026-08-07 18:00:00,14.7,8.7,627.0
Hebbal,13.035,77.597,2026-08-07 19:00:00,16.5,9.4,544.0
Hebbal,13.035,77.597,2026-08-07 20:00:00,14.3,9.0,461.0
Hebbal,13.035,77.597,2026-08-07 21:00:00,10.6,7.6,395.0
Hebbal,13.035,77.597,2026-08-07 22:00:00,8.2,6.5,328.0
Hebbal,13.035,77.597,2026-08-07 23:00:00,6.5,5.3,268.0
Hebbal,13.035,77.597,2026-08-08 00:00:00,4.8,4.0,216.0
Hebbal,13.035,77.597,2026-08-08 01:00:00,3.7,3.1,171.0
Hebbal,13.035,77.597,2026-08-08 02:00:00,3.2,2.5,142.0
Hebbal,13.035,77.597,2026-08-08 03:00:00,3.0,2.2,127.0
Hebbal,13.035,77.597,2026-08-08 04:00:00,2.6,2.0,127.0
Hebbal,13.035,77.597,2026-08-08 05:00:00,1.9,1.8,154.0
Hebbal,13.035,77.597,2026-08-08 06:00:00,1.9,1.8,235.0
Hebbal,13.035,77.597,2026-08-08 07:00:00,2.4,2.1,343.0
Hebbal,13.035,77.597,2026-08-08 08:00:00,4.9,2.9,402.0
Hebbal,13.035,77.597,2026-08-08 09:00:00,6.6,3.9,358.0
Hebbal,13.035,77.597,2026-08-08 10:00:00,8.1,4.5,265.0
Hebbal,13.035,77.597,2026-08-08 11:00:00,8.2,4.5,210.0
Hebbal,13.035,77.597,2026-08-08 12:00:00,10.5,5.3,233.0
Hebbal,13.035,77.597,2026-08-08 13:00:00,26.8,11.0,295.0
Hebbal,13.035,77.597,2026-08-08 14:00:00,18.9,8.6,362.0
Hebbal,13.035,77.597,2026-08-08 15:00:00,14.7,7.5,439.0
Hebbal,13.035,77.597,2026-08-08 16:00:00,14.7,8.2,522.0
Hebbal,13.035,77.597,2026-08-08 17:00:00,23.6,12.2,562.0
Hebbal,13.035,77.597,2026-08-08 18:00:00,20.0,12.3,528.0
Hebbal,13.035,77.597,2026-08-08 19:00:00,17.8,12.2,452.0
Hebbal,13.035,77.597,2026-08-08 20:00:00,15.5,11.5,381.0
Hebbal,13.035,77.597,2026-08-08 21:00:00,12.6,10.0,332.0
Hebbal,13.035,77.597,2026-08-08 22:00:00,9.8,8.1,289.0
Hebbal,13.035,77.597,2026-08-08 23:00:00,7.3,6.2,248.0
Hebbal,13.035,77.597,2026-08-09 00:00:00,5.2,4.4,205.0
Hebbal,13.035,77.597,2026-08-09 01:00:00,4.0,3.3,164.0
Hebbal,13.035,77.597,2026-08-09 02:00:00,3.6,2.8,138.0
Hebbal,13.035,77.597,2026-08-09 03:00:00,3.9,2.7,133.0
Hebbal,13.035,77.597,2026-08-09 04:00:00,3.7,2.5,144.0
Hebbal,13.035,77.597,2026-08-09 05:00:00,3.0,2.3,161.0
Hebbal,13.035,77.597,2026-08-09 06:00:00,2.7,2.1,191.0
Hebbal,13.035,77.597,2026-08-09 07:00:00,3.2,2.2,228.0
Hebbal,13.035,77.597,2026-08-09 08:00:00,3.9,2.6,247.0
Hebbal,13.035,77.597,2026-08-09 09:00:00,6.0,3.7,232.0
Hebbal,13.035,77.597,2026-08-09 10:00:00,6.3,3.6,198.0
Hebbal,13.035,77.597,2026-08-09 11:00:00,7.7,4.1,172.0
Hebbal,13.035,77.597,2026-08-09 12:00:00,15.2,6.5,158.0
Hebbal,13.035,77.597,2026-08-09 13:00:00,11.6,5.4,151.0
Hebbal,13.035,77.597,2026-08-09 14:00:00,17.3,7.8,162.0
Hebbal,13.035,77.597,2026-08-09 15:00:00,15.7,7.2,204.0
Hebbal,13.035,77.597,2026-08-09 16:00:00,16.6,7.7,264.0
Hebbal,13.035,77.597,2026-08-09 17:00:00,22.3,11.1,311.0
Hebbal,13.035,77.597,2026-08-09 18:00:00,19.4,12.0,337.0
Hebbal,13.035,77.597,2026-08-09 19:00:00,19.7,13.4,351.0
Hebbal,13.035,77.597,2026-08-09 20:00:00,18.8,13.4,348.0
Hebbal,13.035,77.597,2026-08-09 21:00:00,16.8,12.5,320.0
Hebbal,13.035,77.597,2026-08-09 22:00:00,14.2,11.1,275.0
Hebbal,13.035,77.597,2026-08-09 23:00:00,11.9,9.5,233.0
Hebbal,13.035,77.597,2026-08-10 00:00:00,9.7,7.6,198.0
Hebbal,13.035,77.597,2026-08-10 01:00:00,8.3,6.3,166.0
Hebbal,13.035,77.597,2026-08-10 02:00:00,7.5,5.5,144.0
Hebbal,13.035,77.597,2026-08-10 03:00:00,6.4,4.5,130.0
Hebbal,13.035,77.597,2026-08-10 04:00:00,5.8,3.9,126.0
Hebbal,13.035,77.597,2026-08-10 05:00:00,5.8,3.6,144.0
Hebbal,13.035,77.597,2026-08-10 06:00:00,5.4,3.8,209.0
Hebbal,13.035,77.597,2026-08-10 07:00:00,5.8,3.7,296.0
Hebbal,13.035,77.597,2026-08-10 08:00:00,6.9,4.7,347.0
Hebbal,13.035,77.597,2026-08-10 09:00:00,7.7,4.6,324.0
Hebbal,13.035,77.597,2026-08-10 10:00:00,9.5,5.2,265.0
Hebbal,13.035,77.597,2026-08-10 11:00:00,11.9,6.2,222.0
Hebbal,13.035,77.597,2026-08-10 12:00:00,12.4,6.4,206.0
Hebbal,13.035,77.597,2026-08-10 13:00:00,14.9,7.6,205.0
Hebbal,13.035,77.597,2026-08-10 14:00:00,12.1,6.2,238.0
Hebbal,13.035,77.597,2026-08-10 15:00:00,15.6,7.6,334.0
Hebbal,13.035,77.597,2026-08-10 16:00:00,14.6,7.6,464.0
Hebbal,13.035,77.597,2026-08-10 17:00:00,15.7,9.4,558.0
Hebbal,13.035,77.597,2026-08-10 18:00:00,13.6,9.3,589.0
Hebbal,13.035,77.597,2026-08-10 19:00:00,14.8,11.1,585.0
Hebbal,13.035,77.597,2026-08-10 20:00:00,15.1,11.8,558.0
Hebbal,13.035,77.597,2026-08-10 21:00:00,13.9,10.8,503.0
Hebbal,13.035,77.597,2026-08-10 22:00:00,13.1,10.3,425.0
Hebbal,13.035,77.597,2026-08-10 23:00:00,11.7,9.3,351.0
Hebbal,13.035,77.597,2026-08-11 00:00:00,9.9,7.7,286.0
Hebbal,13.035,77.597,2026-08-11 01:00:00,8.8,6.5,224.0
Hebbal,13.035,77.597,2026-08-11 02:00:00,8.3,5.8,182.0
Hebbal,13.035,77.597,2026-08-11 03:00:00,8.1,5.4,161.0
Hebbal,13.035,77.597,2026-08-11 04:00:00,8.0,5.1,159.0
Hebbal,13.035,77.597,2026-08-11 05:00:00,7.7,4.9,182.0
Hebbal,13.035,77.597,2026-08-11 06:00:00,7.3,4.9,253.0
Hebbal,13.035,77.597,2026-08-11 07:00:00,7.6,5.2,349.0
Hebbal,13.035,77.597,2026-08-11 08:00:00,8.4,5.2,403.0
Hebbal,13.035,77.597,2026-08-11 09:00:00,8.8,5.3,374.0
Hebbal,13.035,77.597,2026-08-11 10:00:00,10.3,6.0,303.0
Hebbal,13.035,77.597,2026-08-11 11:00:00,12.4,6.6,251.0
Hebbal,13.035,77.597,2026-08-11 12:00:00,12.9,6.8,227.0
Hebbal,13.035,77.597,2026-08-11 13:00:00,13.1,6.9,222.0
Hebbal,13.035,77.597,2026-08-11 14:00:00,13.5,7.0,263.0
Hebbal,13.035,77.597,2026-08-11 15:00:00,14.3,7.4,399.0
Hebbal,13.035,77.597,2026-08-11 16:00:00,14.8,7.7,581.0
Hebbal,13.035,77.597,2026-08-11 17:00:00,17.8,10.1,690.0
Hebbal,13.035,77.597,2026-08-11 18:00:00,18.2,12.3,663.0
Hebbal,13.035,77.597,2026-08-11 19:00:00,20.8,14.7,563.0
Hebbal,13.035,77.597,2026-08-11 20:00:00,21.0,15.2,465.0
Hebbal,13.035,77.597,2026-08-11 21:00:00,20.5,14.7,392.0
Hebbal,13.035,77.597,2026-08-11 22:00:00,18.3,13.1,321.0
Hebbal,13.035,77.597,2026-08-11 23:00:00,14.4,10.5,261.0
Hebbal,13.035,77.597,2026-08-12 00:00:00,10.5,7.8,213.0
Hebbal,13.035,77.597,2026-08-12 01:00:00,8.2,6.2,174.0
Hebbal,13.035,77.597,2026-08-12 02:00:00,7.0,5.1,150.0
Hebbal,13.035,77.597,2026-08-12 03:00:00,6.5,4.6,138.0
Hebbal,13.035,77.597,2026-08-12 04:00:00,6.4,4.4,140.0
Hebbal,13.035,77.597,2026-08-12 05:00:00,5.6,3.8,162.0
Hebbal,13.035,77.597,2026-08-12 06:00:00,6.8,4.2,225.0
Hebbal,13.035,77.597,2026-08-12 07:00:00,8.8,4.8,308.0
Hebbal,13.035,77.597,2026-08-12 08:00:00,11.2,5.5,357.0
Hebbal,13.035,77.597,2026-08-12 09:00:00,12.2,6.3,337.0
Hebbal,13.035,77.597,2026-08-12 10:00:00,12.7,6.4,282.0
Hebbal,13.035,77.597,2026-08-12 11:00:00,12.9,6.5,241.0
Hebbal,13.035,77.597,2026-08-12 12:00:00,12.0,6.3,229.0
Hebbal,13.035,77.597,2026-08-12 13:00:00,10.4,5.7,232.0
Hebbal,13.035,77.597,2026-08-12 14:00:00,9.2,5.2,255.0
Hebbal,13.035,77.597,2026-08-12 15:00:00,8.0,4.7,316.0
Hebbal,13.035,77.597,2026-08-12 16:00:00,7.7,4.7,398.0
Hebbal,13.035,77.597,2026-08-12 17:00:00,19.3,10.2,457.0
Hebbal,13.035,77.597,2026-08-12 18:00:00,18.5,12.6,478.0
Hebbal,13.035,77.597,2026-08-12 19:00:00,18.9,14.0,476.0
Hebbal,13.035,77.597,2026-08-12 20:00:00,17.6,13.2,456.0
Hebbal,13.035,77.597,2026-08-12 21:00:00,15.9,12.0,411.0
Hebbal,13.035,77.597,2026-08-12 22:00:00,15.1,11.3,348.0
Hebbal,13.035,77.597,2026-08-12 23:00:00,13.4,9.8,288.0
Hebbal,13.035,77.597,2026-08-13 00:00:00,11.4,8.1,236.0
Hebbal,13.035,77.597,2026-08-13 01:00:00,9.9,7.0,187.0
Hebbal,13.035,77.597,2026-08-13 02:00:00,8.5,6.0,154.0
Hebbal,13.035,77.597,2026-08-13 03:00:00,7.6,5.3,138.0
Hebbal,13.035,77.597,2026-08-13 04:00:00,6.6,4.6,138.0
Hebbal,13.035,77.597,2026-08-13 05:00:00,5.6,4.0,162.0
Hebbal,13.035,77.597,2026-08-13 06:00:00,5.3,3.9,234.0
Hebbal,13.035,77.597,2026-08-13 07:00:00,4.9,3.8,329.0
Hebbal,13.035,77.597,2026-08-13 08:00:00,4.0,3.4,382.0
Hebbal,13.035,77.597,2026-08-13 09:00:00,3.7,3.0,351.0
Hebbal,13.035,77.597,2026-08-13 10:00:00,4.1,3.1,277.0
Hebbal,13.035,77.597,2026-08-13 11:00:00,4.8,3.4,222.0
Hebbal,13.035,77.597,2026-08-13 12:00:00,5.2,3.5,202.0
Hebbal,13.035,77.597,2026-08-13 13:00:00,6.5,4.1,200.0
Hebbal,13.035,77.597,2026-08-13 14:00:00,8.4,4.9,228.0
Hebbal,13.035,77.597,2026-08-13 15:00:00,12.1,6.9,307.0
Hebbal,13.035,77.597,2026-08-13 16:00:00,15.8,8.7,416.0
Hebbal,13.035,77.597,2026-08-13 17:00:00,15.0,9.3,500.0
Hebbal,13.035,77.597,2026-08-13 18:00:00,16.6,10.6,545.0
Hebbal,13.035,77.597,2026-08-13 19:00:00,16.8,11.8,565.0
Hebbal,13.035,77.597,2026-08-13 20:00:00,17.2,12.3,551.0
Hebbal,13.035,77.597,2026-08-13 21:00:00,18.2,12.7,483.0
Hebbal,13.035,77.597,2026-08-13 22:00:00,18.9,12.9,381.0
Hebbal,13.035,77.597,2026-08-13 23:00:00,18.5,12.4,292.0
Hebbal,13.035,77.597,2026-08-14 00:00:00,16.7,11.0,230.0
Hebbal,13.035,77.597,2026-08-14 01:00:00,14.5,9.4,182.0
Hebbal,13.035,77.597,2026-08-14 02:00:00,12.1,7.7,151.0
Hebbal,13.035,77.597,2026-08-14 03:00:00,10.4,6.6,139.0
Hebbal,13.035,77.597,2026-08-14 04:00:00,9.3,5.9,144.0
Hebbal,13.035,77.597,2026-08-14 05:00:00,6.9,4.5,171.0
Hebbal,13.035,77.597,2026-08-14 06:00:00,6.7,4.4,240.0
Hebbal,13.035,77.597,2026-08-14 07:00:00,6.3,4.2,330.0
Hebbal,13.035,77.597,2026-08-14 08:00:00,5.4,3.8,379.0
Hebbal,13.035,77.597,2026-08-14 09:00:00,5.7,4.1,347.0
Hebbal,13.035,77.597,2026-08-14 10:00:00,6.0,4.0,274.0
Hebbal,13.035,77.597,2026-08-14 11:00:00,6.0,3.9,220.0
Hebbal,13.035,77.597,2026-08-14 12:00:00,5.7,3.7,200.0
Hebbal,13.035,77.597,2026-08-14 13:00:00,5.9,3.6,198.0
Hebbal,13.035,77.597,2026-08-14 14:00:00,6.8,3.9,225.0
Hebbal,13.035,77.597,2026-08-14 15:00:00,8.5,4.6,309.0
Hebbal,13.035,77.597,2026-08-14 16:00:00,9.7,5.3,422.0
Hebbal,13.035,77.597,2026-08-14 17:00:00,10.3,6.0,494.0
Hebbal,13.035,77.597,2026-08-14 18:00:00,10.5,6.7,490.0
Hebbal,13.035,77.597,2026-08-14 19:00:00,12.3,9.0,446.0
Hebbal,13.035,77.597,2026-08-14 20:00:00,11.6,9.0,396.0
Hebbal,13.035,77.597,2026-08-14 21:00:00,11.1,8.8,349.0
Hebbal,13.035,77.597,2026-08-14 22:00:00,10.5,8.4,297.0
Hebbal,13.035,77.597,2026-08-14 23:00:00,9.6,7.6,250.0
Hebbal,13.035,77.597,2026-08-15 00:00:00,8.4,6.2,209.0
Hebbal,13.035,77.597,2026-08-15 01:00:00,8.5,5.5,173.0
Hebbal,13.035,77.597,2026-08-15 02:00:00,8.4,5.0,148.0
Hebbal,13.035,77.597,2026-08-15 03:00:00,7.3,4.4,135.0
Hebbal,13.035,77.597,2026-08-15 04:00:00,7.4,4.2,134.0
Hebbal,13.035,77.597,2026-08-15 05:00:00,7.2,4.1,151.0
Hebbal,13.035,77.597,2026-08-15 06:00:00,8.1,4.6,204.0
Hebbal,13.035,77.597,2026-08-15 07:00:00,10.3,5.6,275.0
Hebbal,13.035,77.597,2026-08-15 08:00:00,12.6,6.2,317.0
Hebbal,13.035,77.597,2026-08-15 09:00:00,14.6,6.7,300.0
Hebbal,13.035,77.597,2026-08-15 10:00:00,15.8,7.2,253.0
Hebbal,13.035,77.597,2026-08-15 11:00:00,15.5,7.1,217.0
Hebbal,13.035,77.597,2026-08-15 12:00:00,13.0,6.4,203.0
Hebbal,13.035,77.597,2026-08-15 13:00:00,10.2,5.4,199.0
Hebbal,13.035,77.597,2026-08-15 14:00:00,9.5,5.1,208.0
Hebbal,13.035,77.597,2026-08-15 15:00:00,10.8,5.6,238.0
Hebbal,13.035,77.597,2026-08-15 16:00:00,12.3,6.4,281.0
Hebbal,13.035,77.597,2026-08-15 17:00:00,13.3,7.0,317.0
Hebbal,13.035,77.597,2026-08-15 18:00:00,13.8,8.7,342.0
Hebbal,13.035,77.597,2026-08-15 19:00:00,15.7,10.7,360.0
Hebbal,13.035,77.597,2026-08-15 20:00:00,15.7,11.3,362.0
Hebbal,13.035,77.597,2026-08-15 21:00:00,14.7,10.8,340.0
Hebbal,13.035,77.597,2026-08-15 22:00:00,13.8,10.2,303.0
Hebbal,13.035,77.597,2026-08-15 23:00:00,12.7,9.4,264.0
Hebbal,13.035,77.597,2026-08-16 00:00:00,10.5,7.7,224.0
Hebbal,13.035,77.597,2026-08-16 01:00:00,9.0,6.3,182.0
Hebbal,13.035,77.597,2026-08-16 02:00:00,8.1,5.5,155.0
Hebbal,13.035,77.597,2026-08-16 03:00:00,7.5,4.9,151.0
Hebbal,13.035,77.597,2026-08-16 04:00:00,6.9,4.5,160.0
Hebbal,13.035,77.597,2026-08-16 05:00:00,6.5,4.2,174.0
Hebbal,13.035,77.597,2026-08-16 06:00:00,6.1,4.0,194.0
Hebbal,13.035,77.597,2026-08-16 07:00:00,6.7,4.4,218.0
Hebbal,13.035,77.597,2026-08-16 08:00:00,7.2,4.2,229.0
Hebbal,13.035,77.597,2026-08-16 09:00:00,7.6,4.3,214.0
Hebbal,13.035,77.597,2026-08-16 10:00:00,8.4,4.6,186.0
Hebbal,13.035,77.597,2026-08-16 11:00:00,11.0,5.5,166.0
Hebbal,13.035,77.597,2026-08-16 12:00:00,11.2,5.5,161.0
Hebbal,13.035,77.597,2026-08-16 13:00:00,10.8,5.4,163.0
Hebbal,13.035,77.597,2026-08-16 14:00:00,10.0,5.2,171.0
Hebbal,13.035,77.597,2026-08-16 15:00:00,10.3,5.5,187.0
Hebbal,13.035,77.597,2026-08-16 16:00:00,11.3,5.9,208.0
Hebbal,13.035,77.597,2026-08-16 17:00:00,18.0,8.8,224.0
Hebbal,13.035,77.597,2026-08-16 18:00:00,18.6,10.9,230.0
Hebbal,13.035,77.597,2026-08-16 19:00:00,20.5,13.2,231.0
Hebbal,13.035,77.597,2026-08-16 20:00:00,21.4,14.3,229.0
Hebbal,13.035,77.597,2026-08-16 21:00:00,20.7,14.3,226.0
Hebbal,13.035,77.597,2026-08-16 22:00:00,19.6,13.7,219.0
Hebbal,13.035,77.597,2026-08-16 23:00:00,17.8,12.5,208.0
Hebbal,13.035,77.597,2026-08-17 00:00:00,15.3,10.5,185.0
Hebbal,13.035,77.597,2026-08-17 01:00:00,12.7,8.6,157.0
Hebbal,13.035,77.597,2026-08-17 02:00:00,11.2,7.4,140.0
Hebbal,13.035,77.597,2026-08-17 03:00:00,10.0,6.4,137.0
Hebbal,13.035,77.597,2026-08-17 04:00:00,8.8,5.6,145.0
Hebbal,13.035,77.597,2026-08-17 05:00:00,10.1,6.1,166.0
Hebbal,13.035,77.597,2026-08-17 06:00:00,8.4,5.1,218.0
Hebbal,13.035,77.597,2026-08-17 07:00:00,8.5,4.9,283.0
Hebbal,13.035,77.597,2026-08-17 08:00:00,10.4,5.4,318.0
Hebbal,13.035,77.597,2026-08-17 09:00:00,13.3,6.3,292.0
Hebbal,13.035,77.597,2026-08-17 10:00:00,16.6,7.3,236.0
Hebbal,13.035,77.597,2026-08-17 11:00:00,20.8,8.9,195.0
Hebbal,13.035,77.597,2026-08-17 12:00:00,17.7,8.0,186.0
Hebbal,13.035,77.597,2026-08-17 13:00:00,17.4,7.9,192.0
Hebbal,13.035,77.597,2026-08-17 14:00:00,17.5,8.2,208.0
Hebbal,13.035,77.597,2026-08-17 15:00:00,19.0,9.0,234.0
Hebbal,13.035,77.597,2026-08-17 16:00:00,18.1,9.1,270.0
Hebbal,13.035,77.597,2026-08-17 17:00:00,18.9,10.0,304.0
Hebbal,13.035,77.597,2026-08-17 18:00:00,16.2,9.7,341.0
Hebbal,13.035,77.597,2026-08-17 19:00:00,14.6,10.2,378.0
Hebbal,13.035,77.597,2026-08-17 20:00:00,12.6,9.5,392.0
Hebbal,13.035,77.597,2026-08-17 21:00:00,10.7,8.3,370.0
Hebbal,13.035,77.597,2026-08-17 22:00:00,9.6,7.7,327.0
Hebbal,13.035,77.597,2026-08-17 23:00:00,9.2,7.2,283.0
Hebbal,13.035,77.597,2026-08-18 00:00:00,8.4,6.4,242.0
Hebbal,13.035,77.597,2026-08-18 01:00:00,8.4,6.0,200.0
Hebbal,13.035,77.597,2026-08-18 02:00:00,8.8,5.9,171.0
Hebbal,13.035,77.597,2026-08-18 03:00:00,9.4,5.9,157.0
Hebbal,13.035,77.597,2026-08-18 04:00:00,9.7,5.9,155.0
Hebbal,13.035,77.597,2026-08-18 05:00:00,9.6,5.9,169.0
Hebbal,13.035,77.597,2026-08-18 06:00:00,9.5,6.2,212.0
Hebbal,13.035,77.597,2026-08-18 07:00:00,9.1,5.8,271.0
Hebbal,13.035,77.597,2026-08-18 08:00:00,7.4,4.8,305.0
Hebbal,13.035,77.597,2026-08-18 09:00:00,7.0,4.5,288.0
Hebbal,13.035,77.597,2026-08-18 10:00:00,7.1,4.6,246.0
Hebbal,13.035,77.597,2026-08-18 11:00:00,8.4,4.7,215.0
Hebbal,13.035,77.597,2026-08-18 12:00:00,11.1,5.8,205.0
Hebbal,13.035,77.597,2026-08-18 13:00:00,14.3,7.0,206.0
Hebbal,13.035,77.597,2026-08-18 14:00:00,19.4,8.9,220.0
Hebbal,13.035,77.597,2026-08-18 15:00:00,18.8,8.6,260.0
Hebbal,13.035,77.597,2026-08-18 16:00:00,21.0,9.5,314.0
Hebbal,13.035,77.597,2026-08-18 17:00:00,23.5,11.2,349.0
Hebbal,13.035,77.597,2026-08-18 18:00:00,18.0,11.2,343.0
Hebbal,13.035,77.597,2026-08-18 19:00:00,16.1,11.4,319.0
Hebbal,13.035,77.597,2026-08-18 20:00:00,15.1,11.4,304.0
Hebbal,13.035,77.597,2026-08-18 21:00:00,13.2,10.2,320.0
Hebbal,13.035,77.597,2026-08-18 22:00:00,11.3,9.0,347.0
Hebbal,13.035,77.597,2026-08-18 23:00:00,9.5,7.7,351.0
Hebbal,13.035,77.597,2026-08-19 00:00:00,7.4,6.0,310.0
Hebbal,13.035,77.597,2026-08-19 01:00:00,6.2,4.9,246.0
Hebbal,13.035,77.597,2026-08-19 02:00:00,6.3,4.6,199.0
Hebbal,13.035,77.597,2026-08-19 03:00:00,5.9,4.3,181.0
Hebbal,13.035,77.597,2026-08-19 04:00:00,5.6,4.0,179.0
Hebbal,13.035,77.597,2026-08-19 05:00:00,5.6,3.9,197.0
Hebbal,13.035,77.597,2026-08-19 06:00:00,5.2,3.7,256.0
Hebbal,13.035,77.597,2026-08-19 07:00:00,5.5,3.6,336.0
Hebbal,13.035,77.597,2026-08-19 08:00:00,6.4,4.4,376.0
Hebbal,13.035,77.597,2026-08-19 09:00:00,7.8,5.2,335.0
Hebbal,13.035,77.597,2026-08-19 10:00:00,9.5,5.2,255.0
Hebbal,13.035,77.597,2026-08-19 11:00:00,9.7,5.2,203.0
Hebbal,13.035,77.597,2026-08-19 12:00:00,10.9,5.5,211.0
Hebbal,13.035,77.597,2026-08-19 13:00:00,12.9,5.9,246.0
Hebbal,13.035,77.597,2026-08-19 14:00:00,28.2,10.7,284.0
Hebbal,13.035,77.597,2026-08-19 15:00:00,18.2,8.0,315.0
Hebbal,13.035,77.597,2026-08-19 16:00:00,14.4,7.6,348.0
Hebbal,13.035,77.597,2026-08-19 17:00:00,11.9,7.6,383.0
Hebbal,13.035,77.597,2026-08-19 18:00:00,12.4,9.6,429.0
Hebbal,13.035,77.597,2026-08-19 19:00:00,10.4,8.5,477.0
Hebbal,13.035,77.597,2026-08-19 20:00:00,9.2,7.8,503.0
Hebbal,13.035,77.597,2026-08-19 21:00:00,8.0,6.9,497.0
Hebbal,13.035,77.597,2026-08-19 22:00:00,7.1,6.0,469.0
Hebbal,13.035,77.597,2026-08-19 23:00:00,6.4,5.2,423.0
Hebbal,13.035,77.597,2026-08-20 00:00:00,5.6,4.3,345.0
Hebbal,13.035,77.597,2026-08-20 01:00:00,7.2,4.6,248.0
Hebbal,13.035,77.597,2026-08-20 02:00:00,6.0,4.0,180.0
Hebbal,13.035,77.597,2026-08-20 03:00:00,5.9,3.8,160.0
Hebbal,13.035,77.597,2026-08-20 04:00:00,5.6,3.6,168.0
Hebbal,13.035,77.597,2026-08-20 05:00:00,5.2,3.4,193.0
Hebbal,13.035,77.597,2026-08-20 06:00:00,4.9,3.4,248.0
Hebbal,13.035,77.597,2026-08-20 07:00:00,5.3,3.9,319.0
Hebbal,13.035,77.597,2026-08-20 08:00:00,5.8,4.1,356.0
Hebbal,13.035,77.597,2026-08-20 09:00:00,6.9,4.4,323.0
Hebbal,13.035,77.597,2026-08-20 10:00:00,9.6,5.1,255.0
Hebbal,13.035,77.597,2026-08-20 11:00:00,12.3,6.0,205.0
Hebbal,13.035,77.597,2026-08-20 12:00:00,16.5,7.1,191.0
Hebbal,13.035,77.597,2026-08-20 13:00:00,16.6,7.2,194.0
Hebbal,13.035,77.597,2026-08-20 14:00:00,16.3,7.2,215.0
Hebbal,13.035,77.597,2026-08-20 15:00:00,15.9,7.1,259.0
Hebbal,13.035,77.597,2026-08-20 16:00:00,15.0,7.0,320.0
Hebbal,13.035,77.597,2026-08-20 17:00:00,14.2,7.1,377.0
Hebbal,13.035,77.597,2026-08-20 18:00:00,12.8,8.1,431.0
Hebbal,13.035,77.597,2026-08-20 19:00:00,13.4,9.1,481.0
Hebbal,13.035,77.597,2026-08-20 20:00:00,11.9,8.6,497.0
Hebbal,13.035,77.597,2026-08-20 21:00:00,11.0,8.1,456.0
Hebbal,13.035,77.597,2026-08-20 22:00:00,11.0,8.1,380.0
Hebbal,13.035,77.597,2026-08-20 23:00:00,11.0,8.0,310.0
Hebbal,13.035,77.597,2026-08-21 00:00:00,10.2,7.2,256.0
Hebbal,13.035,77.597,2026-08-21 01:00:00,8.6,6.0,207.0
Hebbal,13.035,77.597,2026-08-21 02:00:00,7.9,5.6,171.0
Hebbal,13.035,77.597,2026-08-21 03:00:00,7.5,5.2,146.0
Hebbal,13.035,77.597,2026-08-21 04:00:00,6.9,4.7,134.0
Hebbal,13.035,77.597,2026-08-21 05:00:00,6.6,4.6,145.0
Hebbal,13.035,77.597,2026-08-21 06:00:00,6.4,4.5,200.0
Hebbal,13.035,77.597,2026-08-21 07:00:00,7.9,5.0,277.0
Hebbal,13.035,77.597,2026-08-21 08:00:00,8.8,5.5,322.0
Hebbal,13.035,77.597,2026-08-21 09:00:00,10.4,6.3,301.0
Hebbal,13.035,77.597,2026-08-21 10:00:00,11.1,6.6,247.0
Hebbal,13.035,77.597,2026-08-21 11:00:00,11.9,6.5,207.0
Hebbal,13.035,77.597,2026-08-21 12:00:00,13.3,6.9,197.0
Hebbal,13.035,77.597,2026-08-21 13:00:00,18.5,8.6,200.0
Hebbal,13.035,77.597,2026-08-21 14:00:00,19.0,8.7,215.0
Hebbal,13.035,77.597,2026-08-21 15:00:00,17.4,8.3,247.0
Hebbal,13.035,77.597,2026-08-21 16:00:00,16.3,8.1,290.0
Hebbal,13.035,77.597,2026-08-21 17:00:00,20.3,9.6,327.0
Hebbal,13.035,77.597,2026-08-21 18:00:00,16.9,10.0,354.0
Hebbal,13.035,77.597,2026-08-21 19:00:00,16.4,11.0,374.0
Hebbal,13.035,77.597,2026-08-21 20:00:00,15.5,11.2,380.0
Hebbal,13.035,77.597,2026-08-21 21:00:00,14.8,11.2,369.0
Hebbal,13.035,77.597,2026-08-21 22:00:00,14.3,11.0,345.0
Hebbal,13.035,77.597,2026-08-21 23:00:00,13.3,10.2,311.0
Electronic City,12.8399,77.677,2026-07-18 00:00:00,7.7,6.1,165.0
Electronic City,12.8399,77.677,2026-07-18 01:00:00,6.5,5.1,151.0
Electronic City,12.8399,77.677,2026-07-18 02:00:00,6.4,4.6,139.0
Electronic City,12.8399,77.677,2026-07-18 03:00:00,7.8,5.1,128.0
Electronic City,12.8399,77.677,2026-07-18 04:00:00,8.6,5.5,118.0
Electronic City,12.8399,77.677,2026-07-18 05:00:00,10.9,6.5,114.0
Electronic City,12.8399,77.677,2026-07-18 06:00:00,10.9,6.8,122.0
Electronic City,12.8399,77.677,2026-07-18 07:00:00,12.4,7.8,136.0
Electronic City,12.8399,77.677,2026-07-18 08:00:00,12.4,8.0,145.0
Electronic City,12.8399,77.677,2026-07-18 09:00:00,14.1,8.3,145.0
Electronic City,12.8399,77.677,2026-07-18 10:00:00,15.2,8.2,140.0
Electronic City,12.8399,77.677,2026-07-18 11:00:00,16.2,8.2,136.0
Electronic City,12.8399,77.677,2026-07-18 12:00:00,17.9,8.5,131.0
Electronic City,12.8399,77.677,2026-07-18 13:00:00,20.5,9.0,127.0
Electronic City,12.8399,77.677,2026-07-18 14:00:00,25.6,10.5,132.0
Electronic City,12.8399,77.677,2026-07-18 15:00:00,28.5,12.8,155.0
Electronic City,12.8399,77.677,2026-07-18 16:00:00,24.6,13.9,186.0
Electronic City,12.8399,77.677,2026-07-18 17:00:00,22.6,13.5,205.0
Electronic City,12.8399,77.677,2026-07-18 18:00:00,22.6,15.1,197.0
Electronic City,12.8399,77.677,2026-07-18 19:00:00,23.2,16.2,177.0
Electronic City,12.8399,77.677,2026-07-18 20:00:00,23.5,15.5,162.0
Electronic City,12.8399,77.677,2026-07-18 21:00:00,24.7,15.1,163.0
Electronic City,12.8399,77.677,2026-07-18 22:00:00,20.7,13.6,170.0
Electronic City,12.8399,77.677,2026-07-18 23:00:00,17.8,12.2,171.0
Electronic City,12.8399,77.677,2026-07-19 00:00:00,13.2,9.4,158.0
Electronic City,12.8399,77.677,2026-07-19 01:00:00,11.3,8.1,139.0
Electronic City,12.8399,77.677,2026-07-19 02:00:00,9.8,7.0,125.0
Electronic City,12.8399,77.677,2026-07-19 03:00:00,8.9,6.2,119.0
Electronic City,12.8399,77.677,2026-07-19 04:00:00,8.4,5.8,117.0
Electronic City,12.8399,77.677,2026-07-19 05:00:00,7.5,5.3,118.0
Electronic City,12.8399,77.677,2026-07-19 06:00:00,7.9,5.5,123.0
Electronic City,12.8399,77.677,2026-07-19 07:00:00,9.3,6.2,130.0
Electronic City,12.8399,77.677,2026-07-19 08:00:00,11.1,6.7,134.0
Electronic City,12.8399,77.677,2026-07-19 09:00:00,12.1,7.0,132.0
Electronic City,12.8399,77.677,2026-07-19 10:00:00,13.8,7.4,128.0
Electronic City,12.8399,77.677,2026-07-19 11:00:00,16.2,8.0,124.0
Electronic City,12.8399,77.677,2026-07-19 12:00:00,18.0,8.5,122.0
Electronic City,12.8399,77.677,2026-07-19 13:00:00,20.5,9.2,121.0
Electronic City,12.8399,77.677,2026-07-19 14:00:00,22.1,9.9,124.0
Electronic City,12.8399,77.677,2026-07-19 15:00:00,23.1,10.1,134.0
Electronic City,12.8399,77.677,2026-07-19 16:00:00,24.9,11.2,149.0
Electronic City,12.8399,77.677,2026-07-19 17:00:00,27.4,13.9,163.0
Electronic City,12.8399,77.677,2026-07-19 18:00:00,24.0,13.0,179.0
Electronic City,12.8399,77.677,2026-07-19 19:00:00,22.9,13.7,195.0
Electronic City,12.8399,77.677,2026-07-19 20:00:00,23.4,14.6,200.0
Electronic City,12.8399,77.677,2026-07-19 21:00:00,21.9,13.9,185.0
Electronic City,12.8399,77.677,2026-07-19 22:00:00,20.8,13.2,159.0
Electronic City,12.8399,77.677,2026-07-19 23:00:00,15.3,10.4,138.0
Electronic City,12.8399,77.677,2026-07-20 00:00:00,10.5,7.6,127.0
Electronic City,12.8399,77.677,2026-07-20 01:00:00,7.4,5.6,120.0
Electronic City,12.8399,77.677,2026-07-20 02:00:00,6.0,4.5,119.0
Electronic City,12.8399,77.677,2026-07-20 03:00:00,5.4,4.0,125.0
Electronic City,12.8399,77.677,2026-07-20 04:00:00,5.0,3.7,135.0
Electronic City,12.8399,77.677,2026-07-20 05:00:00,5.6,3.7,144.0
Electronic City,12.8399,77.677,2026-07-20 06:00:00,4.8,3.5,150.0
Electronic City,12.8399,77.677,2026-07-20 07:00:00,5.4,4.3,154.0
Electronic City,12.8399,77.677,2026-07-20 08:00:00,6.0,4.3,154.0
Electronic City,12.8399,77.677,2026-07-20 09:00:00,9.0,5.2,147.0
Electronic City,12.8399,77.677,2026-07-20 10:00:00,10.2,5.7,135.0
Electronic City,12.8399,77.677,2026-07-20 11:00:00,9.9,5.6,127.0
Electronic City,12.8399,77.677,2026-07-20 12:00:00,9.1,5.1,124.0
Electronic City,12.8399,77.677,2026-07-20 13:00:00,9.9,5.2,123.0
Electronic City,12.8399,77.677,2026-07-20 14:00:00,12.3,6.0,127.0
Electronic City,12.8399,77.677,2026-07-20 15:00:00,15.0,7.8,137.0
Electronic City,12.8399,77.677,2026-07-20 16:00:00,14.8,8.4,152.0
Electronic City,12.8399,77.677,2026-07-20 17:00:00,18.3,10.0,166.0
Electronic City,12.8399,77.677,2026-07-20 18:00:00,16.1,10.3,179.0
Electronic City,12.8399,77.677,2026-07-20 19:00:00,15.5,11.0,192.0
Electronic City,12.8399,77.677,2026-07-20 20:00:00,13.7,10.2,196.0
Electronic City,12.8399,77.677,2026-07-20 21:00:00,11.1,8.6,186.0
Electronic City,12.8399,77.677,2026-07-20 22:00:00,8.9,6.9,167.0
Electronic City,12.8399,77.677,2026-07-20 23:00:00,7.2,5.7,151.0
Electronic City,12.8399,77.677,2026-07-21 00:00:00,5.6,4.5,142.0
Electronic City,12.8399,77.677,2026-07-21 01:00:00,4.7,3.8,136.0
Electronic City,12.8399,77.677,2026-07-21 02:00:00,4.6,3.6,133.0
Electronic City,12.8399,77.677,2026-07-21 03:00:00,5.0,3.7,134.0
Electronic City,12.8399,77.677,2026-07-21 04:00:00,5.6,4.0,137.0
Electronic City,12.8399,77.677,2026-07-21 05:00:00,5.7,4.2,140.0
Electronic City,12.8399,77.677,2026-07-21 06:00:00,6.4,4.7,142.0
Electronic City,12.8399,77.677,2026-07-21 07:00:00,7.5,5.7,144.0
Electronic City,12.8399,77.677,2026-07-21 08:00:00,10.3,6.7,143.0
Electronic City,12.8399,77.677,2026-07-21 09:00:00,15.0,7.9,138.0
Electronic City,12.8399,77.677,2026-07-21 10:00:00,16.8,8.8,131.0
Electronic City,12.8399,77.677,2026-07-21 11:00:00,17.2,9.0,126.0
Electronic City,12.8399,77.677,2026-07-21 12:00:00,17.5,9.0,123.0
Electronic City,12.8399,77.677,2026-07-21 13:00:00,17.0,8.8,122.0
Electronic City,12.8399,77.677,2026-07-21 14:00:00,16.8,8.7,126.0
Electronic City,12.8399,77.677,2026-07-21 15:00:00,17.2,8.8,140.0
Electronic City,12.8399,77.677,2026-07-21 16:00:00,17.4,8.9,159.0
Electronic City,12.8399,77.677,2026-07-21 17:00:00,17.8,9.6,176.0
Electronic City,12.8399,77.677,2026-07-21 18:00:00,16.8,10.7,189.0
Electronic City,12.8399,77.677,2026-07-21 19:00:00,16.5,11.7,198.0
Electronic City,12.8399,77.677,2026-07-21 20:00:00,15.3,11.4,200.0
Electronic City,12.8399,77.677,2026-07-21 21:00:00,13.9,10.5,188.0
Electronic City,12.8399,77.677,2026-07-21 22:00:00,13.2,10.0,167.0
Electronic City,12.8399,77.677,2026-07-21 23:00:00,11.6,8.9,152.0
Electronic City,12.8399,77.677,2026-07-22 00:00:00,10.1,7.7,147.0
Electronic City,12.8399,77.677,2026-07-22 01:00:00,9.4,7.0,146.0
Electronic City,12.8399,77.677,2026-07-22 02:00:00,8.8,6.5,147.0
Electronic City,12.8399,77.677,2026-07-22 03:00:00,8.3,6.2,150.0
Electronic City,12.8399,77.677,2026-07-22 04:00:00,7.5,5.6,155.0
Electronic City,12.8399,77.677,2026-07-22 05:00:00,6.4,4.7,156.0
Electronic City,12.8399,77.677,2026-07-22 06:00:00,6.1,4.6,151.0
Electronic City,12.8399,77.677,2026-07-22 07:00:00,6.4,5.2,144.0
Electronic City,12.8399,77.677,2026-07-22 08:00:00,5.8,4.9,137.0
Electronic City,12.8399,77.677,2026-07-22 09:00:00,5.4,4.5,132.0
Electronic City,12.8399,77.677,2026-07-22 10:00:00,5.4,4.1,129.0
Electronic City,12.8399,77.677,2026-07-22 11:00:00,5.6,4.0,126.0
Electronic City,12.8399,77.677,2026-07-22 12:00:00,5.9,4.0,122.0
Electronic City,12.8399,77.677,2026-07-22 13:00:00,6.1,4.1,119.0
Electronic City,12.8399,77.677,2026-07-22 14:00:00,6.8,4.2,124.0
Electronic City,12.8399,77.677,2026-07-22 15:00:00,8.1,5.2,143.0
Electronic City,12.8399,77.677,2026-07-22 16:00:00,7.5,5.1,170.0
Electronic City,12.8399,77.677,2026-07-22 17:00:00,8.7,5.9,190.0
Electronic City,12.8399,77.677,2026-07-22 18:00:00,10.0,7.2,198.0
Electronic City,12.8399,77.677,2026-07-22 19:00:00,11.8,9.0,200.0
Electronic City,12.8399,77.677,2026-07-22 20:00:00,11.7,8.9,199.0
Electronic City,12.8399,77.677,2026-07-22 21:00:00,11.4,8.5,197.0
Electronic City,12.8399,77.677,2026-07-22 22:00:00,11.3,8.2,192.0
Electronic City,12.8399,77.677,2026-07-22 23:00:00,11.3,7.8,184.0
Electronic City,12.8399,77.677,2026-07-23 00:00:00,11.1,7.2,172.0
Electronic City,12.8399,77.677,2026-07-23 01:00:00,11.1,6.7,158.0
Electronic City,12.8399,77.677,2026-07-23 02:00:00,11.3,6.6,146.0
Electronic City,12.8399,77.677,2026-07-23 03:00:00,12.0,6.7,140.0
Electronic City,12.8399,77.677,2026-07-23 04:00:00,12.6,6.8,136.0
Electronic City,12.8399,77.677,2026-07-23 05:00:00,10.3,5.6,134.0
Electronic City,12.8399,77.677,2026-07-23 06:00:00,9.2,5.4,134.0
Electronic City,12.8399,77.677,2026-07-23 07:00:00,8.7,5.5,136.0
Electronic City,12.8399,77.677,2026-07-23 08:00:00,7.5,4.9,136.0
Electronic City,12.8399,77.677,2026-07-23 09:00:00,6.8,4.6,131.0
Electronic City,12.8399,77.677,2026-07-23 10:00:00,7.0,4.5,125.0
Electronic City,12.8399,77.677,2026-07-23 11:00:00,7.8,4.6,120.0
Electronic City,12.8399,77.677,2026-07-23 12:00:00,8.7,4.8,119.0
Electronic City,12.8399,77.677,2026-07-23 13:00:00,10.8,5.4,121.0
Electronic City,12.8399,77.677,2026-07-23 14:00:00,13.3,6.4,124.0
Electronic City,12.8399,77.677,2026-07-23 15:00:00,14.4,6.9,127.0
Electronic City,12.8399,77.677,2026-07-23 16:00:00,14.3,7.2,132.0
Electronic City,12.8399,77.677,2026-07-23 17:00:00,19.2,10.0,138.0
Electronic City,12.8399,77.677,2026-07-23 18:00:00,17.2,10.7,149.0
Electronic City,12.8399,77.677,2026-07-23 19:00:00,17.4,11.9,162.0
Electronic City,12.8399,77.677,2026-07-23 20:00:00,17.9,12.4,170.0
Electronic City,12.8399,77.677,2026-07-23 21:00:00,17.4,12.2,168.0
Electronic City,12.8399,77.677,2026-07-23 22:00:00,15.7,11.3,160.0
Electronic City,12.8399,77.677,2026-07-23 23:00:00,13.2,9.7,153.0
Electronic City,12.8399,77.677,2026-07-24 00:00:00,9.3,6.9,149.0
Electronic City,12.8399,77.677,2026-07-24 01:00:00,8.4,5.8,146.0
Electronic City,12.8399,77.677,2026-07-24 02:00:00,9.3,5.7,143.0
Electronic City,12.8399,77.677,2026-07-24 03:00:00,10.6,5.9,138.0
Electronic City,12.8399,77.677,2026-07-24 04:00:00,11.4,6.1,132.0
Electronic City,12.8399,77.677,2026-07-24 05:00:00,6.0,3.5,129.0
Electronic City,12.8399,77.677,2026-07-24 06:00:00,5.8,3.8,133.0
Electronic City,12.8399,77.677,2026-07-24 07:00:00,6.3,4.6,141.0
Electronic City,12.8399,77.677,2026-07-24 08:00:00,5.6,4.2,145.0
Electronic City,12.8399,77.677,2026-07-24 09:00:00,10.4,5.4,140.0
Electronic City,12.8399,77.677,2026-07-24 10:00:00,19.0,8.4,132.0
Electronic City,12.8399,77.677,2026-07-24 11:00:00,28.9,12.1,125.0
Electronic City,12.8399,77.677,2026-07-24 12:00:00,33.2,14.1,119.0
Electronic City,12.8399,77.677,2026-07-24 13:00:00,36.3,15.4,114.0
Electronic City,12.8399,77.677,2026-07-24 14:00:00,43.0,17.4,124.0
Electronic City,12.8399,77.677,2026-07-24 15:00:00,51.7,20.7,160.0
Electronic City,12.8399,77.677,2026-07-24 16:00:00,58.7,23.2,210.0
Electronic City,12.8399,77.677,2026-07-24 17:00:00,38.4,19.3,248.0
Electronic City,12.8399,77.677,2026-07-24 18:00:00,37.3,19.8,268.0
Electronic City,12.8399,77.677,2026-07-24 19:00:00,30.7,18.0,277.0
Electronic City,12.8399,77.677,2026-07-24 20:00:00,25.5,16.0,269.0
Electronic City,12.8399,77.677,2026-07-24 21:00:00,20.3,13.4,234.0
Electronic City,12.8399,77.677,2026-07-24 22:00:00,16.8,11.8,183.0
Electronic City,12.8399,77.677,2026-07-24 23:00:00,12.8,9.5,145.0
Electronic City,12.8399,77.677,2026-07-25 00:00:00,9.2,7.0,132.0
Electronic City,12.8399,77.677,2026-07-25 01:00:00,7.4,5.7,131.0
Electronic City,12.8399,77.677,2026-07-25 02:00:00,6.9,5.0,133.0
Electronic City,12.8399,77.677,2026-07-25 03:00:00,7.5,5.0,136.0
Electronic City,12.8399,77.677,2026-07-25 04:00:00,8.5,5.4,141.0
Electronic City,12.8399,77.677,2026-07-25 05:00:00,9.8,6.1,145.0
Electronic City,12.8399,77.677,2026-07-25 06:00:00,10.6,6.4,148.0
Electronic City,12.8399,77.677,2026-07-25 07:00:00,11.9,7.2,149.0
Electronic City,12.8399,77.677,2026-07-25 08:00:00,12.9,7.7,148.0
Electronic City,12.8399,77.677,2026-07-25 09:00:00,14.3,8.2,141.0
Electronic City,12.8399,77.677,2026-07-25 10:00:00,15.0,8.3,131.0
Electronic City,12.8399,77.677,2026-07-25 11:00:00,15.3,8.0,123.0
Electronic City,12.8399,77.677,2026-07-25 12:00:00,14.3,7.5,119.0
Electronic City,12.8399,77.677,2026-07-25 13:00:00,12.9,6.9,117.0
Electronic City,12.8399,77.677,2026-07-25 14:00:00,13.0,6.9,121.0
Electronic City,12.8399,77.677,2026-07-25 15:00:00,11.0,6.0,136.0
Electronic City,12.8399,77.677,2026-07-25 16:00:00,10.2,6.2,157.0
Electronic City,12.8399,77.677,2026-07-25 17:00:00,15.8,9.1,175.0
Electronic City,12.8399,77.677,2026-07-25 18:00:00,16.3,11.3,190.0
Electronic City,12.8399,77.677,2026-07-25 19:00:00,16.9,12.5,202.0
Electronic City,12.8399,77.677,2026-07-25 20:00:00,16.6,12.4,207.0
Electronic City,12.8399,77.677,2026-07-25 21:00:00,16.8,12.0,198.0
Electronic City,12.8399,77.677,2026-07-25 22:00:00,15.1,10.7,181.0
Electronic City,12.8399,77.677,2026-07-25 23:00:00,13.0,9.1,167.0
Electronic City,12.8399,77.677,2026-07-26 00:00:00,10.5,7.3,160.0
Electronic City,12.8399,77.677,2026-07-26 01:00:00,7.9,5.7,156.0
Electronic City,12.8399,77.677,2026-07-26 02:00:00,6.4,4.6,151.0
Electronic City,12.8399,77.677,2026-07-26 03:00:00,5.6,4.0,143.0
Electronic City,12.8399,77.677,2026-07-26 04:00:00,6.4,4.1,134.0
Electronic City,12.8399,77.677,2026-07-26 05:00:00,5.5,3.7,127.0
Electronic City,12.8399,77.677,2026-07-26 06:00:00,5.2,3.5,125.0
Electronic City,12.8399,77.677,2026-07-26 07:00:00,5.6,3.9,126.0
Electronic City,12.8399,77.677,2026-07-26 08:00:00,5.3,3.7,125.0
Electronic City,12.8399,77.677,2026-07-26 09:00:00,6.3,4.2,119.0
Electronic City,12.8399,77.677,2026-07-26 10:00:00,8.7,5.3,111.0
Electronic City,12.8399,77.677,2026-07-26 11:00:00,10.5,6.1,109.0
Electronic City,12.8399,77.677,2026-07-26 12:00:00,13.9,7.2,117.0
Electronic City,12.8399,77.677,2026-07-26 13:00:00,13.9,7.2,130.0
Electronic City,12.8399,77.677,2026-07-26 14:00:00,15.5,7.7,140.0
Electronic City,12.8399,77.677,2026-07-26 15:00:00,17.6,8.9,145.0
Electronic City,12.8399,77.677,2026-07-26 16:00:00,16.5,9.3,147.0
Electronic City,12.8399,77.677,2026-07-26 17:00:00,19.3,10.0,148.0
Electronic City,12.8399,77.677,2026-07-26 18:00:00,19.4,11.5,150.0
Electronic City,12.8399,77.677,2026-07-26 19:00:00,20.2,12.7,150.0
Electronic City,12.8399,77.677,2026-07-26 20:00:00,20.1,12.7,149.0
Electronic City,12.8399,77.677,2026-07-26 21:00:00,15.4,10.5,144.0
Electronic City,12.8399,77.677,2026-07-26 22:00:00,11.3,8.1,138.0
Electronic City,12.8399,77.677,2026-07-26 23:00:00,7.6,5.8,131.0
Electronic City,12.8399,77.677,2026-07-27 00:00:00,5.3,4.1,125.0
Electronic City,12.8399,77.677,2026-07-27 01:00:00,4.2,3.2,118.0
Electronic City,12.8399,77.677,2026-07-27 02:00:00,4.2,2.8,113.0
Electronic City,12.8399,77.677,2026-07-27 03:00:00,4.0,2.6,108.0
Electronic City,12.8399,77.677,2026-07-27 04:00:00,3.6,2.3,104.0
Electronic City,12.8399,77.677,2026-07-27 05:00:00,3.0,2.0,104.0
Electronic City,12.8399,77.677,2026-07-27 06:00:00,2.9,2.1,113.0
Electronic City,12.8399,77.677,2026-07-27 07:00:00,3.2,2.7,127.0
Electronic City,12.8399,77.677,2026-07-27 08:00:00,3.8,3.0,136.0
Electronic City,12.8399,77.677,2026-07-27 09:00:00,5.7,3.8,133.0
Electronic City,12.8399,77.677,2026-07-27 10:00:00,10.4,5.3,125.0
Electronic City,12.8399,77.677,2026-07-27 11:00:00,11.4,6.1,119.0
Electronic City,12.8399,77.677,2026-07-27 12:00:00,12.2,6.4,118.0
Electronic City,12.8399,77.677,2026-07-27 13:00:00,14.1,6.8,121.0
Electronic City,12.8399,77.677,2026-07-27 14:00:00,17.8,8.1,125.0
Electronic City,12.8399,77.677,2026-07-27 15:00:00,21.1,9.4,133.0
Electronic City,12.8399,77.677,2026-07-27 16:00:00,23.5,10.2,143.0
Electronic City,12.8399,77.677,2026-07-27 17:00:00,27.9,14.1,153.0
Electronic City,12.8399,77.677,2026-07-27 18:00:00,24.7,14.2,162.0
Electronic City,12.8399,77.677,2026-07-27 19:00:00,25.8,14.8,171.0
Electronic City,12.8399,77.677,2026-07-27 20:00:00,23.6,14.1,175.0
Electronic City,12.8399,77.677,2026-07-27 21:00:00,18.6,11.8,173.0
Electronic City,12.8399,77.677,2026-07-27 22:00:00,12.7,8.8,166.0
Electronic City,12.8399,77.677,2026-07-27 23:00:00,8.2,6.2,159.0
Electronic City,12.8399,77.677,2026-07-28 00:00:00,5.3,4.3,152.0
Electronic City,12.8399,77.677,2026-07-28 01:00:00,4.3,3.4,144.0
Electronic City,12.8399,77.677,2026-07-28 02:00:00,4.4,3.0,137.0
Electronic City,12.8399,77.677,2026-07-28 03:00:00,4.5,2.8,129.0
Electronic City,12.8399,77.677,2026-07-28 04:00:00,4.8,2.8,120.0
Electronic City,12.8399,77.677,2026-07-28 05:00:00,3.5,2.3,117.0
Electronic City,12.8399,77.677,2026-07-28 06:00:00,3.5,2.4,123.0
Electronic City,12.8399,77.677,2026-07-28 07:00:00,3.8,3.1,133.0
Electronic City,12.8399,77.677,2026-07-28 08:00:00,4.6,3.4,139.0
Electronic City,12.8399,77.677,2026-07-28 09:00:00,6.0,3.8,135.0
Electronic City,12.8399,77.677,2026-07-28 10:00:00,7.9,4.4,126.0
Electronic City,12.8399,77.677,2026-07-28 11:00:00,11.1,5.5,119.0
Electronic City,12.8399,77.677,2026-07-28 12:00:00,13.8,6.4,116.0
Electronic City,12.8399,77.677,2026-07-28 13:00:00,11.6,5.8,115.0
Electronic City,12.8399,77.677,2026-07-28 14:00:00,11.5,5.8,116.0
Electronic City,12.8399,77.677,2026-07-28 15:00:00,11.8,5.9,121.0
Electronic City,12.8399,77.677,2026-07-28 16:00:00,12.8,6.4,129.0
Electronic City,12.8399,77.677,2026-07-28 17:00:00,14.8,7.5,137.0
Electronic City,12.8399,77.677,2026-07-28 18:00:00,13.4,7.7,147.0
Electronic City,12.8399,77.677,2026-07-28 19:00:00,12.6,8.0,157.0
Electronic City,12.8399,77.677,2026-07-28 20:00:00,12.3,7.9,162.0
Electronic City,12.8399,77.677,2026-07-28 21:00:00,11.5,7.3,159.0
Electronic City,12.8399,77.677,2026-07-28 22:00:00,9.8,6.4,152.0
Electronic City,12.8399,77.677,2026-07-28 23:00:00,7.7,5.3,146.0
Electronic City,12.8399,77.677,2026-07-29 00:00:00,8.3,4.9,143.0
Electronic City,12.8399,77.677,2026-07-29 01:00:00,4.7,3.3,140.0
Electronic City,12.8399,77.677,2026-07-29 02:00:00,3.2,2.5,137.0
Electronic City,12.8399,77.677,2026-07-29 03:00:00,2.3,2.0,130.0
Electronic City,12.8399,77.677,2026-07-29 04:00:00,2.1,1.8,123.0
Electronic City,12.8399,77.677,2026-07-29 05:00:00,6.4,2.9,120.0
Electronic City,12.8399,77.677,2026-07-29 06:00:00,7.4,3.4,127.0
Electronic City,12.8399,77.677,2026-07-29 07:00:00,5.6,3.7,138.0
Electronic City,12.8399,77.677,2026-07-29 08:00:00,5.3,3.5,144.0
Electronic City,12.8399,77.677,2026-07-29 09:00:00,5.9,3.4,140.0
Electronic City,12.8399,77.677,2026-07-29 10:00:00,6.1,3.5,132.0
Electronic City,12.8399,77.677,2026-07-29 11:00:00,8.4,3.9,125.0
Electronic City,12.8399,77.677,2026-07-29 12:00:00,11.9,5.1,121.0
Electronic City,12.8399,77.677,2026-07-29 13:00:00,14.1,5.6,119.0
Electronic City,12.8399,77.677,2026-07-29 14:00:00,18.0,6.9,124.0
Electronic City,12.8399,77.677,2026-07-29 15:00:00,19.5,7.8,143.0
Electronic City,12.8399,77.677,2026-07-29 16:00:00,17.7,7.7,169.0
Electronic City,12.8399,77.677,2026-07-29 17:00:00,24.5,10.6,184.0
Electronic City,12.8399,77.677,2026-07-29 18:00:00,17.1,9.5,175.0
Electronic City,12.8399,77.677,2026-07-29 19:00:00,14.0,8.5,155.0
Electronic City,12.8399,77.677,2026-07-29 20:00:00,12.8,7.9,140.0
Electronic City,12.8399,77.677,2026-07-29 21:00:00,12.0,7.2,137.0
Electronic City,12.8399,77.677,2026-07-29 22:00:00,10.8,6.5,138.0
Electronic City,12.8399,77.677,2026-07-29 23:00:00,10.9,6.2,138.0
Electronic City,12.8399,77.677,2026-07-30 00:00:00,11.0,5.8,134.0
Electronic City,12.8399,77.677,2026-07-30 01:00:00,10.2,5.3,129.0
Electronic City,12.8399,77.677,2026-07-30 02:00:00,8.8,4.5,124.0
Electronic City,12.8399,77.677,2026-07-30 03:00:00,5.8,3.1,118.0
Electronic City,12.8399,77.677,2026-07-30 04:00:00,5.2,2.6,112.0
Electronic City,12.8399,77.677,2026-07-30 05:00:00,4.4,2.5,110.0
Electronic City,12.8399,77.677,2026-07-30 06:00:00,4.2,2.4,115.0
Electronic City,12.8399,77.677,2026-07-30 07:00:00,4.6,3.4,124.0
Electronic City,12.8399,77.677,2026-07-30 08:00:00,4.6,3.3,130.0
Electronic City,12.8399,77.677,2026-07-30 09:00:00,4.6,3.3,129.0
Electronic City,12.8399,77.677,2026-07-30 10:00:00,5.8,3.5,126.0
Electronic City,12.8399,77.677,2026-07-30 11:00:00,8.0,4.1,123.0
Electronic City,12.8399,77.677,2026-07-30 12:00:00,10.9,5.1,121.0
Electronic City,12.8399,77.677,2026-07-30 13:00:00,17.3,7.3,119.0
Electronic City,12.8399,77.677,2026-07-30 14:00:00,17.8,7.8,121.0
Electronic City,12.8399,77.677,2026-07-30 15:00:00,15.4,6.9,131.0
Electronic City,12.8399,77.677,2026-07-30 16:00:00,10.1,5.6,144.0
Electronic City,12.8399,77.677,2026-07-30 17:00:00,13.4,7.6,154.0
Electronic City,12.8399,77.677,2026-07-30 18:00:00,11.5,7.0,155.0
Electronic City,12.8399,77.677,2026-07-30 19:00:00,10.8,7.2,153.0
Electronic City,12.8399,77.677,2026-07-30 20:00:00,10.2,6.8,150.0
Electronic City,12.8399,77.677,2026-07-30 21:00:00,8.2,5.5,149.0
Electronic City,12.8399,77.677,2026-07-30 22:00:00,7.9,5.2,148.0
Electronic City,12.8399,77.677,2026-07-30 23:00:00,5.1,3.9,145.0
Electronic City,12.8399,77.677,2026-07-31 00:00:00,5.4,3.4,139.0
Electronic City,12.8399,77.677,2026-07-31 01:00:00,5.5,3.1,131.0
Electronic City,12.8399,77.677,2026-07-31 02:00:00,4.4,2.6,124.0
Electronic City,12.8399,77.677,2026-07-31 03:00:00,3.1,2.0,116.0
Electronic City,12.8399,77.677,2026-07-31 04:00:00,2.6,1.7,108.0
Electronic City,12.8399,77.677,2026-07-31 05:00:00,4.0,2.2,105.0
Electronic City,12.8399,77.677,2026-07-31 06:00:00,4.3,2.4,111.0
Electronic City,12.8399,77.677,2026-07-31 07:00:00,5.6,3.5,121.0
Electronic City,12.8399,77.677,2026-07-31 08:00:00,6.4,4.0,128.0
Electronic City,12.8399,77.677,2026-07-31 09:00:00,7.4,4.1,127.0
Electronic City,12.8399,77.677,2026-07-31 10:00:00,9.5,4.5,123.0
Electronic City,12.8399,77.677,2026-07-31 11:00:00,11.5,5.4,120.0
Electronic City,12.8399,77.677,2026-07-31 12:00:00,12.1,5.8,118.0
Electronic City,12.8399,77.677,2026-07-31 13:00:00,13.8,6.4,116.0
Electronic City,12.8399,77.677,2026-07-31 14:00:00,13.5,6.5,117.0
Electronic City,12.8399,77.677,2026-07-31 15:00:00,13.3,6.5,123.0
Electronic City,12.8399,77.677,2026-07-31 16:00:00,10.7,5.6,132.0
Electronic City,12.8399,77.677,2026-07-31 17:00:00,15.3,9.0,140.0
Electronic City,12.8399,77.677,2026-07-31 18:00:00,14.2,9.2,148.0
Electronic City,12.8399,77.677,2026-07-31 19:00:00,12.8,9.0,157.0
Electronic City,12.8399,77.677,2026-07-31 20:00:00,11.0,8.1,161.0
Electronic City,12.8399,77.677,2026-07-31 21:00:00,9.4,6.9,160.0
Electronic City,12.8399,77.677,2026-07-31 22:00:00,7.7,5.9,156.0
Electronic City,12.8399,77.677,2026-07-31 23:00:00,5.6,4.6,149.0
Electronic City,12.8399,77.677,2026-08-01 00:00:00,3.8,3.3,139.0
Electronic City,12.8399,77.677,2026-08-01 01:00:00,2.9,2.6,127.0
Electronic City,12.8399,77.677,2026-08-01 02:00:00,2.7,2.2,118.0
Electronic City,12.8399,77.677,2026-08-01 03:00:00,3.0,2.2,112.0
Electronic City,12.8399,77.677,2026-08-01 04:00:00,3.2,2.1,109.0
Electronic City,12.8399,77.677,2026-08-01 05:00:00,3.0,2.3,109.0
Electronic City,12.8399,77.677,2026-08-01 06:00:00,2.8,2.3,115.0
Electronic City,12.8399,77.677,2026-08-01 07:00:00,3.2,2.7,125.0
Electronic City,12.8399,77.677,2026-08-01 08:00:00,4.8,3.5,131.0
Electronic City,12.8399,77.677,2026-08-01 09:00:00,4.6,3.2,129.0
Electronic City,12.8399,77.677,2026-08-01 10:00:00,4.9,3.0,124.0
Electronic City,12.8399,77.677,2026-08-01 11:00:00,5.5,3.1,121.0
Electronic City,12.8399,77.677,2026-08-01 12:00:00,9.6,4.4,121.0
Electronic City,12.8399,77.677,2026-08-01 13:00:00,14.3,6.2,122.0
Electronic City,12.8399,77.677,2026-08-01 14:00:00,19.3,7.9,129.0
Electronic City,12.8399,77.677,2026-08-01 15:00:00,20.0,8.0,146.0
Electronic City,12.8399,77.677,2026-08-01 16:00:00,17.5,8.7,168.0
Electronic City,12.8399,77.677,2026-08-01 17:00:00,11.5,6.5,184.0
Electronic City,12.8399,77.677,2026-08-01 18:00:00,8.5,6.0,189.0
Electronic City,12.8399,77.677,2026-08-01 19:00:00,7.5,5.9,189.0
Electronic City,12.8399,77.677,2026-08-01 20:00:00,6.0,5.2,183.0
Electronic City,12.8399,77.677,2026-08-01 21:00:00,5.1,4.3,171.0
Electronic City,12.8399,77.677,2026-08-01 22:00:00,5.7,4.3,153.0
Electronic City,12.8399,77.677,2026-08-01 23:00:00,5.4,3.9,138.0
Electronic City,12.8399,77.677,2026-08-02 00:00:00,4.0,2.9,127.0
Electronic City,12.8399,77.677,2026-08-02 01:00:00,2.7,2.1,117.0
Electronic City,12.8399,77.677,2026-08-02 02:00:00,2.8,2.0,111.0
Electronic City,12.8399,77.677,2026-08-02 03:00:00,4.9,2.6,109.0
Electronic City,12.8399,77.677,2026-08-02 04:00:00,5.6,2.9,111.0
Electronic City,12.8399,77.677,2026-08-02 05:00:00,2.5,1.8,115.0
Electronic City,12.8399,77.677,2026-08-02 06:00:00,2.3,1.8,123.0
Electronic City,12.8399,77.677,2026-08-02 07:00:00,2.7,2.3,133.0
Electronic City,12.8399,77.677,2026-08-02 08:00:00,2.5,2.2,138.0
Electronic City,12.8399,77.677,2026-08-02 09:00:00,2.3,2.0,132.0
Electronic City,12.8399,77.677,2026-08-02 10:00:00,2.6,2.0,120.0
Electronic City,12.8399,77.677,2026-08-02 11:00:00,4.5,2.5,112.0
Electronic City,12.8399,77.677,2026-08-02 12:00:00,9.3,4.2,112.0
Electronic City,12.8399,77.677,2026-08-02 13:00:00,13.6,5.8,115.0
Electronic City,12.8399,77.677,2026-08-02 14:00:00,16.5,6.9,119.0
Electronic City,12.8399,77.677,2026-08-02 15:00:00,19.9,8.2,122.0
Electronic City,12.8399,77.677,2026-08-02 16:00:00,19.4,8.4,126.0
Electronic City,12.8399,77.677,2026-08-02 17:00:00,17.7,9.5,132.0
Electronic City,12.8399,77.677,2026-08-02 18:00:00,19.8,10.6,143.0
Electronic City,12.8399,77.677,2026-08-02 19:00:00,15.7,9.1,157.0
Electronic City,12.8399,77.677,2026-08-02 20:00:00,13.5,8.1,163.0
Electronic City,12.8399,77.677,2026-08-02 21:00:00,15.4,8.5,157.0
Electronic City,12.8399,77.677,2026-08-02 22:00:00,14.5,8.1,144.0
Electronic City,12.8399,77.677,2026-08-02 23:00:00,13.2,7.4,132.0
Electronic City,12.8399,77.677,2026-08-03 00:00:00,11.4,6.2,125.0
Electronic City,12.8399,77.677,2026-08-03 01:00:00,10.7,5.5,119.0
Electronic City,12.8399,77.677,2026-08-03 02:00:00,10.3,5.1,115.0
Electronic City,12.8399,77.677,2026-08-03 03:00:00,10.9,5.2,110.0
Electronic City,12.8399,77.677,2026-08-03 04:00:00,11.4,5.3,106.0
Electronic City,12.8399,77.677,2026-08-03 05:00:00,8.3,4.1,108.0
Electronic City,12.8399,77.677,2026-08-03 06:00:00,8.3,4.3,121.0
Electronic City,12.8399,77.677,2026-08-03 07:00:00,11.1,5.8,140.0
Electronic City,12.8399,77.677,2026-08-03 08:00:00,14.1,6.6,153.0
Electronic City,12.8399,77.677,2026-08-03 09:00:00,17.9,7.7,152.0
Electronic City,12.8399,77.677,2026-08-03 10:00:00,28.1,10.7,145.0
Electronic City,12.8399,77.677,2026-08-03 11:00:00,22.8,9.1,139.0
Electronic City,12.8399,77.677,2026-08-03 12:00:00,27.8,10.7,137.0
Electronic City,12.8399,77.677,2026-08-03 13:00:00,25.3,10.3,137.0
Electronic City,12.8399,77.677,2026-08-03 14:00:00,21.1,10.0,143.0
Electronic City,12.8399,77.677,2026-08-03 15:00:00,17.2,9.3,161.0
Electronic City,12.8399,77.677,2026-08-03 16:00:00,13.6,8.5,186.0
Electronic City,12.8399,77.677,2026-08-03 17:00:00,25.6,12.2,203.0
Electronic City,12.8399,77.677,2026-08-03 18:00:00,25.6,15.1,206.0
Electronic City,12.8399,77.677,2026-08-03 19:00:00,25.2,15.8,202.0
Electronic City,12.8399,77.677,2026-08-03 20:00:00,21.6,13.6,196.0
Electronic City,12.8399,77.677,2026-08-03 21:00:00,19.5,12.2,188.0
Electronic City,12.8399,77.677,2026-08-03 22:00:00,13.6,9.4,177.0
Electronic City,12.8399,77.677,2026-08-03 23:00:00,10.6,7.9,168.0
Electronic City,12.8399,77.677,2026-08-04 00:00:00,7.4,5.7,164.0
Electronic City,12.8399,77.677,2026-08-04 01:00:00,5.7,4.4,161.0
Electronic City,12.8399,77.677,2026-08-04 02:00:00,5.1,3.7,156.0
Electronic City,12.8399,77.677,2026-08-04 03:00:00,5.0,3.4,143.0
Electronic City,12.8399,77.677,2026-08-04 04:00:00,5.2,3.3,129.0
Electronic City,12.8399,77.677,2026-08-04 05:00:00,4.1,2.9,124.0
Electronic City,12.8399,77.677,2026-08-04 06:00:00,3.8,3.0,141.0
Electronic City,12.8399,77.677,2026-08-04 07:00:00,4.5,3.7,168.0
Electronic City,12.8399,77.677,2026-08-04 08:00:00,5.0,4.0,185.0
Electronic City,12.8399,77.677,2026-08-04 09:00:00,5.3,3.8,178.0
Electronic City,12.8399,77.677,2026-08-04 10:00:00,8.6,4.2,160.0
Electronic City,12.8399,77.677,2026-08-04 11:00:00,10.4,5.5,148.0
Electronic City,12.8399,77.677,2026-08-04 12:00:00,11.3,6.3,147.0
Electronic City,12.8399,77.677,2026-08-04 13:00:00,11.5,6.4,151.0
Electronic City,12.8399,77.677,2026-08-04 14:00:00,11.1,5.9,162.0
Electronic City,12.8399,77.677,2026-08-04 15:00:00,10.2,6.2,186.0
Electronic City,12.8399,77.677,2026-08-04 16:00:00,10.2,7.4,217.0
Electronic City,12.8399,77.677,2026-08-04 17:00:00,9.6,8.1,236.0
Electronic City,12.8399,77.677,2026-08-04 18:00:00,11.0,9.5,234.0
Electronic City,12.8399,77.677,2026-08-04 19:00:00,12.3,10.0,221.0
Electronic City,12.8399,77.677,2026-08-04 20:00:00,12.4,9.8,206.0
Electronic City,12.8399,77.677,2026-08-04 21:00:00,11.3,8.6,190.0
Electronic City,12.8399,77.677,2026-08-04 22:00:00,11.0,8.5,171.0
Electronic City,12.8399,77.677,2026-08-04 23:00:00,10.9,8.0,155.0
Electronic City,12.8399,77.677,2026-08-05 00:00:00,9.4,6.6,144.0
Electronic City,12.8399,77.677,2026-08-05 01:00:00,7.9,5.4,136.0
Electronic City,12.8399,77.677,2026-08-05 02:00:00,5.9,4.0,130.0
Electronic City,12.8399,77.677,2026-08-05 03:00:00,5.2,3.4,124.0
Electronic City,12.8399,77.677,2026-08-05 04:00:00,5.0,3.2,120.0
Electronic City,12.8399,77.677,2026-08-05 05:00:00,4.4,3.3,121.0
Electronic City,12.8399,77.677,2026-08-05 06:00:00,5.2,3.6,133.0
Electronic City,12.8399,77.677,2026-08-05 07:00:00,8.3,4.6,151.0
Electronic City,12.8399,77.677,2026-08-05 08:00:00,9.7,6.4,161.0
Electronic City,12.8399,77.677,2026-08-05 09:00:00,10.6,6.5,155.0
Electronic City,12.8399,77.677,2026-08-05 10:00:00,14.2,7.3,142.0
Electronic City,12.8399,77.677,2026-08-05 11:00:00,18.6,8.6,133.0
Electronic City,12.8399,77.677,2026-08-05 12:00:00,19.3,8.6,132.0
Electronic City,12.8399,77.677,2026-08-05 13:00:00,20.5,9.6,136.0
Electronic City,12.8399,77.677,2026-08-05 14:00:00,21.7,10.4,140.0
Electronic City,12.8399,77.677,2026-08-05 15:00:00,20.8,11.2,144.0
Electronic City,12.8399,77.677,2026-08-05 16:00:00,21.5,11.7,149.0
Electronic City,12.8399,77.677,2026-08-05 17:00:00,16.5,10.0,156.0
Electronic City,12.8399,77.677,2026-08-05 18:00:00,16.4,10.6,168.0
Electronic City,12.8399,77.677,2026-08-05 19:00:00,16.1,11.1,183.0
Electronic City,12.8399,77.677,2026-08-05 20:00:00,15.0,10.4,190.0
Electronic City,12.8399,77.677,2026-08-05 21:00:00,14.2,9.7,185.0
Electronic City,12.8399,77.677,2026-08-05 22:00:00,13.0,9.1,172.0
Electronic City,12.8399,77.677,2026-08-05 23:00:00,10.9,7.8,160.0
Electronic City,12.8399,77.677,2026-08-06 00:00:00,8.8,6.1,150.0
Electronic City,12.8399,77.677,2026-08-06 01:00:00,6.7,4.9,140.0
Electronic City,12.8399,77.677,2026-08-06 02:00:00,5.0,3.9,131.0
Electronic City,12.8399,77.677,2026-08-06 03:00:00,4.0,3.1,122.0
Electronic City,12.8399,77.677,2026-08-06 04:00:00,4.2,3.0,115.0
Electronic City,12.8399,77.677,2026-08-06 05:00:00,6.1,3.8,114.0
Electronic City,12.8399,77.677,2026-08-06 06:00:00,6.5,4.0,125.0
Electronic City,12.8399,77.677,2026-08-06 07:00:00,8.1,5.5,143.0
Electronic City,12.8399,77.677,2026-08-06 08:00:00,8.5,5.4,154.0
Electronic City,12.8399,77.677,2026-08-06 09:00:00,9.7,5.6,150.0
Electronic City,12.8399,77.677,2026-08-06 10:00:00,14.0,6.9,140.0
Electronic City,12.8399,77.677,2026-08-06 11:00:00,16.3,7.9,131.0
Electronic City,12.8399,77.677,2026-08-06 12:00:00,19.0,8.5,127.0
Electronic City,12.8399,77.677,2026-08-06 13:00:00,20.5,10.2,126.0
Electronic City,12.8399,77.677,2026-08-06 14:00:00,22.1,11.0,128.0
Electronic City,12.8399,77.677,2026-08-06 15:00:00,24.1,12.0,135.0
Electronic City,12.8399,77.677,2026-08-06 16:00:00,25.8,12.1,144.0
Electronic City,12.8399,77.677,2026-08-06 17:00:00,30.6,14.9,153.0
Electronic City,12.8399,77.677,2026-08-06 18:00:00,27.1,15.5,161.0
Electronic City,12.8399,77.677,2026-08-06 19:00:00,30.4,17.1,168.0
Electronic City,12.8399,77.677,2026-08-06 20:00:00,22.5,14.1,171.0
Electronic City,12.8399,77.677,2026-08-06 21:00:00,18.4,11.8,168.0
Electronic City,12.8399,77.677,2026-08-06 22:00:00,14.5,9.9,161.0
Electronic City,12.8399,77.677,2026-08-06 23:00:00,10.8,7.9,153.0
Electronic City,12.8399,77.677,2026-08-07 00:00:00,7.3,5.6,143.0
Electronic City,12.8399,77.677,2026-08-07 01:00:00,5.2,4.0,131.0
Electronic City,12.8399,77.677,2026-08-07 02:00:00,4.2,3.2,122.0
Electronic City,12.8399,77.677,2026-08-07 03:00:00,4.1,3.0,116.0
Electronic City,12.8399,77.677,2026-08-07 04:00:00,3.9,2.7,113.0
Electronic City,12.8399,77.677,2026-08-07 05:00:00,4.4,2.7,116.0
Electronic City,12.8399,77.677,2026-08-07 06:00:00,5.0,3.1,133.0
Electronic City,12.8399,77.677,2026-08-07 07:00:00,7.0,4.6,157.0
Electronic City,12.8399,77.677,2026-08-07 08:00:00,8.2,5.2,171.0
Electronic City,12.8399,77.677,2026-08-07 09:00:00,7.9,5.1,165.0
Electronic City,12.8399,77.677,2026-08-07 10:00:00,6.7,4.3,150.0
Electronic City,12.8399,77.677,2026-08-07 11:00:00,6.7,3.8,139.0
Electronic City,12.8399,77.677,2026-08-07 12:00:00,8.1,4.3,135.0
Electronic City,12.8399,77.677,2026-08-07 13:00:00,10.0,5.9,136.0
Electronic City,12.8399,77.677,2026-08-07 14:00:00,10.6,6.8,144.0
Electronic City,12.8399,77.677,2026-08-07 15:00:00,12.5,8.1,167.0
Electronic City,12.8399,77.677,2026-08-07 16:00:00,13.9,8.8,198.0
Electronic City,12.8399,77.677,2026-08-07 17:00:00,8.2,5.8,219.0
Electronic City,12.8399,77.677,2026-08-07 18:00:00,13.2,8.7,220.0
Electronic City,12.8399,77.677,2026-08-07 19:00:00,12.9,9.3,211.0
Electronic City,12.8399,77.677,2026-08-07 20:00:00,11.3,8.7,200.0
Electronic City,12.8399,77.677,2026-08-07 21:00:00,8.5,7.2,188.0
Electronic City,12.8399,77.677,2026-08-07 22:00:00,6.4,5.8,174.0
Electronic City,12.8399,77.677,2026-08-07 23:00:00,5.0,4.7,160.0
Electronic City,12.8399,77.677,2026-08-08 00:00:00,4.0,3.7,144.0
Electronic City,12.8399,77.677,2026-08-08 01:00:00,3.1,2.9,127.0
Electronic City,12.8399,77.677,2026-08-08 02:00:00,2.8,2.4,115.0
Electronic City,12.8399,77.677,2026-08-08 03:00:00,3.0,2.3,108.0
Electronic City,12.8399,77.677,2026-08-08 04:00:00,3.0,2.2,105.0
Electronic City,12.8399,77.677,2026-08-08 05:00:00,1.9,1.8,111.0
Electronic City,12.8399,77.677,2026-08-08 06:00:00,2.3,1.9,133.0
Electronic City,12.8399,77.677,2026-08-08 07:00:00,3.8,3.2,164.0
Electronic City,12.8399,77.677,2026-08-08 08:00:00,5.5,4.3,181.0
Electronic City,12.8399,77.677,2026-08-08 09:00:00,6.6,4.5,169.0
Electronic City,12.8399,77.677,2026-08-08 10:00:00,8.3,5.0,144.0
Electronic City,12.8399,77.677,2026-08-08 11:00:00,9.4,5.4,126.0
Electronic City,12.8399,77.677,2026-08-08 12:00:00,14.1,6.9,126.0
Electronic City,12.8399,77.677,2026-08-08 13:00:00,10.5,5.5,134.0
Electronic City,12.8399,77.677,2026-08-08 14:00:00,11.3,6.5,143.0
Electronic City,12.8399,77.677,2026-08-08 15:00:00,13.3,7.9,151.0
Electronic City,12.8399,77.677,2026-08-08 16:00:00,15.2,8.9,160.0
Electronic City,12.8399,77.677,2026-08-08 17:00:00,22.1,12.5,168.0
Electronic City,12.8399,77.677,2026-08-08 18:00:00,19.4,12.9,177.0
Electronic City,12.8399,77.677,2026-08-08 19:00:00,17.8,12.9,186.0
Electronic City,12.8399,77.677,2026-08-08 20:00:00,15.3,11.7,190.0
Electronic City,12.8399,77.677,2026-08-08 21:00:00,11.9,9.7,187.0
Electronic City,12.8399,77.677,2026-08-08 22:00:00,9.0,7.7,180.0
Electronic City,12.8399,77.677,2026-08-08 23:00:00,6.9,6.0,169.0
Electronic City,12.8399,77.677,2026-08-09 00:00:00,5.0,4.3,153.0
Electronic City,12.8399,77.677,2026-08-09 01:00:00,3.8,3.3,135.0
Electronic City,12.8399,77.677,2026-08-09 02:00:00,3.2,2.7,121.0
Electronic City,12.8399,77.677,2026-08-09 03:00:00,3.2,2.5,116.0
Electronic City,12.8399,77.677,2026-08-09 04:00:00,3.4,2.4,116.0
Electronic City,12.8399,77.677,2026-08-09 05:00:00,2.8,2.2,119.0
Electronic City,12.8399,77.677,2026-08-09 06:00:00,2.8,2.2,129.0
Electronic City,12.8399,77.677,2026-08-09 07:00:00,3.2,2.4,142.0
Electronic City,12.8399,77.677,2026-08-09 08:00:00,4.3,2.8,148.0
Electronic City,12.8399,77.677,2026-08-09 09:00:00,4.8,3.4,141.0
Electronic City,12.8399,77.677,2026-08-09 10:00:00,7.0,3.8,128.0
Electronic City,12.8399,77.677,2026-08-09 11:00:00,7.1,3.8,118.0
Electronic City,12.8399,77.677,2026-08-09 12:00:00,9.1,4.6,116.0
Electronic City,12.8399,77.677,2026-08-09 13:00:00,10.7,5.2,118.0
Electronic City,12.8399,77.677,2026-08-09 14:00:00,15.7,7.4,121.0
Electronic City,12.8399,77.677,2026-08-09 15:00:00,13.6,6.8,126.0
Electronic City,12.8399,77.677,2026-08-09 16:00:00,12.5,7.2,133.0
Electronic City,12.8399,77.677,2026-08-09 17:00:00,22.1,12.1,141.0
Electronic City,12.8399,77.677,2026-08-09 18:00:00,21.9,14.1,151.0
Electronic City,12.8399,77.677,2026-08-09 19:00:00,20.8,14.2,161.0
Electronic City,12.8399,77.677,2026-08-09 20:00:00,18.4,13.1,164.0
Electronic City,12.8399,77.677,2026-08-09 21:00:00,15.1,11.2,156.0
Electronic City,12.8399,77.677,2026-08-09 22:00:00,12.9,10.1,141.0
Electronic City,12.8399,77.677,2026-08-09 23:00:00,11.0,8.8,128.0
Electronic City,12.8399,77.677,2026-08-10 00:00:00,8.9,7.1,121.0
Electronic City,12.8399,77.677,2026-08-10 01:00:00,7.6,6.0,117.0
Electronic City,12.8399,77.677,2026-08-10 02:00:00,6.7,5.1,113.0
Electronic City,12.8399,77.677,2026-08-10 03:00:00,6.2,4.5,108.0
Electronic City,12.8399,77.677,2026-08-10 04:00:00,5.8,4.0,103.0
Electronic City,12.8399,77.677,2026-08-10 05:00:00,5.6,3.9,106.0
Electronic City,12.8399,77.677,2026-08-10 06:00:00,5.6,4.1,124.0
Electronic City,12.8399,77.677,2026-08-10 07:00:00,5.8,4.1,150.0
Electronic City,12.8399,77.677,2026-08-10 08:00:00,6.6,4.9,165.0
Electronic City,12.8399,77.677,2026-08-10 09:00:00,7.1,4.9,159.0
Electronic City,12.8399,77.677,2026-08-10 10:00:00,9.0,5.4,143.0
Electronic City,12.8399,77.677,2026-08-10 11:00:00,11.3,6.3,131.0
Electronic City,12.8399,77.677,2026-08-10 12:00:00,13.0,7.0,126.0
Electronic City,12.8399,77.677,2026-08-10 13:00:00,14.2,7.5,125.0
Electronic City,12.8399,77.677,2026-08-10 14:00:00,14.6,7.4,130.0
Electronic City,12.8399,77.677,2026-08-10 15:00:00,15.4,7.6,144.0
Electronic City,12.8399,77.677,2026-08-10 16:00:00,14.8,8.4,163.0
Electronic City,12.8399,77.677,2026-08-10 17:00:00,14.3,9.8,180.0
Electronic City,12.8399,77.677,2026-08-10 18:00:00,13.8,10.3,194.0
Electronic City,12.8399,77.677,2026-08-10 19:00:00,16.1,12.9,205.0
Electronic City,12.8399,77.677,2026-08-10 20:00:00,16.4,13.3,208.0
Electronic City,12.8399,77.677,2026-08-10 21:00:00,15.2,12.2,199.0
Electronic City,12.8399,77.677,2026-08-10 22:00:00,14.0,11.2,181.0
Electronic City,12.8399,77.677,2026-08-10 23:00:00,12.5,10.0,165.0
Electronic City,12.8399,77.677,2026-08-11 00:00:00,10.7,8.4,152.0
Electronic City,12.8399,77.677,2026-08-11 01:00:00,9.2,7.2,141.0
Electronic City,12.8399,77.677,2026-08-11 02:00:00,8.0,6.2,131.0
Electronic City,12.8399,77.677,2026-08-11 03:00:00,7.5,5.6,122.0
Electronic City,12.8399,77.677,2026-08-11 04:00:00,7.6,5.4,115.0
Electronic City,12.8399,77.677,2026-08-11 05:00:00,7.4,5.3,116.0
Electronic City,12.8399,77.677,2026-08-11 06:00:00,7.4,5.5,131.0
Electronic City,12.8399,77.677,2026-08-11 07:00:00,8.2,6.3,153.0
Electronic City,12.8399,77.677,2026-08-11 08:00:00,7.5,5.5,166.0
Electronic City,12.8399,77.677,2026-08-11 09:00:00,8.2,5.6,162.0
Electronic City,12.8399,77.677,2026-08-11 10:00:00,9.5,5.9,149.0
Electronic City,12.8399,77.677,2026-08-11 11:00:00,12.0,6.9,138.0
Electronic City,12.8399,77.677,2026-08-11 12:00:00,13.4,7.4,130.0
Electronic City,12.8399,77.677,2026-08-11 13:00:00,14.2,7.8,124.0
Electronic City,12.8399,77.677,2026-08-11 14:00:00,14.7,8.1,126.0
Electronic City,12.8399,77.677,2026-08-11 15:00:00,15.0,8.2,143.0
Electronic City,12.8399,77.677,2026-08-11 16:00:00,13.6,8.5,167.0
Electronic City,12.8399,77.677,2026-08-11 17:00:00,20.8,12.6,184.0
Electronic City,12.8399,77.677,2026-08-11 18:00:00,21.1,14.5,186.0
Electronic City,12.8399,77.677,2026-08-11 19:00:00,21.9,15.7,180.0
Electronic City,12.8399,77.677,2026-08-11 20:00:00,22.6,16.0,173.0
Electronic City,12.8399,77.677,2026-08-11 21:00:00,20.4,14.5,164.0
Electronic City,12.8399,77.677,2026-08-11 22:00:00,17.1,12.5,154.0
Electronic City,12.8399,77.677,2026-08-11 23:00:00,13.6,10.2,146.0
Electronic City,12.8399,77.677,2026-08-12 00:00:00,10.5,8.0,143.0
Electronic City,12.8399,77.677,2026-08-12 01:00:00,8.6,6.4,142.0
Electronic City,12.8399,77.677,2026-08-12 02:00:00,7.9,5.6,138.0
Electronic City,12.8399,77.677,2026-08-12 03:00:00,8.0,5.4,126.0
Electronic City,12.8399,77.677,2026-08-12 04:00:00,8.4,5.4,111.0
Electronic City,12.8399,77.677,2026-08-12 05:00:00,7.4,4.7,104.0
Electronic City,12.8399,77.677,2026-08-12 06:00:00,7.7,4.9,111.0
Electronic City,12.8399,77.677,2026-08-12 07:00:00,8.6,5.2,125.0
Electronic City,12.8399,77.677,2026-08-12 08:00:00,9.6,5.8,135.0
Electronic City,12.8399,77.677,2026-08-12 09:00:00,10.8,6.2,134.0
Electronic City,12.8399,77.677,2026-08-12 10:00:00,11.9,6.5,128.0
Electronic City,12.8399,77.677,2026-08-12 11:00:00,13.6,7.1,124.0
Electronic City,12.8399,77.677,2026-08-12 12:00:00,13.2,7.0,122.0
Electronic City,12.8399,77.677,2026-08-12 13:00:00,11.6,6.4,121.0
Electronic City,12.8399,77.677,2026-08-12 14:00:00,9.5,5.7,124.0
Electronic City,12.8399,77.677,2026-08-12 15:00:00,8.4,5.2,133.0
Electronic City,12.8399,77.677,2026-08-12 16:00:00,8.1,5.1,146.0
Electronic City,12.8399,77.677,2026-08-12 17:00:00,16.8,10.7,161.0
Electronic City,12.8399,77.677,2026-08-12 18:00:00,16.8,12.2,181.0
Electronic City,12.8399,77.677,2026-08-12 19:00:00,17.2,12.8,202.0
Electronic City,12.8399,77.677,2026-08-12 20:00:00,17.5,12.9,211.0
Electronic City,12.8399,77.677,2026-08-12 21:00:00,16.3,12.0,198.0
Electronic City,12.8399,77.677,2026-08-12 22:00:00,15.7,11.5,173.0
Electronic City,12.8399,77.677,2026-08-12 23:00:00,13.9,10.1,152.0
Electronic City,12.8399,77.677,2026-08-13 00:00:00,12.4,8.8,142.0
Electronic City,12.8399,77.677,2026-08-13 01:00:00,11.1,7.7,137.0
Electronic City,12.8399,77.677,2026-08-13 02:00:00,10.1,6.8,132.0
Electronic City,12.8399,77.677,2026-08-13 03:00:00,9.0,6.0,126.0
Electronic City,12.8399,77.677,2026-08-13 04:00:00,7.7,5.2,121.0
Electronic City,12.8399,77.677,2026-08-13 05:00:00,5.0,3.8,120.0
Electronic City,12.8399,77.677,2026-08-13 06:00:00,4.5,3.6,128.0
Electronic City,12.8399,77.677,2026-08-13 07:00:00,4.3,3.5,141.0
Electronic City,12.8399,77.677,2026-08-13 08:00:00,4.2,3.5,148.0
Electronic City,12.8399,77.677,2026-08-13 09:00:00,4.7,3.6,143.0
Electronic City,12.8399,77.677,2026-08-13 10:00:00,4.7,3.6,132.0
Electronic City,12.8399,77.677,2026-08-13 11:00:00,5.2,3.8,124.0
Electronic City,12.8399,77.677,2026-08-13 12:00:00,5.2,3.7,122.0
Electronic City,12.8399,77.677,2026-08-13 13:00:00,6.1,4.0,124.0
Electronic City,12.8399,77.677,2026-08-13 14:00:00,13.8,7.6,129.0
Electronic City,12.8399,77.677,2026-08-13 15:00:00,11.2,6.6,138.0
Electronic City,12.8399,77.677,2026-08-13 16:00:00,13.0,8.1,151.0
Electronic City,12.8399,77.677,2026-08-13 17:00:00,16.9,10.9,165.0
Electronic City,12.8399,77.677,2026-08-13 18:00:00,17.5,13.2,184.0
Electronic City,12.8399,77.677,2026-08-13 19:00:00,17.0,13.1,203.0
Electronic City,12.8399,77.677,2026-08-13 20:00:00,16.7,13.0,211.0
Electronic City,12.8399,77.677,2026-08-13 21:00:00,16.2,12.5,196.0
Electronic City,12.8399,77.677,2026-08-13 22:00:00,16.0,12.1,170.0
Electronic City,12.8399,77.677,2026-08-13 23:00:00,15.5,11.2,149.0
Electronic City,12.8399,77.677,2026-08-14 00:00:00,14.3,9.7,140.0
Electronic City,12.8399,77.677,2026-08-14 01:00:00,12.9,8.5,137.0
Electronic City,12.8399,77.677,2026-08-14 02:00:00,11.1,7.3,137.0
Electronic City,12.8399,77.677,2026-08-14 03:00:00,9.5,6.4,140.0
Electronic City,12.8399,77.677,2026-08-14 04:00:00,8.1,5.6,146.0
Electronic City,12.8399,77.677,2026-08-14 05:00:00,6.0,4.4,153.0
Electronic City,12.8399,77.677,2026-08-14 06:00:00,5.9,4.3,161.0
Electronic City,12.8399,77.677,2026-08-14 07:00:00,5.9,4.3,170.0
Electronic City,12.8399,77.677,2026-08-14 08:00:00,6.7,4.8,171.0
Electronic City,12.8399,77.677,2026-08-14 09:00:00,6.2,4.6,158.0
Electronic City,12.8399,77.677,2026-08-14 10:00:00,6.2,4.3,138.0
Electronic City,12.8399,77.677,2026-08-14 11:00:00,5.6,3.8,124.0
Electronic City,12.8399,77.677,2026-08-14 12:00:00,5.7,3.9,121.0
Electronic City,12.8399,77.677,2026-08-14 13:00:00,5.4,3.7,124.0
Electronic City,12.8399,77.677,2026-08-14 14:00:00,7.7,4.6,131.0
Electronic City,12.8399,77.677,2026-08-14 15:00:00,9.1,5.1,142.0
Electronic City,12.8399,77.677,2026-08-14 16:00:00,9.7,5.9,156.0
Electronic City,12.8399,77.677,2026-08-14 17:00:00,10.9,7.8,170.0
Electronic City,12.8399,77.677,2026-08-14 18:00:00,12.7,10.1,186.0
Electronic City,12.8399,77.677,2026-08-14 19:00:00,13.3,10.8,203.0
Electronic City,12.8399,77.677,2026-08-14 20:00:00,12.0,9.6,209.0
Electronic City,12.8399,77.677,2026-08-14 21:00:00,11.7,9.4,197.0
Electronic City,12.8399,77.677,2026-08-14 22:00:00,11.4,9.3,176.0
Electronic City,12.8399,77.677,2026-08-14 23:00:00,10.2,8.3,158.0
Electronic City,12.8399,77.677,2026-08-15 00:00:00,8.3,6.6,149.0
Electronic City,12.8399,77.677,2026-08-15 01:00:00,7.0,5.1,145.0
Electronic City,12.8399,77.677,2026-08-15 02:00:00,6.3,4.3,142.0
Electronic City,12.8399,77.677,2026-08-15 03:00:00,6.1,3.9,141.0
Electronic City,12.8399,77.677,2026-08-15 04:00:00,6.5,3.9,142.0
Electronic City,12.8399,77.677,2026-08-15 05:00:00,7.7,4.5,143.0
Electronic City,12.8399,77.677,2026-08-15 06:00:00,8.3,4.9,146.0
Electronic City,12.8399,77.677,2026-08-15 07:00:00,9.7,5.8,150.0
Electronic City,12.8399,77.677,2026-08-15 08:00:00,10.1,5.7,150.0
Electronic City,12.8399,77.677,2026-08-15 09:00:00,11.0,6.3,141.0
Electronic City,12.8399,77.677,2026-08-15 10:00:00,13.7,7.1,129.0
Electronic City,12.8399,77.677,2026-08-15 11:00:00,16.6,8.1,119.0
Electronic City,12.8399,77.677,2026-08-15 12:00:00,19.7,9.3,116.0
Electronic City,12.8399,77.677,2026-08-15 13:00:00,14.5,7.4,115.0
Electronic City,12.8399,77.677,2026-08-15 14:00:00,11.5,6.3,118.0
Electronic City,12.8399,77.677,2026-08-15 15:00:00,10.2,5.7,123.0
Electronic City,12.8399,77.677,2026-08-15 16:00:00,10.0,5.7,130.0
Electronic City,12.8399,77.677,2026-08-15 17:00:00,12.5,7.2,141.0
Electronic City,12.8399,77.677,2026-08-15 18:00:00,14.6,9.8,159.0
Electronic City,12.8399,77.677,2026-08-15 19:00:00,15.8,11.3,179.0
Electronic City,12.8399,77.677,2026-08-15 20:00:00,15.1,11.0,192.0
Electronic City,12.8399,77.677,2026-08-15 21:00:00,13.8,10.2,191.0
Electronic City,12.8399,77.677,2026-08-15 22:00:00,13.1,9.7,183.0
Electronic City,12.8399,77.677,2026-08-15 23:00:00,11.5,8.5,173.0
Electronic City,12.8399,77.677,2026-08-16 00:00:00,9.7,7.1,164.0
Electronic City,12.8399,77.677,2026-08-16 01:00:00,8.3,6.0,153.0
Electronic City,12.8399,77.677,2026-08-16 02:00:00,7.5,5.2,144.0
Electronic City,12.8399,77.677,2026-08-16 03:00:00,7.0,4.7,137.0
Electronic City,12.8399,77.677,2026-08-16 04:00:00,6.8,4.4,131.0
Electronic City,12.8399,77.677,2026-08-16 05:00:00,5.6,3.9,128.0
Electronic City,12.8399,77.677,2026-08-16 06:00:00,5.4,3.8,131.0
Electronic City,12.8399,77.677,2026-08-16 07:00:00,6.2,4.2,138.0
Electronic City,12.8399,77.677,2026-08-16 08:00:00,7.1,4.5,140.0
Electronic City,12.8399,77.677,2026-08-16 09:00:00,8.5,4.9,133.0
Electronic City,12.8399,77.677,2026-08-16 10:00:00,10.0,5.4,121.0
Electronic City,12.8399,77.677,2026-08-16 11:00:00,11.0,5.9,112.0
Electronic City,12.8399,77.677,2026-08-16 12:00:00,10.7,5.6,109.0
Electronic City,12.8399,77.677,2026-08-16 13:00:00,9.9,5.3,108.0
Electronic City,12.8399,77.677,2026-08-16 14:00:00,9.0,5.0,110.0
Electronic City,12.8399,77.677,2026-08-16 15:00:00,8.8,5.0,113.0
Electronic City,12.8399,77.677,2026-08-16 16:00:00,10.8,6.3,119.0
Electronic City,12.8399,77.677,2026-08-16 17:00:00,17.8,9.5,127.0
Electronic City,12.8399,77.677,2026-08-16 18:00:00,19.8,11.9,141.0
Electronic City,12.8399,77.677,2026-08-16 19:00:00,21.8,14.2,158.0
Electronic City,12.8399,77.677,2026-08-16 20:00:00,21.8,14.8,169.0
Electronic City,12.8399,77.677,2026-08-16 21:00:00,20.3,13.9,170.0
Electronic City,12.8399,77.677,2026-08-16 22:00:00,18.6,12.8,165.0
Electronic City,12.8399,77.677,2026-08-16 23:00:00,16.2,11.1,159.0
Electronic City,12.8399,77.677,2026-08-17 00:00:00,13.6,9.1,152.0
Electronic City,12.8399,77.677,2026-08-17 01:00:00,11.8,7.8,143.0
Electronic City,12.8399,77.677,2026-08-17 02:00:00,10.3,6.8,136.0
Electronic City,12.8399,77.677,2026-08-17 03:00:00,8.9,5.9,131.0
Electronic City,12.8399,77.677,2026-08-17 04:00:00,7.7,5.2,127.0
Electronic City,12.8399,77.677,2026-08-17 05:00:00,8.7,5.4,126.0
Electronic City,12.8399,77.677,2026-08-17 06:00:00,7.5,4.9,130.0
Electronic City,12.8399,77.677,2026-08-17 07:00:00,8.1,5.0,138.0
Electronic City,12.8399,77.677,2026-08-17 08:00:00,10.0,6.2,141.0
Electronic City,12.8399,77.677,2026-08-17 09:00:00,12.6,6.8,136.0
Electronic City,12.8399,77.677,2026-08-17 10:00:00,18.1,8.3,128.0
Electronic City,12.8399,77.677,2026-08-17 11:00:00,21.2,9.4,121.0
Electronic City,12.8399,77.677,2026-08-17 12:00:00,21.7,9.7,118.0
Electronic City,12.8399,77.677,2026-08-17 13:00:00,19.6,9.2,118.0
Electronic City,12.8399,77.677,2026-08-17 14:00:00,17.3,8.7,119.0
Electronic City,12.8399,77.677,2026-08-17 15:00:00,17.1,8.8,120.0
Electronic City,12.8399,77.677,2026-08-17 16:00:00,16.8,8.7,124.0
Electronic City,12.8399,77.677,2026-08-17 17:00:00,15.1,9.5,137.0
Electronic City,12.8399,77.677,2026-08-17 18:00:00,15.8,11.5,173.0
Electronic City,12.8399,77.677,2026-08-17 19:00:00,14.6,11.1,219.0
Electronic City,12.8399,77.677,2026-08-17 20:00:00,13.0,10.3,243.0
Electronic City,12.8399,77.677,2026-08-17 21:00:00,11.0,9.1,225.0
Electronic City,12.8399,77.677,2026-08-17 22:00:00,10.0,8.4,184.0
Electronic City,12.8399,77.677,2026-08-17 23:00:00,9.0,7.5,151.0
Electronic City,12.8399,77.677,2026-08-18 00:00:00,8.1,6.4,136.0
Electronic City,12.8399,77.677,2026-08-18 01:00:00,7.6,5.8,129.0
Electronic City,12.8399,77.677,2026-08-18 02:00:00,7.7,5.5,124.0
Electronic City,12.8399,77.677,2026-08-18 03:00:00,8.2,5.6,120.0
Electronic City,12.8399,77.677,2026-08-18 04:00:00,8.5,5.6,118.0
Electronic City,12.8399,77.677,2026-08-18 05:00:00,8.5,5.6,120.0
Electronic City,12.8399,77.677,2026-08-18 06:00:00,8.6,6.0,128.0
Electronic City,12.8399,77.677,2026-08-18 07:00:00,7.9,5.4,140.0
Electronic City,12.8399,77.677,2026-08-18 08:00:00,7.1,5.2,146.0
Electronic City,12.8399,77.677,2026-08-18 09:00:00,7.4,5.1,141.0
Electronic City,12.8399,77.677,2026-08-18 10:00:00,7.9,5.2,132.0
Electronic City,12.8399,77.677,2026-08-18 11:00:00,9.3,5.4,125.0
Electronic City,12.8399,77.677,2026-08-18 12:00:00,10.6,5.9,124.0
Electronic City,12.8399,77.677,2026-08-18 13:00:00,11.7,6.2,127.0
Electronic City,12.8399,77.677,2026-08-18 14:00:00,14.6,7.4,133.0
Electronic City,12.8399,77.677,2026-08-18 15:00:00,16.4,7.9,145.0
Electronic City,12.8399,77.677,2026-08-18 16:00:00,16.0,8.8,161.0
Electronic City,12.8399,77.677,2026-08-18 17:00:00,13.0,9.5,177.0
Electronic City,12.8399,77.677,2026-08-18 18:00:00,11.9,9.6,193.0
Electronic City,12.8399,77.677,2026-08-18 19:00:00,12.4,10.1,210.0
Electronic City,12.8399,77.677,2026-08-18 20:00:00,13.4,10.8,221.0
Electronic City,12.8399,77.677,2026-08-18 21:00:00,13.3,10.7,226.0
Electronic City,12.8399,77.677,2026-08-18 22:00:00,12.5,10.2,225.0
Electronic City,12.8399,77.677,2026-08-18 23:00:00,11.3,9.3,218.0
Electronic City,12.8399,77.677,2026-08-19 00:00:00,9.3,7.7,200.0
Electronic City,12.8399,77.677,2026-08-19 01:00:00,7.5,6.2,176.0
Electronic City,12.8399,77.677,2026-08-19 02:00:00,6.4,5.2,157.0
Electronic City,12.8399,77.677,2026-08-19 03:00:00,6.1,4.7,147.0
Electronic City,12.8399,77.677,2026-08-19 04:00:00,5.8,4.3,143.0
Electronic City,12.8399,77.677,2026-08-19 05:00:00,5.6,4.1,142.0
Electronic City,12.8399,77.677,2026-08-19 06:00:00,5.4,4.1,149.0
Electronic City,12.8399,77.677,2026-08-19 07:00:00,5.3,3.9,159.0
Electronic City,12.8399,77.677,2026-08-19 08:00:00,6.9,4.9,164.0
Electronic City,12.8399,77.677,2026-08-19 09:00:00,7.7,5.5,156.0
Electronic City,12.8399,77.677,2026-08-19 10:00:00,8.5,5.5,143.0
Electronic City,12.8399,77.677,2026-08-19 11:00:00,9.0,5.2,133.0
Electronic City,12.8399,77.677,2026-08-19 12:00:00,10.0,5.4,130.0
Electronic City,12.8399,77.677,2026-08-19 13:00:00,12.1,5.7,131.0
Electronic City,12.8399,77.677,2026-08-19 14:00:00,19.3,8.7,139.0
Electronic City,12.8399,77.677,2026-08-19 15:00:00,15.2,8.3,158.0
Electronic City,12.8399,77.677,2026-08-19 16:00:00,12.7,7.8,185.0
Electronic City,12.8399,77.677,2026-08-19 17:00:00,11.9,8.3,209.0
Electronic City,12.8399,77.677,2026-08-19 18:00:00,12.4,9.5,232.0
Electronic City,12.8399,77.677,2026-08-19 19:00:00,12.6,10.3,254.0
Electronic City,12.8399,77.677,2026-08-19 20:00:00,11.1,9.4,262.0
Electronic City,12.8399,77.677,2026-08-19 21:00:00,9.7,8.4,247.0
Electronic City,12.8399,77.677,2026-08-19 22:00:00,8.4,7.3,218.0
Electronic City,12.8399,77.677,2026-08-19 23:00:00,7.2,6.3,192.0
Electronic City,12.8399,77.677,2026-08-20 00:00:00,6.1,5.1,174.0
Electronic City,12.8399,77.677,2026-08-20 01:00:00,5.3,4.3,159.0
Electronic City,12.8399,77.677,2026-08-20 02:00:00,5.3,3.9,148.0
Electronic City,12.8399,77.677,2026-08-20 03:00:00,5.4,3.7,141.0
Electronic City,12.8399,77.677,2026-08-20 04:00:00,5.6,3.7,139.0
Electronic City,12.8399,77.677,2026-08-20 05:00:00,5.3,3.7,140.0
Electronic City,12.8399,77.677,2026-08-20 06:00:00,5.6,3.9,148.0
Electronic City,12.8399,77.677,2026-08-20 07:00:00,6.5,5.0,160.0
Electronic City,12.8399,77.677,2026-08-20 08:00:00,6.5,4.9,165.0
Electronic City,12.8399,77.677,2026-08-20 09:00:00,7.0,4.8,157.0
Electronic City,12.8399,77.677,2026-08-20 10:00:00,8.0,4.8,143.0
Electronic City,12.8399,77.677,2026-08-20 11:00:00,11.2,5.8,132.0
Electronic City,12.8399,77.677,2026-08-20 12:00:00,12.8,6.2,127.0
Electronic City,12.8399,77.677,2026-08-20 13:00:00,13.2,6.3,126.0
Electronic City,12.8399,77.677,2026-08-20 14:00:00,13.3,6.4,131.0
Electronic City,12.8399,77.677,2026-08-20 15:00:00,12.7,6.4,147.0
Electronic City,12.8399,77.677,2026-08-20 16:00:00,12.4,6.5,170.0
Electronic City,12.8399,77.677,2026-08-20 17:00:00,12.6,6.7,186.0
Electronic City,12.8399,77.677,2026-08-20 18:00:00,13.9,8.6,190.0
Electronic City,12.8399,77.677,2026-08-20 19:00:00,14.1,10.3,188.0
Electronic City,12.8399,77.677,2026-08-20 20:00:00,13.5,10.2,184.0
Electronic City,12.8399,77.677,2026-08-20 21:00:00,12.2,9.4,180.0
Electronic City,12.8399,77.677,2026-08-20 22:00:00,11.9,9.1,174.0
Electronic City,12.8399,77.677,2026-08-20 23:00:00,11.1,8.3,165.0
Electronic City,12.8399,77.677,2026-08-21 00:00:00,10.1,7.4,152.0
Electronic City,12.8399,77.677,2026-08-21 01:00:00,9.4,6.8,137.0
Electronic City,12.8399,77.677,2026-08-21 02:00:00,8.9,6.3,124.0
Electronic City,12.8399,77.677,2026-08-21 03:00:00,8.4,5.9,115.0
Electronic City,12.8399,77.677,2026-08-21 04:00:00,8.0,5.5,108.0
Electronic City,12.8399,77.677,2026-08-21 05:00:00,7.6,5.2,107.0
Electronic City,12.8399,77.677,2026-08-21 06:00:00,6.8,4.8,116.0
Electronic City,12.8399,77.677,2026-08-21 07:00:00,7.7,5.1,131.0
Electronic City,12.8399,77.677,2026-08-21 08:00:00,8.8,6.0,141.0
Electronic City,12.8399,77.677,2026-08-21 09:00:00,10.3,6.8,139.0
Electronic City,12.8399,77.677,2026-08-21 10:00:00,11.5,7.0,131.0
Electronic City,12.8399,77.677,2026-08-21 11:00:00,12.5,7.2,125.0
Electronic City,12.8399,77.677,2026-08-21 12:00:00,14.0,7.7,125.0
Electronic City,12.8399,77.677,2026-08-21 13:00:00,16.9,8.6,127.0
Electronic City,12.8399,77.677,2026-08-21 14:00:00,17.3,8.7,131.0
Electronic City,12.8399,77.677,2026-08-21 15:00:00,17.0,8.7,140.0
Electronic City,12.8399,77.677,2026-08-21 16:00:00,15.7,8.5,151.0
Electronic City,12.8399,77.677,2026-08-21 17:00:00,14.8,8.7,159.0
Electronic City,12.8399,77.677,2026-08-21 18:00:00,14.8,10.0,163.0
Electronic City,12.8399,77.677,2026-08-21 19:00:00,15.6,11.2,165.0
Electronic City,12.8399,77.677,2026-08-21 20:00:00,15.5,11.6,164.0
Electronic City,12.8399,77.677,2026-08-21 21:00:00,15.5,11.7,159.0
Electronic City,12.8399,77.677,2026-08-21 22:00:00,15.5,11.7,151.0
Electronic City,12.8399,77.677,2026-08-21 23:00:00,13.5,10.3,145.0
