location,latitude,longitude,time,temperature,humidity,precipitation,wind_speed,pm2_5,pm10,nitrogen_dioxide,ozone,sulphur_dioxide,carbon_monoxide
Connaught Place,28.6315,77.2167,2026-07-18 00:00:00,32.2,66,0.0,4.8,197.9,722.7,84.2,0.0,33.1,714.0
Connaught Place,28.6315,77.2167,2026-07-18 01:00:00,31.5,67,0.0,3.7,191.4,646.3,81.2,0.0,32.9,561.0
Connaught Place,28.6315,77.2167,2026-07-18 02:00:00,31.1,66,0.0,3.7,176.0,538.3,76.6,1.0,31.9,435.0
Connaught Place,28.6315,77.2167,2026-07-18 03:00:00,31.0,64,0.0,4.3,155.1,434.0,70.9,3.0,30.0,341.0
Connaught Place,28.6315,77.2167,2026-07-18 04:00:00,30.9,62,0.0,6.7,131.3,349.2,63.6,7.0,27.2,273.0
Connaught Place,28.6315,77.2167,2026-07-18 05:00:00,31.3,66,0.0,10.3,141.6,372.5,70.4,4.0,35.5,253.0
Connaught Place,28.6315,77.2167,2026-07-18 06:00:00,31.2,60,0.0,10.2,112.0,290.6,58.9,20.0,30.0,321.0
Connaught Place,28.6315,77.2167,2026-07-18 07:00:00,32.0,56,0.0,9.8,98.3,282.2,42.8,43.0,22.4,436.0
Connaught Place,28.6315,77.2167,2026-07-18 08:00:00,32.3,57,0.0,8.7,92.2,335.3,28.7,66.0,16.3,496.0
Connaught Place,28.6315,77.2167,2026-07-18 09:00:00,33.1,57,0.0,9.8,98.0,459.1,18.8,89.0,13.2,438.0
Connaught Place,28.6315,77.2167,2026-07-18 10:00:00,34.7,52,0.0,12.5,120.1,661.2,11.0,112.0,11.7,324.0
Connaught Place,28.6315,77.2167,2026-07-18 11:00:00,35.4,49,0.0,13.9,156.5,938.8,5.6,129.0,10.7,239.0
Connaught Place,28.6315,77.2167,2026-07-18 12:00:00,35.7,48,0.0,12.9,186.3,1158.6,3.2,136.0,10.2,219.0
Connaught Place,28.6315,77.2167,2026-07-18 13:00:00,36.2,46,0.0,11.2,200.7,1251.7,3.2,137.0,10.2,228.0
Connaught Place,28.6315,77.2167,2026-07-18 14:00:00,36.2,45,0.0,9.6,206.3,1292.7,4.6,134.0,10.3,247.0
Connaught Place,28.6315,77.2167,2026-07-18 15:00:00,36.6,43,0.0,8.9,206.3,1277.8,6.7,130.0,10.1,256.0
Connaught Place,28.6315,77.2167,2026-07-18 16:00:00,36.2,44,0.0,7.5,204.9,1214.4,10.2,122.0,10.0,275.0
Connaught Place,28.6315,77.2167,2026-07-18 17:00:00,36.6,41,0.0,4.5,147.6,789.8,22.4,83.0,17.2,343.0
Connaught Place,28.6315,77.2167,2026-07-18 18:00:00,36.0,44,0.0,4.8,148.5,672.4,39.8,62.0,20.9,522.0
Connaught Place,28.6315,77.2167,2026-07-18 19:00:00,34.7,48,0.0,6.5,157.9,648.2,63.8,32.0,26.1,751.0
Connaught Place,28.6315,77.2167,2026-07-18 20:00:00,34.2,50,0.0,5.3,170.9,694.8,81.2,10.0,30.4,887.0
Connaught Place,28.6315,77.2167,2026-07-18 21:00:00,34.3,54,0.0,3.5,169.0,579.3,86.0,2.0,33.0,854.0
Connaught Place,28.6315,77.2167,2026-07-18 22:00:00,34.0,55,0.0,1.2,152.7,510.4,84.3,2.0,34.7,729.0
Connaught Place,28.6315,77.2167,2026-07-18 23:00:00,34.0,58,0.0,2.3,139.2,437.7,80.6,4.0,35.1,600.0
Connaught Place,28.6315,77.2167,2026-07-19 00:00:00,32.9,58,0.0,3.8,126.7,376.3,75.9,6.0,33.7,481.0
Connaught Place,28.6315,77.2167,2026-07-19 01:00:00,32.3,63,0.0,2.8,116.2,323.2,69.3,10.0,31.0,358.0
Connaught Place,28.6315,77.2167,2026-07-19 02:00:00,31.5,67,0.0,4.4,106.6,275.7,62.9,14.0,28.4,272.0
Connaught Place,28.6315,77.2167,2026-07-19 03:00:00,31.1,69,0.0,4.5,99.0,252.4,57.6,15.0,26.1,243.0
Connaught Place,28.6315,77.2167,2026-07-19 04:00:00,30.6,70,0.0,4.7,94.8,252.4,52.5,16.0,23.9,253.0
Connaught Place,28.6315,77.2167,2026-07-19 05:00:00,29.9,83,0.0,2.1,110.8,209.1,71.9,3.0,33.6,286.0
Connaught Place,28.6315,77.2167,2026-07-19 06:00:00,30.6,77,0.0,6.4,105.7,181.1,65.1,18.0,33.8,365.0
Connaught Place,28.6315,77.2167,2026-07-19 07:00:00,31.8,70,0.0,6.1,100.4,161.6,55.3,39.0,33.8,467.0
Connaught Place,28.6315,77.2167,2026-07-19 08:00:00,32.7,61,0.0,7.6,81.5,146.2,44.5,64.0,32.2,513.0
Connaught Place,28.6315,77.2167,2026-07-19 09:00:00,33.2,57,0.0,6.9,70.5,176.5,31.9,96.0,27.7,447.0
Connaught Place,28.6315,77.2167,2026-07-19 10:00:00,34.4,52,0.0,7.9,75.7,285.9,18.4,131.0,21.6,324.0
Connaught Place,28.6315,77.2167,2026-07-19 11:00:00,35.7,47,0.0,11.0,90.1,429.3,8.4,155.0,16.7,231.0
Connaught Place,28.6315,77.2167,2026-07-19 12:00:00,36.1,46,0.0,11.1,97.6,499.2,4.1,160.0,13.9,201.0
Connaught Place,28.6315,77.2167,2026-07-19 13:00:00,35.7,49,0.0,8.2,111.8,603.5,3.3,154.0,12.1,201.0
Connaught Place,28.6315,77.2167,2026-07-19 14:00:00,36.2,47,0.0,5.3,118.7,666.8,4.3,144.0,11.2,212.0
Connaught Place,28.6315,77.2167,2026-07-19 15:00:00,35.8,49,0.0,5.0,126.7,717.1,5.9,133.0,10.8,221.0
Connaught Place,28.6315,77.2167,2026-07-19 16:00:00,34.1,58,1.0,5.9,131.3,752.5,9.1,118.0,11.2,241.0
Connaught Place,28.6315,77.2167,2026-07-19 17:00:00,37.1,42,0.0,5.3,127.1,536.4,22.2,114.0,26.1,293.0
Connaught Place,28.6315,77.2167,2026-07-19 18:00:00,35.2,50,0.4,8.1,121.5,445.2,27.0,101.0,28.8,412.0
Connaught Place,28.6315,77.2167,2026-07-19 19:00:00,32.4,72,0.1,11.0,116.2,374.4,33.7,84.0,32.6,561.0
Connaught Place,28.6315,77.2167,2026-07-19 20:00:00,31.8,77,0.0,8.1,108.7,305.5,38.7,69.0,35.4,655.0
Connaught Place,28.6315,77.2167,2026-07-19 21:00:00,31.6,77,0.1,5.5,103.6,268.2,40.6,59.0,36.6,648.0
Connaught Place,28.6315,77.2167,2026-07-19 22:00:00,31.0,80,0.6,5.8,98.3,238.4,40.8,52.0,36.8,586.0
Connaught Place,28.6315,77.2167,2026-07-19 23:00:00,31.8,76,0.6,8.7,91.5,210.0,40.4,47.0,36.4,513.0
Connaught Place,28.6315,77.2167,2026-07-20 00:00:00,30.4,83,0.0,6.8,89.6,210.0,39.7,43.0,35.4,433.0
Connaught Place,28.6315,77.2167,2026-07-20 01:00:00,29.1,88,0.0,9.0,90.8,241.2,38.4,40.0,33.7,344.0
Connaught Place,28.6315,77.2167,2026-07-20 02:00:00,28.4,88,0.0,7.0,92.4,269.2,36.7,39.0,31.3,279.0
Connaught Place,28.6315,77.2167,2026-07-20 03:00:00,28.6,87,0.0,2.8,95.2,291.5,34.1,39.0,27.3,249.0
Connaught Place,28.6315,77.2167,2026-07-20 04:00:00,27.2,93,3.8,10.4,92.9,275.7,31.2,39.0,22.5,244.0
Connaught Place,28.6315,77.2167,2026-07-20 05:00:00,28.8,81,1.1,8.5,32.9,71.7,19.4,57.0,12.3,273.0
Connaught Place,28.6315,77.2167,2026-07-20 06:00:00,28.9,83,0.1,6.6,31.3,58.0,24.0,54.0,14.7,358.0
Connaught Place,28.6315,77.2167,2026-07-20 07:00:00,27.9,87,1.2,3.5,30.6,54.5,30.1,50.0,17.8,477.0
Connaught Place,28.6315,77.2167,2026-07-20 08:00:00,27.4,94,5.8,3.9,33.5,53.8,32.8,50.0,19.7,567.0
Connaught Place,28.6315,77.2167,2026-07-20 09:00:00,28.9,89,0.6,5.0,34.7,62.2,28.8,59.0,18.9,608.0
Connaught Place,28.6315,77.2167,2026-07-20 10:00:00,29.5,86,0.7,1.8,36.8,90.8,21.3,72.0,16.7,620.0
Connaught Place,28.6315,77.2167,2026-07-20 11:00:00,32.2,67,0.3,5.6,39.5,110.6,15.6,83.0,15.1,601.0
Connaught Place,28.6315,77.2167,2026-07-20 12:00:00,30.7,75,2.0,6.7,42.3,126.2,13.3,88.0,14.5,526.0
Connaught Place,28.6315,77.2167,2026-07-20 13:00:00,29.7,82,6.0,11.2,51.9,199.3,12.8,91.0,14.4,419.0
Connaught Place,28.6315,77.2167,2026-07-20 14:00:00,29.9,81,0.4,8.6,61.0,265.4,13.8,92.0,15.4,354.0
Connaught Place,28.6315,77.2167,2026-07-20 15:00:00,30.8,78,0.2,4.5,67.5,297.1,16.0,94.0,17.8,340.0
Connaught Place,28.6315,77.2167,2026-07-20 16:00:00,31.0,77,0.0,3.8,73.6,320.4,19.7,94.0,21.2,368.0
Connaught Place,28.6315,77.2167,2026-07-20 17:00:00,29.5,81,0.0,4.1,35.4,75.2,33.5,86.0,21.7,480.0
Connaught Place,28.6315,77.2167,2026-07-20 18:00:00,27.5,92,6.3,3.8,41.2,76.1,47.4,64.0,26.8,764.0
Connaught Place,28.6315,77.2167,2026-07-20 19:00:00,27.4,94,2.9,2.6,54.4,83.6,66.3,35.0,33.7,1133.0
Connaught Place,28.6315,77.2167,2026-07-20 20:00:00,27.6,94,1.0,1.7,63.6,86.4,78.4,15.0,38.3,1368.0
Connaught Place,28.6315,77.2167,2026-07-20 21:00:00,27.7,95,0.5,1.5,62.4,82.2,77.7,14.0,38.4,1364.0
Connaught Place,28.6315,77.2167,2026-07-20 22:00:00,27.6,94,0.1,1.8,59.5,77.8,70.1,22.0,36.1,1225.0
Connaught Place,28.6315,77.2167,2026-07-20 23:00:00,26.6,96,0.0,1.4,51.1,64.0,61.7,31.0,33.5,1047.0
Connaught Place,28.6315,77.2167,2026-07-21 00:00:00,26.8,96,0.2,3.1,42.3,51.3,53.7,38.0,31.1,824.0
Connaught Place,28.6315,77.2167,2026-07-21 01:00:00,26.7,95,0.9,6.2,34.9,41.4,44.8,46.0,28.5,561.0
Connaught Place,28.6315,77.2167,2026-07-21 02:00:00,26.5,95,0.3,7.2,31.4,36.2,37.6,51.0,26.4,367.0
Connaught Place,28.6315,77.2167,2026-07-21 03:00:00,26.3,94,0.1,7.9,30.6,33.9,33.4,51.0,25.2,289.0
Connaught Place,28.6315,77.2167,2026-07-21 04:00:00,26.2,92,0.1,6.1,27.8,29.3,30.8,48.0,24.5,280.0
Connaught Place,28.6315,77.2167,2026-07-21 05:00:00,26.5,92,0.5,4.4,18.7,20.7,25.4,49.0,19.3,311.0
Connaught Place,28.6315,77.2167,2026-07-21 06:00:00,26.0,93,3.7,6.2,20.3,21.3,25.0,54.0,21.3,407.0
Connaught Place,28.6315,77.2167,2026-07-21 07:00:00,26.0,94,1.0,9.7,21.2,21.9,24.4,62.0,24.0,543.0
Connaught Place,28.6315,77.2167,2026-07-21 08:00:00,26.6,91,0.2,9.9,22.3,22.8,22.9,71.0,25.3,620.0
Connaught Place,28.6315,77.2167,2026-07-21 09:00:00,27.3,87,0.1,8.8,15.5,16.1,19.7,83.0,23.7,577.0
Connaught Place,28.6315,77.2167,2026-07-21 10:00:00,28.3,82,0.2,9.4,13.0,13.5,15.5,96.0,20.8,474.0
Connaught Place,28.6315,77.2167,2026-07-21 11:00:00,26.8,94,0.1,10.5,12.0,12.4,12.6,107.0,18.6,394.0
Connaught Place,28.6315,77.2167,2026-07-21 12:00:00,28.0,92,0.9,6.9,11.7,12.0,11.8,115.0,18.2,362.0
Connaught Place,28.6315,77.2167,2026-07-21 13:00:00,29.9,82,0.5,6.5,12.1,12.4,12.1,121.0,18.6,353.0
Connaught Place,28.6315,77.2167,2026-07-21 14:00:00,28.7,84,1.5,7.9,13.6,13.8,12.9,126.0,19.2,366.0
Connaught Place,28.6315,77.2167,2026-07-21 15:00:00,28.2,87,1.5,9.7,13.5,13.7,13.5,132.0,19.7,406.0
Connaught Place,28.6315,77.2167,2026-07-21 16:00:00,28.8,85,0.6,5.8,15.1,15.3,14.6,136.0,20.3,468.0
Connaught Place,28.6315,77.2167,2026-07-21 17:00:00,29.7,80,0.1,8.6,30.2,31.3,21.8,115.0,20.1,542.0
Connaught Place,28.6315,77.2167,2026-07-21 18:00:00,29.3,79,0.3,6.0,36.4,37.1,26.4,101.0,20.5,648.0
Connaught Place,28.6315,77.2167,2026-07-21 19:00:00,28.6,85,0.2,4.1,39.9,40.4,32.6,82.0,21.0,765.0
Connaught Place,28.6315,77.2167,2026-07-21 20:00:00,28.5,85,0.0,6.9,35.2,35.4,36.0,68.0,21.1,822.0
Connaught Place,28.6315,77.2167,2026-07-21 21:00:00,28.2,86,0.1,7.5,32.7,32.8,33.9,66.0,20.4,769.0
Connaught Place,28.6315,77.2167,2026-07-21 22:00:00,27.9,87,0.0,9.7,32.2,32.4,29.0,70.0,19.2,655.0
Connaught Place,28.6315,77.2167,2026-07-21 23:00:00,27.1,93,0.1,11.4,31.3,31.4,24.6,73.0,18.2,558.0
Connaught Place,28.6315,77.2167,2026-07-22 00:00:00,26.8,93,0.1,10.6,30.3,30.3,22.0,73.0,17.5,506.0
Connaught Place,28.6315,77.2167,2026-07-22 01:00:00,26.6,93,0.1,8.9,30.0,30.2,20.0,73.0,16.9,472.0
Connaught Place,28.6315,77.2167,2026-07-22 02:00:00,26.6,94,0.0,8.0,29.3,29.3,18.5,72.0,16.6,443.0
Connaught Place,28.6315,77.2167,2026-07-22 03:00:00,26.0,95,1.3,10.8,29.5,29.6,17.5,69.0,16.8,410.0
Connaught Place,28.6315,77.2167,2026-07-22 04:00:00,25.8,95,0.5,10.6,29.6,29.8,17.0,65.0,17.3,384.0
Connaught Place,28.6315,77.2167,2026-07-22 05:00:00,26.1,96,0.6,11.3,36.1,36.4,22.9,53.0,20.7,386.0
Connaught Place,28.6315,77.2167,2026-07-22 06:00:00,26.1,96,0.8,12.3,35.2,35.6,22.6,58.0,20.1,446.0
Connaught Place,28.6315,77.2167,2026-07-22 07:00:00,26.6,91,0.4,13.2,35.3,35.7,22.0,66.0,19.4,534.0
Connaught Place,28.6315,77.2167,2026-07-22 08:00:00,27.1,84,0.9,15.4,36.7,37.1,20.3,81.0,18.9,584.0
Connaught Place,28.6315,77.2167,2026-07-22 09:00:00,28.8,78,0.3,13.8,37.4,38.1,16.4,109.0,19.0,558.0
Connaught Place,28.6315,77.2167,2026-07-22 10:00:00,30.2,70,0.3,13.6,33.8,34.5,11.5,143.0,19.5,495.0
Connaught Place,28.6315,77.2167,2026-07-22 11:00:00,30.7,67,0.3,14.3,41.2,104.8,7.8,170.0,19.8,442.0
Connaught Place,28.6315,77.2167,2026-07-22 12:00:00,31.6,64,0.2,14.4,42.3,125.3,5.8,184.0,19.7,413.0
Connaught Place,28.6315,77.2167,2026-07-22 13:00:00,31.8,67,0.0,11.4,37.4,85.9,5.1,190.0,19.4,394.0
Connaught Place,28.6315,77.2167,2026-07-22 14:00:00,32.0,66,0.2,10.7,39.5,95.5,7.0,187.0,19.4,396.0
Connaught Place,28.6315,77.2167,2026-07-22 15:00:00,32.0,67,0.1,10.7,40.3,98.7,13.0,171.0,19.8,413.0
Connaught Place,28.6315,77.2167,2026-07-22 16:00:00,31.7,66,0.5,9.1,35.3,71.9,21.7,146.0,20.6,451.0
Connaught Place,28.6315,77.2167,2026-07-22 17:00:00,28.3,87,0.2,6.0,14.7,16.4,14.7,145.0,18.3,539.0
Connaught Place,28.6315,77.2167,2026-07-22 18:00:00,28.9,86,0.0,3.9,17.3,18.2,24.3,121.0,20.7,742.0
Connaught Place,28.6315,77.2167,2026-07-22 19:00:00,28.8,88,0.0,4.4,23.9,24.3,37.3,88.0,23.9,994.0
Connaught Place,28.6315,77.2167,2026-07-22 20:00:00,29.0,88,0.0,6.9,25.4,25.6,45.1,65.0,25.8,1128.0
Connaught Place,28.6315,77.2167,2026-07-22 21:00:00,29.0,86,0.0,8.9,23.3,23.7,42.9,62.0,25.3,1040.0
Connaught Place,28.6315,77.2167,2026-07-22 22:00:00,28.9,82,0.1,8.9,21.0,21.2,35.6,68.0,23.6,833.0
Connaught Place,28.6315,77.2167,2026-07-22 23:00:00,28.4,84,0.0,9.6,17.6,17.9,29.1,73.0,22.0,651.0
Connaught Place,28.6315,77.2167,2026-07-23 00:00:00,28.3,83,0.0,11.0,14.9,15.1,25.2,73.0,20.9,543.0
Connaught Place,28.6315,77.2167,2026-07-23 01:00:00,28.1,83,0.0,11.3,21.2,73.1,22.1,71.0,20.0,459.0
Connaught Place,28.6315,77.2167,2026-07-23 02:00:00,27.8,84,0.0,11.4,24.9,88.7,20.0,68.0,19.4,397.0
Connaught Place,28.6315,77.2167,2026-07-23 03:00:00,27.5,85,0.0,10.2,28.7,98.5,19.3,63.0,19.2,352.0
Connaught Place,28.6315,77.2167,2026-07-23 04:00:00,27.3,85,0.0,10.0,34.2,127.1,19.7,58.0,19.3,328.0
Connaught Place,28.6315,77.2167,2026-07-23 05:00:00,26.8,92,0.0,8.9,30.7,75.9,21.4,55.0,19.2,339.0
Connaught Place,28.6315,77.2167,2026-07-23 06:00:00,26.4,94,0.9,9.3,33.5,88.2,20.4,63.0,20.3,418.0
Connaught Place,28.6315,77.2167,2026-07-23 07:00:00,26.6,89,0.5,11.8,38.6,116.6,18.9,76.0,21.7,533.0
Connaught Place,28.6315,77.2167,2026-07-23 08:00:00,28.1,82,0.3,10.8,28.3,43.4,16.8,92.0,22.3,595.0
Connaught Place,28.6315,77.2167,2026-07-23 09:00:00,28.8,80,0.4,9.6,23.1,26.5,13.3,116.0,21.2,551.0
Connaught Place,28.6315,77.2167,2026-07-23 10:00:00,30.5,72,0.1,12.1,21.5,22.1,9.2,144.0,19.2,455.0
Connaught Place,28.6315,77.2167,2026-07-23 11:00:00,31.4,66,0.0,14.1,20.5,20.7,6.4,164.0,17.6,382.0
Connaught Place,28.6315,77.2167,2026-07-23 12:00:00,31.8,64,0.1,14.0,20.4,20.7,5.6,170.0,16.5,356.0
Connaught Place,28.6315,77.2167,2026-07-23 13:00:00,32.2,62,0.2,13.8,33.3,128.1,6.2,168.0,15.7,354.0
Connaught Place,28.6315,77.2167,2026-07-23 14:00:00,32.6,62,0.1,12.5,28.2,74.7,7.6,163.0,15.7,381.0
Connaught Place,28.6315,77.2167,2026-07-23 15:00:00,30.7,71,0.9,14.1,28.9,79.2,10.0,157.0,17.1,447.0
Connaught Place,28.6315,77.2167,2026-07-23 16:00:00,30.4,75,0.7,4.5,31.0,73.8,13.3,148.0,19.3,541.0
Connaught Place,28.6315,77.2167,2026-07-23 17:00:00,31.7,65,0.2,12.1,22.5,22.6,16.5,132.0,15.5,637.0
Connaught Place,28.6315,77.2167,2026-07-23 18:00:00,30.7,70,0.2,10.1,27.6,27.7,21.0,119.0,17.4,748.0
Connaught Place,28.6315,77.2167,2026-07-23 19:00:00,30.2,73,0.2,6.9,28.8,28.9,27.0,100.0,20.0,861.0
Connaught Place,28.6315,77.2167,2026-07-23 20:00:00,28.8,81,1.0,4.9,28.8,28.8,30.6,87.0,21.8,908.0
Connaught Place,28.6315,77.2167,2026-07-23 21:00:00,26.4,93,3.6,9.2,29.5,29.5,29.3,84.0,22.0,841.0
Connaught Place,28.6315,77.2167,2026-07-23 22:00:00,26.6,93,0.4,11.6,30.0,30.2,25.5,86.0,21.3,708.0
Connaught Place,28.6315,77.2167,2026-07-23 23:00:00,27.7,87,0.0,12.0,30.0,30.0,22.4,87.0,20.6,582.0
Connaught Place,28.6315,77.2167,2026-07-24 00:00:00,27.3,87,0.0,10.3,30.5,30.6,21.1,83.0,20.1,480.0
Connaught Place,28.6315,77.2167,2026-07-24 01:00:00,27.1,88,0.0,10.1,31.7,31.8,20.4,78.0,19.6,385.0
Connaught Place,28.6315,77.2167,2026-07-24 02:00:00,27.0,89,0.0,8.8,33.5,33.6,19.9,74.0,19.2,318.0
Connaught Place,28.6315,77.2167,2026-07-24 03:00:00,26.8,90,0.0,9.0,35.0,35.2,19.4,71.0,18.9,287.0
Connaught Place,28.6315,77.2167,2026-07-24 04:00:00,26.7,90,0.0,9.6,35.6,35.6,19.0,68.0,18.8,284.0
Connaught Place,28.6315,77.2167,2026-07-24 05:00:00,25.8,94,0.1,8.9,37.7,37.7,18.0,73.0,20.5,306.0
Connaught Place,28.6315,77.2167,2026-07-24 06:00:00,25.9,94,0.2,11.4,37.7,37.7,17.8,77.0,20.3,377.0
Connaught Place,28.6315,77.2167,2026-07-24 07:00:00,26.9,90,0.0,9.9,34.3,34.5,17.4,83.0,20.1,473.0
Connaught Place,28.6315,77.2167,2026-07-24 08:00:00,28.4,82,0.0,14.2,31.5,31.5,16.3,94.0,19.8,525.0
Connaught Place,28.6315,77.2167,2026-07-24 09:00:00,29.6,76,0.0,13.2,26.4,26.4,13.6,113.0,19.5,488.0
Connaught Place,28.6315,77.2167,2026-07-24 10:00:00,30.5,71,0.2,12.7,24.1,24.2,10.2,136.0,19.2,407.0
Connaught Place,28.6315,77.2167,2026-07-24 11:00:00,30.5,74,0.1,13.0,22.9,22.9,7.9,152.0,18.9,345.0
Connaught Place,28.6315,77.2167,2026-07-24 12:00:00,31.3,71,0.7,12.9,21.4,21.4,7.4,153.0,18.5,320.0
Connaught Place,28.6315,77.2167,2026-07-24 13:00:00,29.7,76,1.8,13.0,20.4,20.4,8.1,147.0,18.1,315.0
Connaught Place,28.6315,77.2167,2026-07-24 14:00:00,29.0,81,4.0,8.9,17.7,17.7,9.4,140.0,18.1,336.0
Connaught Place,28.6315,77.2167,2026-07-24 15:00:00,29.4,81,1.9,6.3,16.1,16.2,10.9,137.0,19.0,389.0
Connaught Place,28.6315,77.2167,2026-07-24 16:00:00,30.5,75,0.1,7.3,16.5,16.6,13.2,133.0,20.3,468.0
Connaught Place,28.6315,77.2167,2026-07-24 17:00:00,30.2,81,0.1,5.5,23.3,23.5,17.3,119.0,18.3,568.0
Connaught Place,28.6315,77.2167,2026-07-24 18:00:00,30.2,82,0.0,7.4,29.5,29.6,26.2,98.0,19.7,732.0
Connaught Place,28.6315,77.2167,2026-07-24 19:00:00,29.8,83,0.0,8.4,34.3,34.6,38.2,70.0,21.5,918.0
Connaught Place,28.6315,77.2167,2026-07-24 20:00:00,29.7,83,0.0,9.0,34.3,34.7,45.1,50.0,22.5,988.0
Connaught Place,28.6315,77.2167,2026-07-24 21:00:00,29.2,82,0.0,10.7,32.8,33.4,42.2,47.0,21.9,841.0
Connaught Place,28.6315,77.2167,2026-07-24 22:00:00,28.8,83,0.0,10.3,31.9,33.2,34.3,52.0,20.5,578.0
Connaught Place,28.6315,77.2167,2026-07-24 23:00:00,28.5,85,0.0,11.8,30.5,33.1,27.6,57.0,19.5,375.0
Connaught Place,28.6315,77.2167,2026-07-25 00:00:00,28.4,84,0.0,12.1,28.0,31.8,24.1,58.0,19.6,304.0
Connaught Place,28.6315,77.2167,2026-07-25 01:00:00,28.2,82,0.0,11.3,26.5,31.4,21.8,59.0,20.1,293.0
Connaught Place,28.6315,77.2167,2026-07-25 02:00:00,27.9,84,0.1,10.6,26.3,31.5,20.4,58.0,20.6,290.0
Connaught Place,28.6315,77.2167,2026-07-25 03:00:00,27.7,87,0.1,9.9,26.5,31.1,20.4,54.0,21.0,276.0
Connaught Place,28.6315,77.2167,2026-07-25 04:00:00,27.6,87,0.0,9.7,27.1,30.5,21.3,50.0,21.3,270.0
Connaught Place,28.6315,77.2167,2026-07-25 05:00:00,27.3,90,0.1,8.9,29.7,33.9,22.5,46.0,22.4,288.0
Connaught Place,28.6315,77.2167,2026-07-25 06:00:00,27.6,89,0.0,7.5,29.8,32.8,21.9,52.0,22.5,353.0
Connaught Place,28.6315,77.2167,2026-07-25 07:00:00,28.4,86,0.0,6.9,28.5,30.6,20.9,60.0,22.6,441.0
Connaught Place,28.6315,77.2167,2026-07-25 08:00:00,28.6,80,0.6,12.0,29.0,31.1,19.0,72.0,22.1,493.0
Connaught Place,28.6315,77.2167,2026-07-25 09:00:00,29.7,75,0.2,10.0,29.5,34.2,15.4,91.0,20.6,472.0
Connaught Place,28.6315,77.2167,2026-07-25 10:00:00,30.4,75,0.4,10.4,26.8,32.8,11.0,113.0,18.6,414.0
Connaught Place,28.6315,77.2167,2026-07-25 11:00:00,31.6,66,0.2,11.6,24.3,29.0,7.8,130.0,17.1,369.0
Connaught Place,28.6315,77.2167,2026-07-25 12:00:00,31.9,65,0.1,12.3,25.8,29.6,6.4,140.0,16.5,350.0
Connaught Place,28.6315,77.2167,2026-07-25 13:00:00,32.4,63,0.1,10.8,32.2,66.1,6.3,144.0,16.3,344.0
Connaught Place,28.6315,77.2167,2026-07-25 14:00:00,32.8,60,0.2,12.0,26.4,39.3,7.7,143.0,16.4,361.0
Connaught Place,28.6315,77.2167,2026-07-25 15:00:00,32.6,62,0.2,11.4,25.1,33.4,10.7,135.0,16.5,413.0
Connaught Place,28.6315,77.2167,2026-07-25 16:00:00,31.7,66,0.1,11.2,24.9,32.1,15.2,120.0,16.8,488.0
Connaught Place,28.6315,77.2167,2026-07-25 17:00:00,30.8,78,0.1,8.2,38.3,41.8,23.0,97.0,12.4,565.0
Connaught Place,28.6315,77.2167,2026-07-25 18:00:00,29.9,79,0.0,10.5,44.2,46.1,29.1,80.0,13.7,648.0
Connaught Place,28.6315,77.2167,2026-07-25 19:00:00,29.1,83,0.0,8.0,51.8,52.7,37.3,58.0,15.6,733.0
Connaught Place,28.6315,77.2167,2026-07-25 20:00:00,28.7,85,0.0,9.4,50.3,50.9,42.5,42.0,17.3,781.0
Connaught Place,28.6315,77.2167,2026-07-25 21:00:00,28.2,88,0.0,8.1,45.1,45.4,42.0,40.0,18.7,772.0
Connaught Place,28.6315,77.2167,2026-07-25 22:00:00,27.9,88,0.0,8.0,46.8,47.0,38.4,45.0,19.9,727.0
Connaught Place,28.6315,77.2167,2026-07-25 23:00:00,27.5,92,0.0,8.8,48.1,48.3,34.6,50.0,20.6,670.0
Connaught Place,28.6315,77.2167,2026-07-26 00:00:00,27.5,93,0.1,9.8,48.5,48.7,31.2,53.0,20.3,597.0
Connaught Place,28.6315,77.2167,2026-07-26 01:00:00,27.6,94,0.0,8.1,47.0,47.1,27.7,55.0,19.5,511.0
Connaught Place,28.6315,77.2167,2026-07-26 02:00:00,27.6,94,0.0,7.5,45.4,45.6,25.2,56.0,18.9,446.0
Connaught Place,28.6315,77.2167,2026-07-26 03:00:00,27.5,94,0.0,6.6,44.7,44.9,24.9,52.0,18.8,415.0
Connaught Place,28.6315,77.2167,2026-07-26 04:00:00,27.4,94,0.0,5.9,44.9,46.3,25.7,47.0,19.0,405.0
Connaught Place,28.6315,77.2167,2026-07-26 05:00:00,28.3,95,0.0,4.2,26.0,26.8,23.0,56.0,17.2,408.0
Connaught Place,28.6315,77.2167,2026-07-26 06:00:00,27.8,95,0.6,5.8,27.8,28.6,22.2,64.0,19.6,432.0
Connaught Place,28.6315,77.2167,2026-07-26 07:00:00,28.3,89,0.3,3.1,26.9,27.9,21.0,76.0,23.0,470.0
Connaught Place,28.6315,77.2167,2026-07-26 08:00:00,29.7,81,0.3,2.4,28.9,31.4,19.1,94.0,26.1,487.0
Connaught Place,28.6315,77.2167,2026-07-26 09:00:00,30.9,75,0.0,2.6,32.1,36.4,16.0,124.0,28.7,463.0
Connaught Place,28.6315,77.2167,2026-07-26 10:00:00,31.8,71,0.1,3.3,34.7,41.6,12.2,160.0,30.9,418.0
Connaught Place,28.6315,77.2167,2026-07-26 11:00:00,32.4,65,0.0,3.3,36.7,46.4,9.2,189.0,32.1,382.0
Connaught Place,28.6315,77.2167,2026-07-26 12:00:00,33.3,61,0.2,2.9,36.8,49.0,7.3,207.0,31.3,363.0
Connaught Place,28.6315,77.2167,2026-07-26 13:00:00,33.9,60,0.3,3.7,39.0,51.2,6.1,219.0,29.5,352.0
Connaught Place,28.6315,77.2167,2026-07-26 14:00:00,34.0,60,0.2,3.7,39.3,51.3,6.1,224.0,28.4,354.0
Connaught Place,28.6315,77.2167,2026-07-26 15:00:00,34.1,59,0.2,3.8,40.4,51.8,5.7,226.0,28.3,335.0
Connaught Place,28.6315,77.2167,2026-07-26 16:00:00,33.9,59,0.1,3.6,40.2,54.1,6.5,221.0,28.8,329.0
Connaught Place,28.6315,77.2167,2026-07-26 17:00:00,33.2,66,0.1,4.2,44.2,56.9,12.4,184.0,25.0,445.0
Connaught Place,28.6315,77.2167,2026-07-26 18:00:00,32.5,71,0.0,4.1,51.0,61.0,33.2,148.0,30.9,831.0
Connaught Place,28.6315,77.2167,2026-07-26 19:00:00,31.7,78,0.0,2.8,70.1,78.7,61.6,98.0,38.9,1340.0
Connaught Place,28.6315,77.2167,2026-07-26 20:00:00,31.7,78,0.0,0.4,86.1,94.5,81.2,59.0,44.5,1633.0
Connaught Place,28.6315,77.2167,2026-07-26 21:00:00,31.5,81,0.0,0.2,91.3,99.0,83.0,43.0,45.3,1507.0
Connaught Place,28.6315,77.2167,2026-07-26 22:00:00,31.3,81,0.0,1.2,89.4,96.2,76.1,38.0,43.7,1165.0
Connaught Place,28.6315,77.2167,2026-07-26 23:00:00,31.1,84,0.0,1.2,85.2,91.5,70.5,33.0,42.2,885.0
Connaught Place,28.6315,77.2167,2026-07-27 00:00:00,30.6,85,0.0,1.9,86.4,92.9,70.7,25.0,41.7,764.0
Connaught Place,28.6315,77.2167,2026-07-27 01:00:00,30.3,86,0.0,0.8,89.6,95.9,72.4,17.0,41.4,703.0
Connaught Place,28.6315,77.2167,2026-07-27 02:00:00,30.0,88,0.0,2.1,91.0,97.8,72.6,12.0,40.5,690.0
Connaught Place,28.6315,77.2167,2026-07-27 03:00:00,29.8,87,0.0,1.7,92.2,98.7,70.5,8.0,38.3,743.0
Connaught Place,28.6315,77.2167,2026-07-27 04:00:00,29.6,86,0.0,2.0,90.8,96.9,67.1,5.0,35.7,843.0
Connaught Place,28.6315,77.2167,2026-07-27 05:00:00,29.7,87,0.0,1.3,82.7,86.6,58.3,22.0,33.4,914.0
Connaught Place,28.6315,77.2167,2026-07-27 06:00:00,29.7,86,0.0,1.5,84.1,87.8,54.3,38.0,38.7,933.0
Connaught Place,28.6315,77.2167,2026-07-27 07:00:00,30.5,82,0.0,0.9,79.2,84.8,48.4,62.0,45.8,923.0
Connaught Place,28.6315,77.2167,2026-07-27 08:00:00,31.6,75,0.0,1.5,65.2,73.6,41.4,93.0,49.8,875.0
Connaught Place,28.6315,77.2167,2026-07-27 09:00:00,32.8,67,0.0,2.1,55.9,72.2,32.1,136.0,47.9,760.0
Connaught Place,28.6315,77.2167,2026-07-27 10:00:00,33.6,62,0.2,1.9,50.3,66.4,21.7,187.0,42.9,606.0
Connaught Place,28.6315,77.2167,2026-07-27 11:00:00,34.7,51,0.1,1.7,46.3,59.8,13.9,228.0,38.6,493.0
Connaught Place,28.6315,77.2167,2026-07-27 12:00:00,35.6,49,0.0,3.5,47.5,60.3,10.6,256.0,36.3,448.0
Connaught Place,28.6315,77.2167,2026-07-27 13:00:00,35.6,52,0.0,4.8,48.8,61.2,9.9,275.0,34.6,443.0
Connaught Place,28.6315,77.2167,2026-07-27 14:00:00,35.3,53,0.0,6.2,50.6,62.6,10.4,283.0,33.2,475.0
Connaught Place,28.6315,77.2167,2026-07-27 15:00:00,33.9,57,0.8,4.8,49.8,63.8,11.0,280.0,31.9,541.0
Connaught Place,28.6315,77.2167,2026-07-27 16:00:00,34.1,56,0.1,2.4,47.7,63.3,12.7,267.0,31.0,644.0
Connaught Place,28.6315,77.2167,2026-07-27 17:00:00,32.9,65,0.0,2.2,50.2,81.3,23.7,185.0,28.1,792.0
Connaught Place,28.6315,77.2167,2026-07-27 18:00:00,32.3,72,0.0,0.7,58.7,87.3,33.3,156.0,31.3,1067.0
Connaught Place,28.6315,77.2167,2026-07-27 19:00:00,32.1,72,0.0,2.4,66.6,96.2,46.2,117.0,35.6,1388.0
Connaught Place,28.6315,77.2167,2026-07-27 20:00:00,31.6,73,0.0,5.3,68.7,87.5,53.7,86.0,37.9,1519.0
Connaught Place,28.6315,77.2167,2026-07-27 21:00:00,30.4,80,0.0,8.8,66.6,96.4,50.8,74.0,36.5,1289.0
Connaught Place,28.6315,77.2167,2026-07-27 22:00:00,29.6,82,0.0,11.2,64.5,120.1,42.5,72.0,33.0,869.0
Connaught Place,28.6315,77.2167,2026-07-27 23:00:00,30.2,85,0.1,9.3,61.2,135.0,35.3,70.0,29.5,543.0
Connaught Place,28.6315,77.2167,2026-07-28 00:00:00,29.0,86,0.5,13.3,56.5,116.9,31.2,68.0,26.3,432.0
Connaught Place,28.6315,77.2167,2026-07-28 01:00:00,27.8,90,0.2,7.8,51.6,90.1,28.1,66.0,23.1,414.0
Connaught Place,28.6315,77.2167,2026-07-28 02:00:00,27.4,93,0.4,9.6,49.8,75.7,26.1,64.0,20.6,404.0
Connaught Place,28.6315,77.2167,2026-07-28 03:00:00,26.6,95,0.2,7.9,49.4,68.0,25.4,58.0,19.1,366.0
Connaught Place,28.6315,77.2167,2026-07-28 04:00:00,26.3,96,0.2,8.7,48.4,62.2,25.7,50.0,18.2,336.0
Connaught Place,28.6315,77.2167,2026-07-28 05:00:00,28.7,91,0.1,8.3,55.8,113.6,32.3,39.0,22.6,342.0
Connaught Place,28.6315,77.2167,2026-07-28 06:00:00,28.6,92,0.0,7.8,54.0,101.7,32.2,43.0,24.3,420.0
Connaught Place,28.6315,77.2167,2026-07-28 07:00:00,29.0,91,0.2,8.3,48.4,83.4,31.8,51.0,26.7,534.0
Connaught Place,28.6315,77.2167,2026-07-28 08:00:00,28.9,85,0.6,12.1,44.6,78.2,30.1,68.0,28.6,606.0
Connaught Place,28.6315,77.2167,2026-07-28 09:00:00,28.6,86,0.5,5.9,47.5,100.4,25.9,101.0,29.4,594.0
Connaught Place,28.6315,77.2167,2026-07-28 10:00:00,27.3,93,3.1,11.6,48.9,108.7,20.4,144.0,29.6,540.0
Connaught Place,28.6315,77.2167,2026-07-28 11:00:00,27.3,94,1.2,9.2,44.1,90.3,15.8,182.0,29.9,495.0
Connaught Place,28.6315,77.2167,2026-07-28 12:00:00,27.1,95,4.9,9.8,42.0,76.6,12.5,213.0,30.6,472.0
Connaught Place,28.6315,77.2167,2026-07-28 13:00:00,27.1,94,2.4,7.5,43.3,70.3,10.1,239.0,31.4,458.0
Connaught Place,28.6315,77.2167,2026-07-28 14:00:00,27.2,94,1.9,4.3,43.4,64.5,10.1,250.0,31.7,465.0
Connaught Place,28.6315,77.2167,2026-07-28 15:00:00,27.7,88,0.5,5.1,43.5,61.0,12.7,241.0,30.5,468.0
Connaught Place,28.6315,77.2167,2026-07-28 16:00:00,27.6,87,0.3,3.8,44.0,59.0,17.6,218.0,28.7,492.0
Connaught Place,28.6315,77.2167,2026-07-28 17:00:00,30.8,73,0.0,2.4,34.7,47.7,49.5,86.0,34.5,618.0
Connaught Place,28.6315,77.2167,2026-07-28 18:00:00,30.2,77,0.0,2.4,32.4,42.3,57.7,70.0,36.7,969.0
Connaught Place,28.6315,77.2167,2026-07-28 19:00:00,29.5,83,0.0,2.3,39.8,46.7,69.0,47.0,39.9,1422.0
Connaught Place,28.6315,77.2167,2026-07-28 20:00:00,29.0,84,0.0,3.4,47.6,54.5,77.7,29.0,43.0,1692.0
Connaught Place,28.6315,77.2167,2026-07-28 21:00:00,28.7,86,0.0,4.9,52.7,59.5,81.5,19.0,46.4,1616.0
Connaught Place,28.6315,77.2167,2026-07-28 22:00:00,28.2,87,0.1,6.0,51.3,56.8,82.8,13.0,49.7,1358.0
Connaught Place,28.6315,77.2167,2026-07-28 23:00:00,27.9,89,0.5,1.9,47.4,51.5,82.9,9.0,51.0,1120.0
Connaught Place,28.6315,77.2167,2026-07-29 00:00:00,27.7,91,0.1,1.8,43.8,47.1,82.6,6.0,48.6,974.0
Connaught Place,28.6315,77.2167,2026-07-29 01:00:00,27.4,94,0.6,3.1,42.1,45.4,81.2,5.0,44.2,849.0
Connaught Place,28.6315,77.2167,2026-07-29 02:00:00,26.9,97,0.7,5.9,44.8,47.8,78.1,6.0,40.9,738.0
Connaught Place,28.6315,77.2167,2026-07-29 03:00:00,26.6,97,0.3,4.4,47.8,51.2,72.3,10.0,39.7,626.0
Connaught Place,28.6315,77.2167,2026-07-29 04:00:00,26.7,97,0.0,1.9,46.6,49.8,64.8,16.0,39.6,527.0
Connaught Place,28.6315,77.2167,2026-07-29 05:00:00,26.8,97,0.0,1.3,47.8,51.3,57.6,24.0,43.8,477.0
Connaught Place,28.6315,77.2167,2026-07-29 06:00:00,26.5,97,2.5,1.8,51.1,53.7,52.5,33.0,42.1,510.0
Connaught Place,28.6315,77.2167,2026-07-29 07:00:00,26.5,97,2.3,4.0,43.9,47.3,45.4,46.0,39.9,592.0
Connaught Place,28.6315,77.2167,2026-07-29 08:00:00,26.8,96,1.8,3.0,38.2,42.3,39.6,62.0,39.5,651.0
Connaught Place,28.6315,77.2167,2026-07-29 09:00:00,28.1,87,1.0,2.0,35.5,39.8,36.7,80.0,42.5,652.0
Connaught Place,28.6315,77.2167,2026-07-29 10:00:00,29.1,82,0.2,3.1,32.0,36.8,35.0,101.0,47.2,629.0
Connaught Place,28.6315,77.2167,2026-07-29 11:00:00,31.0,74,0.1,2.0,31.5,36.6,33.3,122.0,51.0,618.0
Connaught Place,28.6315,77.2167,2026-07-29 12:00:00,31.9,71,0.1,0.2,34.0,39.3,30.3,145.0,52.6,626.0
Connaught Place,28.6315,77.2167,2026-07-29 13:00:00,32.1,69,0.1,0.9,36.8,43.1,27.3,168.0,53.2,645.0
Connaught Place,28.6315,77.2167,2026-07-29 14:00:00,32.6,68,0.0,2.7,39.8,46.4,26.3,184.0,54.2,682.0
Connaught Place,28.6315,77.2167,2026-07-29 15:00:00,32.9,65,0.1,1.5,43.5,52.4,26.5,194.0,55.9,702.0
Connaught Place,28.6315,77.2167,2026-07-29 16:00:00,32.3,66,0.1,1.9,45.9,53.6,28.8,198.0,58.0,739.0
Connaught Place,28.6315,77.2167,2026-07-29 17:00:00,33.3,62,0.0,3.8,59.6,70.3,20.4,226.0,43.4,903.0
Connaught Place,28.6315,77.2167,2026-07-29 18:00:00,32.5,69,0.0,3.5,68.0,75.9,32.9,195.0,46.3,1328.0
Connaught Place,28.6315,77.2167,2026-07-29 19:00:00,31.4,77,0.0,3.4,80.1,85.2,49.9,151.0,50.1,1880.0
Connaught Place,28.6315,77.2167,2026-07-29 20:00:00,30.8,80,0.0,4.3,75.4,79.6,61.6,114.0,51.9,2271.0
Connaught Place,28.6315,77.2167,2026-07-29 21:00:00,30.2,83,0.0,4.6,80.3,83.1,63.2,91.0,50.1,2384.0
Connaught Place,28.6315,77.2167,2026-07-29 22:00:00,29.7,85,0.0,3.6,81.5,83.8,59.5,74.0,46.2,2337.0
Connaught Place,28.6315,77.2167,2026-07-29 23:00:00,30.1,84,0.0,6.8,80.8,82.7,54.6,62.0,42.0,2192.0
Connaught Place,28.6315,77.2167,2026-07-30 00:00:00,29.4,87,0.0,8.5,77.8,79.4,49.2,54.0,37.6,1918.0
Connaught Place,28.6315,77.2167,2026-07-30 01:00:00,26.9,92,0.9,9.6,74.7,75.9,42.6,50.0,32.8,1547.0
Connaught Place,28.6315,77.2167,2026-07-30 02:00:00,25.6,99,2.5,6.0,71.7,72.9,37.6,47.0,29.1,1241.0
Connaught Place,28.6315,77.2167,2026-07-30 03:00:00,26.1,98,0.3,1.0,69.2,70.1,35.4,41.0,26.7,1064.0
Connaught Place,28.6315,77.2167,2026-07-30 04:00:00,26.3,98,0.1,2.7,67.5,68.2,34.7,36.0,25.3,952.0
Connaught Place,28.6315,77.2167,2026-07-30 05:00:00,28.5,92,0.0,2.8,70.5,70.8,38.8,44.0,25.6,871.0
Connaught Place,28.6315,77.2167,2026-07-30 06:00:00,28.5,93,1.3,2.4,73.3,73.8,37.8,56.0,29.4,829.0
Connaught Place,28.6315,77.2167,2026-07-30 07:00:00,28.8,87,1.0,9.9,68.2,68.7,36.3,75.0,34.6,818.0
Connaught Place,28.6315,77.2167,2026-07-30 08:00:00,29.5,85,0.9,7.2,52.4,52.9,33.0,100.0,38.1,776.0
Connaught Place,28.6315,77.2167,2026-07-30 09:00:00,30.8,76,0.2,6.4,47.0,47.5,26.6,138.0,38.3,656.0
Connaught Place,28.6315,77.2167,2026-07-30 10:00:00,32.0,70,0.0,7.2,43.2,45.1,18.5,183.0,36.8,504.0
Connaught Place,28.6315,77.2167,2026-07-30 11:00:00,32.8,63,0.0,4.8,41.8,42.8,12.3,219.0,35.2,401.0
Connaught Place,28.6315,77.2167,2026-07-30 12:00:00,33.2,61,0.1,6.7,41.1,43.9,9.3,240.0,33.7,381.0
Connaught Place,28.6315,77.2167,2026-07-30 13:00:00,32.5,64,0.7,7.6,41.9,52.2,8.2,252.0,32.1,410.0
Connaught Place,28.6315,77.2167,2026-07-30 14:00:00,33.1,63,0.3,3.9,42.1,55.9,8.6,254.0,30.8,461.0
Connaught Place,28.6315,77.2167,2026-07-30 15:00:00,33.5,60,0.1,4.3,41.2,55.2,10.6,244.0,30.1,546.0
Connaught Place,28.6315,77.2167,2026-07-30 16:00:00,33.4,60,0.1,6.0,40.6,53.1,14.2,224.0,29.7,655.0
Connaught Place,28.6315,77.2167,2026-07-30 17:00:00,32.3,69,0.0,11.6,40.9,42.7,20.0,164.0,23.4,727.0
Connaught Place,28.6315,77.2167,2026-07-30 18:00:00,29.3,81,0.0,13.0,43.8,45.2,28.6,135.0,24.7,728.0
Connaught Place,28.6315,77.2167,2026-07-30 19:00:00,28.8,85,0.0,6.9,46.4,47.5,40.3,96.0,26.5,693.0
Connaught Place,28.6315,77.2167,2026-07-30 20:00:00,28.7,88,0.0,6.8,46.1,46.7,47.9,66.0,27.3,669.0
Connaught Place,28.6315,77.2167,2026-07-30 21:00:00,28.5,89,0.0,7.5,45.5,45.9,47.7,54.0,26.3,684.0
Connaught Place,28.6315,77.2167,2026-07-30 22:00:00,28.4,90,0.0,7.9,45.8,46.3,43.3,52.0,24.2,709.0
Connaught Place,28.6315,77.2167,2026-07-30 23:00:00,29.1,88,0.0,10.9,45.4,46.6,38.4,52.0,22.2,707.0
Connaught Place,28.6315,77.2167,2026-07-31 00:00:00,28.8,89,0.0,10.2,43.3,45.2,33.6,53.0,20.4,652.0
Connaught Place,28.6315,77.2167,2026-07-31 01:00:00,28.7,89,0.0,9.9,39.3,41.2,28.3,57.0,18.6,570.0
Connaught Place,28.6315,77.2167,2026-07-31 02:00:00,28.5,88,0.0,9.6,33.8,34.7,24.1,60.0,17.5,493.0
Connaught Place,28.6315,77.2167,2026-07-31 03:00:00,28.3,87,0.0,9.4,29.0,29.5,21.7,60.0,17.5,425.0
Connaught Place,28.6315,77.2167,2026-07-31 04:00:00,28.1,86,0.0,10.3,38.3,136.9,20.5,58.0,18.3,363.0
Connaught Place,28.6315,77.2167,2026-07-31 05:00:00,28.3,82,0.0,11.5,37.7,146.2,19.9,59.0,18.9,334.0
Connaught Place,28.6315,77.2167,2026-07-31 06:00:00,28.1,84,0.0,10.0,32.6,89.4,19.5,63.0,19.6,368.0
Connaught Place,28.6315,77.2167,2026-07-31 07:00:00,28.7,81,0.0,9.9,27.4,47.5,18.8,69.0,20.6,434.0
Connaught Place,28.6315,77.2167,2026-07-31 08:00:00,29.1,78,0.1,13.1,21.6,25.4,17.3,81.0,20.9,472.0
Connaught Place,28.6315,77.2167,2026-07-31 09:00:00,29.6,76,0.2,13.2,20.5,21.8,14.3,103.0,20.1,446.0
Connaught Place,28.6315,77.2167,2026-07-31 10:00:00,30.1,73,0.2,13.4,21.3,22.1,10.6,131.0,18.7,392.0
Connaught Place,28.6315,77.2167,2026-07-31 11:00:00,30.6,72,0.4,11.3,22.8,23.3,7.9,150.0,17.4,353.0
Connaught Place,28.6315,77.2167,2026-07-31 12:00:00,31.4,67,0.1,13.2,22.2,22.6,6.7,154.0,16.1,342.0
Connaught Place,28.6315,77.2167,2026-07-31 13:00:00,31.9,65,0.1,12.3,20.8,28.2,6.6,149.0,14.8,347.0
Connaught Place,28.6315,77.2167,2026-07-31 14:00:00,32.6,64,0.2,11.0,21.7,30.4,7.3,144.0,14.4,372.0
Connaught Place,28.6315,77.2167,2026-07-31 15:00:00,32.7,63,0.3,11.6,20.7,23.7,8.9,142.0,15.5,431.0
Connaught Place,28.6315,77.2167,2026-07-31 16:00:00,31.8,68,0.5,10.1,20.2,21.4,11.3,139.0,17.5,511.0
Connaught Place,28.6315,77.2167,2026-07-31 17:00:00,31.6,70,1.1,7.2,31.5,32.0,19.2,125.0,19.1,571.0
Connaught Place,28.6315,77.2167,2026-07-31 18:00:00,31.2,72,0.0,7.3,35.2,35.5,24.9,107.0,20.5,599.0
Connaught Place,28.6315,77.2167,2026-07-31 19:00:00,30.4,77,0.0,7.7,36.7,37.0,32.5,83.0,22.4,609.0
Connaught Place,28.6315,77.2167,2026-07-31 20:00:00,30.0,80,0.0,8.3,36.3,36.8,37.1,65.0,23.4,600.0
Connaught Place,28.6315,77.2167,2026-07-31 21:00:00,29.6,81,0.3,10.9,34.9,35.6,36.0,58.0,22.9,566.0
Connaught Place,28.6315,77.2167,2026-07-31 22:00:00,29.2,84,0.0,10.6,33.4,34.3,31.8,58.0,21.6,514.0
Connaught Place,28.6315,77.2167,2026-07-31 23:00:00,28.5,85,0.0,9.4,31.2,32.1,27.7,58.0,20.3,461.0
Connaught Place,28.6315,77.2167,2026-08-01 00:00:00,28.5,86,0.0,9.8,28.6,29.5,24.4,59.0,19.2,410.0
Connaught Place,28.6315,77.2167,2026-08-01 01:00:00,27.3,93,1.3,8.6,41.2,157.9,21.2,61.0,18.2,358.0
Connaught Place,28.6315,77.2167,2026-08-01 02:00:00,27.5,90,0.0,10.6,49.4,225.8,18.9,62.0,17.7,321.0
Connaught Place,28.6315,77.2167,2026-08-01 03:00:00,27.4,89,0.0,10.2,52.9,252.4,18.2,59.0,17.9,299.0
Connaught Place,28.6315,77.2167,2026-08-01 04:00:00,27.4,89,0.0,9.4,52.4,243.1,18.4,56.0,18.6,292.0
Connaught Place,28.6315,77.2167,2026-08-01 05:00:00,27.1,92,0.1,9.9,25.5,26.5,18.9,55.0,19.4,308.0
Connaught Place,28.6315,77.2167,2026-08-01 06:00:00,27.3,91,0.0,11.0,26.8,27.8,18.5,62.0,19.7,372.0
Connaught Place,28.6315,77.2167,2026-08-01 07:00:00,27.4,87,0.1,11.7,27.5,28.6,17.8,73.0,20.0,460.0
Connaught Place,28.6315,77.2167,2026-08-01 08:00:00,28.2,83,0.0,12.8,26.4,27.4,16.4,88.0,20.4,511.0
Connaught Place,28.6315,77.2167,2026-08-01 09:00:00,29.7,76,0.0,11.1,25.3,26.0,13.7,112.0,20.8,487.0
Connaught Place,28.6315,77.2167,2026-08-01 10:00:00,31.0,69,0.1,11.4,34.8,117.8,10.2,140.0,21.1,424.0
Connaught Place,28.6315,77.2167,2026-08-01 11:00:00,32.1,65,0.2,10.8,27.6,44.8,7.8,162.0,21.4,375.0
Connaught Place,28.6315,77.2167,2026-08-01 12:00:00,32.7,65,0.1,10.8,30.2,61.0,7.0,172.0,21.4,348.0
Connaught Place,28.6315,77.2167,2026-08-01 13:00:00,33.2,63,0.2,11.8,30.5,38.1,7.2,175.0,21.4,334.0
Connaught Place,28.6315,77.2167,2026-08-01 14:00:00,31.6,68,0.7,10.5,30.0,33.6,8.1,173.0,21.4,353.0
Connaught Place,28.6315,77.2167,2026-08-01 15:00:00,31.2,74,0.4,8.6,29.5,31.3,9.5,168.0,21.6,424.0
Connaught Place,28.6315,77.2167,2026-08-01 16:00:00,31.6,72,0.1,8.3,28.8,29.8,11.6,157.0,22.0,529.0
Connaught Place,28.6315,77.2167,2026-08-01 17:00:00,30.8,77,0.5,9.9,36.6,55.9,14.6,159.0,21.9,631.0
Connaught Place,28.6315,77.2167,2026-08-01 18:00:00,30.7,77,0.0,6.7,41.2,53.3,20.8,137.0,22.7,738.0
Connaught Place,28.6315,77.2167,2026-08-01 19:00:00,30.2,81,0.0,5.9,44.9,51.5,29.2,107.0,23.8,843.0
Connaught Place,28.6315,77.2167,2026-08-01 20:00:00,29.9,83,0.0,6.3,44.9,48.1,34.8,84.0,24.2,886.0
Connaught Place,28.6315,77.2167,2026-08-01 21:00:00,29.6,85,0.0,8.1,43.2,44.4,35.2,75.0,23.5,825.0
Connaught Place,28.6315,77.2167,2026-08-01 22:00:00,29.4,86,0.0,9.5,40.7,41.2,32.8,74.0,22.2,703.0
Connaught Place,28.6315,77.2167,2026-08-01 23:00:00,27.2,89,0.0,11.4,40.3,40.4,29.7,75.0,20.9,590.0
Connaught Place,28.6315,77.2167,2026-08-02 00:00:00,27.1,88,0.2,11.0,37.4,37.6,25.8,78.0,19.7,505.0
Connaught Place,28.6315,77.2167,2026-08-02 01:00:00,27.1,90,0.3,8.0,35.0,35.5,21.1,83.0,18.6,429.0
Connaught Place,28.6315,77.2167,2026-08-02 02:00:00,27.1,92,0.2,6.6,34.6,35.4,17.8,86.0,17.9,374.0
Connaught Place,28.6315,77.2167,2026-08-02 03:00:00,27.0,93,0.0,6.0,35.3,36.6,17.0,82.0,17.8,344.0
Connaught Place,28.6315,77.2167,2026-08-02 04:00:00,27.0,93,0.0,6.6,35.9,37.5,17.6,76.0,18.3,336.0
Connaught Place,28.6315,77.2167,2026-08-02 05:00:00,27.4,96,0.0,7.9,44.2,45.3,22.8,62.0,22.8,354.0
Connaught Place,28.6315,77.2167,2026-08-02 06:00:00,26.9,95,0.1,11.8,45.2,46.4,22.0,71.0,25.0,424.0
Connaught Place,28.6315,77.2167,2026-08-02 07:00:00,27.3,93,0.2,7.5,43.0,44.9,20.7,85.0,27.9,519.0
Connaught Place,28.6315,77.2167,2026-08-02 08:00:00,28.9,84,0.1,8.3,39.3,69.8,18.5,105.0,29.7,565.0
Connaught Place,28.6315,77.2167,2026-08-02 09:00:00,30.6,76,0.0,8.3,39.9,79.6,14.7,135.0,29.5,513.0
Connaught Place,28.6315,77.2167,2026-08-02 10:00:00,32.2,67,0.1,8.3,38.1,61.9,9.9,171.0,28.3,412.0
Connaught Place,28.6315,77.2167,2026-08-02 11:00:00,33.8,57,0.1,8.6,37.7,53.8,6.5,197.0,26.7,333.0
Connaught Place,28.6315,77.2167,2026-08-02 12:00:00,34.1,56,0.3,7.5,36.3,47.4,5.0,205.0,24.7,304.0
Connaught Place,28.6315,77.2167,2026-08-02 13:00:00,33.3,60,0.7,10.1,34.5,42.0,4.9,203.0,22.3,298.0
Connaught Place,28.6315,77.2167,2026-08-02 14:00:00,33.2,61,1.0,9.1,35.3,40.6,5.8,197.0,20.9,305.0
Connaught Place,28.6315,77.2167,2026-08-02 15:00:00,33.3,63,0.1,7.0,36.9,40.5,7.7,189.0,21.0,311.0
Connaught Place,28.6315,77.2167,2026-08-02 16:00:00,33.2,63,0.2,7.9,35.6,38.2,10.7,177.0,22.0,331.0
Connaught Place,28.6315,77.2167,2026-08-02 17:00:00,28.9,83,0.2,7.1,29.8,30.6,16.0,139.0,21.2,393.0
Connaught Place,28.6315,77.2167,2026-08-02 18:00:00,28.4,86,0.2,9.4,33.8,34.7,21.0,120.0,21.9,545.0
Connaught Place,28.6315,77.2167,2026-08-02 19:00:00,27.3,94,2.2,4.3,37.7,38.4,27.9,94.0,22.9,740.0
Connaught Place,28.6315,77.2167,2026-08-02 20:00:00,27.6,96,0.5,5.2,36.8,37.4,32.4,73.0,23.3,867.0
Connaught Place,28.6315,77.2167,2026-08-02 21:00:00,27.9,96,0.1,4.9,37.0,37.7,32.4,64.0,22.7,874.0
Connaught Place,28.6315,77.2167,2026-08-02 22:00:00,27.9,96,0.0,6.5,38.4,39.3,30.0,61.0,21.6,813.0
Connaught Place,28.6315,77.2167,2026-08-02 23:00:00,29.0,93,0.0,5.5,37.4,38.5,27.4,60.0,20.5,734.0
Connaught Place,28.6315,77.2167,2026-08-03 00:00:00,28.7,95,0.0,7.0,35.6,37.3,25.0,61.0,19.6,637.0
Connaught Place,28.6315,77.2167,2026-08-03 01:00:00,28.5,95,0.0,6.8,34.5,36.6,22.4,64.0,18.7,520.0
Connaught Place,28.6315,77.2167,2026-08-03 02:00:00,28.1,93,0.0,8.2,32.6,35.0,20.6,66.0,18.1,430.0
Connaught Place,28.6315,77.2167,2026-08-03 03:00:00,27.7,92,0.0,7.5,28.8,31.5,20.0,64.0,17.7,377.0
Connaught Place,28.6315,77.2167,2026-08-03 04:00:00,27.5,94,0.0,7.3,27.0,29.7,20.2,60.0,17.6,350.0
Connaught Place,28.6315,77.2167,2026-08-03 05:00:00,27.1,95,0.0,7.8,25.8,27.9,21.2,52.0,18.8,363.0
Connaught Place,28.6315,77.2167,2026-08-03 06:00:00,27.2,95,0.6,4.4,28.9,31.5,22.7,54.0,22.1,454.0
Connaught Place,28.6315,77.2167,2026-08-03 07:00:00,27.5,94,0.2,4.7,31.3,34.3,24.5,58.0,26.6,585.0
Connaught Place,28.6315,77.2167,2026-08-03 08:00:00,28.4,89,0.2,3.8,31.1,33.8,24.5,70.0,29.7,661.0
Connaught Place,28.6315,77.2167,2026-08-03 09:00:00,29.8,82,0.1,3.6,30.9,32.9,20.8,97.0,30.3,626.0
Connaught Place,28.6315,77.2167,2026-08-03 10:00:00,30.7,79,0.2,4.2,29.9,31.8,15.4,132.0,29.4,535.0
Connaught Place,28.6315,77.2167,2026-08-03 11:00:00,31.8,71,0.1,6.4,31.7,33.5,11.3,158.0,28.2,461.0
Connaught Place,28.6315,77.2167,2026-08-03 12:00:00,33.3,65,0.1,7.8,31.3,32.8,9.6,169.0,26.6,420.0
Connaught Place,28.6315,77.2167,2026-08-03 13:00:00,34.2,62,0.0,6.0,30.7,32.0,9.4,171.0,24.6,395.0
Connaught Place,28.6315,77.2167,2026-08-03 14:00:00,32.2,65,0.6,12.4,32.2,33.4,11.0,167.0,23.0,405.0
Connaught Place,28.6315,77.2167,2026-08-03 15:00:00,31.1,75,1.4,1.2,31.9,32.8,14.6,155.0,21.7,456.0
Connaught Place,28.6315,77.2167,2026-08-03 16:00:00,31.2,72,0.4,5.0,31.3,32.0,20.0,136.0,20.8,541.0
Connaught Place,28.6315,77.2167,2026-08-03 17:00:00,33.2,68,0.1,8.5,44.6,45.8,22.0,140.0,20.1,660.0
Connaught Place,28.6315,77.2167,2026-08-03 18:00:00,29.9,81,0.3,7.3,48.3,49.0,34.1,116.0,24.4,856.0
Connaught Place,28.6315,77.2167,2026-08-03 19:00:00,27.8,94,5.9,6.6,57.0,57.4,50.9,82.0,30.4,1086.0
Connaught Place,28.6315,77.2167,2026-08-03 20:00:00,27.7,95,1.2,7.5,65.7,65.9,63.9,55.0,35.3,1221.0
Connaught Place,28.6315,77.2167,2026-08-03 21:00:00,27.3,95,2.4,1.6,70.8,71.0,70.5,39.0,38.2,1191.0
Connaught Place,28.6315,77.2167,2026-08-03 22:00:00,27.2,95,1.8,2.3,78.5,78.7,73.2,29.0,40.0,1066.0
Connaught Place,28.6315,77.2167,2026-08-03 23:00:00,26.7,95,0.5,3.9,76.4,76.6,71.6,25.0,40.3,928.0
Connaught Place,28.6315,77.2167,2026-08-04 00:00:00,27.1,96,1.2,6.7,75.2,75.4,63.2,29.0,38.4,790.0
Connaught Place,28.6315,77.2167,2026-08-04 01:00:00,27.0,97,0.5,7.7,63.6,63.8,50.4,39.0,35.1,640.0
Connaught Place,28.6315,77.2167,2026-08-04 02:00:00,26.8,97,0.3,6.0,54.9,55.3,39.7,47.0,31.7,520.0
Connaught Place,28.6315,77.2167,2026-08-04 03:00:00,26.7,98,0.1,4.6,45.4,45.6,33.2,51.0,28.5,438.0
Connaught Place,28.6315,77.2167,2026-08-04 04:00:00,26.9,97,0.1,4.2,38.3,38.4,28.7,54.0,25.3,386.0
Connaught Place,28.6315,77.2167,2026-08-04 05:00:00,27.0,97,0.1,6.0,36.2,36.4,23.9,61.0,22.1,385.0
Connaught Place,28.6315,77.2167,2026-08-04 06:00:00,26.6,97,0.6,7.6,35.9,36.2,25.6,63.0,24.7,475.0
Connaught Place,28.6315,77.2167,2026-08-04 07:00:00,26.9,95,0.5,1.9,31.5,32.0,27.8,66.0,28.3,616.0
Connaught Place,28.6315,77.2167,2026-08-04 08:00:00,27.5,92,0.3,3.8,27.3,27.8,28.3,75.0,31.2,704.0
Connaught Place,28.6315,77.2167,2026-08-04 09:00:00,28.9,84,0.2,3.5,26.3,27.0,25.7,96.0,32.9,665.0
Connaught Place,28.6315,77.2167,2026-08-04 10:00:00,30.0,80,0.4,2.1,27.6,28.5,21.6,123.0,33.8,574.0
Connaught Place,28.6315,77.2167,2026-08-04 11:00:00,27.6,94,0.7,5.6,28.4,29.3,18.1,143.0,34.0,545.0
Connaught Place,28.6315,77.2167,2026-08-04 12:00:00,28.1,90,0.9,4.7,27.7,28.6,15.7,152.0,32.7,652.0
Connaught Place,28.6315,77.2167,2026-08-04 13:00:00,28.5,88,0.8,7.4,27.1,28.1,14.0,155.0,30.7,822.0
Connaught Place,28.6315,77.2167,2026-08-04 14:00:00,28.8,85,0.7,6.9,27.1,28.1,14.3,154.0,29.7,953.0
Connaught Place,28.6315,77.2167,2026-08-04 15:00:00,29.3,84,0.2,4.3,27.8,28.8,16.8,152.0,30.9,981.0
Connaught Place,28.6315,77.2167,2026-08-04 16:00:00,29.4,83,0.0,3.1,36.9,38.3,21.3,147.0,33.2,969.0
Connaught Place,28.6315,77.2167,2026-08-04 17:00:00,27.6,93,0.0,2.9,33.1,33.8,46.4,101.0,46.8,1012.0
Connaught Place,28.6315,77.2167,2026-08-04 18:00:00,27.4,95,2.1,2.1,37.8,38.4,55.5,85.0,49.3,1199.0
Connaught Place,28.6315,77.2167,2026-08-04 19:00:00,27.5,95,1.0,0.9,51.9,52.4,68.0,62.0,52.6,1441.0
Connaught Place,28.6315,77.2167,2026-08-04 20:00:00,27.4,95,0.5,0.6,62.2,62.4,77.2,43.0,54.5,1556.0
Connaught Place,28.6315,77.2167,2026-08-04 21:00:00,27.4,96,0.5,1.0,68.5,68.7,80.4,31.0,54.0,1426.0
Connaught Place,28.6315,77.2167,2026-08-04 22:00:00,27.1,96,0.4,2.2,76.1,76.6,80.3,23.0,52.1,1169.0
Connaught Place,28.6315,77.2167,2026-08-04 23:00:00,27.5,97,0.3,2.3,75.2,75.4,78.2,19.0,49.8,965.0
Connaught Place,28.6315,77.2167,2026-08-05 00:00:00,27.5,97,0.0,2.2,65.9,66.1,73.7,20.0,47.1,886.0
Connaught Place,28.6315,77.2167,2026-08-05 01:00:00,27.4,97,0.0,2.1,60.1,60.3,67.2,24.0,43.9,860.0
Connaught Place,28.6315,77.2167,2026-08-05 02:00:00,27.4,96,0.0,0.9,57.7,58.0,61.5,27.0,40.9,848.0
Connaught Place,28.6315,77.2167,2026-08-05 03:00:00,27.2,93,0.0,1.7,56.6,56.8,57.8,24.0,37.9,835.0
Connaught Place,28.6315,77.2167,2026-08-05 04:00:00,26.8,96,0.2,3.5,55.9,56.1,54.9,19.0,35.1,836.0
Connaught Place,28.6315,77.2167,2026-08-05 05:00:00,26.1,99,0.1,3.7,71.9,72.4,59.6,18.0,41.7,858.0
Connaught Place,28.6315,77.2167,2026-08-05 06:00:00,26.1,98,0.6,2.3,68.2,68.7,53.9,31.0,41.0,933.0
Connaught Place,28.6315,77.2167,2026-08-05 07:00:00,27.0,94,0.0,0.7,57.9,58.3,45.8,51.0,40.1,1029.0
Connaught Place,28.6315,77.2167,2026-08-05 08:00:00,28.4,87,0.0,1.8,47.6,48.1,37.8,76.0,39.4,1052.0
Connaught Place,28.6315,77.2167,2026-08-05 09:00:00,30.2,76,0.0,3.7,37.6,38.4,30.4,113.0,39.8,935.0
Connaught Place,28.6315,77.2167,2026-08-05 10:00:00,31.3,68,0.0,4.7,35.7,36.7,23.2,155.0,40.5,745.0
Connaught Place,28.6315,77.2167,2026-08-05 11:00:00,31.9,68,0.1,4.0,37.6,38.8,17.4,188.0,39.7,595.0
Connaught Place,28.6315,77.2167,2026-08-05 12:00:00,31.3,69,0.0,4.5,40.0,41.4,13.5,205.0,36.2,523.0
Connaught Place,28.6315,77.2167,2026-08-05 13:00:00,31.9,67,0.0,5.6,43.0,44.4,11.1,212.0,31.3,490.0
Connaught Place,28.6315,77.2167,2026-08-05 14:00:00,32.3,64,0.0,6.4,49.7,80.8,10.1,211.0,27.1,496.0
Connaught Place,28.6315,77.2167,2026-08-05 15:00:00,33.1,61,0.0,6.0,42.8,52.5,9.3,204.0,24.0,537.0
Connaught Place,28.6315,77.2167,2026-08-05 16:00:00,32.9,61,0.0,4.4,39.3,45.8,9.8,190.0,21.6,615.0
Connaught Place,28.6315,77.2167,2026-08-05 17:00:00,29.8,83,0.0,7.0,46.1,54.0,18.9,160.0,21.2,740.0
Connaught Place,28.6315,77.2167,2026-08-05 18:00:00,28.8,87,0.4,6.6,54.0,59.3,33.4,130.0,23.6,948.0
Connaught Place,28.6315,77.2167,2026-08-05 19:00:00,28.4,87,0.1,6.3,64.5,67.8,53.4,89.0,27.1,1202.0
Connaught Place,28.6315,77.2167,2026-08-05 20:00:00,28.3,88,0.0,6.5,65.2,68.0,68.4,56.0,30.3,1399.0
Connaught Place,28.6315,77.2167,2026-08-05 21:00:00,28.3,88,0.0,4.1,65.7,69.2,74.3,40.0,33.5,1514.0
Connaught Place,28.6315,77.2167,2026-08-05 22:00:00,28.1,90,0.0,3.6,70.1,74.3,75.2,32.0,36.3,1571.0
Connaught Place,28.6315,77.2167,2026-08-05 23:00:00,27.4,99,0.0,4.2,74.7,79.6,72.5,29.0,37.1,1539.0
Connaught Place,28.6315,77.2167,2026-08-06 00:00:00,27.8,98,3.5,3.2,70.5,74.7,64.9,33.0,33.8,1363.0
Connaught Place,28.6315,77.2167,2026-08-06 01:00:00,27.2,97,1.2,5.5,61.2,64.5,53.7,42.0,28.3,1097.0
Connaught Place,28.6315,77.2167,2026-08-06 02:00:00,26.8,97,0.4,3.4,62.4,64.7,44.4,50.0,24.6,873.0
Connaught Place,28.6315,77.2167,2026-08-06 03:00:00,27.0,95,0.0,4.3,60.5,62.9,38.5,55.0,24.1,725.0
Connaught Place,28.6315,77.2167,2026-08-06 04:00:00,26.9,95,0.0,6.9,57.7,60.5,34.5,58.0,25.3,620.0
Connaught Place,28.6315,77.2167,2026-08-06 05:00:00,27.1,95,0.0,5.7,68.7,71.7,47.3,47.0,44.8,585.0
Connaught Place,28.6315,77.2167,2026-08-06 06:00:00,27.3,94,0.3,4.3,70.3,72.6,49.3,48.0,46.4,669.0
Connaught Place,28.6315,77.2167,2026-08-06 07:00:00,27.9,89,0.0,5.5,75.0,76.4,51.7,50.0,48.6,825.0
Connaught Place,28.6315,77.2167,2026-08-06 08:00:00,27.7,89,0.8,6.7,70.1,71.2,51.5,58.0,49.4,937.0
Connaught Place,28.6315,77.2167,2026-08-06 09:00:00,27.3,90,1.4,4.7,54.6,55.3,45.9,78.0,47.6,960.0
Connaught Place,28.6315,77.2167,2026-08-06 10:00:00,27.0,89,1.5,3.5,45.3,46.4,37.7,104.0,44.5,941.0
Connaught Place,28.6315,77.2167,2026-08-06 11:00:00,27.1,83,1.3,4.7,44.6,46.7,31.8,123.0,42.2,901.0
Connaught Place,28.6315,77.2167,2026-08-06 12:00:00,27.5,82,1.0,2.2,44.9,48.8,30.0,131.0,42.3,831.0
Connaught Place,28.6315,77.2167,2026-08-06 13:00:00,27.3,83,0.5,3.7,47.4,52.7,30.5,133.0,43.2,741.0
Connaught Place,28.6315,77.2167,2026-08-06 14:00:00,27.1,84,0.2,4.8,51.9,68.2,33.0,129.0,42.9,686.0
Connaught Place,28.6315,77.2167,2026-08-06 15:00:00,27.2,85,0.3,4.2,50.9,62.2,38.8,116.0,40.0,681.0
Connaught Place,28.6315,77.2167,2026-08-06 16:00:00,27.5,83,0.1,6.2,57.6,67.1,46.6,98.0,35.9,712.0
Connaught Place,28.6315,77.2167,2026-08-06 17:00:00,27.9,86,0.0,7.9,31.8,33.3,51.4,62.0,24.6,785.0
Connaught Place,28.6315,77.2167,2026-08-06 18:00:00,27.6,90,0.6,6.5,32.7,33.6,53.5,53.0,25.1,950.0
Connaught Place,28.6315,77.2167,2026-08-06 19:00:00,27.3,92,0.1,5.2,34.8,35.6,56.4,41.0,25.9,1159.0
Connaught Place,28.6315,77.2167,2026-08-06 20:00:00,27.0,93,0.0,5.4,37.0,38.0,57.7,32.0,26.0,1271.0
Connaught Place,28.6315,77.2167,2026-08-06 21:00:00,27.0,94,0.0,5.5,37.6,38.5,56.7,27.0,25.3,1203.0
Connaught Place,28.6315,77.2167,2026-08-06 22:00:00,27.0,94,0.0,3.9,39.1,40.0,54.1,24.0,24.1,1039.0
Connaught Place,28.6315,77.2167,2026-08-06 23:00:00,26.8,93,0.0,8.1,39.9,41.0,50.3,24.0,22.4,889.0
Connaught Place,28.6315,77.2167,2026-08-07 00:00:00,26.1,96,0.8,8.5,36.6,37.7,44.6,28.0,19.8,794.0
Connaught Place,28.6315,77.2167,2026-08-07 01:00:00,26.0,97,1.2,4.4,34.7,35.9,37.6,34.0,16.8,712.0
Connaught Place,28.6315,77.2167,2026-08-07 02:00:00,25.9,98,0.3,4.2,31.8,32.2,31.3,41.0,14.1,631.0
Connaught Place,28.6315,77.2167,2026-08-07 03:00:00,25.9,99,0.0,5.4,28.5,28.7,25.6,48.0,11.9,523.0
Connaught Place,28.6315,77.2167,2026-08-07 04:00:00,25.9,97,0.0,6.0,25.6,25.7,20.7,56.0,10.1,415.0
Connaught Place,28.6315,77.2167,2026-08-07 05:00:00,26.6,97,2.1,5.3,35.0,35.2,23.4,50.0,16.3,374.0
Connaught Place,28.6315,77.2167,2026-08-07 06:00:00,26.3,97,1.1,4.6,36.9,37.1,25.4,57.0,18.0,466.0
Connaught Place,28.6315,77.2167,2026-08-07 07:00:00,26.0,96,2.5,6.3,38.4,38.6,28.0,67.0,20.3,625.0
Connaught Place,28.6315,77.2167,2026-08-07 08:00:00,26.6,95,4.0,9.2,43.3,43.5,28.4,78.0,21.6,724.0
Connaught Place,28.6315,77.2167,2026-08-07 09:00:00,26.7,95,4.0,10.2,49.0,49.1,24.4,91.0,21.0,694.0
Connaught Place,28.6315,77.2167,2026-08-07 10:00:00,27.3,93,2.4,8.7,32.5,32.7,18.2,105.0,19.5,603.0
Connaught Place,28.6315,77.2167,2026-08-07 11:00:00,28.3,86,3.2,12.0,26.7,27.0,14.1,116.0,18.2,527.0
Connaught Place,28.6315,77.2167,2026-08-07 12:00:00,26.1,97,13.5,13.4,26.7,26.9,13.6,122.0,17.5,473.0
Connaught Place,28.6315,77.2167,2026-08-07 13:00:00,26.8,96,3.1,12.6,25.8,26.0,15.2,124.0,16.9,434.0
Connaught Place,28.6315,77.2167,2026-08-07 14:00:00,27.7,93,1.2,11.4,28.1,28.3,18.6,120.0,16.8,463.0
Connaught Place,28.6315,77.2167,2026-08-07 15:00:00,28.6,87,0.3,11.4,29.2,29.4,24.3,107.0,17.0,639.0
Connaught Place,28.6315,77.2167,2026-08-07 16:00:00,28.8,82,0.1,12.8,29.0,29.3,31.7,88.0,17.6,883.0
Connaught Place,28.6315,77.2167,2026-08-07 17:00:00,26.9,94,4.7,10.4,34.6,35.2,31.1,86.0,15.9,1018.0
Connaught Place,28.6315,77.2167,2026-08-07 18:00:00,26.8,94,0.6,9.3,35.6,36.2,32.0,80.0,15.4,928.0
Connaught Place,28.6315,77.2167,2026-08-07 19:00:00,26.5,96,1.1,6.5,36.0,36.4,33.1,73.0,14.8,728.0
Connaught Place,28.6315,77.2167,2026-08-07 20:00:00,26.4,95,0.1,9.9,34.7,35.2,33.7,66.0,14.6,584.0
Connaught Place,28.6315,77.2167,2026-08-07 21:00:00,25.7,97,2.9,11.8,35.2,35.5,33.2,62.0,15.3,581.0
Connaught Place,28.6315,77.2167,2026-08-07 22:00:00,25.7,97,7.7,9.8,36.3,36.6,32.2,59.0,16.3,634.0
Connaught Place,28.6315,77.2167,2026-08-07 23:00:00,26.0,97,6.0,6.4,37.7,38.0,30.8,57.0,17.1,660.0
Connaught Place,28.6315,77.2167,2026-08-08 00:00:00,26.1,96,2.5,6.8,38.3,38.5,28.9,56.0,17.1,616.0
Connaught Place,28.6315,77.2167,2026-08-08 01:00:00,26.0,96,0.3,10.9,39.6,39.7,26.7,55.0,16.9,545.0
Connaught Place,28.6315,77.2167,2026-08-08 02:00:00,25.3,96,0.6,8.5,41.4,41.6,25.2,54.0,16.9,486.0
Connaught Place,28.6315,77.2167,2026-08-08 03:00:00,24.9,98,8.5,7.6,41.9,42.1,25.4,49.0,17.4,437.0
Connaught Place,28.6315,77.2167,2026-08-08 04:00:00,24.7,98,6.6,6.8,43.9,44.0,26.3,43.0,18.1,400.0
Connaught Place,28.6315,77.2167,2026-08-08 05:00:00,25.7,96,0.4,8.0,44.9,45.5,23.6,50.0,20.5,423.0
Connaught Place,28.6315,77.2167,2026-08-08 06:00:00,25.7,96,5.2,9.5,47.4,48.1,23.3,58.0,21.5,576.0
Connaught Place,28.6315,77.2167,2026-08-08 07:00:00,25.8,96,1.2,8.0,47.5,48.7,22.8,70.0,22.9,787.0
Connaught Place,28.6315,77.2167,2026-08-08 08:00:00,27.3,92,0.3,6.7,44.2,45.9,21.1,87.0,23.4,893.0
Connaught Place,28.6315,77.2167,2026-08-08 09:00:00,29.4,85,0.1,7.4,39.0,41.4,16.9,113.0,22.2,784.0
Connaught Place,28.6315,77.2167,2026-08-08 10:00:00,30.9,77,0.1,12.7,35.7,38.8,11.6,143.0,20.2,568.0
Connaught Place,28.6315,77.2167,2026-08-08 11:00:00,29.9,79,0.4,15.5,37.8,41.3,8.0,165.0,18.9,409.0
Connaught Place,28.6315,77.2167,2026-08-08 12:00:00,31.1,75,0.9,10.2,36.1,38.8,7.5,172.0,19.0,366.0
Connaught Place,28.6315,77.2167,2026-08-08 13:00:00,31.1,73,0.2,11.3,43.4,45.9,8.7,171.0,19.8,380.0
Connaught Place,28.6315,77.2167,2026-08-08 14:00:00,30.6,75,1.2,5.8,39.7,41.6,10.9,168.0,20.9,430.0
Connaught Place,28.6315,77.2167,2026-08-08 15:00:00,32.2,68,0.1,6.7,37.1,38.4,12.6,167.0,22.0,507.0
Connaught Place,28.6315,77.2167,2026-08-08 16:00:00,32.2,66,0.1,7.2,36.6,37.5,15.2,163.0,23.4,621.0
Connaught Place,28.6315,77.2167,2026-08-08 17:00:00,31.2,73,0.6,8.4,36.3,49.4,21.2,145.0,20.7,784.0
Connaught Place,28.6315,77.2167,2026-08-08 18:00:00,30.4,77,0.0,7.6,42.8,49.5,33.8,118.0,23.3,1063.0
Connaught Place,28.6315,77.2167,2026-08-08 19:00:00,29.5,82,0.0,4.9,48.3,52.7,50.9,80.0,26.7,1391.0
Connaught Place,28.6315,77.2167,2026-08-08 20:00:00,29.1,85,0.0,3.2,56.5,60.8,61.0,54.0,28.7,1584.0
Connaught Place,28.6315,77.2167,2026-08-08 21:00:00,28.9,86,0.0,5.3,56.7,61.5,57.5,51.0,28.0,1537.0
Connaught Place,28.6315,77.2167,2026-08-08 22:00:00,28.6,88,0.0,3.6,49.4,56.1,47.1,59.0,25.9,1354.0
Connaught Place,28.6315,77.2167,2026-08-08 23:00:00,29.0,89,0.0,1.8,47.1,53.8,38.3,65.0,23.8,1167.0
Connaught Place,28.6315,77.2167,2026-08-09 00:00:00,28.5,88,0.1,2.9,48.4,53.3,34.1,64.0,22.1,1008.0
Connaught Place,28.6315,77.2167,2026-08-09 01:00:00,28.4,88,0.6,2.3,47.6,50.8,31.5,61.0,20.5,845.0
Connaught Place,28.6315,77.2167,2026-08-09 02:00:00,27.9,90,0.1,4.3,45.4,47.0,29.6,58.0,19.6,705.0
Connaught Place,28.6315,77.2167,2026-08-09 03:00:00,27.1,93,0.3,7.9,44.0,44.6,28.5,52.0,19.6,586.0
Connaught Place,28.6315,77.2167,2026-08-09 04:00:00,26.7,94,0.2,6.7,43.8,43.9,28.0,46.0,20.3,492.0
Connaught Place,28.6315,77.2167,2026-08-09 05:00:00,25.0,99,0.1,6.1,53.6,54.2,37.6,34.0,21.7,458.0
Connaught Place,28.6315,77.2167,2026-08-09 06:00:00,25.7,96,0.0,5.3,50.8,51.1,33.2,51.0,24.1,540.0
Connaught Place,28.6315,77.2167,2026-08-09 07:00:00,27.0,94,0.0,2.6,46.1,46.2,26.9,76.0,27.4,684.0
Connaught Place,28.6315,77.2167,2026-08-09 08:00:00,28.9,87,0.0,3.5,42.1,42.3,20.9,105.0,29.5,759.0
Connaught Place,28.6315,77.2167,2026-08-09 09:00:00,30.6,79,0.0,4.9,38.2,38.4,15.5,140.0,29.2,690.0
Connaught Place,28.6315,77.2167,2026-08-09 10:00:00,31.6,74,0.1,6.9,37.5,37.7,10.3,179.0,27.6,554.0
Connaught Place,28.6315,77.2167,2026-08-09 11:00:00,32.6,66,0.0,8.0,36.9,37.1,6.6,208.0,26.2,450.0
Connaught Place,28.6315,77.2167,2026-08-09 12:00:00,32.6,68,0.5,6.5,36.6,37.0,5.0,221.0,25.1,416.0
Connaught Place,28.6315,77.2167,2026-08-09 13:00:00,33.4,65,0.1,4.2,41.6,71.0,4.8,225.0,24.2,415.0
Connaught Place,28.6315,77.2167,2026-08-09 14:00:00,33.7,64,0.1,3.7,42.0,65.2,5.6,228.0,24.5,435.0
Connaught Place,28.6315,77.2167,2026-08-09 15:00:00,33.9,63,0.0,1.1,41.2,57.6,5.3,239.0,26.4,441.0
Connaught Place,28.6315,77.2167,2026-08-09 16:00:00,33.7,63,0.0,2.6,41.3,54.6,5.8,248.0,29.4,469.0
Connaught Place,28.6315,77.2167,2026-08-09 17:00:00,33.4,66,0.5,3.6,48.0,48.4,13.1,184.0,23.8,610.0
Connaught Place,28.6315,77.2167,2026-08-09 18:00:00,31.8,74,0.3,3.3,60.5,61.0,39.8,143.0,32.0,989.0
Connaught Place,28.6315,77.2167,2026-08-09 19:00:00,30.7,79,0.0,4.1,83.4,83.8,76.6,86.0,43.3,1481.0
Connaught Place,28.6315,77.2167,2026-08-09 20:00:00,30.4,81,0.0,4.5,107.8,108.0,103.6,41.0,51.8,1812.0
Connaught Place,28.6315,77.2167,2026-08-09 21:00:00,30.1,82,0.0,4.1,128.1,128.1,113.6,20.0,55.8,1830.0
Connaught Place,28.6315,77.2167,2026-08-09 22:00:00,29.7,82,0.0,5.0,140.6,140.6,113.8,12.0,56.9,1686.0
Connaught Place,28.6315,77.2167,2026-08-09 23:00:00,30.3,80,0.0,4.9,130.4,130.4,106.2,12.0,55.0,1558.0
Connaught Place,28.6315,77.2167,2026-08-10 00:00:00,28.5,85,0.1,1.9,100.1,100.4,86.6,23.0,48.1,1520.0
Connaught Place,28.6315,77.2167,2026-08-10 01:00:00,26.5,93,1.1,12.3,74.3,74.5,59.2,42.0,38.0,1497.0
Connaught Place,28.6315,77.2167,2026-08-10 02:00:00,26.5,94,0.2,4.3,59.1,59.3,38.2,55.0,29.9,1450.0
Connaught Place,28.6315,77.2167,2026-08-10 03:00:00,26.9,93,0.0,5.1,53.0,53.1,30.2,55.0,25.5,1354.0
Connaught Place,28.6315,77.2167,2026-08-10 04:00:00,27.2,93,0.0,4.6,50.3,50.4,28.7,50.0,23.2,1233.0
Connaught Place,28.6315,77.2167,2026-08-10 05:00:00,28.0,93,0.0,5.6,37.8,38.0,21.6,71.0,21.6,1117.0
Connaught Place,28.6315,77.2167,2026-08-10 06:00:00,27.1,94,1.0,6.0,36.0,36.2,24.4,69.0,23.2,1014.0
Connaught Place,28.6315,77.2167,2026-08-10 07:00:00,27.3,92,0.2,6.3,32.4,32.6,28.0,68.0,25.5,916.0
Connaught Place,28.6315,77.2167,2026-08-10 08:00:00,28.4,86,0.0,5.4,29.9,30.0,29.5,76.0,28.1,823.0
Connaught Place,28.6315,77.2167,2026-08-10 09:00:00,29.7,81,0.0,6.7,28.9,29.1,26.8,103.0,31.2,729.0
Connaught Place,28.6315,77.2167,2026-08-10 10:00:00,31.0,76,0.0,5.2,30.6,30.7,21.9,140.0,34.6,640.0
Connaught Place,28.6315,77.2167,2026-08-10 11:00:00,33.0,65,0.0,5.4,31.5,33.1,18.2,168.0,37.1,579.0
Connaught Place,28.6315,77.2167,2026-08-10 12:00:00,33.4,64,0.1,4.9,32.9,36.9,16.6,180.0,38.1,556.0
Connaught Place,28.6315,77.2167,2026-08-10 13:00:00,32.2,69,0.1,8.1,36.2,60.8,16.1,184.0,38.3,561.0
Connaught Place,28.6315,77.2167,2026-08-10 14:00:00,27.7,93,7.8,3.0,37.8,47.7,17.5,180.0,38.3,589.0
Connaught Place,28.6315,77.2167,2026-08-10 15:00:00,28.2,90,1.3,2.9,39.6,47.5,21.0,168.0,38.1,627.0
Connaught Place,28.6315,77.2167,2026-08-10 16:00:00,28.6,88,0.2,2.1,40.5,46.2,26.4,149.0,37.7,687.0
Connaught Place,28.6315,77.2167,2026-08-10 17:00:00,29.7,84,0.0,7.6,52.5,54.4,27.9,144.0,27.2,802.0
Connaught Place,28.6315,77.2167,2026-08-10 18:00:00,29.5,85,0.0,6.4,56.9,57.6,34.0,120.0,27.6,1052.0
Connaught Place,28.6315,77.2167,2026-08-10 19:00:00,29.0,87,0.0,6.3,58.8,59.0,42.4,88.0,28.1,1358.0
Connaught Place,28.6315,77.2167,2026-08-10 20:00:00,28.7,89,0.0,5.5,65.0,65.0,48.6,62.0,28.8,1513.0
Connaught Place,28.6315,77.2167,2026-08-10 21:00:00,28.6,90,0.0,3.6,70.8,71.0,51.0,50.0,29.9,1385.0
Connaught Place,28.6315,77.2167,2026-08-10 22:00:00,28.4,91,0.0,3.3,77.1,77.5,51.2,45.0,31.1,1106.0
Connaught Place,28.6315,77.2167,2026-08-10 23:00:00,27.8,95,0.0,6.9,77.3,77.8,49.7,43.0,31.5,864.0
Connaught Place,28.6315,77.2167,2026-08-11 00:00:00,27.6,96,0.3,9.5,77.3,77.8,45.7,43.0,30.3,728.0
Connaught Place,28.6315,77.2167,2026-08-11 01:00:00,27.6,95,0.0,8.8,76.6,77.1,40.0,46.0,28.2,630.0
Connaught Place,28.6315,77.2167,2026-08-11 02:00:00,27.4,95,0.0,9.1,74.5,75.2,34.9,49.0,26.4,555.0
Connaught Place,28.6315,77.2167,2026-08-11 03:00:00,27.2,95,0.0,8.1,71.9,72.6,31.2,49.0,25.1,494.0
Connaught Place,28.6315,77.2167,2026-08-11 04:00:00,27.0,94,0.0,7.4,65.4,65.9,28.1,49.0,24.0,455.0
Connaught Place,28.6315,77.2167,2026-08-11 05:00:00,27.0,93,0.1,7.1,51.9,52.3,24.2,57.0,24.7,448.0
Connaught Place,28.6315,77.2167,2026-08-11 06:00:00,27.1,93,0.0,7.2,47.4,47.6,26.4,57.0,25.2,493.0
Connaught Place,28.6315,77.2167,2026-08-11 07:00:00,27.8,88,0.0,8.2,50.5,50.9,29.3,58.0,26.0,570.0
Connaught Place,28.6315,77.2167,2026-08-11 08:00:00,28.8,85,0.0,6.6,44.9,45.3,30.0,70.0,27.3,623.0
Connaught Place,28.6315,77.2167,2026-08-11 09:00:00,29.5,82,0.0,5.6,40.3,40.4,26.4,101.0,29.6,625.0
Connaught Place,28.6315,77.2167,2026-08-11 10:00:00,30.4,80,0.1,4.3,37.5,37.7,20.7,143.0,32.5,604.0
Connaught Place,28.6315,77.2167,2026-08-11 11:00:00,30.5,80,0.2,1.7,38.5,38.8,16.2,174.0,34.0,591.0
Connaught Place,28.6315,77.2167,2026-08-11 12:00:00,28.4,87,4.2,8.2,39.8,40.3,13.8,187.0,33.3,597.0
Connaught Place,28.6315,77.2167,2026-08-11 13:00:00,28.0,93,3.9,5.4,39.6,39.9,12.8,189.0,31.3,611.0
Connaught Place,28.6315,77.2167,2026-08-11 14:00:00,28.6,90,1.1,3.3,38.0,38.3,14.1,184.0,29.4,634.0
Connaught Place,28.6315,77.2167,2026-08-11 15:00:00,30.0,80,0.6,5.5,36.4,36.7,18.2,171.0,27.5,613.0
Connaught Place,28.6315,77.2167,2026-08-11 16:00:00,30.5,76,0.3,4.8,37.0,37.3,24.7,151.0,25.6,600.0
Connaught Place,28.6315,77.2167,2026-08-11 17:00:00,30.5,77,0.1,4.4,45.2,45.3,35.7,121.0,26.5,754.0
Connaught Place,28.6315,77.2167,2026-08-11 18:00:00,30.2,79,0.0,2.3,47.4,47.5,48.4,99.0,29.8,1241.0
Connaught Place,28.6315,77.2167,2026-08-11 19:00:00,29.6,86,0.7,1.5,58.9,59.0,66.0,68.0,34.5,1896.0
Connaught Place,28.6315,77.2167,2026-08-11 20:00:00,29.1,88,0.1,3.1,74.7,75.0,80.5,42.0,39.1,2379.0
Connaught Place,28.6315,77.2167,2026-08-11 21:00:00,28.8,90,0.1,3.5,86.6,86.8,89.1,27.0,43.8,2558.0
Connaught Place,28.6315,77.2167,2026-08-11 22:00:00,28.3,91,0.0,3.8,102.7,102.9,94.5,16.0,48.5,2567.0
Connaught Place,28.6315,77.2167,2026-08-11 23:00:00,28.6,87,0.0,4.8,111.3,111.5,96.9,9.0,50.8,2466.0
Connaught Place,28.6315,77.2167,2026-08-12 00:00:00,28.3,89,0.0,3.0,109.0,109.2,95.8,5.0,49.2,2235.0
Connaught Place,28.6315,77.2167,2026-08-12 01:00:00,28.4,89,0.0,0.3,110.4,110.6,91.8,4.0,45.3,1894.0
Connaught Place,28.6315,77.2167,2026-08-12 02:00:00,27.9,91,0.0,2.8,116.9,117.1,86.7,5.0,41.5,1570.0
Connaught Place,28.6315,77.2167,2026-08-12 03:00:00,27.6,91,0.0,3.8,122.0,122.0,81.1,3.0,38.2,1281.0
Connaught Place,28.6315,77.2167,2026-08-12 04:00:00,27.3,93,0.0,2.8,114.6,114.6,74.4,3.0,35.0,1008.0
Connaught Place,28.6315,77.2167,2026-08-12 05:00:00,27.8,95,0.0,1.5,92.2,92.2,66.0,13.0,39.0,825.0
Connaught Place,28.6315,77.2167,2026-08-12 06:00:00,27.9,94,0.0,3.0,93.6,93.8,56.6,33.0,41.1,799.0
Connaught Place,28.6315,77.2167,2026-08-12 07:00:00,28.6,92,0.0,2.9,75.0,75.2,43.6,63.0,44.1,862.0
Connaught Place,28.6315,77.2167,2026-08-12 08:00:00,29.9,83,0.0,2.9,54.5,54.6,32.5,93.0,46.1,886.0
Connaught Place,28.6315,77.2167,2026-08-12 09:00:00,31.1,75,0.0,3.2,40.4,40.6,25.7,123.0,46.6,803.0
Connaught Place,28.6315,77.2167,2026-08-12 10:00:00,32.0,71,0.2,2.8,40.6,40.9,20.9,155.0,46.3,682.0
Connaught Place,28.6315,77.2167,2026-08-12 11:00:00,33.0,64,0.3,3.6,42.8,43.2,17.0,184.0,44.9,597.0
Connaught Place,28.6315,77.2167,2026-08-12 12:00:00,33.6,62,0.1,2.8,44.6,44.9,13.1,210.0,41.9,581.0
Connaught Place,28.6315,77.2167,2026-08-12 13:00:00,34.1,60,0.1,2.1,46.4,46.9,10.1,234.0,37.9,603.0
Connaught Place,28.6315,77.2167,2026-08-12 14:00:00,34.5,59,0.1,0.3,47.7,48.1,9.1,249.0,35.0,642.0
Connaught Place,28.6315,77.2167,2026-08-12 15:00:00,34.7,58,0.0,0.7,47.7,48.1,7.7,258.0,33.4,616.0
Connaught Place,28.6315,77.2167,2026-08-12 16:00:00,34.3,60,0.0,1.1,48.8,49.1,8.3,258.0,32.8,608.0
Connaught Place,28.6315,77.2167,2026-08-12 17:00:00,34.4,61,0.3,1.9,43.9,46.7,20.2,219.0,33.2,850.0
Connaught Place,28.6315,77.2167,2026-08-12 18:00:00,30.2,82,0.7,10.5,65.4,67.5,38.2,178.0,34.8,1685.0
Connaught Place,28.6315,77.2167,2026-08-12 19:00:00,28.7,89,0.8,8.4,82.4,85.2,62.7,120.0,36.9,2770.0
Connaught Place,28.6315,77.2167,2026-08-12 20:00:00,28.0,93,0.6,5.0,85.9,89.2,78.6,76.0,37.7,3302.0
Connaught Place,28.6315,77.2167,2026-08-12 21:00:00,28.1,94,0.0,5.5,87.3,89.4,78.0,59.0,36.2,2739.0
Connaught Place,28.6315,77.2167,2026-08-12 22:00:00,28.2,92,0.0,4.0,81.5,81.7,68.9,54.0,33.4,1622.0
Connaught Place,28.6315,77.2167,2026-08-12 23:00:00,29.6,87,0.0,5.7,77.3,77.3,60.1,52.0,30.9,777.0
Connaught Place,28.6315,77.2167,2026-08-13 00:00:00,29.1,89,0.0,3.8,66.8,66.8,54.7,48.0,29.1,563.0
Connaught Place,28.6315,77.2167,2026-08-13 01:00:00,28.8,89,0.0,3.7,61.2,61.2,49.7,46.0,27.6,621.0
Connaught Place,28.6315,77.2167,2026-08-13 02:00:00,28.5,90,0.0,5.1,55.4,55.4,44.8,45.0,26.0,695.0
Connaught Place,28.6315,77.2167,2026-08-13 03:00:00,28.2,92,0.0,5.6,47.5,47.5,39.4,45.0,23.9,704.0
Connaught Place,28.6315,77.2167,2026-08-13 04:00:00,27.9,94,0.0,3.6,41.1,41.2,34.1,46.0,21.8,729.0
Connaught Place,28.6315,77.2167,2026-08-13 05:00:00,26.9,97,0.0,5.6,51.5,51.5,44.8,27.0,23.1,762.0
Connaught Place,28.6315,77.2167,2026-08-13 06:00:00,26.7,95,0.7,9.3,50.3,50.9,40.4,47.0,22.8,818.0
Connaught Place,28.6315,77.2167,2026-08-13 07:00:00,27.9,95,0.2,5.8,47.3,48.7,34.0,76.0,22.5,882.0
Connaught Place,28.6315,77.2167,2026-08-13 08:00:00,30.1,81,0.0,3.1,44.2,47.8,27.6,108.0,23.4,894.0
Connaught Place,28.6315,77.2167,2026-08-13 09:00:00,31.7,75,0.0,4.0,46.0,73.8,21.0,147.0,26.9,809.0
Connaught Place,28.6315,77.2167,2026-08-13 10:00:00,32.6,71,0.0,2.1,44.4,53.9,14.4,188.0,31.6,672.0
Connaught Place,28.6315,77.2167,2026-08-13 11:00:00,33.3,65,0.1,1.6,42.3,48.9,9.4,219.0,34.0,560.0
Connaught Place,28.6315,77.2167,2026-08-13 12:00:00,33.8,60,0.0,5.0,41.8,46.7,6.9,232.0,31.9,496.0
Connaught Place,28.6315,77.2167,2026-08-13 13:00:00,32.8,67,0.4,8.1,39.6,42.8,6.1,234.0,27.4,458.0
Connaught Place,28.6315,77.2167,2026-08-13 14:00:00,33.2,68,0.2,3.2,37.5,39.6,6.7,228.0,23.6,455.0
Connaught Place,28.6315,77.2167,2026-08-13 15:00:00,33.6,66,0.1,5.5,37.8,74.5,5.8,217.0,20.5,474.0
Connaught Place,28.6315,77.2167,2026-08-13 16:00:00,33.7,65,0.0,4.5,41.7,110.8,6.4,198.0,18.0,528.0
Connaught Place,28.6315,77.2167,2026-08-13 17:00:00,31.3,81,0.8,7.5,37.6,47.1,17.4,167.0,20.9,667.0
Connaught Place,28.6315,77.2167,2026-08-13 18:00:00,31.1,80,0.1,0.3,46.0,52.7,33.9,132.0,23.6,945.0
Connaught Place,28.6315,77.2167,2026-08-13 19:00:00,30.6,85,0.0,3.8,54.8,61.9,56.6,84.0,27.5,1308.0
Connaught Place,28.6315,77.2167,2026-08-13 20:00:00,30.4,86,0.0,2.4,63.6,71.7,73.2,48.0,31.0,1641.0
Connaught Place,28.6315,77.2167,2026-08-13 21:00:00,30.5,85,0.0,2.4,76.8,86.6,77.9,35.0,33.7,1965.0
Connaught Place,28.6315,77.2167,2026-08-13 22:00:00,30.1,85,0.0,3.6,83.6,90.8,76.6,34.0,36.2,2259.0
Connaught Place,28.6315,77.2167,2026-08-13 23:00:00,30.4,87,0.0,2.2,74.0,78.5,73.8,34.0,38.3,2351.0
Connaught Place,28.6315,77.2167,2026-08-14 00:00:00,30.0,88,0.0,3.1,73.6,75.4,70.6,34.0,40.4,2088.0
Connaught Place,28.6315,77.2167,2026-08-14 01:00:00,29.5,89,0.0,2.9,72.6,74.0,65.9,36.0,42.1,1624.0
Connaught Place,28.6315,77.2167,2026-08-14 02:00:00,29.2,89,0.0,3.6,72.4,73.8,62.0,36.0,43.0,1242.0
Connaught Place,28.6315,77.2167,2026-08-14 03:00:00,29.0,90,0.0,3.9,71.5,73.3,60.1,31.0,42.4,1053.0
Connaught Place,28.6315,77.2167,2026-08-14 04:00:00,28.7,90,0.0,4.3,71.7,73.6,58.8,24.0,40.9,947.0
Connaught Place,28.6315,77.2167,2026-08-14 05:00:00,27.5,97,0.0,2.5,61.2,65.9,55.8,20.0,33.4,878.0
Connaught Place,28.6315,77.2167,2026-08-14 06:00:00,27.0,99,2.2,4.8,59.4,68.2,52.7,25.0,31.8,852.0
Connaught Place,28.6315,77.2167,2026-08-14 07:00:00,27.5,95,0.8,2.6,51.3,62.9,48.4,33.0,29.8,863.0
Connaught Place,28.6315,77.2167,2026-08-14 08:00:00,28.3,89,0.2,1.5,48.5,61.7,43.8,46.0,29.1,848.0
Connaught Place,28.6315,77.2167,2026-08-14 09:00:00,28.8,84,0.1,2.6,43.5,64.5,38.8,67.0,30.8,769.0
Connaught Place,28.6315,77.2167,2026-08-14 10:00:00,29.8,81,0.0,2.0,42.8,65.2,33.7,93.0,33.9,664.0
Connaught Place,28.6315,77.2167,2026-08-14 11:00:00,30.3,80,0.0,4.7,40.3,59.8,30.2,116.0,37.3,589.0
Connaught Place,28.6315,77.2167,2026-08-14 12:00:00,30.7,80,0.9,0.5,38.4,55.1,29.2,133.0,41.1,562.0
Connaught Place,28.6315,77.2167,2026-08-14 13:00:00,31.4,78,0.4,1.0,38.8,53.8,29.8,146.0,45.3,565.0
Connaught Place,28.6315,77.2167,2026-08-14 14:00:00,28.8,85,4.1,5.3,39.5,53.0,31.6,153.0,48.9,600.0
Connaught Place,28.6315,77.2167,2026-08-14 15:00:00,28.3,91,4.6,1.5,39.2,50.6,33.5,155.0,51.4,670.0
Connaught Place,28.6315,77.2167,2026-08-14 16:00:00,28.7,88,0.8,1.4,37.8,46.1,36.6,151.0,53.3,772.0
Connaught Place,28.6315,77.2167,2026-08-14 17:00:00,30.3,78,0.3,4.0,46.2,60.3,34.6,135.0,43.1,900.0
Connaught Place,28.6315,77.2167,2026-08-14 18:00:00,29.7,82,0.0,3.4,50.2,61.0,51.2,105.0,46.3,1087.0
Connaught Place,28.6315,77.2167,2026-08-14 19:00:00,29.0,87,0.0,4.0,66.4,75.0,74.0,63.0,50.7,1299.0
Connaught Place,28.6315,77.2167,2026-08-14 20:00:00,28.6,88,0.0,6.0,79.2,87.1,90.9,31.0,54.4,1435.0
Connaught Place,28.6315,77.2167,2026-08-14 21:00:00,28.3,89,0.0,3.3,89.4,96.9,96.0,18.0,56.9,1434.0
Connaught Place,28.6315,77.2167,2026-08-14 22:00:00,28.0,91,0.0,3.2,91.7,97.8,95.2,14.0,58.6,1355.0
Connaught Place,28.6315,77.2167,2026-08-14 23:00:00,28.2,88,0.0,3.5,93.6,98.7,93.6,11.0,59.2,1275.0
Connaught Place,28.6315,77.2167,2026-08-15 00:00:00,28.0,90,0.0,1.7,95.2,99.9,92.7,8.0,58.0,1224.0
Connaught Place,28.6315,77.2167,2026-08-15 01:00:00,27.7,92,0.0,1.5,93.6,97.8,91.0,6.0,55.7,1172.0
Connaught Place,28.6315,77.2167,2026-08-15 02:00:00,27.5,93,0.0,2.0,94.1,97.6,88.8,4.0,53.3,1101.0
Connaught Place,28.6315,77.2167,2026-08-15 03:00:00,27.4,94,0.0,2.9,94.5,98.0,86.7,0.0,50.6,971.0
Connaught Place,28.6315,77.2167,2026-08-15 04:00:00,27.3,94,0.0,1.0,95.7,99.0,84.2,0.0,47.9,822.0
Connaught Place,28.6315,77.2167,2026-08-15 05:00:00,26.5,98,0.0,6.1,97.1,106.9,59.1,26.0,51.3,762.0
Connaught Place,28.6315,77.2167,2026-08-15 06:00:00,26.5,96,3.3,1.3,93.4,102.7,51.6,42.0,46.9,890.0
Connaught Place,28.6315,77.2167,2026-08-15 07:00:00,26.7,97,1.9,3.1,85.2,96.4,40.9,66.0,40.8,1108.0
Connaught Place,28.6315,77.2167,2026-08-15 08:00:00,27.2,96,1.4,3.3,65.0,77.8,31.3,95.0,35.7,1222.0
Connaught Place,28.6315,77.2167,2026-08-15 09:00:00,27.9,93,0.6,3.4,52.6,65.7,23.8,132.0,32.9,1127.0
Connaught Place,28.6315,77.2167,2026-08-15 10:00:00,29.3,86,0.1,0.9,51.0,63.3,17.2,173.0,31.1,929.0
Connaught Place,28.6315,77.2167,2026-08-15 11:00:00,32.2,74,0.0,4.2,49.5,60.8,12.3,204.0,29.2,757.0
Connaught Place,28.6315,77.2167,2026-08-15 12:00:00,31.4,78,1.4,7.8,48.8,59.0,9.3,218.0,26.6,652.0
Connaught Place,28.6315,77.2167,2026-08-15 13:00:00,31.2,81,2.3,5.8,48.4,57.7,7.9,222.0,23.9,574.0
Connaught Place,28.6315,77.2167,2026-08-15 14:00:00,32.6,70,0.2,4.9,44.9,53.0,8.4,219.0,22.4,526.0
Connaught Place,28.6315,77.2167,2026-08-15 15:00:00,32.6,67,0.6,7.5,42.7,49.5,10.4,211.0,22.7,491.0
Connaught Place,28.6315,77.2167,2026-08-15 16:00:00,32.5,67,0.0,6.1,41.0,47.5,14.3,196.0,24.1,486.0
Connaught Place,28.6315,77.2167,2026-08-15 17:00:00,31.8,74,0.0,7.0,43.8,71.2,18.5,156.0,22.3,570.0
Connaught Place,28.6315,77.2167,2026-08-15 18:00:00,31.4,78,0.0,4.3,56.5,83.8,39.6,120.0,26.1,838.0
Connaught Place,28.6315,77.2167,2026-08-15 19:00:00,30.6,84,0.0,4.6,72.9,106.4,68.7,71.0,31.5,1195.0
Connaught Place,28.6315,77.2167,2026-08-15 20:00:00,30.2,86,0.0,4.4,83.1,120.6,91.7,32.0,36.2,1414.0
Connaught Place,28.6315,77.2167,2026-08-15 21:00:00,29.9,87,0.0,4.0,90.6,133.6,103.2,13.0,40.0,1380.0
Connaught Place,28.6315,77.2167,2026-08-15 22:00:00,29.5,88,0.0,3.6,103.6,152.3,108.6,5.0,43.1,1207.0
Connaught Place,28.6315,77.2167,2026-08-15 23:00:00,29.2,85,0.0,8.2,110.6,162.5,108.9,1.0,43.9,1015.0
Connaught Place,28.6315,77.2167,2026-08-16 00:00:00,29.0,87,0.0,7.3,104.3,157.4,103.0,0.0,40.9,807.0
Connaught Place,28.6315,77.2167,2026-08-16 01:00:00,28.7,89,0.1,5.6,94.1,154.6,92.1,4.0,35.7,580.0
Connaught Place,28.6315,77.2167,2026-08-16 02:00:00,27.1,90,0.5,10.9,92.7,157.4,81.3,8.0,31.5,442.0
Connaught Place,28.6315,77.2167,2026-08-16 03:00:00,25.7,96,3.3,4.8,91.5,144.4,72.1,12.0,29.5,472.0
Connaught Place,28.6315,77.2167,2026-08-16 04:00:00,26.4,94,0.3,7.1,77.3,113.6,63.1,17.0,28.5,591.0
Connaught Place,28.6315,77.2167,2026-08-16 05:00:00,28.1,85,0.0,9.9,65.4,269.2,17.6,48.0,9.4,675.0
Connaught Place,28.6315,77.2167,2026-08-16 06:00:00,27.8,84,0.2,8.2,74.5,301.7,17.4,50.0,10.2,675.0
Connaught Place,28.6315,77.2167,2026-08-16 07:00:00,28.4,82,0.2,9.2,82.4,312.0,16.9,53.0,11.3,639.0
Connaught Place,28.6315,77.2167,2026-08-16 08:00:00,29.5,78,0.0,8.0,87.3,354.8,15.5,62.0,12.3,585.0
Connaught Place,28.6315,77.2167,2026-08-16 09:00:00,30.7,74,0.0,7.3,96.2,476.8,12.4,82.0,13.1,506.0
Connaught Place,28.6315,77.2167,2026-08-16 10:00:00,32.2,68,0.0,7.0,92.9,470.3,8.4,109.0,13.8,410.0
Connaught Place,28.6315,77.2167,2026-08-16 11:00:00,32.8,66,0.0,7.8,75.7,299.9,5.4,130.0,14.2,339.0
Connaught Place,28.6315,77.2167,2026-08-16 12:00:00,33.4,65,0.1,7.4,68.7,245.9,3.9,142.0,14.1,309.0
Connaught Place,28.6315,77.2167,2026-08-16 13:00:00,33.6,64,0.1,6.2,66.1,244.9,3.5,149.0,13.7,305.0
Connaught Place,28.6315,77.2167,2026-08-16 14:00:00,33.7,63,0.0,7.6,68.2,264.5,4.3,151.0,13.8,317.0
Connaught Place,28.6315,77.2167,2026-08-16 15:00:00,33.6,64,0.1,8.8,68.5,274.7,6.1,150.0,14.2,337.0
Connaught Place,28.6315,77.2167,2026-08-16 16:00:00,33.4,64,0.1,9.4,66.6,256.1,9.1,144.0,15.1,374.0
Connaught Place,28.6315,77.2167,2026-08-16 17:00:00,31.5,75,0.2,4.2,91.3,440.5,16.1,101.0,13.0,447.0
Connaught Place,28.6315,77.2167,2026-08-16 18:00:00,31.0,78,0.0,2.0,95.2,359.5,28.3,80.0,16.5,600.0
Connaught Place,28.6315,77.2167,2026-08-16 19:00:00,30.3,81,0.0,4.2,106.4,370.7,44.9,52.0,21.3,788.0
Connaught Place,28.6315,77.2167,2026-08-16 20:00:00,29.8,83,0.1,4.5,105.7,333.4,55.4,33.0,24.5,895.0
Connaught Place,28.6315,77.2167,2026-08-16 21:00:00,29.5,86,0.0,5.4,92.0,252.4,53.8,33.0,24.5,845.0
Connaught Place,28.6315,77.2167,2026-08-16 22:00:00,29.2,88,0.0,5.4,82.4,198.4,46.2,42.0,22.9,715.0
Connaught Place,28.6315,77.2167,2026-08-16 23:00:00,29.6,84,0.0,5.6,71.9,191.9,40.2,48.0,22.1,616.0
Connaught Place,28.6315,77.2167,2026-08-17 00:00:00,28.9,85,0.0,4.3,70.1,172.3,38.6,45.0,23.0,609.0
Connaught Place,28.6315,77.2167,2026-08-17 01:00:00,28.2,89,0.3,5.4,70.3,149.9,38.7,39.0,24.6,634.0
Connaught Place,28.6315,77.2167,2026-08-17 02:00:00,28.0,88,0.0,6.3,68.7,144.4,39.7,33.0,26.4,623.0
Connaught Place,28.6315,77.2167,2026-08-17 03:00:00,28.0,86,0.0,7.2,73.3,156.9,42.8,25.0,28.7,517.0
Connaught Place,28.6315,77.2167,2026-08-17 04:00:00,27.7,85,0.0,8.0,75.2,158.3,46.9,18.0,31.1,375.0
Connaught Place,28.6315,77.2167,2026-08-17 05:00:00,28.6,79,0.0,9.2,64.3,173.7,31.9,23.0,15.7,307.0
Connaught Place,28.6315,77.2167,2026-08-17 06:00:00,28.2,80,0.0,9.1,58.8,187.2,27.5,32.0,14.7,403.0
Connaught Place,28.6315,77.2167,2026-08-17 07:00:00,28.8,78,0.0,9.6,53.4,172.8,21.4,45.0,13.3,572.0
Connaught Place,28.6315,77.2167,2026-08-17 08:00:00,29.5,76,0.1,9.0,47.6,165.3,16.0,60.0,12.3,655.0
Connaught Place,28.6315,77.2167,2026-08-17 09:00:00,30.4,74,0.0,7.8,42.7,143.9,12.0,80.0,12.1,550.0
Connaught Place,28.6315,77.2167,2026-08-17 10:00:00,31.5,71,0.0,8.1,56.7,277.5,8.7,102.0,12.2,357.0
Connaught Place,28.6315,77.2167,2026-08-17 11:00:00,32.7,65,0.0,9.6,71.7,402.3,6.3,120.0,12.4,219.0
Connaught Place,28.6315,77.2167,2026-08-17 12:00:00,33.1,64,0.0,8.8,74.3,405.1,4.8,133.0,12.4,188.0
Connaught Place,28.6315,77.2167,2026-08-17 13:00:00,30.4,74,0.1,8.9,65.0,292.4,4.2,141.0,12.4,212.0
Connaught Place,28.6315,77.2167,2026-08-17 14:00:00,31.4,71,0.1,7.2,66.6,299.9,5.0,144.0,12.7,274.0
Connaught Place,28.6315,77.2167,2026-08-17 15:00:00,32.3,70,0.1,7.0,67.5,299.9,6.3,140.0,13.1,357.0
Connaught Place,28.6315,77.2167,2026-08-17 16:00:00,31.3,75,0.3,9.0,67.1,288.7,9.0,131.0,13.8,479.0
Connaught Place,28.6315,77.2167,2026-08-17 17:00:00,28.4,86,0.4,7.1,58.4,201.2,16.6,114.0,15.6,678.0
Connaught Place,28.6315,77.2167,2026-08-17 18:00:00,28.9,87,0.9,2.3,63.1,188.1,33.8,85.0,19.4,1074.0
Connaught Place,28.6315,77.2167,2026-08-17 19:00:00,28.1,90,0.9,2.4,74.3,170.0,55.8,49.0,24.3,1548.0
Connaught Place,28.6315,77.2167,2026-08-17 20:00:00,26.9,90,0.0,6.9,77.1,154.1,71.7,23.0,28.2,1775.0
Connaught Place,28.6315,77.2167,2026-08-17 21:00:00,24.7,99,0.0,6.5,73.3,140.6,76.5,13.0,30.6,1537.0
Connaught Place,28.6315,77.2167,2026-08-17 22:00:00,25.2,98,0.0,4.1,76.6,135.5,75.2,13.0,32.0,1052.0
Connaught Place,28.6315,77.2167,2026-08-17 23:00:00,25.0,99,0.0,2.1,68.9,112.5,71.2,15.0,32.1,654.0
Connaught Place,28.6315,77.2167,2026-08-18 00:00:00,25.1,97,0.0,7.7,56.1,94.5,64.2,20.0,29.9,469.0
Connaught Place,28.6315,77.2167,2026-08-18 01:00:00,24.8,98,0.1,8.1,49.5,81.3,54.5,28.0,26.3,370.0
Connaught Place,28.6315,77.2167,2026-08-18 02:00:00,25.1,97,0.3,5.0,44.4,67.8,46.5,34.0,23.9,315.0
Connaught Place,28.6315,77.2167,2026-08-18 03:00:00,24.9,99,0.1,3.5,32.2,46.3,42.0,35.0,24.0,294.0
Connaught Place,28.6315,77.2167,2026-08-18 04:00:00,25.0,97,0.3,3.2,27.4,38.0,39.2,33.0,25.4,316.0
Connaught Place,28.6315,77.2167,2026-08-18 05:00:00,25.0,98,0.8,4.5,28.3,36.8,36.8,35.0,26.7,364.0
Connaught Place,28.6315,77.2167,2026-08-18 06:00:00,25.1,98,1.0,2.3,30.6,38.1,35.0,39.0,27.9,463.0
Connaught Place,28.6315,77.2167,2026-08-18 07:00:00,25.9,97,0.1,1.0,33.9,43.1,33.6,46.0,29.1,587.0
Connaught Place,28.6315,77.2167,2026-08-18 08:00:00,27.0,92,0.0,3.0,35.5,63.6,30.5,62.0,29.0,641.0
Connaught Place,28.6315,77.2167,2026-08-18 09:00:00,28.7,84,0.0,3.1,40.9,104.1,23.6,95.0,26.4,554.0
Connaught Place,28.6315,77.2167,2026-08-18 10:00:00,30.2,75,0.1,5.0,51.8,165.3,15.0,136.0,22.5,395.0
Connaught Place,28.6315,77.2167,2026-08-18 11:00:00,31.3,68,0.1,4.4,59.8,197.4,8.6,168.0,19.5,280.0
Connaught Place,28.6315,77.2167,2026-08-18 12:00:00,32.0,65,0.1,4.0,63.6,210.0,5.9,184.0,18.3,246.0
Connaught Place,28.6315,77.2167,2026-08-18 13:00:00,32.5,64,0.4,3.5,64.3,209.5,5.4,191.0,17.9,255.0
Connaught Place,28.6315,77.2167,2026-08-18 14:00:00,32.9,64,0.2,2.7,64.5,207.2,6.6,189.0,17.8,304.0
Connaught Place,28.6315,77.2167,2026-08-18 15:00:00,32.8,65,0.1,3.6,63.6,205.4,9.4,178.0,17.5,408.0
Connaught Place,28.6315,77.2167,2026-08-18 16:00:00,32.6,67,0.4,5.0,62.6,205.8,13.8,158.0,17.4,553.0
Connaught Place,28.6315,77.2167,2026-08-18 17:00:00,31.5,71,0.3,0.7,58.8,177.4,19.3,137.0,17.9,693.0
Connaught Place,28.6315,77.2167,2026-08-18 18:00:00,27.0,92,0.0,5.5,65.0,153.2,26.2,116.0,19.2,841.0
Connaught Place,28.6315,77.2167,2026-08-18 19:00:00,27.1,95,0.0,4.3,65.9,129.5,34.2,93.0,21.2,985.0
Connaught Place,28.6315,77.2167,2026-08-18 20:00:00,27.1,96,0.0,3.9,58.4,117.8,41.4,73.0,23.6,1035.0
Connaught Place,28.6315,77.2167,2026-08-18 21:00:00,27.1,94,0.0,4.6,65.2,117.8,48.1,57.0,26.9,913.0
Connaught Place,28.6315,77.2167,2026-08-18 22:00:00,26.9,96,0.6,5.7,69.4,114.3,54.1,44.0,30.7,698.0
Connaught Place,28.6315,77.2167,2026-08-18 23:00:00,26.8,95,0.3,6.4,70.5,109.4,57.1,36.0,33.1,543.0
Connaught Place,28.6315,77.2167,2026-08-19 00:00:00,26.7,95,0.0,3.5,64.7,110.1,54.7,35.0,33.0,527.0
Connaught Place,28.6315,77.2167,2026-08-19 01:00:00,26.5,95,0.0,3.7,64.3,105.9,49.1,38.0,31.6,570.0
Connaught Place,28.6315,77.2167,2026-08-19 02:00:00,26.3,96,0.0,2.2,67.3,104.3,45.3,40.0,30.8,584.0
Connaught Place,28.6315,77.2167,2026-08-19 03:00:00,26.2,96,0.0,4.2,71.7,107.8,45.9,34.0,31.6,509.0
Connaught Place,28.6315,77.2167,2026-08-19 04:00:00,26.2,97,0.0,5.6,72.2,112.9,48.1,27.0,33.0,405.0
Connaught Place,28.6315,77.2167,2026-08-19 05:00:00,26.2,97,0.0,5.7,73.6,107.6,48.4,26.0,34.2,364.0
Connaught Place,28.6315,77.2167,2026-08-19 06:00:00,26.3,97,0.0,7.0,76.1,109.7,45.5,35.0,35.5,456.0
Connaught Place,28.6315,77.2167,2026-08-19 07:00:00,27.1,93,0.0,5.5,72.6,115.9,40.8,51.0,36.6,610.0
Connaught Place,28.6315,77.2167,2026-08-19 08:00:00,28.3,86,0.0,4.8,69.2,138.3,34.7,73.0,36.0,705.0
Connaught Place,28.6315,77.2167,2026-08-19 09:00:00,29.8,78,0.0,4.7,67.1,182.5,26.3,107.0,32.0,673.0
Connaught Place,28.6315,77.2167,2026-08-19 10:00:00,31.0,72,0.0,4.5,68.2,213.3,16.5,147.0,26.3,581.0
Connaught Place,28.6315,77.2167,2026-08-19 11:00:00,31.9,70,0.0,2.5,67.3,195.6,9.2,179.0,21.9,509.0
Connaught Place,28.6315,77.2167,2026-08-19 12:00:00,32.3,69,0.2,2.7,60.3,145.3,5.8,198.0,20.4,471.0
Connaught Place,28.6315,77.2167,2026-08-19 13:00:00,32.7,68,0.1,3.7,57.5,133.6,4.8,209.0,20.3,453.0
Connaught Place,28.6315,77.2167,2026-08-19 14:00:00,33.1,67,0.1,3.0,56.7,134.6,5.9,210.0,20.4,492.0
Connaught Place,28.6315,77.2167,2026-08-19 15:00:00,33.2,68,0.0,5.2,58.7,151.8,9.4,196.0,20.2,603.0
Connaught Place,28.6315,77.2167,2026-08-19 16:00:00,32.4,70,0.9,7.1,56.8,141.1,15.0,172.0,20.3,772.0
Connaught Place,28.6315,77.2167,2026-08-19 17:00:00,29.0,87,0.2,5.0,53.7,116.6,21.3,147.0,20.4,987.0
Connaught Place,28.6315,77.2167,2026-08-19 18:00:00,27.8,94,0.0,2.3,55.4,96.4,28.6,122.0,20.3,1323.0
Connaught Place,28.6315,77.2167,2026-08-19 19:00:00,27.7,95,0.4,2.4,51.1,76.6,36.7,96.0,20.4,1706.0
Connaught Place,28.6315,77.2167,2026-08-19 20:00:00,27.5,96,4.4,4.1,51.3,69.6,43.3,75.0,21.5,1904.0
Connaught Place,28.6315,77.2167,2026-08-19 21:00:00,27.3,96,1.0,7.4,57.5,71.9,47.9,63.0,24.6,1764.0
Connaught Place,28.6315,77.2167,2026-08-19 22:00:00,27.2,95,0.3,5.5,65.9,78.2,51.0,56.0,28.7,1438.0
Connaught Place,28.6315,77.2167,2026-08-19 23:00:00,27.1,95,0.0,3.1,71.2,84.3,51.9,52.0,31.9,1159.0
Connaught Place,28.6315,77.2167,2026-08-20 00:00:00,27.1,95,0.0,0.8,74.5,89.4,49.4,51.0,33.4,1008.0
Connaught Place,28.6315,77.2167,2026-08-20 01:00:00,26.9,96,0.0,0.9,73.6,89.2,44.8,53.0,34.1,903.0
Connaught Place,28.6315,77.2167,2026-08-20 02:00:00,26.8,97,0.0,0.4,72.4,86.6,40.7,54.0,34.3,826.0
Connaught Place,28.6315,77.2167,2026-08-20 03:00:00,26.7,96,0.3,7.2,69.4,82.7,38.4,52.0,34.4,775.0
Connaught Place,28.6315,77.2167,2026-08-20 04:00:00,26.0,97,2.0,5.6,65.2,79.4,36.7,50.0,34.2,751.0
Connaught Place,28.6315,77.2167,2026-08-20 05:00:00,25.7,97,0.4,1.9,56.3,68.9,35.0,51.0,33.2,709.5
Connaught Place,28.6315,77.2167,2026-08-20 06:00:00,25.9,95,0.3,2.3,45.4,56.3,33.5,55.0,30.9,651.0
Connaught Place,28.6315,77.2167,2026-08-20 07:00:00,25.3,99,2.9,4.4,47.1,64.7,32.0,63.0,27.8,575.8
Connaught Place,28.6315,77.2167,2026-08-20 08:00:00,26.1,96,0.4,4.0,35.7,60.8,29.4,76.0,25.7,479.0
Connaught Place,28.6315,77.2167,2026-08-20 09:00:00,27.7,87,0.2,1.7,34.3,65.0,24.6,97.0,25.3,435.0
Connaught Place,28.6315,77.2167,2026-08-20 10:00:00,29.4,78,0.0,1.7,33.4,67.1,18.6,124.0,25.8,390.0
Connaught Place,28.6315,77.2167,2026-08-20 11:00:00,30.3,74,0.0,1.8,32.5,61.9,13.9,149.0,26.3,360.0
Connaught Place,28.6315,77.2167,2026-08-20 12:00:00,31.2,71,0.1,0.7,33.8,59.8,10.9,174.0,26.3,349.0
Connaught Place,28.6315,77.2167,2026-08-20 13:00:00,31.2,72,0.1,1.5,35.7,59.8,9.1,197.0,26.4,352.0
Connaught Place,28.6315,77.2167,2026-08-20 14:00:00,31.8,69,0.0,1.3,37.4,59.6,9.2,212.0,26.8,365.0
Connaught Place,28.6315,77.2167,2026-08-20 15:00:00,32.1,69,0.0,0.9,39.2,59.8,12.0,216.0,28.1,388.0
Connaught Place,28.6315,77.2167,2026-08-20 16:00:00,31.5,70,0.0,1.5,40.6,59.6,16.6,210.0,29.8,421.0
Connaught Place,28.6315,77.2167,2026-08-20 17:00:00,29.6,82,0.8,6.1,42.3,58.7,21.9,196.0,31.0,467.0
Connaught Place,28.6315,77.2167,2026-08-20 18:00:00,27.1,95,1.4,7.3,43.0,51.8,27.6,167.0,30.5,532.0
Connaught Place,28.6315,77.2167,2026-08-20 19:00:00,27.3,94,1.6,1.3,39.7,44.6,33.9,129.0,29.5,610.0
Connaught Place,28.6315,77.2167,2026-08-20 20:00:00,27.2,95,0.2,2.3,45.2,48.9,39.7,97.0,30.1,684.0
Connaught Place,28.6315,77.2167,2026-08-20 21:00:00,27.1,96,0.0,0.0,50.5,53.8,45.4,79.0,34.2,757.0
Connaught Place,28.6315,77.2167,2026-08-20 22:00:00,27.1,97,0.0,1.5,58.4,61.2,50.6,68.0,39.9,826.0
Connaught Place,28.6315,77.2167,2026-08-20 23:00:00,27.2,97,0.0,2.1,66.6,69.4,53.7,59.0,44.0,872.0
Connaught Place,28.6315,77.2167,2026-08-21 00:00:00,27.1,97,0.0,2.2,70.1,72.9,53.0,52.0,44.5,876.0
Connaught Place,28.6315,77.2167,2026-08-21 01:00:00,26.9,97,0.0,2.3,69.8,72.9,50.2,48.0,43.4,855.0
Connaught Place,28.6315,77.2167,2026-08-21 02:00:00,26.8,97,0.0,2.4,73.3,76.4,48.3,44.0,42.8,843.0
Connaught Place,28.6315,77.2167,2026-08-21 03:00:00,26.7,97,0.1,1.4,66.1,69.2,49.8,36.0,44.4,866.0
Connaught Place,28.6315,77.2167,2026-08-21 04:00:00,26.6,96,0.1,0.3,75.2,78.9,52.3,28.0,46.7,898.0
Connaught Place,28.6315,77.2167,2026-08-21 05:00:00,26.6,95,0.1,0.3,80.3,84.8,51.9,29.0,46.9,890.0
Connaught Place,28.6315,77.2167,2026-08-21 06:00:00,26.3,96,1.1,2.7,79.9,84.5,46.0,44.0,43.3,806.0
Connaught Place,28.6315,77.2167,2026-08-21 07:00:00,26.0,97,1.1,6.3,60.8,68.2,37.1,67.0,37.7,682.0
Connaught Place,28.6315,77.2167,2026-08-21 08:00:00,26.3,95,1.1,8.3,41.0,51.3,28.9,93.0,33.1,576.0
Connaught Place,28.6315,77.2167,2026-08-21 09:00:00,27.5,88,0.1,6.5,36.0,47.5,22.4,118.0,30.1,507.0
Connaught Place,28.6315,77.2167,2026-08-21 10:00:00,29.3,79,0.1,3.1,31.7,44.0,16.5,145.0,28.1,455.0
Connaught Place,28.6315,77.2167,2026-08-21 11:00:00,30.8,73,0.1,1.2,31.1,43.3,12.1,175.0,27.7,425.0
Connaught Place,28.6315,77.2167,2026-08-21 12:00:00,31.8,70,0.0,1.1,35.4,46.8,9.4,214.0,30.2,424.0
Connaught Place,28.6315,77.2167,2026-08-21 13:00:00,32.5,68,0.0,1.2,42.5,53.0,8.2,255.0,34.4,444.0
Connaught Place,28.6315,77.2167,2026-08-21 14:00:00,32.5,69,0.0,1.4,48.2,57.9,8.3,284.0,37.6,464.0
Connaught Place,28.6315,77.2167,2026-08-21 15:00:00,31.2,74,0.0,2.4,52.4,61.9,8.8,296.0,38.6,458.0
Connaught Place,28.6315,77.2167,2026-08-21 16:00:00,29.2,82,0.0,4.7,51.9,61.5,10.6,296.0,38.5,452.0
Connaught Place,28.6315,77.2167,2026-08-21 17:00:00,27.7,89,0.0,5.8,51.6,61.0,16.8,276.0,38.5,501.0
Connaught Place,28.6315,77.2167,2026-08-21 18:00:00,27.1,93,2.0,4.9,56.8,64.3,31.4,225.0,38.9,659.0
Connaught Place,28.6315,77.2167,2026-08-21 19:00:00,27.0,95,2.0,4.0,72.6,78.0,50.3,155.0,39.3,872.0
Connaught Place,28.6315,77.2167,2026-08-21 20:00:00,27.0,96,2.0,4.2,69.8,74.0,64.2,99.0,39.2,1030.0
Connaught Place,28.6315,77.2167,2026-08-21 21:00:00,26.9,96,0.0,3.8,74.0,78.5,68.4,73.0,38.3,1080.0
Connaught Place,28.6315,77.2167,2026-08-21 22:00:00,26.9,96,0.0,2.8,76.4,80.8,67.7,61.0,37.0,1077.0
Connaught Place,28.6315,77.2167,2026-08-21 23:00:00,26.9,96,0.0,1.5,79.2,83.6,67.1,51.0,35.6,1069.0
Rohini,28.7041,77.1025,2026-07-18 00:00:00,31.5,69,0.0,7.6,197.9,722.7,84.2,0.0,33.1,614.0
Rohini,28.7041,77.1025,2026-07-18 01:00:00,31.1,64,0.0,6.2,191.4,646.3,81.2,0.0,32.9,499.0
Rohini,28.7041,77.1025,2026-07-18 02:00:00,30.7,64,0.0,5.0,176.0,538.3,76.6,1.0,31.9,403.0
Rohini,28.7041,77.1025,2026-07-18 03:00:00,30.7,63,0.0,6.7,155.1,434.0,70.9,3.0,30.0,335.0
Rohini,28.7041,77.1025,2026-07-18 04:00:00,30.6,63,0.0,8.8,131.3,349.2,63.6,7.0,27.2,287.0
Rohini,28.7041,77.1025,2026-07-18 05:00:00,30.9,65,0.0,11.2,141.6,372.5,70.4,4.0,35.5,266.0
Rohini,28.7041,77.1025,2026-07-18 06:00:00,31.1,58,0.0,12.3,112.0,290.6,58.9,20.0,30.0,294.0
Rohini,28.7041,77.1025,2026-07-18 07:00:00,31.7,57,0.0,12.0,98.3,282.2,42.8,43.0,22.4,350.0
Rohini,28.7041,77.1025,2026-07-18 08:00:00,32.6,58,0.0,10.7,92.2,335.3,28.7,66.0,16.3,376.0
Rohini,28.7041,77.1025,2026-07-18 09:00:00,32.9,59,0.0,9.9,98.0,459.1,18.8,89.0,13.2,337.0
Rohini,28.7041,77.1025,2026-07-18 10:00:00,33.9,56,0.0,11.1,120.1,661.2,11.0,112.0,11.7,268.0
Rohini,28.7041,77.1025,2026-07-18 11:00:00,35.0,52,0.0,14.6,156.5,938.8,5.6,129.0,10.7,215.0
Rohini,28.7041,77.1025,2026-07-18 12:00:00,35.5,49,0.0,13.9,186.3,1158.6,3.2,136.0,10.2,196.0
Rohini,28.7041,77.1025,2026-07-18 13:00:00,36.0,47,0.0,11.9,200.7,1251.7,3.2,137.0,10.2,194.0
Rohini,28.7041,77.1025,2026-07-18 14:00:00,36.1,46,0.0,9.8,206.3,1292.7,4.6,134.0,10.3,200.0
Rohini,28.7041,77.1025,2026-07-18 15:00:00,36.6,43,0.0,9.0,206.3,1277.8,6.7,130.0,10.1,202.0
Rohini,28.7041,77.1025,2026-07-18 16:00:00,36.1,45,0.0,8.2,204.9,1214.4,10.2,122.0,10.0,212.0
Rohini,28.7041,77.1025,2026-07-18 17:00:00,36.1,45,0.0,7.0,147.6,789.8,22.4,83.0,17.2,261.0
Rohini,28.7041,77.1025,2026-07-18 18:00:00,35.3,50,0.0,6.4,148.5,672.4,39.8,62.0,20.9,389.0
Rohini,28.7041,77.1025,2026-07-18 19:00:00,34.3,49,0.0,7.7,157.9,648.2,63.8,32.0,26.1,556.0
Rohini,28.7041,77.1025,2026-07-18 20:00:00,33.6,54,0.0,4.7,170.9,694.8,81.2,10.0,30.4,666.0
Rohini,28.7041,77.1025,2026-07-18 21:00:00,33.5,58,0.0,2.3,169.0,579.3,86.0,2.0,33.0,675.0
Rohini,28.7041,77.1025,2026-07-18 22:00:00,33.2,60,0.0,2.1,152.7,510.4,84.3,2.0,34.7,628.0
Rohini,28.7041,77.1025,2026-07-18 23:00:00,33.5,61,0.0,2.6,139.2,437.7,80.6,4.0,35.1,561.0
Rohini,28.7041,77.1025,2026-07-19 00:00:00,32.8,62,0.0,2.5,126.7,376.3,75.9,6.0,33.7,471.0
Rohini,28.7041,77.1025,2026-07-19 01:00:00,32.5,63,0.0,2.2,116.2,323.2,69.3,10.0,31.0,361.0
Rohini,28.7041,77.1025,2026-07-19 02:00:00,31.7,67,0.0,4.2,106.6,275.7,62.9,14.0,28.4,283.0
Rohini,28.7041,77.1025,2026-07-19 03:00:00,31.3,70,0.0,3.1,99.0,252.4,57.6,15.0,26.1,259.0
Rohini,28.7041,77.1025,2026-07-19 04:00:00,30.8,70,0.0,3.9,94.8,252.4,52.5,16.0,23.9,265.0
Rohini,28.7041,77.1025,2026-07-19 05:00:00,30.7,73,0.0,6.1,110.8,209.1,71.9,3.0,33.6,285.0
Rohini,28.7041,77.1025,2026-07-19 06:00:00,31.1,72,0.0,7.0,105.7,181.1,65.1,18.0,33.8,328.0
Rohini,28.7041,77.1025,2026-07-19 07:00:00,31.7,69,0.0,7.5,100.4,161.6,55.3,39.0,33.8,384.0
Rohini,28.7041,77.1025,2026-07-19 08:00:00,32.3,62,0.0,7.7,81.5,146.2,44.5,64.0,32.2,403.0
Rohini,28.7041,77.1025,2026-07-19 09:00:00,33.0,58,0.0,6.5,70.5,176.5,31.9,96.0,27.7,348.0
Rohini,28.7041,77.1025,2026-07-19 10:00:00,34.3,54,0.0,8.6,75.7,285.9,18.4,131.0,21.6,256.0
Rohini,28.7041,77.1025,2026-07-19 11:00:00,35.5,49,0.0,11.3,90.1,429.3,8.4,155.0,16.7,187.0
Rohini,28.7041,77.1025,2026-07-19 12:00:00,36.0,48,0.1,10.7,97.6,499.2,4.1,160.0,13.9,167.0
Rohini,28.7041,77.1025,2026-07-19 13:00:00,36.4,48,0.0,9.0,111.8,603.5,3.3,154.0,12.1,171.0
Rohini,28.7041,77.1025,2026-07-19 14:00:00,36.5,48,0.0,6.8,118.7,666.8,4.3,144.0,11.2,180.0
Rohini,28.7041,77.1025,2026-07-19 15:00:00,34.3,57,0.5,9.0,126.7,717.1,5.9,133.0,10.8,180.0
Rohini,28.7041,77.1025,2026-07-19 16:00:00,34.1,58,0.2,7.1,131.3,752.5,9.1,118.0,11.2,186.0
Rohini,28.7041,77.1025,2026-07-19 17:00:00,36.4,45,0.0,4.3,127.1,536.4,22.2,114.0,26.1,227.0
Rohini,28.7041,77.1025,2026-07-19 18:00:00,35.3,52,0.0,6.3,121.5,445.2,27.0,101.0,28.8,340.0
Rohini,28.7041,77.1025,2026-07-19 19:00:00,33.6,60,0.0,9.3,116.2,374.4,33.7,84.0,32.6,489.0
Rohini,28.7041,77.1025,2026-07-19 20:00:00,32.1,71,0.0,8.7,108.7,305.5,38.7,69.0,35.4,588.0
Rohini,28.7041,77.1025,2026-07-19 21:00:00,31.2,79,0.2,6.7,103.6,268.2,40.6,59.0,36.6,599.0
Rohini,28.7041,77.1025,2026-07-19 22:00:00,30.9,80,0.2,8.5,98.3,238.4,40.8,52.0,36.8,562.0
Rohini,28.7041,77.1025,2026-07-19 23:00:00,31.7,75,0.0,10.9,91.5,210.0,40.4,47.0,36.4,510.0
Rohini,28.7041,77.1025,2026-07-20 00:00:00,31.4,76,0.0,11.0,89.6,210.0,39.7,43.0,35.4,442.0
Rohini,28.7041,77.1025,2026-07-20 01:00:00,30.5,81,0.0,8.1,90.8,241.2,38.4,40.0,33.7,359.0
Rohini,28.7041,77.1025,2026-07-20 02:00:00,29.4,86,0.0,6.5,92.4,269.2,36.7,39.0,31.3,300.0
Rohini,28.7041,77.1025,2026-07-20 03:00:00,28.3,93,1.2,7.6,95.2,291.5,34.1,39.0,27.3,278.0
Rohini,28.7041,77.1025,2026-07-20 04:00:00,27.6,93,0.4,11.2,92.9,275.7,31.2,39.0,22.5,280.0
Rohini,28.7041,77.1025,2026-07-20 05:00:00,28.0,88,0.2,9.8,32.9,71.7,19.4,57.0,12.3,299.0
Rohini,28.7041,77.1025,2026-07-20 06:00:00,28.3,89,0.1,8.1,31.3,58.0,24.0,54.0,14.7,344.0
Rohini,28.7041,77.1025,2026-07-20 07:00:00,27.8,90,3.4,1.4,30.6,54.5,30.1,50.0,17.8,408.0
Rohini,28.7041,77.1025,2026-07-20 08:00:00,27.8,92,2.3,6.3,33.5,53.8,32.8,50.0,19.7,456.0
Rohini,28.7041,77.1025,2026-07-20 09:00:00,29.3,86,0.3,6.1,34.7,62.2,28.8,59.0,18.9,482.0
Rohini,28.7041,77.1025,2026-07-20 10:00:00,30.2,83,1.0,2.7,36.8,90.8,21.3,72.0,16.7,493.0
Rohini,28.7041,77.1025,2026-07-20 11:00:00,33.2,65,0.2,7.8,39.5,110.6,15.6,83.0,15.1,482.0
Rohini,28.7041,77.1025,2026-07-20 12:00:00,33.8,63,0.3,0.8,42.3,126.2,13.3,88.0,14.5,429.0
Rohini,28.7041,77.1025,2026-07-20 13:00:00,30.1,81,3.2,9.4,51.9,199.3,12.8,91.0,14.4,355.0
Rohini,28.7041,77.1025,2026-07-20 14:00:00,30.3,79,0.5,10.8,61.0,265.4,13.8,92.0,15.4,307.0
Rohini,28.7041,77.1025,2026-07-20 15:00:00,31.6,74,0.1,6.2,67.5,297.1,16.0,94.0,17.8,294.0
Rohini,28.7041,77.1025,2026-07-20 16:00:00,31.5,74,0.1,5.1,73.6,320.4,19.7,94.0,21.2,308.0
Rohini,28.7041,77.1025,2026-07-20 17:00:00,28.6,89,0.0,1.9,35.4,75.2,33.5,86.0,21.7,378.0
Rohini,28.7041,77.1025,2026-07-20 18:00:00,28.1,93,3.3,5.2,41.2,76.1,47.4,64.0,26.8,557.0
Rohini,28.7041,77.1025,2026-07-20 19:00:00,27.8,95,1.7,3.8,54.4,83.6,66.3,35.0,33.7,792.0
Rohini,28.7041,77.1025,2026-07-20 20:00:00,27.8,95,0.5,2.7,63.6,86.4,78.4,15.0,38.3,945.0
Rohini,28.7041,77.1025,2026-07-20 21:00:00,27.7,95,1.3,1.0,62.4,82.2,77.7,14.0,38.4,949.0
Rohini,28.7041,77.1025,2026-07-20 22:00:00,27.5,93,2.8,2.0,59.5,77.8,70.1,22.0,36.1,872.0
Rohini,28.7041,77.1025,2026-07-20 23:00:00,26.4,95,0.4,4.8,51.1,64.0,61.7,31.0,33.5,781.0
Rohini,28.7041,77.1025,2026-07-21 00:00:00,26.6,97,0.9,3.4,42.3,51.3,53.7,38.0,31.1,691.0
Rohini,28.7041,77.1025,2026-07-21 01:00:00,26.8,96,0.4,5.4,34.9,41.4,44.8,46.0,28.5,587.0
Rohini,28.7041,77.1025,2026-07-21 02:00:00,26.8,95,0.1,6.7,31.4,36.2,37.6,51.0,26.4,494.0
Rohini,28.7041,77.1025,2026-07-21 03:00:00,26.6,95,0.4,7.8,30.6,33.9,33.4,51.0,25.2,411.0
Rohini,28.7041,77.1025,2026-07-21 04:00:00,26.3,93,0.1,7.2,27.8,29.3,30.8,48.0,24.5,339.0
Rohini,28.7041,77.1025,2026-07-21 05:00:00,26.0,95,0.7,5.8,18.7,20.7,25.4,49.0,19.3,311.0
Rohini,28.7041,77.1025,2026-07-21 06:00:00,25.6,95,4.0,8.2,20.3,21.3,25.0,54.0,21.3,366.0
Rohini,28.7041,77.1025,2026-07-21 07:00:00,25.7,96,2.1,8.7,21.2,21.9,24.4,62.0,24.0,464.0
Rohini,28.7041,77.1025,2026-07-21 08:00:00,26.4,92,0.3,9.0,22.3,22.8,22.9,71.0,25.3,523.0
Rohini,28.7041,77.1025,2026-07-21 09:00:00,27.1,88,0.2,9.3,15.5,16.1,19.7,83.0,23.7,495.0
Rohini,28.7041,77.1025,2026-07-21 10:00:00,28.6,79,0.2,11.0,13.0,13.5,15.5,96.0,20.8,427.0
Rohini,28.7041,77.1025,2026-07-21 11:00:00,27.1,90,0.2,10.8,12.0,12.4,12.6,107.0,18.6,374.0
Rohini,28.7041,77.1025,2026-07-21 12:00:00,27.7,93,1.8,7.4,11.7,12.0,11.8,115.0,18.2,354.0
Rohini,28.7041,77.1025,2026-07-21 13:00:00,29.4,85,0.7,9.1,12.1,12.4,12.1,121.0,18.6,350.0
Rohini,28.7041,77.1025,2026-07-21 14:00:00,28.7,85,2.0,9.7,13.6,13.8,12.9,126.0,19.2,362.0
Rohini,28.7041,77.1025,2026-07-21 15:00:00,28.7,85,0.7,10.4,13.5,13.7,13.5,132.0,19.7,390.0
Rohini,28.7041,77.1025,2026-07-21 16:00:00,29.0,84,0.5,7.9,15.1,15.3,14.6,136.0,20.3,434.0
Rohini,28.7041,77.1025,2026-07-21 17:00:00,29.7,79,0.2,10.0,30.2,31.3,21.8,115.0,20.1,497.0
Rohini,28.7041,77.1025,2026-07-21 18:00:00,29.2,82,0.0,7.0,36.4,37.1,26.4,101.0,20.5,608.0
Rohini,28.7041,77.1025,2026-07-21 19:00:00,28.7,85,0.1,6.4,39.9,40.4,32.6,82.0,21.0,738.0
Rohini,28.7041,77.1025,2026-07-21 20:00:00,28.4,86,0.1,7.1,35.2,35.4,36.0,68.0,21.1,807.0
Rohini,28.7041,77.1025,2026-07-21 21:00:00,28.3,86,0.1,8.1,32.7,32.8,33.9,66.0,20.4,762.0
Rohini,28.7041,77.1025,2026-07-21 22:00:00,28.1,86,0.0,10.9,32.2,32.4,29.0,70.0,19.2,656.0
Rohini,28.7041,77.1025,2026-07-21 23:00:00,27.5,92,0.0,11.8,31.3,31.4,24.6,73.0,18.2,564.0
Rohini,28.7041,77.1025,2026-07-22 00:00:00,27.1,91,0.1,11.4,30.3,30.3,22.0,73.0,17.5,514.0
Rohini,28.7041,77.1025,2026-07-22 01:00:00,26.9,91,0.0,9.6,30.0,30.2,20.0,73.0,16.9,478.0
Rohini,28.7041,77.1025,2026-07-22 02:00:00,26.8,92,0.0,8.9,29.3,29.3,18.5,72.0,16.6,449.0
Rohini,28.7041,77.1025,2026-07-22 03:00:00,26.5,93,0.4,12.3,29.5,29.6,17.5,69.0,16.8,420.0
Rohini,28.7041,77.1025,2026-07-22 04:00:00,26.0,94,0.5,11.8,29.6,29.8,17.0,65.0,17.3,397.0
Rohini,28.7041,77.1025,2026-07-22 05:00:00,26.3,96,0.4,11.0,36.1,36.4,22.9,53.0,20.7,396.0
Rohini,28.7041,77.1025,2026-07-22 06:00:00,26.3,95,0.7,13.8,35.2,35.6,22.6,58.0,20.1,436.0
Rohini,28.7041,77.1025,2026-07-22 07:00:00,26.9,92,0.2,12.3,35.3,35.7,22.0,66.0,19.4,497.0
Rohini,28.7041,77.1025,2026-07-22 08:00:00,27.9,86,0.2,14.2,36.7,37.1,20.3,81.0,18.9,532.0
Rohini,28.7041,77.1025,2026-07-22 09:00:00,28.6,81,0.8,12.8,37.4,38.1,16.4,109.0,19.0,515.0
Rohini,28.7041,77.1025,2026-07-22 10:00:00,30.3,71,0.1,14.4,33.8,34.5,11.5,143.0,19.5,473.0
Rohini,28.7041,77.1025,2026-07-22 11:00:00,30.6,67,0.1,14.3,41.2,104.8,7.8,170.0,19.8,439.0
Rohini,28.7041,77.1025,2026-07-22 12:00:00,31.9,62,0.1,15.2,42.3,125.3,5.8,184.0,19.7,425.0
Rohini,28.7041,77.1025,2026-07-22 13:00:00,32.1,65,0.1,12.8,37.4,85.9,5.1,190.0,19.4,419.0
Rohini,28.7041,77.1025,2026-07-22 14:00:00,32.2,66,0.2,11.2,39.5,95.5,7.0,187.0,19.4,422.0
Rohini,28.7041,77.1025,2026-07-22 15:00:00,32.4,65,0.0,10.9,40.3,98.7,13.0,171.0,19.8,430.0
Rohini,28.7041,77.1025,2026-07-22 16:00:00,31.8,66,0.2,10.6,35.3,71.9,21.7,146.0,20.6,446.0
Rohini,28.7041,77.1025,2026-07-22 17:00:00,28.3,88,0.0,7.6,14.7,16.4,14.7,145.0,18.3,482.0
Rohini,28.7041,77.1025,2026-07-22 18:00:00,28.6,87,0.1,4.3,17.3,18.2,24.3,121.0,20.7,562.0
Rohini,28.7041,77.1025,2026-07-22 19:00:00,28.6,88,0.0,5.5,23.9,24.3,37.3,88.0,23.9,662.0
Rohini,28.7041,77.1025,2026-07-22 20:00:00,28.7,88,0.0,7.6,25.4,25.6,45.1,65.0,25.8,723.0
Rohini,28.7041,77.1025,2026-07-22 21:00:00,28.7,88,0.0,9.7,23.3,23.7,42.9,62.0,25.3,715.0
Rohini,28.7041,77.1025,2026-07-22 22:00:00,28.8,84,0.0,10.3,21.0,21.2,35.6,68.0,23.6,668.0
Rohini,28.7041,77.1025,2026-07-22 23:00:00,28.6,82,0.0,10.2,17.6,17.9,29.1,73.0,22.0,611.0
Rohini,28.7041,77.1025,2026-07-23 00:00:00,28.4,83,0.0,11.8,14.9,15.1,25.2,73.0,20.9,545.0
Rohini,28.7041,77.1025,2026-07-23 01:00:00,28.3,82,0.0,12.7,21.2,73.1,22.1,71.0,20.0,468.0
Rohini,28.7041,77.1025,2026-07-23 02:00:00,28.0,83,0.0,12.6,24.9,88.7,20.0,68.0,19.4,407.0
Rohini,28.7041,77.1025,2026-07-23 03:00:00,27.8,84,0.0,11.6,28.7,98.5,19.3,63.0,19.2,367.0
Rohini,28.7041,77.1025,2026-07-23 04:00:00,27.5,84,0.0,10.8,34.2,127.1,19.7,58.0,19.3,342.0
Rohini,28.7041,77.1025,2026-07-23 05:00:00,27.0,92,0.0,8.9,30.7,75.9,21.4,55.0,19.2,344.0
Rohini,28.7041,77.1025,2026-07-23 06:00:00,26.9,92,0.3,12.8,33.5,88.2,20.4,63.0,20.3,398.0
Rohini,28.7041,77.1025,2026-07-23 07:00:00,27.6,88,0.1,11.6,38.6,116.6,18.9,76.0,21.7,479.0
Rohini,28.7041,77.1025,2026-07-23 08:00:00,28.2,83,0.3,9.9,28.3,43.4,16.8,92.0,22.3,524.0
Rohini,28.7041,77.1025,2026-07-23 09:00:00,29.5,77,0.1,12.1,23.1,26.5,13.3,116.0,21.2,496.0
Rohini,28.7041,77.1025,2026-07-23 10:00:00,30.9,70,0.0,13.1,21.5,22.1,9.2,144.0,19.2,431.0
Rohini,28.7041,77.1025,2026-07-23 11:00:00,31.8,63,0.0,15.0,20.5,20.7,6.4,164.0,17.6,381.0
Rohini,28.7041,77.1025,2026-07-23 12:00:00,32.2,61,0.1,15.2,20.4,20.7,5.6,170.0,16.5,361.0
Rohini,28.7041,77.1025,2026-07-23 13:00:00,32.5,61,0.1,14.3,33.3,128.1,6.2,168.0,15.7,355.0
Rohini,28.7041,77.1025,2026-07-23 14:00:00,32.9,60,0.1,13.1,28.2,74.7,7.6,163.0,15.7,365.0
Rohini,28.7041,77.1025,2026-07-23 15:00:00,32.9,60,0.1,14.1,28.9,79.2,10.0,157.0,17.1,390.0
Rohini,28.7041,77.1025,2026-07-23 16:00:00,30.9,71,0.6,9.2,31.0,73.8,13.3,148.0,19.3,432.0
Rohini,28.7041,77.1025,2026-07-23 17:00:00,31.9,65,0.1,10.1,22.5,22.6,16.5,132.0,15.5,498.0
Rohini,28.7041,77.1025,2026-07-23 18:00:00,31.0,70,0.2,6.4,27.6,27.7,21.0,119.0,17.4,620.0
Rohini,28.7041,77.1025,2026-07-23 19:00:00,29.6,78,0.2,2.5,28.8,28.9,27.0,100.0,20.0,766.0
Rohini,28.7041,77.1025,2026-07-23 20:00:00,28.2,87,0.9,3.5,28.8,28.8,30.6,87.0,21.8,843.0
Rohini,28.7041,77.1025,2026-07-23 21:00:00,27.0,92,1.3,12.7,29.5,29.5,29.3,84.0,22.0,796.0
Rohini,28.7041,77.1025,2026-07-23 22:00:00,26.6,93,1.0,10.7,30.0,30.2,25.5,86.0,21.3,680.0
Rohini,28.7041,77.1025,2026-07-23 23:00:00,27.7,88,0.0,12.5,30.0,30.0,22.4,87.0,20.6,568.0
Rohini,28.7041,77.1025,2026-07-24 00:00:00,27.5,86,0.0,11.7,30.5,30.6,21.1,83.0,20.1,477.0
Rohini,28.7041,77.1025,2026-07-24 01:00:00,27.3,87,0.0,11.4,31.7,31.8,20.4,78.0,19.6,390.0
Rohini,28.7041,77.1025,2026-07-24 02:00:00,27.1,88,0.0,10.1,33.5,33.6,19.9,74.0,19.2,328.0
Rohini,28.7041,77.1025,2026-07-24 03:00:00,26.9,89,0.0,10.2,35.0,35.2,19.4,71.0,18.9,300.0
Rohini,28.7041,77.1025,2026-07-24 04:00:00,26.8,89,0.0,10.4,35.6,35.6,19.0,68.0,18.8,298.0
Rohini,28.7041,77.1025,2026-07-24 05:00:00,25.9,95,0.0,11.5,37.7,37.7,18.0,73.0,20.5,315.0
Rohini,28.7041,77.1025,2026-07-24 06:00:00,26.0,93,0.2,13.9,37.7,37.7,17.8,77.0,20.3,367.0
Rohini,28.7041,77.1025,2026-07-24 07:00:00,27.0,89,0.0,11.5,34.3,34.5,17.4,83.0,20.1,439.0
Rohini,28.7041,77.1025,2026-07-24 08:00:00,28.4,81,0.0,16.2,31.5,31.5,16.3,94.0,19.8,481.0
Rohini,28.7041,77.1025,2026-07-24 09:00:00,29.9,74,0.0,13.8,26.4,26.4,13.6,113.0,19.5,465.0
Rohini,28.7041,77.1025,2026-07-24 10:00:00,30.7,72,0.1,11.9,24.1,24.2,10.2,136.0,19.2,418.0
Rohini,28.7041,77.1025,2026-07-24 11:00:00,30.0,75,0.1,14.3,22.9,22.9,7.9,152.0,18.9,381.0
Rohini,28.7041,77.1025,2026-07-24 12:00:00,31.3,71,1.1,12.3,21.4,21.4,7.4,153.0,18.5,361.0
Rohini,28.7041,77.1025,2026-07-24 13:00:00,30.5,74,0.8,12.1,20.4,20.4,8.1,147.0,18.1,350.0
Rohini,28.7041,77.1025,2026-07-24 14:00:00,30.2,77,4.3,6.5,17.7,17.7,9.4,140.0,18.1,358.0
Rohini,28.7041,77.1025,2026-07-24 15:00:00,29.9,78,0.6,9.1,16.1,16.2,10.9,137.0,19.0,389.0
Rohini,28.7041,77.1025,2026-07-24 16:00:00,30.1,77,0.1,7.2,16.5,16.6,13.2,133.0,20.3,438.0
Rohini,28.7041,77.1025,2026-07-24 17:00:00,30.2,80,0.0,5.4,23.3,23.5,17.3,119.0,18.3,504.0
Rohini,28.7041,77.1025,2026-07-24 18:00:00,30.1,82,0.1,8.2,29.5,29.6,26.2,98.0,19.7,614.0
Rohini,28.7041,77.1025,2026-07-24 19:00:00,29.8,83,0.0,9.1,34.3,34.6,38.2,70.0,21.5,741.0
Rohini,28.7041,77.1025,2026-07-24 20:00:00,29.4,85,0.0,7.4,34.3,34.7,45.1,50.0,22.5,799.0
Rohini,28.7041,77.1025,2026-07-24 21:00:00,29.2,84,0.0,10.0,32.8,33.4,42.2,47.0,21.9,732.0
Rohini,28.7041,77.1025,2026-07-24 22:00:00,28.9,83,0.0,11.9,31.9,33.2,34.3,52.0,20.5,595.0
Rohini,28.7041,77.1025,2026-07-24 23:00:00,28.6,86,0.0,12.7,30.5,33.1,27.6,57.0,19.5,474.0
Rohini,28.7041,77.1025,2026-07-25 00:00:00,28.5,85,0.0,13.3,28.0,31.8,24.1,58.0,19.6,394.0
Rohini,28.7041,77.1025,2026-07-25 01:00:00,28.4,83,0.0,12.2,26.5,31.4,21.8,59.0,20.1,329.0
Rohini,28.7041,77.1025,2026-07-25 02:00:00,28.1,83,0.0,12.2,26.3,31.5,20.4,58.0,20.6,286.0
Rohini,28.7041,77.1025,2026-07-25 03:00:00,27.8,86,0.2,11.3,26.5,31.1,20.4,54.0,21.0,265.0
Rohini,28.7041,77.1025,2026-07-25 04:00:00,27.6,87,0.0,10.7,27.1,30.5,21.3,50.0,21.3,266.0
Rohini,28.7041,77.1025,2026-07-25 05:00:00,27.2,90,0.0,9.5,29.7,33.9,22.5,46.0,22.4,291.0
Rohini,28.7041,77.1025,2026-07-25 06:00:00,27.6,89,0.0,7.6,29.8,32.8,21.9,52.0,22.5,362.0
Rohini,28.7041,77.1025,2026-07-25 07:00:00,28.5,85,0.0,7.7,28.5,30.6,20.9,60.0,22.6,457.0
Rohini,28.7041,77.1025,2026-07-25 08:00:00,28.7,79,0.5,12.7,29.0,31.1,19.0,72.0,22.1,513.0
Rohini,28.7041,77.1025,2026-07-25 09:00:00,29.8,75,0.3,10.9,29.5,34.2,15.4,91.0,20.6,493.0
Rohini,28.7041,77.1025,2026-07-25 10:00:00,30.1,74,0.5,11.9,26.8,32.8,11.0,113.0,18.6,434.0
Rohini,28.7041,77.1025,2026-07-25 11:00:00,31.8,64,0.6,13.4,24.3,29.0,7.8,130.0,17.1,387.0
Rohini,28.7041,77.1025,2026-07-25 12:00:00,32.4,62,0.1,13.4,25.8,29.6,6.4,140.0,16.5,370.0
Rohini,28.7041,77.1025,2026-07-25 13:00:00,32.6,62,0.1,12.1,32.2,66.1,6.3,144.0,16.3,366.0
Rohini,28.7041,77.1025,2026-07-25 14:00:00,33.1,59,0.2,11.8,26.4,39.3,7.7,143.0,16.4,373.0
Rohini,28.7041,77.1025,2026-07-25 15:00:00,33.2,58,0.2,12.5,25.1,33.4,10.7,135.0,16.5,385.0
Rohini,28.7041,77.1025,2026-07-25 16:00:00,32.4,62,0.1,12.2,24.9,32.1,15.2,120.0,16.8,408.0
Rohini,28.7041,77.1025,2026-07-25 17:00:00,30.9,76,0.1,9.8,38.3,41.8,23.0,97.0,12.4,461.0
Rohini,28.7041,77.1025,2026-07-25 18:00:00,30.1,79,0.0,9.7,44.2,46.1,29.1,80.0,13.7,580.0
Rohini,28.7041,77.1025,2026-07-25 19:00:00,29.5,82,0.0,8.4,51.8,52.7,37.3,58.0,15.6,730.0
Rohini,28.7041,77.1025,2026-07-25 20:00:00,29.1,84,0.0,9.4,50.3,50.9,42.5,42.0,17.3,819.0
Rohini,28.7041,77.1025,2026-07-25 21:00:00,28.5,87,0.0,9.0,45.1,45.4,42.0,40.0,18.7,798.0
Rohini,28.7041,77.1025,2026-07-25 22:00:00,28.1,88,0.0,8.8,46.8,47.0,38.4,45.0,19.9,717.0
Rohini,28.7041,77.1025,2026-07-25 23:00:00,27.9,91,0.0,10.6,48.1,48.3,34.6,50.0,20.6,637.0
Rohini,28.7041,77.1025,2026-07-26 00:00:00,27.6,93,0.2,11.2,48.5,48.7,31.2,53.0,20.3,572.0
Rohini,28.7041,77.1025,2026-07-26 01:00:00,27.7,93,0.0,8.9,47.0,47.1,27.7,55.0,19.5,508.0
Rohini,28.7041,77.1025,2026-07-26 02:00:00,27.6,94,0.0,7.9,45.4,45.6,25.2,56.0,18.9,458.0
Rohini,28.7041,77.1025,2026-07-26 03:00:00,27.6,94,0.0,7.3,44.7,44.9,24.9,52.0,18.8,427.0
Rohini,28.7041,77.1025,2026-07-26 04:00:00,27.4,95,0.0,6.3,44.9,46.3,25.7,47.0,19.0,409.0
Rohini,28.7041,77.1025,2026-07-26 05:00:00,28.2,94,0.1,4.6,26.0,26.8,23.0,56.0,17.2,406.0
Rohini,28.7041,77.1025,2026-07-26 06:00:00,27.4,95,0.7,6.3,27.8,28.6,22.2,64.0,19.6,428.0
Rohini,28.7041,77.1025,2026-07-26 07:00:00,28.5,92,0.3,1.8,26.9,27.9,21.0,76.0,23.0,464.0
Rohini,28.7041,77.1025,2026-07-26 08:00:00,29.7,85,0.1,2.8,28.9,31.4,19.1,94.0,26.1,481.0
Rohini,28.7041,77.1025,2026-07-26 09:00:00,31.0,76,0.0,3.5,32.1,36.4,16.0,124.0,28.7,457.0
Rohini,28.7041,77.1025,2026-07-26 10:00:00,32.0,70,0.1,4.0,34.7,41.6,12.2,160.0,30.9,413.0
Rohini,28.7041,77.1025,2026-07-26 11:00:00,32.7,61,0.1,4.3,36.7,46.4,9.2,189.0,32.1,380.0
Rohini,28.7041,77.1025,2026-07-26 12:00:00,33.7,57,0.1,4.1,36.8,49.0,7.3,207.0,31.3,369.0
Rohini,28.7041,77.1025,2026-07-26 13:00:00,34.1,55,0.2,4.5,39.0,51.2,6.1,219.0,29.5,368.0
Rohini,28.7041,77.1025,2026-07-26 14:00:00,34.5,54,0.2,3.7,39.3,51.3,6.1,224.0,28.4,376.0
Rohini,28.7041,77.1025,2026-07-26 15:00:00,34.6,54,0.1,3.1,40.4,51.8,5.7,226.0,28.3,368.0
Rohini,28.7041,77.1025,2026-07-26 16:00:00,34.3,55,0.1,2.0,40.2,54.1,6.5,221.0,28.8,368.0
Rohini,28.7041,77.1025,2026-07-26 17:00:00,32.3,71,0.0,6.9,44.2,56.9,12.4,184.0,25.0,446.0
Rohini,28.7041,77.1025,2026-07-26 18:00:00,31.9,76,0.0,4.5,51.0,61.0,33.2,148.0,30.9,682.0
Rohini,28.7041,77.1025,2026-07-26 19:00:00,31.3,80,0.0,2.7,70.1,78.7,61.6,98.0,38.9,996.0
Rohini,28.7041,77.1025,2026-07-26 20:00:00,31.4,79,0.0,2.2,86.1,94.5,81.2,59.0,44.5,1222.0
Rohini,28.7041,77.1025,2026-07-26 21:00:00,31.3,80,0.0,1.7,91.3,99.0,83.0,43.0,45.3,1291.0
Rohini,28.7041,77.1025,2026-07-26 22:00:00,31.1,81,0.0,1.5,89.4,96.2,76.1,38.0,43.7,1271.0
Rohini,28.7041,77.1025,2026-07-26 23:00:00,31.1,83,0.0,2.1,85.2,91.5,70.5,33.0,42.2,1203.0
Rohini,28.7041,77.1025,2026-07-27 00:00:00,30.7,84,0.0,3.1,86.4,92.9,70.7,25.0,41.7,1061.0
Rohini,28.7041,77.1025,2026-07-27 01:00:00,30.2,87,0.0,2.4,89.6,95.9,72.4,17.0,41.4,870.0
Rohini,28.7041,77.1025,2026-07-27 02:00:00,29.9,87,0.0,1.9,91.0,97.8,72.6,12.0,40.5,745.0
Rohini,28.7041,77.1025,2026-07-27 03:00:00,29.7,86,0.0,1.5,92.2,98.7,70.5,8.0,38.3,757.0
Rohini,28.7041,77.1025,2026-07-27 04:00:00,29.4,86,0.0,1.9,90.8,96.9,67.1,5.0,35.7,835.0
Rohini,28.7041,77.1025,2026-07-27 05:00:00,29.0,93,0.0,1.9,82.7,86.6,58.3,22.0,33.4,886.0
Rohini,28.7041,77.1025,2026-07-27 06:00:00,29.1,93,0.0,1.5,84.1,87.8,54.3,38.0,38.7,882.0
Rohini,28.7041,77.1025,2026-07-27 07:00:00,30.4,85,0.0,1.3,79.2,84.8,48.4,62.0,45.8,850.0
Rohini,28.7041,77.1025,2026-07-27 08:00:00,31.8,75,0.0,1.2,65.2,73.6,41.4,93.0,49.8,785.0
Rohini,28.7041,77.1025,2026-07-27 09:00:00,33.1,64,0.0,2.8,55.9,72.2,32.1,136.0,47.9,656.0
Rohini,28.7041,77.1025,2026-07-27 10:00:00,33.7,62,0.1,3.2,50.3,66.4,21.7,187.0,42.9,493.0
Rohini,28.7041,77.1025,2026-07-27 11:00:00,34.8,52,0.2,2.9,46.3,59.8,13.9,228.0,38.6,380.0
Rohini,28.7041,77.1025,2026-07-27 12:00:00,35.4,50,0.0,4.6,47.5,60.3,10.6,256.0,36.3,351.0
Rohini,28.7041,77.1025,2026-07-27 13:00:00,35.1,54,1.8,5.6,48.8,61.2,9.9,275.0,34.6,371.0
Rohini,28.7041,77.1025,2026-07-27 14:00:00,34.9,52,1.3,6.9,50.6,62.6,10.4,283.0,33.2,419.0
Rohini,28.7041,77.1025,2026-07-27 15:00:00,34.3,55,0.4,5.4,49.8,63.8,11.0,280.0,31.9,486.0
Rohini,28.7041,77.1025,2026-07-27 16:00:00,34.3,56,0.3,5.2,47.7,63.3,12.7,267.0,31.0,582.0
Rohini,28.7041,77.1025,2026-07-27 17:00:00,32.6,64,0.0,4.7,50.2,81.3,23.7,185.0,28.1,715.0
Rohini,28.7041,77.1025,2026-07-27 18:00:00,32.1,69,0.0,3.0,58.7,87.3,33.3,156.0,31.3,952.0
Rohini,28.7041,77.1025,2026-07-27 19:00:00,31.6,73,0.0,3.5,66.6,96.2,46.2,117.0,35.6,1226.0
Rohini,28.7041,77.1025,2026-07-27 20:00:00,31.4,75,0.0,3.7,68.7,87.5,53.7,86.0,37.9,1340.0
Rohini,28.7041,77.1025,2026-07-27 21:00:00,31.0,77,0.0,7.5,66.6,96.4,50.8,74.0,36.5,1147.0
Rohini,28.7041,77.1025,2026-07-27 22:00:00,30.1,81,0.0,11.9,64.5,120.1,42.5,72.0,33.0,794.0
Rohini,28.7041,77.1025,2026-07-27 23:00:00,30.3,86,0.0,10.5,61.2,135.0,35.3,70.0,29.5,521.0
Rohini,28.7041,77.1025,2026-07-28 00:00:00,29.4,86,0.3,16.4,56.5,116.9,31.2,68.0,26.3,436.0
Rohini,28.7041,77.1025,2026-07-28 01:00:00,28.3,87,0.1,10.6,51.6,90.1,28.1,66.0,23.1,431.0
Rohini,28.7041,77.1025,2026-07-28 02:00:00,27.7,90,0.2,10.3,49.8,75.7,26.1,64.0,20.6,429.0
Rohini,28.7041,77.1025,2026-07-28 03:00:00,27.4,93,0.2,9.7,49.4,68.0,25.4,58.0,19.1,395.0
Rohini,28.7041,77.1025,2026-07-28 04:00:00,27.0,93,0.1,9.5,48.4,62.2,25.7,50.0,18.2,363.0
Rohini,28.7041,77.1025,2026-07-28 05:00:00,28.6,93,0.1,8.7,55.8,113.6,32.3,39.0,22.6,361.0
Rohini,28.7041,77.1025,2026-07-28 06:00:00,28.8,92,0.0,7.4,54.0,101.7,32.2,43.0,24.3,417.0
Rohini,28.7041,77.1025,2026-07-28 07:00:00,29.3,88,0.0,10.5,48.4,83.4,31.8,51.0,26.7,502.0
Rohini,28.7041,77.1025,2026-07-28 08:00:00,29.7,81,0.1,9.1,44.6,78.2,30.1,68.0,28.6,555.0
Rohini,28.7041,77.1025,2026-07-28 09:00:00,28.8,87,1.4,5.6,47.5,100.4,25.9,101.0,29.4,543.0
Rohini,28.7041,77.1025,2026-07-28 10:00:00,28.3,89,1.9,15.8,48.9,108.7,20.4,144.0,29.6,499.0
Rohini,28.7041,77.1025,2026-07-28 11:00:00,27.7,95,0.7,13.8,44.1,90.3,15.8,182.0,29.9,462.0
Rohini,28.7041,77.1025,2026-07-28 12:00:00,27.4,94,4.6,10.3,42.0,76.6,12.5,213.0,30.6,442.0
Rohini,28.7041,77.1025,2026-07-28 13:00:00,27.5,94,2.7,8.3,43.3,70.3,10.1,239.0,31.4,429.0
Rohini,28.7041,77.1025,2026-07-28 14:00:00,27.5,92,2.1,4.4,43.4,64.5,10.1,250.0,31.7,430.0
Rohini,28.7041,77.1025,2026-07-28 15:00:00,27.8,89,0.6,6.0,43.5,61.0,12.7,241.0,30.5,427.0
Rohini,28.7041,77.1025,2026-07-28 16:00:00,27.6,87,0.1,4.7,44.0,59.0,17.6,218.0,28.7,439.0
Rohini,28.7041,77.1025,2026-07-28 17:00:00,30.7,74,0.0,2.9,34.7,47.7,49.5,86.0,34.5,528.0
Rohini,28.7041,77.1025,2026-07-28 18:00:00,30.1,79,0.1,3.0,32.4,42.3,57.7,70.0,36.7,765.0
Rohini,28.7041,77.1025,2026-07-28 19:00:00,29.4,86,0.0,2.2,39.8,46.7,69.0,47.0,39.9,1079.0
Rohini,28.7041,77.1025,2026-07-28 20:00:00,29.0,89,0.0,2.7,47.6,54.5,77.7,29.0,43.0,1323.0
Rohini,28.7041,77.1025,2026-07-28 21:00:00,28.7,89,0.0,3.8,52.7,59.5,81.5,19.0,46.4,1457.0
Rohini,28.7041,77.1025,2026-07-28 22:00:00,28.3,88,0.0,6.8,51.3,56.8,82.8,13.0,49.7,1521.0
Rohini,28.7041,77.1025,2026-07-28 23:00:00,28.1,89,0.2,3.3,47.4,51.5,82.9,9.0,51.0,1483.0
Rohini,28.7041,77.1025,2026-07-29 00:00:00,28.0,91,0.3,1.8,43.8,47.1,82.6,6.0,48.6,1281.0
Rohini,28.7041,77.1025,2026-07-29 01:00:00,27.5,95,0.3,3.6,42.1,45.4,81.2,5.0,44.2,978.0
Rohini,28.7041,77.1025,2026-07-29 02:00:00,27.0,97,0.5,6.7,44.8,47.8,78.1,6.0,40.9,728.0
Rohini,28.7041,77.1025,2026-07-29 03:00:00,26.7,97,0.2,5.8,47.8,51.2,72.3,10.0,39.7,584.0
Rohini,28.7041,77.1025,2026-07-29 04:00:00,26.7,97,0.0,3.5,46.6,49.8,64.8,16.0,39.6,494.0
Rohini,28.7041,77.1025,2026-07-29 05:00:00,26.8,97,0.0,2.2,47.8,51.3,57.6,24.0,43.8,454.0
Rohini,28.7041,77.1025,2026-07-29 06:00:00,26.7,98,0.3,3.6,51.1,53.7,52.5,33.0,42.1,491.0
Rohini,28.7041,77.1025,2026-07-29 07:00:00,26.6,96,0.9,5.9,43.9,47.3,45.4,46.0,39.9,578.0
Rohini,28.7041,77.1025,2026-07-29 08:00:00,26.8,95,1.1,4.2,38.2,42.3,39.6,62.0,39.5,632.0
Rohini,28.7041,77.1025,2026-07-29 09:00:00,28.4,85,0.5,2.5,35.5,39.8,36.7,80.0,42.5,606.0
Rohini,28.7041,77.1025,2026-07-29 10:00:00,30.0,78,0.2,4.2,32.0,36.8,35.0,101.0,47.2,546.0
Rohini,28.7041,77.1025,2026-07-29 11:00:00,31.1,76,0.0,1.8,31.5,36.6,33.3,122.0,51.0,506.0
Rohini,28.7041,77.1025,2026-07-29 12:00:00,32.4,69,0.0,0.8,34.0,39.3,30.3,145.0,52.6,506.0
Rohini,28.7041,77.1025,2026-07-29 13:00:00,32.5,68,0.0,0.3,36.8,43.1,27.3,168.0,53.2,525.0
Rohini,28.7041,77.1025,2026-07-29 14:00:00,32.8,68,0.0,1.3,39.8,46.4,26.3,184.0,54.2,556.0
Rohini,28.7041,77.1025,2026-07-29 15:00:00,33.0,68,0.2,3.8,43.5,52.4,26.5,194.0,55.9,554.0
Rohini,28.7041,77.1025,2026-07-29 16:00:00,32.3,71,0.1,0.5,45.9,53.6,28.8,198.0,58.0,563.0
Rohini,28.7041,77.1025,2026-07-29 17:00:00,33.4,65,0.3,1.8,59.6,70.3,20.4,226.0,43.4,710.0
Rohini,28.7041,77.1025,2026-07-29 18:00:00,32.6,72,0.0,2.0,68.0,75.9,32.9,195.0,46.3,1145.0
Rohini,28.7041,77.1025,2026-07-29 19:00:00,31.3,78,0.0,4.2,80.1,85.2,49.9,151.0,50.1,1717.0
Rohini,28.7041,77.1025,2026-07-29 20:00:00,30.7,81,0.0,5.0,75.4,79.6,61.6,114.0,51.9,2103.0
Rohini,28.7041,77.1025,2026-07-29 21:00:00,30.3,84,0.0,5.4,80.3,83.1,63.2,91.0,50.1,2131.0
Rohini,28.7041,77.1025,2026-07-29 22:00:00,29.8,86,0.0,4.1,81.5,83.8,59.5,74.0,46.2,1972.0
Rohini,28.7041,77.1025,2026-07-29 23:00:00,30.2,87,0.0,6.2,80.8,82.7,54.6,62.0,42.0,1822.0
Rohini,28.7041,77.1025,2026-07-30 00:00:00,29.5,89,0.0,4.0,77.8,79.4,49.2,54.0,37.6,1765.0
Rohini,28.7041,77.1025,2026-07-30 01:00:00,26.2,97,3.9,10.0,74.7,75.9,42.6,50.0,32.8,1715.0
Rohini,28.7041,77.1025,2026-07-30 02:00:00,26.3,98,1.2,6.9,71.7,72.9,37.6,47.0,29.1,1611.0
Rohini,28.7041,77.1025,2026-07-30 03:00:00,26.4,97,0.2,3.6,69.2,70.1,35.4,41.0,26.7,1388.0
Rohini,28.7041,77.1025,2026-07-30 04:00:00,26.4,98,0.0,4.0,67.5,68.2,34.7,36.0,25.3,1110.0
Rohini,28.7041,77.1025,2026-07-30 05:00:00,28.7,95,0.0,4.1,70.5,70.8,38.8,44.0,25.6,904.0
Rohini,28.7041,77.1025,2026-07-30 06:00:00,28.6,93,0.1,7.2,73.3,73.8,37.8,56.0,29.4,848.0
Rohini,28.7041,77.1025,2026-07-30 07:00:00,29.9,88,0.0,5.8,68.2,68.7,36.3,75.0,34.6,864.0
Rohini,28.7041,77.1025,2026-07-30 08:00:00,29.0,88,1.9,5.0,52.4,52.9,33.0,100.0,38.1,840.0
Rohini,28.7041,77.1025,2026-07-30 09:00:00,30.9,77,0.3,7.3,47.0,47.5,26.6,138.0,38.3,712.0
Rohini,28.7041,77.1025,2026-07-30 10:00:00,32.3,67,0.1,8.0,43.2,45.1,18.5,183.0,36.8,546.0
Rohini,28.7041,77.1025,2026-07-30 11:00:00,32.1,70,0.0,4.8,41.8,42.8,12.3,219.0,35.2,425.0
Rohini,28.7041,77.1025,2026-07-30 12:00:00,33.2,63,0.2,5.4,41.1,43.9,9.3,240.0,33.7,385.0
Rohini,28.7041,77.1025,2026-07-30 13:00:00,33.2,61,0.1,7.6,41.9,52.2,8.2,252.0,32.1,391.0
Rohini,28.7041,77.1025,2026-07-30 14:00:00,32.9,63,0.4,4.6,42.1,55.9,8.6,254.0,30.8,421.0
Rohini,28.7041,77.1025,2026-07-30 15:00:00,33.4,61,0.1,2.6,41.2,55.2,10.6,244.0,30.1,488.0
Rohini,28.7041,77.1025,2026-07-30 16:00:00,33.4,61,0.1,4.1,40.6,53.1,14.2,224.0,29.7,578.0
Rohini,28.7041,77.1025,2026-07-30 17:00:00,30.7,72,0.0,13.3,40.9,42.7,20.0,164.0,23.4,633.0
Rohini,28.7041,77.1025,2026-07-30 18:00:00,29.8,80,0.4,14.6,43.8,45.2,28.6,135.0,24.7,613.0
Rohini,28.7041,77.1025,2026-07-30 19:00:00,28.9,84,0.0,8.1,46.4,47.5,40.3,96.0,26.5,558.0
Rohini,28.7041,77.1025,2026-07-30 20:00:00,28.7,87,0.0,9.0,46.1,46.7,47.9,66.0,27.3,525.0
Rohini,28.7041,77.1025,2026-07-30 21:00:00,28.6,88,0.0,9.7,45.5,45.9,47.7,54.0,26.3,548.0
Rohini,28.7041,77.1025,2026-07-30 22:00:00,28.5,87,0.0,10.1,45.8,46.3,43.3,52.0,24.2,592.0
Rohini,28.7041,77.1025,2026-07-30 23:00:00,29.3,88,0.0,11.8,45.4,46.6,38.4,52.0,22.2,612.0
Rohini,28.7041,77.1025,2026-07-31 00:00:00,29.0,88,0.0,11.0,43.3,45.2,33.6,53.0,20.4,583.0
Rohini,28.7041,77.1025,2026-07-31 01:00:00,28.8,88,0.0,10.7,39.3,41.2,28.3,57.0,18.6,529.0
Rohini,28.7041,77.1025,2026-07-31 02:00:00,28.7,87,0.0,10.7,33.8,34.7,24.1,60.0,17.5,476.0
Rohini,28.7041,77.1025,2026-07-31 03:00:00,28.5,86,0.0,9.8,29.0,29.5,21.7,60.0,17.5,425.0
Rohini,28.7041,77.1025,2026-07-31 04:00:00,28.3,86,0.0,11.2,38.3,136.9,20.5,58.0,18.3,375.0
Rohini,28.7041,77.1025,2026-07-31 05:00:00,28.5,83,0.0,11.6,37.7,146.2,19.9,59.0,18.9,349.0
Rohini,28.7041,77.1025,2026-07-31 06:00:00,28.4,83,0.0,11.4,32.6,89.4,19.5,63.0,19.6,368.0
Rohini,28.7041,77.1025,2026-07-31 07:00:00,28.9,81,0.0,10.8,27.4,47.5,18.8,69.0,20.6,411.0
Rohini,28.7041,77.1025,2026-07-31 08:00:00,29.4,77,0.1,13.9,21.6,25.4,17.3,81.0,20.9,435.0
Rohini,28.7041,77.1025,2026-07-31 09:00:00,29.7,76,0.1,14.2,20.5,21.8,14.3,103.0,20.1,415.0
Rohini,28.7041,77.1025,2026-07-31 10:00:00,29.9,75,0.2,14.1,21.3,22.1,10.6,131.0,18.7,375.0
Rohini,28.7041,77.1025,2026-07-31 11:00:00,30.4,73,0.2,12.7,22.8,23.3,7.9,150.0,17.4,346.0
Rohini,28.7041,77.1025,2026-07-31 12:00:00,31.2,69,0.0,12.4,22.2,22.6,6.7,154.0,16.1,334.0
Rohini,28.7041,77.1025,2026-07-31 13:00:00,32.1,65,0.0,13.7,20.8,28.2,6.6,149.0,14.8,333.0
Rohini,28.7041,77.1025,2026-07-31 14:00:00,32.5,65,0.0,10.7,21.7,30.4,7.3,144.0,14.4,348.0
Rohini,28.7041,77.1025,2026-07-31 15:00:00,32.6,64,0.1,10.3,20.7,23.7,8.9,142.0,15.5,391.0
Rohini,28.7041,77.1025,2026-07-31 16:00:00,32.4,64,0.1,9.9,20.2,21.4,11.3,139.0,17.5,451.0
Rohini,28.7041,77.1025,2026-07-31 17:00:00,31.3,72,0.6,10.1,31.5,32.0,19.2,125.0,19.1,500.0
Rohini,28.7041,77.1025,2026-07-31 18:00:00,30.9,75,0.0,7.0,35.2,35.5,24.9,107.0,20.5,532.0
Rohini,28.7041,77.1025,2026-07-31 19:00:00,30.1,79,0.0,8.1,36.7,37.0,32.5,83.0,22.4,552.0
Rohini,28.7041,77.1025,2026-07-31 20:00:00,29.9,81,0.0,8.4,36.3,36.8,37.1,65.0,23.4,554.0
Rohini,28.7041,77.1025,2026-07-31 21:00:00,29.7,82,0.0,10.5,34.9,35.6,36.0,58.0,22.9,528.0
Rohini,28.7041,77.1025,2026-07-31 22:00:00,29.5,83,0.0,10.9,33.4,34.3,31.8,58.0,21.6,483.0
Rohini,28.7041,77.1025,2026-07-31 23:00:00,28.6,83,0.0,11.0,31.2,32.1,27.7,58.0,20.3,438.0
Rohini,28.7041,77.1025,2026-08-01 00:00:00,28.5,86,0.0,10.1,28.6,29.5,24.4,59.0,19.2,395.0
Rohini,28.7041,77.1025,2026-08-01 01:00:00,27.5,91,0.6,11.3,41.2,157.9,21.2,61.0,18.2,353.0
Rohini,28.7041,77.1025,2026-08-01 02:00:00,27.5,91,0.2,10.9,49.4,225.8,18.9,62.0,17.7,322.0
Rohini,28.7041,77.1025,2026-08-01 03:00:00,27.6,89,0.0,11.2,52.9,252.4,18.2,59.0,17.9,306.0
Rohini,28.7041,77.1025,2026-08-01 04:00:00,27.5,88,0.0,10.3,52.4,243.1,18.4,56.0,18.6,302.0
Rohini,28.7041,77.1025,2026-08-01 05:00:00,27.5,91,0.0,10.4,25.5,26.5,18.9,55.0,19.4,313.0
Rohini,28.7041,77.1025,2026-08-01 06:00:00,27.5,90,0.0,11.1,26.8,27.8,18.5,62.0,19.7,352.0
Rohini,28.7041,77.1025,2026-08-01 07:00:00,27.6,86,0.1,12.7,27.5,28.6,17.8,73.0,20.0,406.0
Rohini,28.7041,77.1025,2026-08-01 08:00:00,28.4,81,0.0,14.5,26.4,27.4,16.4,88.0,20.4,438.0
Rohini,28.7041,77.1025,2026-08-01 09:00:00,29.7,77,0.0,12.5,25.3,26.0,13.7,112.0,20.8,426.0
Rohini,28.7041,77.1025,2026-08-01 10:00:00,30.8,70,0.1,11.4,34.8,117.8,10.2,140.0,21.1,393.0
Rohini,28.7041,77.1025,2026-08-01 11:00:00,31.9,65,0.2,11.8,27.6,44.8,7.8,162.0,21.4,364.0
Rohini,28.7041,77.1025,2026-08-01 12:00:00,32.7,62,0.1,11.5,30.2,61.0,7.0,172.0,21.4,342.0
Rohini,28.7041,77.1025,2026-08-01 13:00:00,33.2,64,0.0,11.7,30.5,38.1,7.2,175.0,21.4,325.0
Rohini,28.7041,77.1025,2026-08-01 14:00:00,30.7,74,0.9,13.1,30.0,33.6,8.1,173.0,21.4,333.0
Rohini,28.7041,77.1025,2026-08-01 15:00:00,30.5,79,0.2,8.9,29.5,31.3,9.5,168.0,21.6,386.0
Rohini,28.7041,77.1025,2026-08-01 16:00:00,31.1,76,0.0,8.5,28.8,29.8,11.6,157.0,22.0,464.0
Rohini,28.7041,77.1025,2026-08-01 17:00:00,31.1,75,0.0,10.6,36.6,55.9,14.6,159.0,21.9,524.0
Rohini,28.7041,77.1025,2026-08-01 18:00:00,30.4,79,0.0,7.1,41.2,53.3,20.8,137.0,22.7,548.0
Rohini,28.7041,77.1025,2026-08-01 19:00:00,29.9,83,0.0,5.3,44.9,51.5,29.2,107.0,23.8,554.0
Rohini,28.7041,77.1025,2026-08-01 20:00:00,29.7,84,0.0,7.2,44.9,48.1,34.8,84.0,24.2,555.0
Rohini,28.7041,77.1025,2026-08-01 21:00:00,29.6,85,0.0,8.5,43.2,44.4,35.2,75.0,23.5,558.0
Rohini,28.7041,77.1025,2026-08-01 22:00:00,29.3,85,0.0,10.5,40.7,41.2,32.8,74.0,22.2,556.0
Rohini,28.7041,77.1025,2026-08-01 23:00:00,27.6,88,0.0,13.0,40.3,40.4,29.7,75.0,20.9,538.0
Rohini,28.7041,77.1025,2026-08-02 00:00:00,27.3,87,0.2,10.9,37.4,37.6,25.8,78.0,19.7,489.0
Rohini,28.7041,77.1025,2026-08-02 01:00:00,27.2,89,0.1,8.1,35.0,35.5,21.1,83.0,18.6,424.0
Rohini,28.7041,77.1025,2026-08-02 02:00:00,27.2,90,0.1,6.1,34.6,35.4,17.8,86.0,17.9,376.0
Rohini,28.7041,77.1025,2026-08-02 03:00:00,27.0,92,0.0,6.5,35.3,36.6,17.0,82.0,17.8,356.0
Rohini,28.7041,77.1025,2026-08-02 04:00:00,27.0,93,0.0,6.5,35.9,37.5,17.6,76.0,18.3,352.0
Rohini,28.7041,77.1025,2026-08-02 05:00:00,27.6,95,0.0,6.5,44.2,45.3,22.8,62.0,22.8,364.0
Rohini,28.7041,77.1025,2026-08-02 06:00:00,27.3,95,0.1,13.2,45.2,46.4,22.0,71.0,25.0,406.0
Rohini,28.7041,77.1025,2026-08-02 07:00:00,27.5,92,0.0,9.9,43.0,44.9,20.7,85.0,27.9,463.0
Rohini,28.7041,77.1025,2026-08-02 08:00:00,28.9,84,0.0,9.5,39.3,69.8,18.5,105.0,29.7,489.0
Rohini,28.7041,77.1025,2026-08-02 09:00:00,30.5,77,0.0,9.0,39.9,79.6,14.7,135.0,29.5,453.0
Rohini,28.7041,77.1025,2026-08-02 10:00:00,32.0,69,0.1,8.7,38.1,61.9,9.9,171.0,28.3,386.0
Rohini,28.7041,77.1025,2026-08-02 11:00:00,33.8,56,0.1,7.7,37.7,53.8,6.5,197.0,26.7,333.0
Rohini,28.7041,77.1025,2026-08-02 12:00:00,34.0,57,0.2,8.6,36.3,47.4,5.0,205.0,24.7,309.0
Rohini,28.7041,77.1025,2026-08-02 13:00:00,33.6,58,0.5,10.7,34.5,42.0,4.9,203.0,22.3,299.0
Rohini,28.7041,77.1025,2026-08-02 14:00:00,33.0,64,0.9,9.2,35.3,40.6,5.8,197.0,20.9,300.0
Rohini,28.7041,77.1025,2026-08-02 15:00:00,33.2,62,0.2,8.2,36.9,40.5,7.7,189.0,21.0,303.0
Rohini,28.7041,77.1025,2026-08-02 16:00:00,33.3,62,0.1,8.1,35.6,38.2,10.7,177.0,22.0,317.0
Rohini,28.7041,77.1025,2026-08-02 17:00:00,30.1,80,0.1,10.5,29.8,30.6,16.0,139.0,21.2,364.0
Rohini,28.7041,77.1025,2026-08-02 18:00:00,29.0,85,0.1,10.3,33.8,34.7,21.0,120.0,21.9,482.0
Rohini,28.7041,77.1025,2026-08-02 19:00:00,26.9,95,4.4,7.9,37.7,38.4,27.9,94.0,22.9,633.0
Rohini,28.7041,77.1025,2026-08-02 20:00:00,27.3,95,0.9,6.9,36.8,37.4,32.4,73.0,23.3,732.0
Rohini,28.7041,77.1025,2026-08-02 21:00:00,27.6,95,0.2,7.2,37.0,37.7,32.4,64.0,22.7,734.0
Rohini,28.7041,77.1025,2026-08-02 22:00:00,27.6,96,0.0,7.9,38.4,39.3,30.0,61.0,21.6,682.0
Rohini,28.7041,77.1025,2026-08-02 23:00:00,28.9,93,0.0,5.6,37.4,38.5,27.4,60.0,20.5,622.0
Rohini,28.7041,77.1025,2026-08-03 00:00:00,28.6,94,0.0,7.0,35.6,37.3,25.0,61.0,19.6,559.0
Rohini,28.7041,77.1025,2026-08-03 01:00:00,28.4,95,0.0,6.7,34.5,36.6,22.4,64.0,18.7,486.0
Rohini,28.7041,77.1025,2026-08-03 02:00:00,28.1,95,0.0,8.8,32.6,35.0,20.6,66.0,18.1,430.0
Rohini,28.7041,77.1025,2026-08-03 03:00:00,27.8,94,0.0,7.0,28.8,31.5,20.0,64.0,17.7,388.0
Rohini,28.7041,77.1025,2026-08-03 04:00:00,27.5,94,0.0,7.5,27.0,29.7,20.2,60.0,17.6,362.0
Rohini,28.7041,77.1025,2026-08-03 05:00:00,27.2,94,0.0,7.1,25.8,27.9,21.2,52.0,18.8,384.0
Rohini,28.7041,77.1025,2026-08-03 06:00:00,25.7,98,2.6,7.2,28.9,31.5,22.7,54.0,22.1,503.0
Rohini,28.7041,77.1025,2026-08-03 07:00:00,26.1,97,1.4,3.7,31.3,34.3,24.5,58.0,26.6,668.0
Rohini,28.7041,77.1025,2026-08-03 08:00:00,27.3,93,0.9,3.8,31.1,33.8,24.5,70.0,29.7,765.0
Rohini,28.7041,77.1025,2026-08-03 09:00:00,28.9,88,0.4,4.5,30.9,32.9,20.8,97.0,30.3,724.0
Rohini,28.7041,77.1025,2026-08-03 10:00:00,30.2,83,0.2,5.0,29.9,31.8,15.4,132.0,29.4,614.0
Rohini,28.7041,77.1025,2026-08-03 11:00:00,32.1,71,0.2,6.5,31.7,33.5,11.3,158.0,28.2,521.0
Rohini,28.7041,77.1025,2026-08-03 12:00:00,33.1,66,0.1,7.8,31.3,32.8,9.6,169.0,26.6,474.0
Rohini,28.7041,77.1025,2026-08-03 13:00:00,33.4,66,0.0,7.7,30.7,32.0,9.4,171.0,24.6,445.0
Rohini,28.7041,77.1025,2026-08-03 14:00:00,33.5,65,0.0,7.3,32.2,33.4,11.0,167.0,23.0,434.0
Rohini,28.7041,77.1025,2026-08-03 15:00:00,29.0,85,4.6,3.8,31.9,32.8,14.6,155.0,21.7,426.0
Rohini,28.7041,77.1025,2026-08-03 16:00:00,29.7,83,0.6,1.9,31.3,32.0,20.0,136.0,20.8,435.0
Rohini,28.7041,77.1025,2026-08-03 17:00:00,32.9,69,0.1,8.7,44.6,45.8,22.0,140.0,20.1,509.0
Rohini,28.7041,77.1025,2026-08-03 18:00:00,27.8,92,7.4,10.3,48.3,49.0,34.1,116.0,24.4,710.0
Rohini,28.7041,77.1025,2026-08-03 19:00:00,27.6,96,3.3,4.1,57.0,57.4,50.9,82.0,30.4,975.0
Rohini,28.7041,77.1025,2026-08-03 20:00:00,27.7,93,1.2,5.2,65.7,65.9,63.9,55.0,35.3,1159.0
Rohini,28.7041,77.1025,2026-08-03 21:00:00,27.1,94,5.4,2.8,70.8,71.0,70.5,39.0,38.2,1204.0
Rohini,28.7041,77.1025,2026-08-03 22:00:00,26.9,96,1.8,5.0,78.5,78.7,73.2,29.0,40.0,1169.0
Rohini,28.7041,77.1025,2026-08-03 23:00:00,26.7,96,0.6,7.8,76.4,76.6,71.6,25.0,40.3,1087.0
Rohini,28.7041,77.1025,2026-08-04 00:00:00,26.8,96,0.9,6.6,75.2,75.4,63.2,29.0,38.4,943.0
Rohini,28.7041,77.1025,2026-08-04 01:00:00,26.9,97,0.4,7.5,63.6,63.8,50.4,39.0,35.1,753.0
Rohini,28.7041,77.1025,2026-08-04 02:00:00,26.9,97,0.2,5.6,54.9,55.3,39.7,47.0,31.7,595.0
Rohini,28.7041,77.1025,2026-08-04 03:00:00,26.9,97,0.1,4.8,45.4,45.6,33.2,51.0,28.5,492.0
Rohini,28.7041,77.1025,2026-08-04 04:00:00,26.9,97,0.1,4.8,38.3,38.4,28.7,54.0,25.3,421.0
Rohini,28.7041,77.1025,2026-08-04 05:00:00,26.6,96,0.0,4.5,36.2,36.4,23.9,61.0,22.1,398.0
Rohini,28.7041,77.1025,2026-08-04 06:00:00,26.4,97,2.4,8.5,35.9,36.2,25.6,63.0,24.7,454.0
Rohini,28.7041,77.1025,2026-08-04 07:00:00,26.7,95,2.2,4.5,31.5,32.0,27.8,66.0,28.3,558.0
Rohini,28.7041,77.1025,2026-08-04 08:00:00,27.1,95,1.1,5.8,27.3,27.8,28.3,75.0,31.2,626.0
Rohini,28.7041,77.1025,2026-08-04 09:00:00,28.1,88,0.7,4.6,26.3,27.0,25.7,96.0,32.9,607.0
Rohini,28.7041,77.1025,2026-08-04 10:00:00,28.7,86,0.8,4.3,27.6,28.5,21.6,123.0,33.8,552.0
Rohini,28.7041,77.1025,2026-08-04 11:00:00,27.1,94,3.4,1.0,28.4,29.3,18.1,143.0,34.0,532.0
Rohini,28.7041,77.1025,2026-08-04 12:00:00,27.5,93,1.6,8.0,27.7,28.6,15.7,152.0,32.7,586.0
Rohini,28.7041,77.1025,2026-08-04 13:00:00,27.5,93,1.0,7.0,27.1,28.1,14.0,155.0,30.7,674.0
Rohini,28.7041,77.1025,2026-08-04 14:00:00,27.9,91,0.5,6.3,27.1,28.1,14.3,154.0,29.7,749.0
Rohini,28.7041,77.1025,2026-08-04 15:00:00,29.0,85,0.3,4.8,27.8,28.8,16.8,152.0,30.9,780.0
Rohini,28.7041,77.1025,2026-08-04 16:00:00,29.8,80,0.1,3.6,36.9,38.3,21.3,147.0,33.2,799.0
Rohini,28.7041,77.1025,2026-08-04 17:00:00,27.7,94,0.0,4.2,33.1,33.8,46.4,101.0,46.8,848.0
Rohini,28.7041,77.1025,2026-08-04 18:00:00,27.6,95,1.3,2.7,37.8,38.4,55.5,85.0,49.3,981.0
Rohini,28.7041,77.1025,2026-08-04 19:00:00,27.4,96,0.5,0.7,51.9,52.4,68.0,62.0,52.6,1146.0
Rohini,28.7041,77.1025,2026-08-04 20:00:00,27.4,96,0.2,0.6,62.2,62.4,77.2,43.0,54.5,1227.0
Rohini,28.7041,77.1025,2026-08-04 21:00:00,27.4,97,0.1,0.5,68.5,68.7,80.4,31.0,54.0,1144.0
Rohini,28.7041,77.1025,2026-08-04 22:00:00,27.3,97,0.0,0.8,76.1,76.6,80.3,23.0,52.1,978.0
Rohini,28.7041,77.1025,2026-08-04 23:00:00,27.8,95,0.0,1.5,75.2,75.4,78.2,19.0,49.8,856.0
Rohini,28.7041,77.1025,2026-08-05 00:00:00,27.3,98,0.0,1.7,65.9,66.1,73.7,20.0,47.1,845.0
Rohini,28.7041,77.1025,2026-08-05 01:00:00,27.3,98,0.0,1.3,60.1,60.3,67.2,24.0,43.9,879.0
Rohini,28.7041,77.1025,2026-08-05 02:00:00,27.2,98,0.0,1.2,57.7,58.0,61.5,27.0,40.9,889.0
Rohini,28.7041,77.1025,2026-08-05 03:00:00,27.0,95,0.0,1.5,56.6,56.8,57.8,24.0,37.9,830.0
Rohini,28.7041,77.1025,2026-08-05 04:00:00,26.7,96,0.3,1.6,55.9,56.1,54.9,19.0,35.1,746.0
Rohini,28.7041,77.1025,2026-08-05 05:00:00,26.2,96,0.1,2.3,71.9,72.4,59.6,18.0,41.7,707.0
Rohini,28.7041,77.1025,2026-08-05 06:00:00,26.6,95,0.2,0.8,68.2,68.7,53.9,31.0,41.0,773.0
Rohini,28.7041,77.1025,2026-08-05 07:00:00,27.2,92,0.0,0.5,57.9,58.3,45.8,51.0,40.1,882.0
Rohini,28.7041,77.1025,2026-08-05 08:00:00,28.6,85,0.0,1.7,47.6,48.1,37.8,76.0,39.4,919.0
Rohini,28.7041,77.1025,2026-08-05 09:00:00,30.4,74,0.0,4.4,37.6,38.4,30.4,113.0,39.8,806.0
Rohini,28.7041,77.1025,2026-08-05 10:00:00,31.6,66,0.0,5.7,35.7,36.7,23.2,155.0,40.5,620.0
Rohini,28.7041,77.1025,2026-08-05 11:00:00,32.5,64,0.1,5.2,37.6,38.8,17.4,188.0,39.7,478.0
Rohini,28.7041,77.1025,2026-08-05 12:00:00,31.8,65,0.0,5.8,40.0,41.4,13.5,205.0,36.2,426.0
Rohini,28.7041,77.1025,2026-08-05 13:00:00,32.4,63,0.0,6.1,43.0,44.4,11.1,212.0,31.3,416.0
Rohini,28.7041,77.1025,2026-08-05 14:00:00,32.9,60,0.0,6.9,49.7,80.8,10.1,211.0,27.1,425.0
Rohini,28.7041,77.1025,2026-08-05 15:00:00,33.5,59,0.0,6.4,42.8,52.5,9.3,204.0,24.0,437.0
Rohini,28.7041,77.1025,2026-08-05 16:00:00,33.3,60,0.0,5.6,39.3,45.8,9.8,190.0,21.6,466.0
Rohini,28.7041,77.1025,2026-08-05 17:00:00,30.8,78,0.2,6.6,46.1,54.0,18.9,160.0,21.2,532.0
Rohini,28.7041,77.1025,2026-08-05 18:00:00,29.1,86,0.2,7.2,54.0,59.3,33.4,130.0,23.6,656.0
Rohini,28.7041,77.1025,2026-08-05 19:00:00,28.6,89,0.0,7.2,64.5,67.8,53.4,89.0,27.1,817.0
Rohini,28.7041,77.1025,2026-08-05 20:00:00,28.5,89,0.0,6.7,65.2,68.0,68.4,56.0,30.3,963.0
Rohini,28.7041,77.1025,2026-08-05 21:00:00,28.3,90,0.0,6.3,65.7,69.2,74.3,40.0,33.5,1104.0
Rohini,28.7041,77.1025,2026-08-05 22:00:00,28.2,91,0.0,4.9,70.1,74.3,75.2,32.0,36.3,1231.0
Rohini,28.7041,77.1025,2026-08-05 23:00:00,27.8,97,0.0,4.8,74.7,79.6,72.5,29.0,37.1,1268.0
Rohini,28.7041,77.1025,2026-08-06 00:00:00,27.8,96,1.7,8.0,70.5,74.7,64.9,33.0,33.8,1149.0
Rohini,28.7041,77.1025,2026-08-06 01:00:00,27.2,95,1.8,7.0,61.2,64.5,53.7,42.0,28.3,940.0
Rohini,28.7041,77.1025,2026-08-06 02:00:00,27.0,96,0.5,4.4,62.4,64.7,44.4,50.0,24.6,763.0
Rohini,28.7041,77.1025,2026-08-06 03:00:00,26.7,97,0.0,5.6,60.5,62.9,38.5,55.0,24.1,653.0
Rohini,28.7041,77.1025,2026-08-06 04:00:00,26.5,95,0.0,8.5,57.7,60.5,34.5,58.0,25.3,576.0
Rohini,28.7041,77.1025,2026-08-06 05:00:00,27.3,94,0.0,5.5,68.7,71.7,47.3,47.0,44.8,551.0
Rohini,28.7041,77.1025,2026-08-06 06:00:00,27.3,94,0.7,4.1,70.3,72.6,49.3,48.0,46.4,616.0
Rohini,28.7041,77.1025,2026-08-06 07:00:00,27.9,90,0.1,5.1,75.0,76.4,51.7,50.0,48.6,733.0
Rohini,28.7041,77.1025,2026-08-06 08:00:00,28.5,82,0.1,6.8,70.1,71.2,51.5,58.0,49.4,812.0
Rohini,28.7041,77.1025,2026-08-06 09:00:00,27.7,88,1.9,5.9,54.6,55.3,45.9,78.0,47.6,811.0
Rohini,28.7041,77.1025,2026-08-06 10:00:00,27.3,89,2.2,6.3,45.3,46.4,37.7,104.0,44.5,771.0
Rohini,28.7041,77.1025,2026-08-06 11:00:00,27.4,83,1.6,5.1,44.6,46.7,31.8,123.0,42.2,728.0
Rohini,28.7041,77.1025,2026-08-06 12:00:00,27.1,86,1.3,1.6,44.9,48.8,30.0,131.0,42.3,685.0
Rohini,28.7041,77.1025,2026-08-06 13:00:00,27.2,87,1.0,1.3,47.4,52.7,30.5,133.0,43.2,639.0
Rohini,28.7041,77.1025,2026-08-06 14:00:00,27.3,87,0.3,4.0,51.9,68.2,33.0,129.0,42.9,610.0
Rohini,28.7041,77.1025,2026-08-06 15:00:00,27.3,86,0.0,4.2,50.9,62.2,38.8,116.0,40.0,606.0
Rohini,28.7041,77.1025,2026-08-06 16:00:00,27.3,84,0.1,4.7,57.6,67.1,46.6,98.0,35.9,619.0
Rohini,28.7041,77.1025,2026-08-06 17:00:00,28.2,82,0.0,7.8,31.8,33.3,51.4,62.0,24.6,652.0
Rohini,28.7041,77.1025,2026-08-06 18:00:00,27.6,90,0.5,6.9,32.7,33.6,53.5,53.0,25.1,726.0
Rohini,28.7041,77.1025,2026-08-06 19:00:00,27.2,94,0.4,5.8,34.8,35.6,56.4,41.0,25.9,819.0
Rohini,28.7041,77.1025,2026-08-06 20:00:00,26.9,95,0.0,6.6,37.0,38.0,57.7,32.0,26.0,869.0
Rohini,28.7041,77.1025,2026-08-06 21:00:00,26.9,95,0.0,6.4,37.6,38.5,56.7,27.0,25.3,840.0
Rohini,28.7041,77.1025,2026-08-06 22:00:00,26.8,95,0.0,3.4,39.1,40.0,54.1,24.0,24.1,769.0
Rohini,28.7041,77.1025,2026-08-06 23:00:00,27.0,93,0.0,8.4,39.9,41.0,50.3,24.0,22.4,701.0
Rohini,28.7041,77.1025,2026-08-07 00:00:00,26.2,95,0.5,8.8,36.6,37.7,44.6,28.0,19.8,655.0
Rohini,28.7041,77.1025,2026-08-07 01:00:00,26.0,96,1.1,5.4,34.7,35.9,37.6,34.0,16.8,613.0
Rohini,28.7041,77.1025,2026-08-07 02:00:00,26.0,97,0.6,5.1,31.8,32.2,31.3,41.0,14.1,565.0
Rohini,28.7041,77.1025,2026-08-07 03:00:00,26.0,97,0.0,4.2,28.5,28.7,25.6,48.0,11.9,491.0
Rohini,28.7041,77.1025,2026-08-07 04:00:00,25.8,98,0.0,5.6,25.6,25.7,20.7,56.0,10.1,411.0
Rohini,28.7041,77.1025,2026-08-07 05:00:00,26.8,96,1.0,6.0,35.0,35.2,23.4,50.0,16.3,381.0
Rohini,28.7041,77.1025,2026-08-07 06:00:00,26.7,97,1.1,6.7,36.9,37.1,25.4,57.0,18.0,453.0
Rohini,28.7041,77.1025,2026-08-07 07:00:00,26.3,95,2.0,5.4,38.4,38.6,28.0,67.0,20.3,575.0
Rohini,28.7041,77.1025,2026-08-07 08:00:00,26.9,95,3.9,7.8,43.3,43.5,28.4,78.0,21.6,648.0
Rohini,28.7041,77.1025,2026-08-07 09:00:00,27.0,94,3.4,8.4,49.0,49.1,24.4,91.0,21.0,620.0
Rohini,28.7041,77.1025,2026-08-07 10:00:00,27.7,92,1.4,8.1,32.5,32.7,18.2,105.0,19.5,543.0
Rohini,28.7041,77.1025,2026-08-07 11:00:00,28.5,83,7.1,11.5,26.7,27.0,14.1,116.0,18.2,477.0
Rohini,28.7041,77.1025,2026-08-07 12:00:00,26.8,91,9.5,14.8,26.7,26.9,13.6,122.0,17.5,429.0
Rohini,28.7041,77.1025,2026-08-07 13:00:00,26.7,95,6.5,12.3,25.8,26.0,15.2,124.0,16.9,391.0
Rohini,28.7041,77.1025,2026-08-07 14:00:00,27.2,95,1.1,14.1,28.1,28.3,18.6,120.0,16.8,400.0
Rohini,28.7041,77.1025,2026-08-07 15:00:00,27.4,92,0.5,13.3,29.2,29.4,24.3,107.0,17.0,499.0
Rohini,28.7041,77.1025,2026-08-07 16:00:00,27.5,89,1.3,14.1,29.0,29.3,31.7,88.0,17.6,645.0
Rohini,28.7041,77.1025,2026-08-07 17:00:00,26.9,94,2.0,10.2,34.6,35.2,31.1,86.0,15.9,746.0
Rohini,28.7041,77.1025,2026-08-07 18:00:00,26.8,94,0.9,10.2,35.6,36.2,32.0,80.0,15.4,758.0
Rohini,28.7041,77.1025,2026-08-07 19:00:00,26.2,95,0.6,8.1,36.0,36.4,33.1,73.0,14.8,725.0
Rohini,28.7041,77.1025,2026-08-07 20:00:00,26.3,95,1.4,8.9,34.7,35.2,33.7,66.0,14.6,689.0
Rohini,28.7041,77.1025,2026-08-07 21:00:00,26.0,96,1.8,12.1,35.2,35.5,33.2,62.0,15.3,667.0
Rohini,28.7041,77.1025,2026-08-07 22:00:00,25.9,97,5.2,10.6,36.3,36.6,32.2,59.0,16.3,643.0
Rohini,28.7041,77.1025,2026-08-07 23:00:00,26.3,97,6.3,7.2,37.7,38.0,30.8,57.0,17.1,607.0
Rohini,28.7041,77.1025,2026-08-08 00:00:00,26.1,97,5.5,8.0,38.3,38.5,28.9,56.0,17.1,549.0
Rohini,28.7041,77.1025,2026-08-08 01:00:00,25.8,96,1.5,10.7,39.6,39.7,26.7,55.0,16.9,479.0
Rohini,28.7041,77.1025,2026-08-08 02:00:00,25.5,96,0.5,9.9,41.4,41.6,25.2,54.0,16.9,427.0
Rohini,28.7041,77.1025,2026-08-08 03:00:00,25.1,97,8.5,8.1,41.9,42.1,25.4,49.0,17.4,393.0
Rohini,28.7041,77.1025,2026-08-08 04:00:00,24.8,98,9.6,7.1,43.9,44.0,26.3,43.0,18.1,376.0
Rohini,28.7041,77.1025,2026-08-08 05:00:00,26.1,95,2.1,5.4,44.9,45.5,23.6,50.0,20.5,400.0
Rohini,28.7041,77.1025,2026-08-08 06:00:00,25.5,96,5.1,7.6,47.4,48.1,23.3,58.0,21.5,513.0
Rohini,28.7041,77.1025,2026-08-08 07:00:00,25.8,96,0.8,9.4,47.5,48.7,22.8,70.0,22.9,667.0
Rohini,28.7041,77.1025,2026-08-08 08:00:00,27.4,92,0.3,7.3,44.2,45.9,21.1,87.0,23.4,744.0
Rohini,28.7041,77.1025,2026-08-08 09:00:00,29.4,84,0.1,8.3,39.0,41.4,16.9,113.0,22.2,662.0
Rohini,28.7041,77.1025,2026-08-08 10:00:00,30.9,78,0.1,13.1,35.7,38.8,11.6,143.0,20.2,503.0
Rohini,28.7041,77.1025,2026-08-08 11:00:00,31.0,77,0.1,10.5,37.8,41.3,8.0,165.0,18.9,391.0
Rohini,28.7041,77.1025,2026-08-08 12:00:00,30.5,77,1.2,9.0,36.1,38.8,7.5,172.0,19.0,379.0
Rohini,28.7041,77.1025,2026-08-08 13:00:00,32.2,70,0.0,10.9,43.4,45.9,8.7,171.0,19.8,414.0
Rohini,28.7041,77.1025,2026-08-08 14:00:00,29.9,79,1.3,9.0,39.7,41.6,10.9,168.0,20.9,462.0
Rohini,28.7041,77.1025,2026-08-08 15:00:00,32.0,69,0.0,5.0,37.1,38.4,12.6,167.0,22.0,495.0
Rohini,28.7041,77.1025,2026-08-08 16:00:00,32.0,69,0.1,6.8,36.6,37.5,15.2,163.0,23.4,541.0
Rohini,28.7041,77.1025,2026-08-08 17:00:00,30.7,80,0.2,5.1,36.3,49.4,21.2,145.0,20.7,648.0
Rohini,28.7041,77.1025,2026-08-08 18:00:00,30.4,78,0.0,7.1,42.8,49.5,33.8,118.0,23.3,895.0
Rohini,28.7041,77.1025,2026-08-08 19:00:00,29.4,83,0.0,4.2,48.3,52.7,50.9,80.0,26.7,1204.0
Rohini,28.7041,77.1025,2026-08-08 20:00:00,28.9,87,0.0,2.7,56.5,60.8,61.0,54.0,28.7,1383.0
Rohini,28.7041,77.1025,2026-08-08 21:00:00,28.6,89,0.0,2.4,56.7,61.5,57.5,51.0,28.0,1314.0
Rohini,28.7041,77.1025,2026-08-08 22:00:00,28.3,90,0.0,3.6,49.4,56.1,47.1,59.0,25.9,1116.0
Rohini,28.7041,77.1025,2026-08-08 23:00:00,28.3,92,0.0,5.5,47.1,53.8,38.3,65.0,23.8,957.0
Rohini,28.7041,77.1025,2026-08-09 00:00:00,27.8,93,0.3,4.3,48.4,53.3,34.1,64.0,22.1,912.0
Rohini,28.7041,77.1025,2026-08-09 01:00:00,27.6,93,0.2,5.8,47.6,50.8,31.5,61.0,20.5,906.0
Rohini,28.7041,77.1025,2026-08-09 02:00:00,27.6,93,0.1,7.7,45.4,47.0,29.6,58.0,19.6,878.0
Rohini,28.7041,77.1025,2026-08-09 03:00:00,27.0,92,0.1,11.1,44.0,44.6,28.5,52.0,19.6,788.0
Rohini,28.7041,77.1025,2026-08-09 04:00:00,26.7,92,0.0,9.2,43.8,43.9,28.0,46.0,20.3,678.0
Rohini,28.7041,77.1025,2026-08-09 05:00:00,25.3,95,0.0,6.7,53.6,54.2,37.6,34.0,21.7,607.0
Rohini,28.7041,77.1025,2026-08-09 06:00:00,25.8,94,0.1,6.4,50.8,51.1,33.2,51.0,24.1,622.0
Rohini,28.7041,77.1025,2026-08-09 07:00:00,27.1,92,0.0,3.3,46.1,46.2,26.9,76.0,27.4,677.0
Rohini,28.7041,77.1025,2026-08-09 08:00:00,28.9,85,0.0,4.4,42.1,42.3,20.9,105.0,29.5,698.0
Rohini,28.7041,77.1025,2026-08-09 09:00:00,30.7,77,0.0,5.8,38.2,38.4,15.5,140.0,29.2,644.0
Rohini,28.7041,77.1025,2026-08-09 10:00:00,31.9,73,0.1,7.5,37.5,37.7,10.3,179.0,27.6,556.0
Rohini,28.7041,77.1025,2026-08-09 11:00:00,32.9,63,0.0,8.9,36.9,37.1,6.6,208.0,26.2,486.0
Rohini,28.7041,77.1025,2026-08-09 12:00:00,32.9,66,0.1,7.6,36.6,37.0,5.0,221.0,25.1,451.0
Rohini,28.7041,77.1025,2026-08-09 13:00:00,33.2,65,0.1,5.7,41.6,71.0,4.8,225.0,24.2,433.0
Rohini,28.7041,77.1025,2026-08-09 14:00:00,33.7,62,0.1,3.6,42.0,65.2,5.6,228.0,24.5,428.0
Rohini,28.7041,77.1025,2026-08-09 15:00:00,33.7,63,0.1,1.3,41.2,57.6,5.3,239.0,26.4,419.0
Rohini,28.7041,77.1025,2026-08-09 16:00:00,33.7,62,0.0,2.4,41.3,54.6,5.8,248.0,29.4,422.0
Rohini,28.7041,77.1025,2026-08-09 17:00:00,34.0,60,0.4,1.5,48.0,48.4,13.1,184.0,23.8,483.0
Rohini,28.7041,77.1025,2026-08-09 18:00:00,31.9,75,0.1,6.7,60.5,61.0,39.8,143.0,32.0,640.0
Rohini,28.7041,77.1025,2026-08-09 19:00:00,30.6,77,0.0,7.2,83.4,83.8,76.6,86.0,43.3,856.0
Rohini,28.7041,77.1025,2026-08-09 20:00:00,30.1,81,0.0,4.3,107.8,108.0,103.6,41.0,51.8,1059.0
Rohini,28.7041,77.1025,2026-08-09 21:00:00,30.0,82,0.0,4.9,128.1,128.1,113.6,20.0,55.8,1244.0
Rohini,28.7041,77.1025,2026-08-09 22:00:00,29.8,83,0.0,5.9,140.6,140.6,113.8,12.0,56.9,1417.0
Rohini,28.7041,77.1025,2026-08-09 23:00:00,30.3,81,0.0,6.5,130.4,130.4,106.2,12.0,55.0,1526.0
Rohini,28.7041,77.1025,2026-08-10 00:00:00,28.2,89,0.4,5.9,100.1,100.4,86.6,23.0,48.1,1544.0
Rohini,28.7041,77.1025,2026-08-10 01:00:00,26.5,94,1.4,10.3,74.3,74.5,59.2,42.0,38.0,1499.0
Rohini,28.7041,77.1025,2026-08-10 02:00:00,26.7,93,0.1,7.6,59.1,59.3,38.2,55.0,29.9,1422.0
Rohini,28.7041,77.1025,2026-08-10 03:00:00,26.9,93,0.0,4.0,53.0,53.1,30.2,55.0,25.5,1307.0
Rohini,28.7041,77.1025,2026-08-10 04:00:00,27.0,93,0.2,6.1,50.3,50.4,28.7,50.0,23.2,1160.0
Rohini,28.7041,77.1025,2026-08-10 05:00:00,27.2,94,0.4,5.2,37.8,38.0,21.6,71.0,21.6,1029.0
Rohini,28.7041,77.1025,2026-08-10 06:00:00,26.8,95,1.7,8.0,36.0,36.2,24.4,69.0,23.2,930.0
Rohini,28.7041,77.1025,2026-08-10 07:00:00,27.3,94,0.3,9.0,32.4,32.6,28.0,68.0,25.5,846.0
Rohini,28.7041,77.1025,2026-08-10 08:00:00,28.4,86,0.0,5.0,29.9,30.0,29.5,76.0,28.1,776.0
Rohini,28.7041,77.1025,2026-08-10 09:00:00,29.7,80,0.0,7.1,28.9,29.1,26.8,103.0,31.2,720.0
Rohini,28.7041,77.1025,2026-08-10 10:00:00,31.1,75,0.0,5.8,30.6,30.7,21.9,140.0,34.6,677.0
Rohini,28.7041,77.1025,2026-08-10 11:00:00,32.2,70,0.1,5.8,31.5,33.1,18.2,168.0,37.1,643.0
Rohini,28.7041,77.1025,2026-08-10 12:00:00,33.5,66,0.2,2.9,32.9,36.9,16.6,180.0,38.1,617.0
Rohini,28.7041,77.1025,2026-08-10 13:00:00,33.1,69,0.5,2.2,36.2,60.8,16.1,184.0,38.3,600.0
Rohini,28.7041,77.1025,2026-08-10 14:00:00,27.4,91,13.6,7.3,37.8,47.7,17.5,180.0,38.3,589.0
Rohini,28.7041,77.1025,2026-08-10 15:00:00,26.9,93,5.6,2.5,39.6,47.5,21.0,168.0,38.1,567.0
Rohini,28.7041,77.1025,2026-08-10 16:00:00,27.7,92,1.2,1.6,40.5,46.2,26.4,149.0,37.7,552.0
Rohini,28.7041,77.1025,2026-08-10 17:00:00,29.8,82,0.0,9.5,52.5,54.4,27.9,144.0,27.2,595.0
Rohini,28.7041,77.1025,2026-08-10 18:00:00,29.5,84,0.0,6.8,56.9,57.6,34.0,120.0,27.6,763.0
Rohini,28.7041,77.1025,2026-08-10 19:00:00,29.0,87,0.0,7.2,58.8,59.0,42.4,88.0,28.1,990.0
Rohini,28.7041,77.1025,2026-08-10 20:00:00,28.8,89,0.0,6.3,65.0,65.0,48.6,62.0,28.8,1128.0
Rohini,28.7041,77.1025,2026-08-10 21:00:00,28.7,89,0.0,5.4,70.8,71.0,51.0,50.0,29.9,1098.0
Rohini,28.7041,77.1025,2026-08-10 22:00:00,28.4,90,0.0,5.2,77.1,77.5,51.2,45.0,31.1,979.0
Rohini,28.7041,77.1025,2026-08-10 23:00:00,28.2,95,0.2,8.7,77.3,77.8,49.7,43.0,31.5,858.0
Rohini,28.7041,77.1025,2026-08-11 00:00:00,27.7,95,0.2,9.9,77.3,77.8,45.7,43.0,30.3,756.0
Rohini,28.7041,77.1025,2026-08-11 01:00:00,27.7,94,0.1,10.1,76.6,77.1,40.0,46.0,28.2,652.0
Rohini,28.7041,77.1025,2026-08-11 02:00:00,27.5,94,0.1,10.6,74.5,75.2,34.9,49.0,26.4,568.0
Rohini,28.7041,77.1025,2026-08-11 03:00:00,27.3,95,0.1,9.6,71.9,72.6,31.2,49.0,25.1,508.0
Rohini,28.7041,77.1025,2026-08-11 04:00:00,27.0,96,0.0,7.3,65.4,65.9,28.1,49.0,24.0,468.0
Rohini,28.7041,77.1025,2026-08-11 05:00:00,27.3,91,0.0,7.9,51.9,52.3,24.2,57.0,24.7,454.0
Rohini,28.7041,77.1025,2026-08-11 06:00:00,27.3,91,0.0,7.3,47.4,47.6,26.4,57.0,25.2,482.0
Rohini,28.7041,77.1025,2026-08-11 07:00:00,28.0,88,0.0,8.7,50.5,50.9,29.3,58.0,26.0,537.0
Rohini,28.7041,77.1025,2026-08-11 08:00:00,29.0,83,0.0,8.0,44.9,45.3,30.0,70.0,27.3,581.0
Rohini,28.7041,77.1025,2026-08-11 09:00:00,29.9,79,0.1,6.4,40.3,40.4,26.4,101.0,29.6,598.0
Rohini,28.7041,77.1025,2026-08-11 10:00:00,30.6,78,0.0,5.4,37.5,37.7,20.7,143.0,32.5,603.0
Rohini,28.7041,77.1025,2026-08-11 11:00:00,30.6,77,0.1,1.3,38.5,38.8,16.2,174.0,34.0,605.0
Rohini,28.7041,77.1025,2026-08-11 12:00:00,28.9,83,2.7,5.6,39.8,40.3,13.8,187.0,33.3,598.0
Rohini,28.7041,77.1025,2026-08-11 13:00:00,27.9,93,2.0,6.9,39.6,39.9,12.8,189.0,31.3,588.0
Rohini,28.7041,77.1025,2026-08-11 14:00:00,28.0,92,2.4,5.6,38.0,38.3,14.1,184.0,29.4,593.0
Rohini,28.7041,77.1025,2026-08-11 15:00:00,28.6,90,0.6,5.9,36.4,36.7,18.2,171.0,27.5,586.0
Rohini,28.7041,77.1025,2026-08-11 16:00:00,29.7,82,0.2,6.3,37.0,37.3,24.7,151.0,25.6,594.0
Rohini,28.7041,77.1025,2026-08-11 17:00:00,30.9,74,0.0,5.7,45.2,45.3,35.7,121.0,26.5,725.0
Rohini,28.7041,77.1025,2026-08-11 18:00:00,30.3,79,0.0,2.9,47.4,47.5,48.4,99.0,29.8,1105.0
Rohini,28.7041,77.1025,2026-08-11 19:00:00,29.5,84,0.1,2.0,58.9,59.0,66.0,68.0,34.5,1607.0
Rohini,28.7041,77.1025,2026-08-11 20:00:00,29.1,87,0.1,2.8,74.7,75.0,80.5,42.0,39.1,1959.0
Rohini,28.7041,77.1025,2026-08-11 21:00:00,28.8,90,0.2,4.0,86.6,86.8,89.1,27.0,43.8,2034.0
Rohini,28.7041,77.1025,2026-08-11 22:00:00,28.4,92,0.0,4.8,102.7,102.9,94.5,16.0,48.5,1958.0
Rohini,28.7041,77.1025,2026-08-11 23:00:00,28.7,88,0.0,4.3,111.3,111.5,96.9,9.0,50.8,1840.0
Rohini,28.7041,77.1025,2026-08-12 00:00:00,28.1,91,0.0,3.0,109.0,109.2,95.8,5.0,49.2,1699.0
Rohini,28.7041,77.1025,2026-08-12 01:00:00,28.3,90,0.0,0.4,110.4,110.6,91.8,4.0,45.3,1514.0
Rohini,28.7041,77.1025,2026-08-12 02:00:00,27.9,92,0.1,3.1,116.9,117.1,86.7,5.0,41.5,1335.0
Rohini,28.7041,77.1025,2026-08-12 03:00:00,27.5,92,0.0,4.9,122.0,122.0,81.1,3.0,38.2,1166.0
Rohini,28.7041,77.1025,2026-08-12 04:00:00,27.2,93,0.0,4.2,114.6,114.6,74.4,3.0,35.0,1002.0
Rohini,28.7041,77.1025,2026-08-12 05:00:00,27.8,95,0.0,1.8,92.2,92.2,66.0,13.0,39.0,873.0
Rohini,28.7041,77.1025,2026-08-12 06:00:00,27.7,95,0.0,3.8,93.6,93.8,56.6,33.0,41.1,802.0
Rohini,28.7041,77.1025,2026-08-12 07:00:00,28.6,92,0.0,3.2,75.0,75.2,43.6,63.0,44.1,766.0
Rohini,28.7041,77.1025,2026-08-12 08:00:00,30.0,82,0.0,2.9,54.5,54.6,32.5,93.0,46.1,722.0
Rohini,28.7041,77.1025,2026-08-12 09:00:00,31.2,75,0.2,3.2,40.4,40.6,25.7,123.0,46.6,644.0
Rohini,28.7041,77.1025,2026-08-12 10:00:00,32.0,71,0.2,2.9,40.6,40.9,20.9,155.0,46.3,557.0
Rohini,28.7041,77.1025,2026-08-12 11:00:00,33.0,64,0.3,4.1,42.8,43.2,17.0,184.0,44.9,499.0
Rohini,28.7041,77.1025,2026-08-12 12:00:00,33.5,62,0.1,2.3,44.6,44.9,13.1,210.0,41.9,485.0
Rohini,28.7041,77.1025,2026-08-12 13:00:00,34.2,60,0.1,1.9,46.4,46.9,10.1,234.0,37.9,500.0
Rohini,28.7041,77.1025,2026-08-12 14:00:00,34.6,59,0.1,0.7,47.7,48.1,9.1,249.0,35.0,527.0
Rohini,28.7041,77.1025,2026-08-12 15:00:00,34.7,59,0.0,0.9,47.7,48.1,7.7,258.0,33.4,521.0
Rohini,28.7041,77.1025,2026-08-12 16:00:00,34.3,60,0.0,1.3,48.8,49.1,8.3,258.0,32.8,528.0
Rohini,28.7041,77.1025,2026-08-12 17:00:00,33.7,63,0.0,4.2,43.9,46.7,20.2,219.0,33.2,673.0
Rohini,28.7041,77.1025,2026-08-12 18:00:00,29.9,83,0.3,12.2,65.4,67.5,38.2,178.0,34.8,1142.0
Rohini,28.7041,77.1025,2026-08-12 19:00:00,28.4,90,0.4,11.0,82.4,85.2,62.7,120.0,36.9,1750.0
Rohini,28.7041,77.1025,2026-08-12 20:00:00,27.6,94,0.4,7.4,85.9,89.2,78.6,76.0,37.7,2061.0
Rohini,28.7041,77.1025,2026-08-12 21:00:00,27.7,95,0.0,6.3,87.3,89.4,78.0,59.0,36.2,1790.0
Rohini,28.7041,77.1025,2026-08-12 22:00:00,27.6,96,0.0,4.9,81.5,81.7,68.9,54.0,33.4,1222.0
Rohini,28.7041,77.1025,2026-08-12 23:00:00,29.4,88,0.0,5.8,77.3,77.3,60.1,52.0,30.9,785.0
Rohini,28.7041,77.1025,2026-08-13 00:00:00,28.9,90,0.0,3.8,66.8,66.8,54.7,48.0,29.1,660.0
Rohini,28.7041,77.1025,2026-08-13 01:00:00,28.6,91,0.0,3.5,61.2,61.2,49.7,46.0,27.6,666.0
Rohini,28.7041,77.1025,2026-08-13 02:00:00,28.3,92,0.0,5.9,55.4,55.4,44.8,45.0,26.0,681.0
Rohini,28.7041,77.1025,2026-08-13 03:00:00,28.1,93,0.0,6.8,47.5,47.5,39.4,45.0,23.9,666.0
Rohini,28.7041,77.1025,2026-08-13 04:00:00,27.7,94,0.0,5.1,41.1,41.2,34.1,46.0,21.8,660.0
Rohini,28.7041,77.1025,2026-08-13 05:00:00,27.6,94,0.0,5.0,51.5,51.5,44.8,27.0,23.1,659.0
Rohini,28.7041,77.1025,2026-08-13 06:00:00,27.3,95,0.2,8.2,50.3,50.9,40.4,47.0,22.8,671.0
Rohini,28.7041,77.1025,2026-08-13 07:00:00,28.2,94,0.4,4.8,47.3,48.7,34.0,76.0,22.5,689.0
Rohini,28.7041,77.1025,2026-08-13 08:00:00,30.3,83,0.0,3.5,44.2,47.8,27.6,108.0,23.4,681.0
Rohini,28.7041,77.1025,2026-08-13 09:00:00,31.7,76,0.0,5.3,46.0,73.8,21.0,147.0,26.9,625.0
Rohini,28.7041,77.1025,2026-08-13 10:00:00,32.7,71,0.0,1.9,44.4,53.9,14.4,188.0,31.6,544.0
Rohini,28.7041,77.1025,2026-08-13 11:00:00,33.4,69,0.1,1.8,42.3,48.9,9.4,219.0,34.0,478.0
Rohini,28.7041,77.1025,2026-08-13 12:00:00,31.2,77,0.8,9.5,41.8,46.7,6.9,232.0,31.9,439.0
Rohini,28.7041,77.1025,2026-08-13 13:00:00,32.5,73,0.8,1.8,39.6,42.8,6.1,234.0,27.4,416.0
Rohini,28.7041,77.1025,2026-08-13 14:00:00,33.3,69,0.0,2.5,37.5,39.6,6.7,228.0,23.6,415.0
Rohini,28.7041,77.1025,2026-08-13 15:00:00,33.8,67,0.1,3.4,37.8,74.5,5.8,217.0,20.5,422.0
Rohini,28.7041,77.1025,2026-08-13 16:00:00,33.8,67,0.0,5.8,41.7,110.8,6.4,198.0,18.0,452.0
Rohini,28.7041,77.1025,2026-08-13 17:00:00,31.4,76,0.0,8.4,37.6,47.1,17.4,167.0,20.9,553.0
Rohini,28.7041,77.1025,2026-08-13 18:00:00,31.0,79,0.0,3.7,46.0,52.7,33.9,132.0,23.6,769.0
Rohini,28.7041,77.1025,2026-08-13 19:00:00,30.4,84,0.0,4.8,54.8,61.9,56.6,84.0,27.5,1056.0
Rohini,28.7041,77.1025,2026-08-13 20:00:00,30.3,84,0.0,3.6,63.6,71.7,73.2,48.0,31.0,1330.0
Rohini,28.7041,77.1025,2026-08-13 21:00:00,30.2,84,0.0,3.2,76.8,86.6,77.9,35.0,33.7,1611.0
Rohini,28.7041,77.1025,2026-08-13 22:00:00,30.0,84,0.0,4.8,83.6,90.8,76.6,34.0,36.2,1878.0
Rohini,28.7041,77.1025,2026-08-13 23:00:00,30.2,87,0.0,2.8,74.0,78.5,73.8,34.0,38.3,1991.0
Rohini,28.7041,77.1025,2026-08-14 00:00:00,29.7,88,0.0,3.6,73.6,75.4,70.6,34.0,40.4,1842.0
Rohini,28.7041,77.1025,2026-08-14 01:00:00,29.4,89,0.0,3.3,72.6,74.0,65.9,36.0,42.1,1537.0
Rohini,28.7041,77.1025,2026-08-14 02:00:00,29.0,90,0.0,4.1,72.4,73.8,62.0,36.0,43.0,1255.0
Rohini,28.7041,77.1025,2026-08-14 03:00:00,28.7,91,0.0,4.1,71.5,73.3,60.1,31.0,42.4,1046.0
Rohini,28.7041,77.1025,2026-08-14 04:00:00,28.5,91,0.0,5.1,71.7,73.6,58.8,24.0,40.9,859.0
Rohini,28.7041,77.1025,2026-08-14 05:00:00,27.6,94,0.0,8.8,61.2,65.9,55.8,20.0,33.4,720.0
Rohini,28.7041,77.1025,2026-08-14 06:00:00,27.5,92,1.1,4.4,59.4,68.2,52.7,25.0,31.8,655.0
Rohini,28.7041,77.1025,2026-08-14 07:00:00,27.1,95,1.7,2.8,51.3,62.9,48.4,33.0,29.8,637.0
Rohini,28.7041,77.1025,2026-08-14 08:00:00,27.3,91,2.8,3.4,48.5,61.7,43.8,46.0,29.1,611.0
Rohini,28.7041,77.1025,2026-08-14 09:00:00,28.2,89,1.1,3.3,43.5,64.5,38.8,67.0,30.8,549.0
Rohini,28.7041,77.1025,2026-08-14 10:00:00,29.5,83,0.2,2.2,42.8,65.2,33.7,93.0,33.9,479.0
Rohini,28.7041,77.1025,2026-08-14 11:00:00,30.6,79,0.0,3.8,40.3,59.8,30.2,116.0,37.3,434.0
Rohini,28.7041,77.1025,2026-08-14 12:00:00,31.3,77,0.4,2.8,38.4,55.1,29.2,133.0,41.1,429.0
Rohini,28.7041,77.1025,2026-08-14 13:00:00,30.6,80,0.5,4.0,38.8,53.8,29.8,146.0,45.3,448.0
Rohini,28.7041,77.1025,2026-08-14 14:00:00,28.2,90,6.6,2.3,39.5,53.0,31.6,153.0,48.9,474.0
Rohini,28.7041,77.1025,2026-08-14 15:00:00,28.2,92,1.3,4.8,39.2,50.6,33.5,155.0,51.4,474.0
Rohini,28.7041,77.1025,2026-08-14 16:00:00,28.6,89,0.6,2.3,37.8,46.1,36.6,151.0,53.3,481.0
Rohini,28.7041,77.1025,2026-08-14 17:00:00,30.8,78,0.2,4.2,46.2,60.3,34.6,135.0,43.1,573.0
Rohini,28.7041,77.1025,2026-08-14 18:00:00,30.3,81,0.0,2.7,50.2,61.0,51.2,105.0,46.3,844.0
Rohini,28.7041,77.1025,2026-08-14 19:00:00,29.3,87,0.0,5.2,66.4,75.0,74.0,63.0,50.7,1201.0
Rohini,28.7041,77.1025,2026-08-14 20:00:00,28.9,88,0.0,6.3,79.2,87.1,90.9,31.0,54.4,1443.0
Rohini,28.7041,77.1025,2026-08-14 21:00:00,28.7,89,0.0,5.0,89.4,96.9,96.0,18.0,56.9,1465.0
Rohini,28.7041,77.1025,2026-08-14 22:00:00,28.4,90,0.0,3.4,91.7,97.8,95.2,14.0,58.6,1371.0
Rohini,28.7041,77.1025,2026-08-14 23:00:00,28.4,90,0.0,4.6,93.6,98.7,93.6,11.0,59.2,1279.0
Rohini,28.7041,77.1025,2026-08-15 00:00:00,28.1,92,0.0,2.1,95.2,99.9,92.7,8.0,58.0,1230.0
Rohini,28.7041,77.1025,2026-08-15 01:00:00,27.8,93,0.0,2.3,93.6,97.8,91.0,6.0,55.7,1182.0
Rohini,28.7041,77.1025,2026-08-15 02:00:00,27.6,93,0.0,2.7,94.1,97.6,88.8,4.0,53.3,1126.0
Rohini,28.7041,77.1025,2026-08-15 03:00:00,27.4,94,0.0,3.6,94.5,98.0,86.7,0.0,50.6,1039.0
Rohini,28.7041,77.1025,2026-08-15 04:00:00,27.3,95,0.0,2.4,95.7,99.0,84.2,0.0,47.9,944.0
Rohini,28.7041,77.1025,2026-08-15 05:00:00,26.7,96,0.0,4.5,97.1,106.9,59.1,26.0,51.3,895.0
Rohini,28.7041,77.1025,2026-08-15 06:00:00,26.9,96,1.6,4.6,93.4,102.7,51.6,42.0,46.9,945.0
Rohini,28.7041,77.1025,2026-08-15 07:00:00,26.9,97,1.1,3.8,85.2,96.4,40.9,66.0,40.8,1040.0
Rohini,28.7041,77.1025,2026-08-15 08:00:00,27.1,97,1.2,4.4,65.0,77.8,31.3,95.0,35.7,1080.0
Rohini,28.7041,77.1025,2026-08-15 09:00:00,28.1,93,0.4,4.1,52.6,65.7,23.8,132.0,32.9,1011.0
Rohini,28.7041,77.1025,2026-08-15 10:00:00,29.4,86,0.0,2.7,51.0,63.3,17.2,173.0,31.1,885.0
Rohini,28.7041,77.1025,2026-08-15 11:00:00,32.2,75,0.1,5.3,49.5,60.8,12.3,204.0,29.2,758.0
Rohini,28.7041,77.1025,2026-08-15 12:00:00,32.0,73,0.3,8.1,48.8,59.0,9.3,218.0,26.6,630.0
Rohini,28.7041,77.1025,2026-08-15 13:00:00,32.4,69,0.2,7.2,48.4,57.7,7.9,222.0,23.9,500.0
Rohini,28.7041,77.1025,2026-08-15 14:00:00,31.7,73,0.1,8.8,44.9,53.0,8.4,219.0,22.4,422.0
Rohini,28.7041,77.1025,2026-08-15 15:00:00,32.5,69,0.3,7.0,42.7,49.5,10.4,211.0,22.7,416.0
Rohini,28.7041,77.1025,2026-08-15 16:00:00,32.6,66,0.0,6.9,41.0,47.5,14.3,196.0,24.1,462.0
Rohini,28.7041,77.1025,2026-08-15 17:00:00,32.1,73,0.0,6.3,43.8,71.2,18.5,156.0,22.3,548.0
Rohini,28.7041,77.1025,2026-08-15 18:00:00,31.3,78,0.0,5.6,56.5,83.8,39.6,120.0,26.1,709.0
Rohini,28.7041,77.1025,2026-08-15 19:00:00,30.3,84,0.0,4.5,72.9,106.4,68.7,71.0,31.5,910.0
Rohini,28.7041,77.1025,2026-08-15 20:00:00,29.8,86,0.0,5.1,83.1,120.6,91.7,32.0,36.2,1034.0
Rohini,28.7041,77.1025,2026-08-15 21:00:00,29.5,87,0.0,4.6,90.6,133.6,103.2,13.0,40.0,1024.0
Rohini,28.7041,77.1025,2026-08-15 22:00:00,29.2,87,0.0,4.6,103.6,152.3,108.6,5.0,43.1,936.0
Rohini,28.7041,77.1025,2026-08-15 23:00:00,29.3,86,0.0,8.9,110.6,162.5,108.9,1.0,43.9,824.0
Rohini,28.7041,77.1025,2026-08-16 00:00:00,29.0,88,0.0,8.6,104.3,157.4,103.0,0.0,40.9,674.0
Rohini,28.7041,77.1025,2026-08-16 01:00:00,28.7,89,0.1,7.9,94.1,154.6,92.1,4.0,35.7,499.0
Rohini,28.7041,77.1025,2026-08-16 02:00:00,26.2,92,3.4,13.5,92.7,157.4,81.3,8.0,31.5,393.0
Rohini,28.7041,77.1025,2026-08-16 03:00:00,25.5,98,1.4,5.1,91.5,144.4,72.1,12.0,29.5,421.0
Rohini,28.7041,77.1025,2026-08-16 04:00:00,26.4,94,0.1,6.0,77.3,113.6,63.1,17.0,28.5,518.0
Rohini,28.7041,77.1025,2026-08-16 05:00:00,27.7,85,0.0,12.3,65.4,269.2,17.6,48.0,9.4,582.0
Rohini,28.7041,77.1025,2026-08-16 06:00:00,27.6,84,0.1,6.7,74.5,301.7,17.4,50.0,10.2,571.0
Rohini,28.7041,77.1025,2026-08-16 07:00:00,28.2,83,0.1,9.3,82.4,312.0,16.9,53.0,11.3,526.0
Rohini,28.7041,77.1025,2026-08-16 08:00:00,29.7,77,0.0,7.8,87.3,354.8,15.5,62.0,12.3,474.0
Rohini,28.7041,77.1025,2026-08-16 09:00:00,31.3,71,0.0,9.2,96.2,476.8,12.4,82.0,13.1,413.0
Rohini,28.7041,77.1025,2026-08-16 10:00:00,32.6,66,0.0,8.5,92.9,470.3,8.4,109.0,13.8,344.0
Rohini,28.7041,77.1025,2026-08-16 11:00:00,33.2,64,0.0,10.1,75.7,299.9,5.4,130.0,14.2,292.0
Rohini,28.7041,77.1025,2026-08-16 12:00:00,33.6,63,0.3,9.8,68.7,245.9,3.9,142.0,14.1,265.0
Rohini,28.7041,77.1025,2026-08-16 13:00:00,34.1,60,0.1,8.1,66.1,244.9,3.5,149.0,13.7,255.0
Rohini,28.7041,77.1025,2026-08-16 14:00:00,34.1,60,0.1,8.8,68.2,264.5,4.3,151.0,13.8,258.0
Rohini,28.7041,77.1025,2026-08-16 15:00:00,33.8,62,0.1,9.8,68.5,274.7,6.1,150.0,14.2,270.0
Rohini,28.7041,77.1025,2026-08-16 16:00:00,33.5,63,0.1,9.4,66.6,256.1,9.1,144.0,15.1,295.0
Rohini,28.7041,77.1025,2026-08-16 17:00:00,29.7,90,0.0,5.1,91.3,440.5,16.1,101.0,13.0,346.0
Rohini,28.7041,77.1025,2026-08-16 18:00:00,29.9,90,0.0,3.5,95.2,359.5,28.3,80.0,16.5,452.0
Rohini,28.7041,77.1025,2026-08-16 19:00:00,29.5,87,0.0,4.4,106.4,370.7,44.9,52.0,21.3,584.0
Rohini,28.7041,77.1025,2026-08-16 20:00:00,29.3,87,0.4,4.0,105.7,333.4,55.4,33.0,24.5,662.0
Rohini,28.7041,77.1025,2026-08-16 21:00:00,29.1,88,0.0,5.4,92.0,252.4,53.8,33.0,24.5,632.0
Rohini,28.7041,77.1025,2026-08-16 22:00:00,29.1,89,0.0,6.3,82.4,198.4,46.2,42.0,22.9,547.0
Rohini,28.7041,77.1025,2026-08-16 23:00:00,29.1,89,0.0,5.8,71.9,191.9,40.2,48.0,22.1,492.0
Rohini,28.7041,77.1025,2026-08-17 00:00:00,28.5,88,0.2,5.6,70.1,172.3,38.6,45.0,23.0,516.0
Rohini,28.7041,77.1025,2026-08-17 01:00:00,27.7,92,1.1,0.8,70.3,149.9,38.7,39.0,24.6,568.0
Rohini,28.7041,77.1025,2026-08-17 02:00:00,27.6,91,0.0,7.3,68.7,144.4,39.7,33.0,26.4,583.0
Rohini,28.7041,77.1025,2026-08-17 03:00:00,27.7,89,0.0,8.4,73.3,156.9,42.8,25.0,28.7,509.0
Rohini,28.7041,77.1025,2026-08-17 04:00:00,27.5,86,0.0,9.3,75.2,158.3,46.9,18.0,31.1,396.0
Rohini,28.7041,77.1025,2026-08-17 05:00:00,28.6,78,0.0,12.3,64.3,173.7,31.9,23.0,15.7,332.0
Rohini,28.7041,77.1025,2026-08-17 06:00:00,28.3,78,0.0,11.5,58.8,187.2,27.5,32.0,14.7,378.0
Rohini,28.7041,77.1025,2026-08-17 07:00:00,28.9,77,0.0,10.8,53.4,172.8,21.4,45.0,13.3,472.0
Rohini,28.7041,77.1025,2026-08-17 08:00:00,29.3,78,0.2,7.0,47.6,165.3,16.0,60.0,12.3,511.0
Rohini,28.7041,77.1025,2026-08-17 09:00:00,30.5,73,0.0,8.2,42.7,143.9,12.0,80.0,12.1,430.0
Rohini,28.7041,77.1025,2026-08-17 10:00:00,31.8,70,0.0,9.3,56.7,277.5,8.7,102.0,12.2,294.0
Rohini,28.7041,77.1025,2026-08-17 11:00:00,32.8,64,0.0,10.5,71.7,402.3,6.3,120.0,12.4,196.0
Rohini,28.7041,77.1025,2026-08-17 12:00:00,33.5,63,0.0,9.7,74.3,405.1,4.8,133.0,12.4,171.0
Rohini,28.7041,77.1025,2026-08-17 13:00:00,30.8,74,0.1,8.9,65.0,292.4,4.2,141.0,12.4,184.0
Rohini,28.7041,77.1025,2026-08-17 14:00:00,32.5,68,0.1,8.5,66.6,299.9,5.0,144.0,12.7,222.0
Rohini,28.7041,77.1025,2026-08-17 15:00:00,33.4,65,0.1,8.1,67.5,299.9,6.3,140.0,13.1,271.0
Rohini,28.7041,77.1025,2026-08-17 16:00:00,29.7,79,0.1,9.4,67.1,288.7,9.0,131.0,13.8,344.0
Rohini,28.7041,77.1025,2026-08-17 17:00:00,28.3,86,0.6,10.8,58.4,201.2,16.6,114.0,15.6,476.0
Rohini,28.7041,77.1025,2026-08-17 18:00:00,28.8,88,0.6,3.4,63.1,188.1,33.8,85.0,19.4,747.0
Rohini,28.7041,77.1025,2026-08-17 19:00:00,28.1,94,0.1,5.4,74.3,170.0,55.8,49.0,24.3,1077.0
Rohini,28.7041,77.1025,2026-08-17 20:00:00,26.2,95,0.1,14.5,77.1,154.1,71.7,23.0,28.2,1249.0
Rohini,28.7041,77.1025,2026-08-17 21:00:00,25.2,97,0.0,4.6,73.3,140.6,76.5,13.0,30.6,1128.0
Rohini,28.7041,77.1025,2026-08-17 22:00:00,25.2,99,0.0,3.2,76.6,135.5,75.2,13.0,32.0,850.0
Rohini,28.7041,77.1025,2026-08-17 23:00:00,25.3,99,0.0,3.4,68.9,112.5,71.2,15.0,32.1,612.0
Rohini,28.7041,77.1025,2026-08-18 00:00:00,25.1,98,0.0,7.4,56.1,94.5,64.2,20.0,29.9,482.0
Rohini,28.7041,77.1025,2026-08-18 01:00:00,24.9,98,0.5,5.5,49.5,81.3,54.5,28.0,26.3,393.0
Rohini,28.7041,77.1025,2026-08-18 02:00:00,24.8,98,1.1,5.8,44.4,67.8,46.5,34.0,23.9,339.0
Rohini,28.7041,77.1025,2026-08-18 03:00:00,24.8,99,0.3,6.7,32.2,46.3,42.0,35.0,24.0,331.0
Rohini,28.7041,77.1025,2026-08-18 04:00:00,24.9,98,2.4,4.7,27.4,38.0,39.2,33.0,25.4,359.0
Rohini,28.7041,77.1025,2026-08-18 05:00:00,24.8,99,0.8,7.6,28.3,36.8,36.8,35.0,26.7,385.0
Rohini,28.7041,77.1025,2026-08-18 06:00:00,25.0,97,0.3,2.4,30.6,38.1,35.0,39.0,27.9,405.0
Rohini,28.7041,77.1025,2026-08-18 07:00:00,25.8,97,0.0,1.5,33.9,43.1,33.6,46.0,29.1,424.0
Rohini,28.7041,77.1025,2026-08-18 08:00:00,27.3,92,0.0,1.7,35.5,63.6,30.5,62.0,29.0,418.0
Rohini,28.7041,77.1025,2026-08-18 09:00:00,28.9,82,0.0,4.4,40.9,104.1,23.6,95.0,26.4,364.0
Rohini,28.7041,77.1025,2026-08-18 10:00:00,30.4,74,0.1,6.5,51.8,165.3,15.0,136.0,22.5,285.0
Rohini,28.7041,77.1025,2026-08-18 11:00:00,31.6,68,0.1,5.7,59.8,197.4,8.6,168.0,19.5,228.0
Rohini,28.7041,77.1025,2026-08-18 12:00:00,32.1,66,0.2,5.6,63.6,210.0,5.9,184.0,18.3,208.0
Rohini,28.7041,77.1025,2026-08-18 13:00:00,32.5,66,0.2,4.8,64.3,209.5,5.4,191.0,17.9,210.0
Rohini,28.7041,77.1025,2026-08-18 14:00:00,33.1,64,0.1,4.6,64.5,207.2,6.6,189.0,17.8,241.0
Rohini,28.7041,77.1025,2026-08-18 15:00:00,33.1,63,0.2,6.2,63.6,205.4,9.4,178.0,17.5,311.0
Rohini,28.7041,77.1025,2026-08-18 16:00:00,32.8,65,0.4,4.6,62.6,205.8,13.8,158.0,17.4,409.0
Rohini,28.7041,77.1025,2026-08-18 17:00:00,30.9,71,0.1,2.5,58.8,177.4,19.3,137.0,17.9,509.0
Rohini,28.7041,77.1025,2026-08-18 18:00:00,28.0,88,0.0,2.9,65.0,153.2,26.2,116.0,19.2,626.0
Rohini,28.7041,77.1025,2026-08-18 19:00:00,27.3,91,0.0,4.6,65.9,129.5,34.2,93.0,21.2,744.0
Rohini,28.7041,77.1025,2026-08-18 20:00:00,27.1,91,0.0,5.1,58.4,117.8,41.4,73.0,23.6,797.0
Rohini,28.7041,77.1025,2026-08-18 21:00:00,26.9,95,0.2,5.3,65.2,117.8,48.1,57.0,26.9,728.0
Rohini,28.7041,77.1025,2026-08-18 22:00:00,26.8,96,0.6,7.8,69.4,114.3,54.1,44.0,30.7,592.0
Rohini,28.7041,77.1025,2026-08-18 23:00:00,26.8,96,0.0,6.5,70.5,109.4,57.1,36.0,33.1,489.0
Rohini,28.7041,77.1025,2026-08-19 00:00:00,26.7,96,0.0,3.6,64.7,110.1,54.7,35.0,33.0,466.0
Rohini,28.7041,77.1025,2026-08-19 01:00:00,26.6,97,0.0,3.1,64.3,105.9,49.1,38.0,31.6,476.0
Rohini,28.7041,77.1025,2026-08-19 02:00:00,26.4,96,0.0,2.9,67.3,104.3,45.3,40.0,30.8,476.0
Rohini,28.7041,77.1025,2026-08-19 03:00:00,26.2,96,0.0,5.4,71.7,107.8,45.9,34.0,31.6,438.0
Rohini,28.7041,77.1025,2026-08-19 04:00:00,26.1,97,0.0,5.9,72.2,112.9,48.1,27.0,33.0,389.0
Rohini,28.7041,77.1025,2026-08-19 05:00:00,26.0,99,0.0,6.3,73.6,107.6,48.4,26.0,34.2,368.0
Rohini,28.7041,77.1025,2026-08-19 06:00:00,26.3,98,0.0,6.4,76.1,109.7,45.5,35.0,35.5,410.0
Rohini,28.7041,77.1025,2026-08-19 07:00:00,27.3,92,0.0,5.4,72.6,115.9,40.8,51.0,36.6,480.0
Rohini,28.7041,77.1025,2026-08-19 08:00:00,28.7,84,0.0,5.6,69.2,138.3,34.7,73.0,36.0,516.0
Rohini,28.7041,77.1025,2026-08-19 09:00:00,30.1,75,0.0,5.4,67.1,182.5,26.3,107.0,32.0,479.0
Rohini,28.7041,77.1025,2026-08-19 10:00:00,31.3,70,0.0,5.5,68.2,213.3,16.5,147.0,26.3,409.0
Rohini,28.7041,77.1025,2026-08-19 11:00:00,32.2,68,0.0,3.6,67.3,195.6,9.2,179.0,21.9,358.0
Rohini,28.7041,77.1025,2026-08-19 12:00:00,32.7,68,0.3,4.0,60.3,145.3,5.8,198.0,20.4,341.0
Rohini,28.7041,77.1025,2026-08-19 13:00:00,32.9,67,0.3,5.1,57.5,133.6,4.8,209.0,20.3,344.0
Rohini,28.7041,77.1025,2026-08-19 14:00:00,33.2,67,0.2,5.3,56.7,134.6,5.9,210.0,20.4,376.0
Rohini,28.7041,77.1025,2026-08-19 15:00:00,33.1,66,0.0,6.5,58.7,151.8,9.4,196.0,20.2,448.0
Rohini,28.7041,77.1025,2026-08-19 16:00:00,32.8,65,0.4,4.5,56.8,141.1,15.0,172.0,20.3,549.0
Rohini,28.7041,77.1025,2026-08-19 17:00:00,30.4,77,0.2,5.3,53.7,116.6,21.3,147.0,20.4,661.0
Rohini,28.7041,77.1025,2026-08-19 18:00:00,28.9,88,1.1,2.1,55.4,96.4,28.6,122.0,20.3,796.0
Rohini,28.7041,77.1025,2026-08-19 19:00:00,28.2,93,1.2,4.4,51.1,76.6,36.7,96.0,20.4,940.0
Rohini,28.7041,77.1025,2026-08-19 20:00:00,27.9,94,3.0,8.6,51.3,69.6,43.3,75.0,21.5,1037.0
Rohini,28.7041,77.1025,2026-08-19 21:00:00,27.6,95,0.4,11.0,57.5,71.9,47.9,63.0,24.6,1052.0
Rohini,28.7041,77.1025,2026-08-19 22:00:00,27.4,95,0.1,7.2,65.9,78.2,51.0,56.0,28.7,1020.0
Rohini,28.7041,77.1025,2026-08-19 23:00:00,27.4,95,0.0,2.7,71.2,84.3,51.9,52.0,31.9,980.0
Rohini,28.7041,77.1025,2026-08-20 00:00:00,27.3,95,0.0,1.5,74.5,89.4,49.4,51.0,33.4,942.0
Rohini,28.7041,77.1025,2026-08-20 01:00:00,27.1,97,0.0,1.0,73.6,89.2,44.8,53.0,34.1,898.0
Rohini,28.7041,77.1025,2026-08-20 02:00:00,27.0,97,0.0,0.9,72.4,86.6,40.7,54.0,34.3,859.0
Rohini,28.7041,77.1025,2026-08-20 03:00:00,26.8,97,0.0,2.9,69.4,82.7,38.4,52.0,34.4,827.0
Rohini,28.7041,77.1025,2026-08-20 04:00:00,26.5,97,2.1,4.2,65.2,79.4,36.7,50.0,34.2,802.0
Rohini,28.7041,77.1025,2026-08-20 05:00:00,26.0,96,0.9,3.1,56.3,68.9,35.0,51.0,33.2,743.3
Rohini,28.7041,77.1025,2026-08-20 06:00:00,26.2,96,0.2,2.0,45.4,56.3,33.5,55.0,30.9,674.0
Rohini,28.7041,77.1025,2026-08-20 07:00:00,25.9,100,0.1,5.7,47.1,64.7,32.0,63.0,27.8,587.0
Rohini,28.7041,77.1025,2026-08-20 08:00:00,26.6,93,0.0,4.8,35.7,60.8,29.4,76.0,25.7,479.0
Rohini,28.7041,77.1025,2026-08-20 09:00:00,28.3,83,0.0,0.6,34.3,65.0,24.6,97.0,25.3,435.0
Rohini,28.7041,77.1025,2026-08-20 10:00:00,30.1,75,0.0,2.0,33.4,67.1,18.6,124.0,25.8,390.0
Rohini,28.7041,77.1025,2026-08-20 11:00:00,31.1,72,0.0,1.2,32.5,61.9,13.9,149.0,26.3,360.0
Rohini,28.7041,77.1025,2026-08-20 12:00:00,32.0,69,0.0,0.5,33.8,59.8,10.9,174.0,26.3,349.0
Rohini,28.7041,77.1025,2026-08-20 13:00:00,31.8,70,0.1,1.4,35.7,59.8,9.1,197.0,26.4,352.0
Rohini,28.7041,77.1025,2026-08-20 14:00:00,32.5,68,0.0,3.3,37.4,59.6,9.2,212.0,26.8,365.0
Rohini,28.7041,77.1025,2026-08-20 15:00:00,32.3,71,0.1,2.3,39.2,59.8,12.0,216.0,28.1,388.0
Rohini,28.7041,77.1025,2026-08-20 16:00:00,29.3,85,0.2,4.8,40.6,59.6,16.6,210.0,29.8,421.0
Rohini,28.7041,77.1025,2026-08-20 17:00:00,26.0,99,7.0,10.5,42.3,58.7,21.9,196.0,31.0,467.0
Rohini,28.7041,77.1025,2026-08-20 18:00:00,25.4,100,1.6,3.7,43.0,51.8,27.6,167.0,30.5,532.0
Rohini,28.7041,77.1025,2026-08-20 19:00:00,26.2,99,0.5,3.1,39.7,44.6,33.9,129.0,29.5,610.0
Rohini,28.7041,77.1025,2026-08-20 20:00:00,26.3,100,0.0,2.2,45.2,48.9,39.7,97.0,30.1,684.0
Rohini,28.7041,77.1025,2026-08-20 21:00:00,26.4,100,0.0,0.6,50.5,53.8,45.4,79.0,34.2,757.0
Rohini,28.7041,77.1025,2026-08-20 22:00:00,26.5,99,0.0,1.4,58.4,61.2,50.6,68.0,39.9,826.0
Rohini,28.7041,77.1025,2026-08-20 23:00:00,26.6,98,0.0,2.6,66.6,69.4,53.7,59.0,44.0,872.0
Rohini,28.7041,77.1025,2026-08-21 00:00:00,26.6,98,0.0,2.2,70.1,72.9,53.0,52.0,44.5,876.0
Rohini,28.7041,77.1025,2026-08-21 01:00:00,26.4,99,0.0,2.2,69.8,72.9,50.2,48.0,43.4,855.0
Rohini,28.7041,77.1025,2026-08-21 02:00:00,26.4,98,0.0,1.9,73.3,76.4,48.3,44.0,42.8,843.0
Rohini,28.7041,77.1025,2026-08-21 03:00:00,26.3,98,0.1,2.1,66.1,69.2,49.8,36.0,44.4,866.0
Rohini,28.7041,77.1025,2026-08-21 04:00:00,26.3,98,0.1,2.4,75.2,78.9,52.3,28.0,46.7,898.0
Rohini,28.7041,77.1025,2026-08-21 05:00:00,26.2,98,0.1,3.2,80.3,84.8,51.9,29.0,46.9,890.0
Rohini,28.7041,77.1025,2026-08-21 06:00:00,26.1,98,2.2,5.1,79.9,84.5,46.0,44.0,43.3,806.0
Rohini,28.7041,77.1025,2026-08-21 07:00:00,26.1,97,2.2,7.6,60.8,68.2,37.1,67.0,37.7,682.0
Rohini,28.7041,77.1025,2026-08-21 08:00:00,26.5,94,2.2,8.5,41.0,51.3,28.9,93.0,33.1,576.0
Rohini,28.7041,77.1025,2026-08-21 09:00:00,27.8,86,0.1,6.5,36.0,47.5,22.4,118.0,30.1,507.0
Rohini,28.7041,77.1025,2026-08-21 10:00:00,29.5,77,0.1,3.3,31.7,44.0,16.5,145.0,28.1,455.0
Rohini,28.7041,77.1025,2026-08-21 11:00:00,31.0,70,0.1,0.7,31.1,43.3,12.1,175.0,27.7,425.0
Rohini,28.7041,77.1025,2026-08-21 12:00:00,32.0,67,0.1,0.6,35.4,46.8,9.4,214.0,30.2,424.0
Rohini,28.7041,77.1025,2026-08-21 13:00:00,32.7,65,0.1,1.3,42.5,53.0,8.2,255.0,34.4,444.0
Rohini,28.7041,77.1025,2026-08-21 14:00:00,32.9,65,0.1,1.8,48.2,57.9,8.3,284.0,37.6,464.0
Rohini,28.7041,77.1025,2026-08-21 15:00:00,32.0,68,0.0,2.6,52.4,61.9,8.8,296.0,38.6,458.0
Rohini,28.7041,77.1025,2026-08-21 16:00:00,30.5,74,0.0,3.6,51.9,61.5,10.6,296.0,38.5,452.0
Rohini,28.7041,77.1025,2026-08-21 17:00:00,29.2,80,0.0,3.7,51.6,61.0,16.8,276.0,38.5,501.0
Rohini,28.7041,77.1025,2026-08-21 18:00:00,28.4,86,1.2,1.3,56.8,64.3,31.4,225.0,38.9,659.0
Rohini,28.7041,77.1025,2026-08-21 19:00:00,27.7,91,1.2,2.7,72.6,78.0,50.3,155.0,39.3,872.0
Rohini,28.7041,77.1025,2026-08-21 20:00:00,27.3,96,1.2,5.1,69.8,74.0,64.2,99.0,39.2,1030.0
Rohini,28.7041,77.1025,2026-08-21 21:00:00,27.1,97,0.0,4.9,74.0,78.5,68.4,73.0,38.3,1080.0
Rohini,28.7041,77.1025,2026-08-21 22:00:00,27.0,98,0.0,3.2,76.4,80.8,67.7,61.0,37.0,1077.0
Rohini,28.7041,77.1025,2026-08-21 23:00:00,27.0,97,0.0,1.6,79.2,83.6,67.1,51.0,35.6,1069.0
Dwarka,28.5921,77.046,2026-07-18 00:00:00,31.5,64,0.0,5.7,124.8,447.0,63.8,7.0,19.8,490.0
Dwarka,28.5921,77.046,2026-07-18 01:00:00,31.1,66,0.0,3.2,126.2,486.2,58.7,9.0,18.1,440.0
Dwarka,28.5921,77.046,2026-07-18 02:00:00,31.2,65,0.0,2.2,122.5,470.3,52.9,12.0,16.4,391.0
Dwarka,28.5921,77.046,2026-07-18 03:00:00,31.1,63,0.0,4.7,113.2,423.8,45.6,16.0,14.9,332.0
Dwarka,28.5921,77.046,2026-07-18 04:00:00,30.7,62,0.0,6.4,102.0,374.4,37.7,22.0,13.4,274.0
Dwarka,28.5921,77.046,2026-07-18 05:00:00,30.6,66,0.0,10.1,52.7,90.3,38.3,24.0,16.3,238.0
Dwarka,28.5921,77.046,2026-07-18 06:00:00,30.7,61,0.0,11.6,51.1,146.7,33.6,30.0,14.8,243.0
Dwarka,28.5921,77.046,2026-07-18 07:00:00,31.5,59,0.0,10.8,82.2,374.4,27.0,40.0,12.6,269.0
Dwarka,28.5921,77.046,2026-07-18 08:00:00,32.0,60,0.0,10.3,136.4,767.4,20.6,55.0,10.9,280.0
Dwarka,28.5921,77.046,2026-07-18 09:00:00,32.9,58,0.0,11.5,156.0,897.8,14.8,80.0,10.0,253.0
Dwarka,28.5921,77.046,2026-07-18 10:00:00,34.2,54,0.0,13.2,169.0,1009.6,9.2,110.0,9.5,210.0
Dwarka,28.5921,77.046,2026-07-18 11:00:00,35.1,51,0.0,15.0,181.6,1117.6,5.2,131.0,9.2,178.0
Dwarka,28.5921,77.046,2026-07-18 12:00:00,35.4,50,0.0,14.0,184.9,1154.8,3.4,138.0,8.9,162.0
Dwarka,28.5921,77.046,2026-07-18 13:00:00,35.6,49,0.0,12.2,175.1,1084.1,3.2,136.0,8.8,157.0
Dwarka,28.5921,77.046,2026-07-18 14:00:00,35.6,48,0.0,10.1,164.4,1017.0,4.5,131.0,8.6,176.0
Dwarka,28.5921,77.046,2026-07-18 15:00:00,36.1,46,0.0,9.7,160.7,990.9,7.7,123.0,8.1,232.0
Dwarka,28.5921,77.046,2026-07-18 16:00:00,35.4,49,0.0,7.7,154.6,905.2,12.4,112.0,7.6,312.0
Dwarka,28.5921,77.046,2026-07-18 17:00:00,35.8,46,0.0,6.0,119.7,614.7,28.5,85.0,17.6,387.0
Dwarka,28.5921,77.046,2026-07-18 18:00:00,35.5,48,0.0,4.2,123.4,525.3,47.4,60.0,19.8,457.0
Dwarka,28.5921,77.046,2026-07-18 19:00:00,34.7,53,0.0,0.5,133.2,484.3,72.9,25.0,22.6,523.0
Dwarka,28.5921,77.046,2026-07-18 20:00:00,34.0,57,0.0,0.7,136.4,454.5,88.4,2.0,24.0,560.0
Dwarka,28.5921,77.046,2026-07-18 21:00:00,33.2,57,0.0,3.9,127.6,371.6,84.5,1.0,22.6,555.0
Dwarka,28.5921,77.046,2026-07-18 22:00:00,32.7,58,0.0,6.0,116.6,374.4,70.5,11.0,19.7,520.0
Dwarka,28.5921,77.046,2026-07-18 23:00:00,32.7,60,0.0,7.5,106.2,335.3,57.5,21.0,17.1,472.0
Dwarka,28.5921,77.046,2026-07-19 00:00:00,31.5,68,0.0,5.2,98.0,308.3,49.0,26.0,15.3,403.0
Dwarka,28.5921,77.046,2026-07-19 01:00:00,31.1,71,0.0,4.2,93.8,307.3,41.6,31.0,13.7,320.0
Dwarka,28.5921,77.046,2026-07-19 02:00:00,30.6,71,0.0,5.3,91.5,294.3,35.8,34.0,12.4,261.0
Dwarka,28.5921,77.046,2026-07-19 03:00:00,30.4,69,0.0,7.0,94.5,333.4,32.2,34.0,11.1,244.0
Dwarka,28.5921,77.046,2026-07-19 04:00:00,30.0,69,0.0,6.5,98.3,363.2,30.2,33.0,10.1,251.0
Dwarka,28.5921,77.046,2026-07-19 05:00:00,29.7,84,0.0,2.9,68.0,83.6,49.7,14.0,15.2,265.0
Dwarka,28.5921,77.046,2026-07-19 06:00:00,30.3,81,0.0,5.0,71.2,104.1,43.9,29.0,14.6,292.0
Dwarka,28.5921,77.046,2026-07-19 07:00:00,31.3,70,0.0,7.4,71.0,113.4,35.6,51.0,13.8,326.0
Dwarka,28.5921,77.046,2026-07-19 08:00:00,32.1,64,0.0,7.2,58.8,136.0,27.5,73.0,13.3,335.0
Dwarka,28.5921,77.046,2026-07-19 09:00:00,32.8,60,0.0,6.7,62.6,253.3,20.0,98.0,13.4,295.0
Dwarka,28.5921,77.046,2026-07-19 10:00:00,33.9,55,0.0,8.2,84.3,446.1,12.8,123.0,13.7,230.0
Dwarka,28.5921,77.046,2026-07-19 11:00:00,35.2,49,0.0,11.4,104.8,612.8,7.5,139.0,13.6,180.0
Dwarka,28.5921,77.046,2026-07-19 12:00:00,35.6,48,0.0,11.3,107.3,640.7,4.8,140.0,12.5,159.0
Dwarka,28.5921,77.046,2026-07-19 13:00:00,35.2,51,0.0,6.3,108.5,657.5,4.0,132.0,10.9,152.0
Dwarka,28.5921,77.046,2026-07-19 14:00:00,35.2,51,0.0,3.8,112.0,689.2,4.9,122.0,9.7,161.0
Dwarka,28.5921,77.046,2026-07-19 15:00:00,35.0,53,0.0,4.1,108.5,618.4,7.0,114.0,9.1,161.0
Dwarka,28.5921,77.046,2026-07-19 16:00:00,34.3,56,0.4,5.8,111.8,651.9,10.7,105.0,9.0,177.0
Dwarka,28.5921,77.046,2026-07-19 17:00:00,36.2,45,0.0,1.6,94.8,428.4,15.1,99.0,14.8,278.0
Dwarka,28.5921,77.046,2026-07-19 18:00:00,35.2,54,0.0,3.6,105.2,491.7,19.3,84.0,16.1,576.0
Dwarka,28.5921,77.046,2026-07-19 19:00:00,32.7,68,0.0,11.8,105.7,454.5,25.1,64.0,17.9,960.0
Dwarka,28.5921,77.046,2026-07-19 20:00:00,31.2,80,0.0,11.4,104.1,408.9,29.3,48.0,19.1,1165.0
Dwarka,28.5921,77.046,2026-07-19 21:00:00,31.1,80,0.1,7.2,103.6,387.4,30.5,41.0,19.3,1022.0
Dwarka,28.5921,77.046,2026-07-19 22:00:00,30.9,80,0.0,7.7,107.8,417.2,30.1,40.0,19.0,699.0
Dwarka,28.5921,77.046,2026-07-19 23:00:00,31.4,76,0.0,9.3,116.4,476.8,28.6,41.0,18.1,440.0
Dwarka,28.5921,77.046,2026-07-20 00:00:00,31.1,77,0.0,7.9,128.1,581.1,25.6,46.0,16.3,341.0
Dwarka,28.5921,77.046,2026-07-20 01:00:00,30.3,80,0.0,9.7,139.2,665.0,21.5,54.0,13.9,307.0
Dwarka,28.5921,77.046,2026-07-20 02:00:00,29.3,85,0.0,8.5,144.4,702.2,18.5,59.0,12.0,288.0
Dwarka,28.5921,77.046,2026-07-20 03:00:00,28.4,90,0.2,6.8,141.1,665.0,17.1,59.0,10.8,270.0
Dwarka,28.5921,77.046,2026-07-20 04:00:00,26.7,96,6.7,9.2,127.6,549.5,16.8,56.0,10.0,268.0
Dwarka,28.5921,77.046,2026-07-20 05:00:00,28.0,89,0.8,6.6,31.7,80.6,14.2,64.0,6.5,282.0
Dwarka,28.5921,77.046,2026-07-20 06:00:00,27.8,90,0.3,8.8,27.5,58.6,17.5,58.0,7.5,327.0
Dwarka,28.5921,77.046,2026-07-20 07:00:00,27.7,93,0.9,9.9,25.4,44.6,21.9,51.0,8.9,388.0
Dwarka,28.5921,77.046,2026-07-20 08:00:00,27.8,94,1.1,5.5,26.5,39.1,23.9,48.0,9.8,418.0
Dwarka,28.5921,77.046,2026-07-20 09:00:00,29.2,87,0.5,6.2,26.4,48.1,21.1,54.0,9.7,386.0
Dwarka,28.5921,77.046,2026-07-20 10:00:00,30.2,83,0.8,3.9,29.1,75.9,15.8,65.0,9.1,324.0
Dwarka,28.5921,77.046,2026-07-20 11:00:00,32.3,69,0.2,5.3,31.1,88.5,11.8,75.0,8.8,273.0
Dwarka,28.5921,77.046,2026-07-20 12:00:00,33.6,63,0.2,2.4,33.2,97.8,10.3,82.0,9.1,250.0
Dwarka,28.5921,77.046,2026-07-20 13:00:00,29.8,82,6.8,11.1,39.1,133.6,10.0,87.0,9.7,239.0
Dwarka,28.5921,77.046,2026-07-20 14:00:00,28.4,89,2.2,9.6,42.7,153.2,10.8,89.0,10.4,237.0
Dwarka,28.5921,77.046,2026-07-20 15:00:00,30.2,80,0.1,4.9,43.9,150.4,12.4,88.0,11.2,223.0
Dwarka,28.5921,77.046,2026-07-20 16:00:00,30.6,77,0.0,4.5,44.7,146.2,14.9,85.0,12.0,218.0
Dwarka,28.5921,77.046,2026-07-20 17:00:00,28.9,85,0.0,4.0,29.3,65.0,18.0,87.0,10.2,277.0
Dwarka,28.5921,77.046,2026-07-20 18:00:00,28.1,92,5.1,2.2,32.5,59.6,36.7,61.0,14.7,464.0
Dwarka,28.5921,77.046,2026-07-20 19:00:00,27.7,94,2.8,5.0,48.0,77.3,62.1,26.0,20.9,715.0
Dwarka,28.5921,77.046,2026-07-20 20:00:00,27.6,94,0.6,5.0,63.8,91.3,79.3,1.0,25.1,898.0
Dwarka,28.5921,77.046,2026-07-20 21:00:00,27.5,94,0.5,2.8,62.6,88.5,81.2,0.0,25.5,961.0
Dwarka,28.5921,77.046,2026-07-20 22:00:00,27.2,95,1.1,4.4,64.7,91.7,74.7,3.0,23.8,956.0
Dwarka,28.5921,77.046,2026-07-20 23:00:00,26.5,95,1.2,2.6,54.9,78.5,66.0,12.0,21.9,906.0
Dwarka,28.5921,77.046,2026-07-21 00:00:00,26.6,96,0.9,4.6,43.1,65.2,55.2,24.0,19.9,797.0
Dwarka,28.5921,77.046,2026-07-21 01:00:00,26.5,96,0.3,8.2,36.4,55.6,42.2,39.0,17.5,643.0
Dwarka,28.5921,77.046,2026-07-21 02:00:00,26.6,96,0.3,6.7,31.8,49.9,32.2,50.0,16.0,509.0
Dwarka,28.5921,77.046,2026-07-21 03:00:00,26.5,91,0.1,7.6,29.5,45.4,27.7,53.0,15.7,405.0
Dwarka,28.5921,77.046,2026-07-21 04:00:00,26.3,91,0.1,4.2,27.1,37.3,26.1,53.0,16.3,322.0
Dwarka,28.5921,77.046,2026-07-21 05:00:00,26.2,93,0.7,5.6,10.8,16.0,18.6,65.0,12.0,291.0
Dwarka,28.5921,77.046,2026-07-21 06:00:00,25.6,96,4.7,5.8,13.4,16.9,21.6,63.0,16.3,355.0
Dwarka,28.5921,77.046,2026-07-21 07:00:00,25.9,95,1.9,7.3,18.0,20.7,25.5,60.0,22.0,471.0
Dwarka,28.5921,77.046,2026-07-21 08:00:00,26.4,93,0.3,8.1,22.2,23.6,26.7,63.0,25.2,548.0
Dwarka,28.5921,77.046,2026-07-21 09:00:00,26.9,89,0.1,7.8,16.8,17.5,22.5,76.0,23.5,542.0
Dwarka,28.5921,77.046,2026-07-21 10:00:00,27.9,84,0.2,8.1,14.2,14.8,15.6,95.0,19.3,497.0
Dwarka,28.5921,77.046,2026-07-21 11:00:00,26.5,94,0.0,12.6,12.6,13.2,10.6,109.0,15.9,451.0
Dwarka,28.5921,77.046,2026-07-21 12:00:00,27.4,94,1.3,8.6,11.3,11.8,9.5,115.0,14.5,407.0
Dwarka,28.5921,77.046,2026-07-21 13:00:00,28.8,89,1.0,8.1,10.7,11.1,10.3,117.0,13.9,362.0
Dwarka,28.5921,77.046,2026-07-21 14:00:00,29.2,88,0.7,8.1,11.9,12.3,11.4,119.0,13.6,345.0
Dwarka,28.5921,77.046,2026-07-21 15:00:00,27.5,90,2.9,10.4,12.1,12.5,11.6,126.0,13.7,367.0
Dwarka,28.5921,77.046,2026-07-21 16:00:00,28.3,88,0.7,7.1,12.9,13.2,12.1,133.0,14.1,417.0
Dwarka,28.5921,77.046,2026-07-21 17:00:00,29.4,79,0.2,6.0,26.1,28.3,18.7,110.0,11.8,488.0
Dwarka,28.5921,77.046,2026-07-21 18:00:00,28.7,85,0.9,5.9,31.7,33.1,23.8,98.0,13.2,609.0
Dwarka,28.5921,77.046,2026-07-21 19:00:00,28.3,88,0.2,3.8,35.3,36.4,30.6,82.0,15.2,751.0
Dwarka,28.5921,77.046,2026-07-21 20:00:00,28.0,89,0.0,8.1,34.5,35.3,34.2,71.0,16.2,827.0
Dwarka,28.5921,77.046,2026-07-21 21:00:00,28.0,88,0.0,7.9,31.7,32.1,31.4,70.0,15.4,780.0
Dwarka,28.5921,77.046,2026-07-21 22:00:00,27.9,88,0.0,10.6,29.8,30.0,25.4,75.0,13.8,666.0
Dwarka,28.5921,77.046,2026-07-21 23:00:00,26.9,94,0.1,11.9,28.6,28.9,20.3,79.0,12.5,566.0
Dwarka,28.5921,77.046,2026-07-22 00:00:00,26.6,94,0.1,11.1,27.2,27.5,17.7,80.0,12.0,508.0
Dwarka,28.5921,77.046,2026-07-22 01:00:00,26.5,93,0.0,9.5,26.3,26.5,16.1,80.0,11.9,463.0
Dwarka,28.5921,77.046,2026-07-22 02:00:00,26.4,94,0.0,8.4,26.4,26.5,14.9,79.0,12.1,428.0
Dwarka,28.5921,77.046,2026-07-22 03:00:00,26.2,94,0.3,11.2,26.7,26.8,14.1,77.0,12.7,396.0
Dwarka,28.5921,77.046,2026-07-22 04:00:00,26.1,94,0.5,11.5,25.3,25.4,13.8,75.0,13.7,373.0
Dwarka,28.5921,77.046,2026-07-22 05:00:00,25.8,96,0.7,11.0,38.2,38.6,19.9,59.0,19.0,372.0
Dwarka,28.5921,77.046,2026-07-22 06:00:00,26.0,94,0.5,12.7,37.6,38.0,20.7,60.0,18.0,414.0
Dwarka,28.5921,77.046,2026-07-22 07:00:00,26.7,90,0.1,12.9,36.3,36.9,21.5,62.0,16.7,478.0
Dwarka,28.5921,77.046,2026-07-22 08:00:00,27.6,81,0.3,17.4,36.3,36.7,20.7,71.0,15.4,514.0
Dwarka,28.5921,77.046,2026-07-22 09:00:00,28.7,78,0.3,14.3,34.9,35.5,16.6,95.0,14.4,492.0
Dwarka,28.5921,77.046,2026-07-22 10:00:00,30.0,72,0.3,14.1,31.9,32.6,10.8,127.0,13.5,442.0
Dwarka,28.5921,77.046,2026-07-22 11:00:00,30.6,67,0.2,14.2,36.2,74.7,6.5,151.0,12.9,401.0
Dwarka,28.5921,77.046,2026-07-22 12:00:00,31.6,64,0.1,14.3,48.4,194.6,4.4,163.0,12.4,381.0
Dwarka,28.5921,77.046,2026-07-22 13:00:00,32.0,65,0.0,12.1,48.0,199.3,3.8,168.0,12.2,370.0
Dwarka,28.5921,77.046,2026-07-22 14:00:00,31.9,67,0.2,11.7,47.4,187.2,5.7,166.0,12.6,374.0
Dwarka,28.5921,77.046,2026-07-22 15:00:00,31.7,68,0.1,10.7,48.1,186.3,11.5,155.0,13.6,385.0
Dwarka,28.5921,77.046,2026-07-22 16:00:00,31.0,72,0.9,8.0,56.2,271.9,19.8,138.0,15.2,411.0
Dwarka,28.5921,77.046,2026-07-22 17:00:00,28.4,87,0.0,6.5,13.8,20.4,12.6,133.0,11.5,482.0
Dwarka,28.5921,77.046,2026-07-22 18:00:00,28.7,86,0.1,3.6,15.1,17.9,22.3,112.0,14.1,657.0
Dwarka,28.5921,77.046,2026-07-22 19:00:00,28.6,88,0.0,5.0,20.9,21.9,35.5,84.0,17.6,878.0
Dwarka,28.5921,77.046,2026-07-22 20:00:00,28.7,88,0.0,7.7,22.6,22.9,43.5,65.0,20.1,994.0
Dwarka,28.5921,77.046,2026-07-22 21:00:00,28.8,88,0.0,9.0,20.3,20.4,41.5,63.0,20.3,910.0
Dwarka,28.5921,77.046,2026-07-22 22:00:00,28.8,84,0.0,9.7,18.7,18.7,34.3,71.0,19.5,723.0
Dwarka,28.5921,77.046,2026-07-22 23:00:00,28.4,83,0.0,10.2,15.9,15.9,27.8,76.0,18.8,571.0
Dwarka,28.5921,77.046,2026-07-23 00:00:00,28.3,84,0.0,11.5,13.8,13.8,24.0,75.0,18.8,516.0
Dwarka,28.5921,77.046,2026-07-23 01:00:00,28.1,84,0.0,11.6,18.3,49.7,21.0,72.0,18.9,497.0
Dwarka,28.5921,77.046,2026-07-23 02:00:00,27.9,84,0.0,11.8,21.9,59.6,18.8,69.0,18.9,473.0
Dwarka,28.5921,77.046,2026-07-23 03:00:00,27.5,85,0.0,10.9,25.8,67.1,17.8,65.0,18.5,418.0
Dwarka,28.5921,77.046,2026-07-23 04:00:00,27.3,85,0.0,10.6,31.7,95.0,17.5,61.0,18.0,359.0
Dwarka,28.5921,77.046,2026-07-23 05:00:00,26.8,93,0.0,9.6,29.6,58.2,19.0,58.0,18.3,333.0
Dwarka,28.5921,77.046,2026-07-23 06:00:00,26.3,94,0.7,11.6,31.8,65.9,18.0,65.0,18.2,376.0
Dwarka,28.5921,77.046,2026-07-23 07:00:00,27.2,88,0.2,12.4,35.6,91.5,16.6,75.0,18.1,453.0
Dwarka,28.5921,77.046,2026-07-23 08:00:00,27.9,84,0.3,11.1,27.0,38.4,14.6,90.0,17.6,498.0
Dwarka,28.5921,77.046,2026-07-23 09:00:00,28.7,81,0.2,10.5,22.3,25.4,11.5,113.0,16.5,472.0
Dwarka,28.5921,77.046,2026-07-23 10:00:00,30.4,73,0.1,12.8,19.8,20.5,7.8,140.0,15.0,414.0
Dwarka,28.5921,77.046,2026-07-23 11:00:00,31.3,66,0.0,14.7,18.5,18.6,5.3,158.0,13.7,369.0
Dwarka,28.5921,77.046,2026-07-23 12:00:00,31.8,64,0.1,15.3,73.3,558.8,4.7,161.0,12.6,351.0
Dwarka,28.5921,77.046,2026-07-23 13:00:00,32.0,64,0.1,14.0,63.6,420.0,5.2,156.0,11.8,347.0
Dwarka,28.5921,77.046,2026-07-23 14:00:00,32.4,63,0.1,13.3,51.1,279.4,6.5,151.0,11.9,365.0
Dwarka,28.5921,77.046,2026-07-23 15:00:00,30.6,73,0.9,15.8,46.8,250.5,8.4,151.0,13.6,418.0
Dwarka,28.5921,77.046,2026-07-23 16:00:00,30.2,75,0.6,7.8,42.1,195.6,11.0,151.0,16.3,493.0
Dwarka,28.5921,77.046,2026-07-23 17:00:00,30.9,76,0.1,6.7,24.4,24.4,21.3,119.0,12.5,560.0
Dwarka,28.5921,77.046,2026-07-23 18:00:00,29.9,79,0.3,7.4,26.8,26.8,24.1,110.0,14.1,618.0
Dwarka,28.5921,77.046,2026-07-23 19:00:00,29.5,81,0.0,4.5,28.3,28.3,27.9,98.0,16.4,668.0
Dwarka,28.5921,77.046,2026-07-23 20:00:00,28.4,88,1.4,5.2,29.9,30.0,29.7,90.0,18.0,684.0
Dwarka,28.5921,77.046,2026-07-23 21:00:00,26.4,94,2.6,9.7,31.7,31.8,27.9,89.0,18.7,644.0
Dwarka,28.5921,77.046,2026-07-23 22:00:00,26.2,95,1.6,10.8,33.1,33.2,24.2,91.0,18.7,571.0
Dwarka,28.5921,77.046,2026-07-23 23:00:00,27.7,88,0.1,13.1,34.0,34.5,20.9,92.0,18.1,500.0
Dwarka,28.5921,77.046,2026-07-24 00:00:00,27.2,88,0.0,11.1,33.2,33.9,18.9,88.0,16.3,442.0
Dwarka,28.5921,77.046,2026-07-24 01:00:00,27.0,89,0.0,10.9,33.4,34.0,17.2,83.0,13.8,387.0
Dwarka,28.5921,77.046,2026-07-24 02:00:00,26.9,89,0.0,9.6,34.5,34.8,16.1,78.0,12.3,343.0
Dwarka,28.5921,77.046,2026-07-24 03:00:00,26.8,89,0.0,9.9,35.6,35.7,15.5,75.0,12.6,308.0
Dwarka,28.5921,77.046,2026-07-24 04:00:00,26.7,90,0.0,10.4,35.9,35.9,15.4,74.0,13.8,285.0
Dwarka,28.5921,77.046,2026-07-24 05:00:00,26.0,95,0.1,10.2,42.4,42.5,16.6,73.0,19.4,288.0
Dwarka,28.5921,77.046,2026-07-24 06:00:00,26.1,94,0.0,12.8,41.0,41.0,16.6,74.0,18.3,344.0
Dwarka,28.5921,77.046,2026-07-24 07:00:00,27.0,88,0.0,12.2,35.5,35.5,16.4,77.0,16.6,426.0
Dwarka,28.5921,77.046,2026-07-24 08:00:00,28.5,80,0.0,15.4,29.5,29.5,15.4,84.0,15.1,474.0
Dwarka,28.5921,77.046,2026-07-24 09:00:00,29.5,76,0.1,13.7,23.7,23.7,12.7,99.0,13.7,453.0
Dwarka,28.5921,77.046,2026-07-24 10:00:00,30.5,73,0.1,12.4,20.0,20.0,9.1,119.0,12.4,399.0
Dwarka,28.5921,77.046,2026-07-24 11:00:00,30.5,74,0.1,13.2,18.1,18.2,6.5,133.0,11.4,353.0
Dwarka,28.5921,77.046,2026-07-24 12:00:00,30.9,73,0.7,12.7,16.5,16.6,5.6,137.0,10.7,329.0
Dwarka,28.5921,77.046,2026-07-24 13:00:00,28.6,86,1.7,13.5,16.1,16.2,5.7,135.0,10.4,313.0
Dwarka,28.5921,77.046,2026-07-24 14:00:00,29.1,84,0.5,4.6,14.3,14.3,6.4,133.0,10.3,314.0
Dwarka,28.5921,77.046,2026-07-24 15:00:00,30.1,79,0.2,8.1,13.8,13.9,7.1,133.0,10.6,331.0
Dwarka,28.5921,77.046,2026-07-24 16:00:00,30.7,75,0.1,7.0,13.6,13.8,8.4,133.0,11.3,363.0
Dwarka,28.5921,77.046,2026-07-24 17:00:00,29.9,83,0.1,6.6,19.8,20.2,11.7,114.0,10.5,420.0
Dwarka,28.5921,77.046,2026-07-24 18:00:00,29.8,83,0.0,8.4,25.3,25.6,23.3,92.0,12.9,528.0
Dwarka,28.5921,77.046,2026-07-24 19:00:00,29.3,86,0.2,9.5,32.1,32.4,39.0,63.0,16.3,661.0
Dwarka,28.5921,77.046,2026-07-24 20:00:00,29.4,86,0.1,9.2,36.0,36.4,48.4,42.0,18.5,744.0
Dwarka,28.5921,77.046,2026-07-24 21:00:00,29.1,85,0.0,10.8,35.6,36.7,45.6,39.0,18.4,743.0
Dwarka,28.5921,77.046,2026-07-24 22:00:00,28.7,85,0.0,11.3,33.9,36.2,36.6,45.0,17.2,691.0
Dwarka,28.5921,77.046,2026-07-24 23:00:00,28.4,85,0.0,12.3,31.1,35.0,28.8,50.0,16.4,619.0
Dwarka,28.5921,77.046,2026-07-25 00:00:00,28.2,85,0.0,13.0,27.0,32.5,24.8,51.0,16.9,517.0
Dwarka,28.5921,77.046,2026-07-25 01:00:00,28.1,83,0.0,12.4,25.4,32.2,21.9,52.0,17.9,395.0
Dwarka,28.5921,77.046,2026-07-25 02:00:00,27.8,83,0.1,12.1,24.9,31.2,20.1,51.0,18.4,303.0
Dwarka,28.5921,77.046,2026-07-25 03:00:00,27.4,84,0.3,10.3,24.9,31.3,19.7,47.0,18.0,264.0
Dwarka,28.5921,77.046,2026-07-25 04:00:00,27.3,86,0.1,10.2,25.6,34.6,20.4,43.0,17.2,256.0
Dwarka,28.5921,77.046,2026-07-25 05:00:00,27.5,87,0.0,9.5,26.0,31.9,19.7,42.0,14.7,268.0
Dwarka,28.5921,77.046,2026-07-25 06:00:00,27.7,87,0.0,7.4,26.4,31.1,18.8,48.0,14.5,313.0
Dwarka,28.5921,77.046,2026-07-25 07:00:00,28.3,85,0.0,7.8,26.7,31.0,17.5,56.0,14.3,377.0
Dwarka,28.5921,77.046,2026-07-25 08:00:00,29.1,79,0.1,11.5,26.6,31.7,15.5,68.0,13.7,412.0
Dwarka,28.5921,77.046,2026-07-25 09:00:00,30.1,72,0.0,10.6,25.7,33.6,12.3,86.0,12.6,384.0
Dwarka,28.5921,77.046,2026-07-25 10:00:00,30.7,69,0.1,11.5,24.8,35.4,8.4,106.0,11.2,326.0
Dwarka,28.5921,77.046,2026-07-25 11:00:00,31.6,64,0.2,13.4,22.1,32.6,5.6,122.0,10.2,288.0
Dwarka,28.5921,77.046,2026-07-25 12:00:00,31.7,64,0.3,14.0,21.1,30.7,4.3,130.0,9.9,290.0
Dwarka,28.5921,77.046,2026-07-25 13:00:00,32.2,64,0.1,11.6,26.4,63.1,4.2,133.0,9.9,313.0
Dwarka,28.5921,77.046,2026-07-25 14:00:00,32.6,62,0.3,12.1,23.9,39.2,5.7,131.0,10.1,346.0
Dwarka,28.5921,77.046,2026-07-25 15:00:00,32.4,63,0.3,11.9,23.1,33.5,9.2,122.0,10.2,380.0
Dwarka,28.5921,77.046,2026-07-25 16:00:00,31.8,65,0.3,11.2,23.7,32.5,14.4,108.0,10.5,425.0
Dwarka,28.5921,77.046,2026-07-25 17:00:00,30.3,80,0.1,11.4,31.0,37.0,20.8,94.0,8.8,499.0
Dwarka,28.5921,77.046,2026-07-25 18:00:00,30.1,80,0.0,11.0,37.3,41.3,26.7,83.0,11.0,646.0
Dwarka,28.5921,77.046,2026-07-25 19:00:00,29.2,82,0.0,8.9,42.1,45.1,34.7,67.0,14.0,823.0
Dwarka,28.5921,77.046,2026-07-25 20:00:00,28.7,84,0.0,9.4,39.9,41.9,39.5,56.0,16.2,914.0
Dwarka,28.5921,77.046,2026-07-25 21:00:00,28.3,87,0.0,8.9,38.2,39.3,38.3,53.0,16.7,844.0
Dwarka,28.5921,77.046,2026-07-25 22:00:00,28.0,88,0.0,8.5,37.7,38.4,34.0,54.0,16.3,689.0
Dwarka,28.5921,77.046,2026-07-25 23:00:00,27.9,90,0.0,10.3,36.9,37.4,29.7,56.0,15.8,560.0
Dwarka,28.5921,77.046,2026-07-26 00:00:00,27.7,91,0.0,9.8,35.7,36.1,26.1,58.0,15.1,501.0
Dwarka,28.5921,77.046,2026-07-26 01:00:00,27.7,92,0.0,8.5,34.3,34.7,22.5,61.0,14.2,468.0
Dwarka,28.5921,77.046,2026-07-26 02:00:00,27.7,93,0.0,7.9,33.9,34.1,20.2,62.0,13.7,441.0
Dwarka,28.5921,77.046,2026-07-26 03:00:00,27.5,93,0.0,7.6,34.5,34.8,20.3,58.0,14.0,414.0
Dwarka,28.5921,77.046,2026-07-26 04:00:00,27.4,93,0.0,5.4,36.2,37.6,21.7,52.0,14.7,394.0
Dwarka,28.5921,77.046,2026-07-26 05:00:00,28.2,93,0.1,4.2,26.7,27.8,19.6,59.0,13.7,380.0
Dwarka,28.5921,77.046,2026-07-26 06:00:00,27.5,96,0.4,6.0,29.7,30.6,18.5,66.0,14.8,379.0
Dwarka,28.5921,77.046,2026-07-26 07:00:00,28.4,91,0.1,4.3,30.5,31.9,17.0,77.0,16.2,385.0
Dwarka,28.5921,77.046,2026-07-26 08:00:00,29.7,83,0.0,3.0,31.0,33.2,14.9,92.0,17.3,382.0
Dwarka,28.5921,77.046,2026-07-26 09:00:00,31.0,74,0.0,3.8,31.7,36.0,11.9,113.0,17.6,361.0
Dwarka,28.5921,77.046,2026-07-26 10:00:00,31.9,68,0.3,4.2,31.1,38.2,8.5,138.0,17.4,331.0
Dwarka,28.5921,77.046,2026-07-26 11:00:00,32.3,65,0.3,4.0,29.3,39.3,5.9,158.0,17.2,309.0
Dwarka,28.5921,77.046,2026-07-26 12:00:00,33.1,62,0.1,4.0,28.7,39.8,4.6,170.0,17.0,302.0
Dwarka,28.5921,77.046,2026-07-26 13:00:00,33.5,61,0.2,4.3,29.4,40.6,4.2,178.0,16.8,303.0
Dwarka,28.5921,77.046,2026-07-26 14:00:00,33.7,60,0.2,4.2,29.6,41.0,4.6,181.0,16.8,307.0
Dwarka,28.5921,77.046,2026-07-26 15:00:00,33.8,59,0.1,3.1,29.6,41.0,3.6,181.0,16.5,287.0
Dwarka,28.5921,77.046,2026-07-26 16:00:00,33.7,59,0.0,2.3,32.9,69.6,3.4,176.0,16.5,271.0
Dwarka,28.5921,77.046,2026-07-26 17:00:00,34.1,58,0.0,3.6,32.6,45.8,9.3,142.0,13.5,335.0
Dwarka,28.5921,77.046,2026-07-26 18:00:00,32.9,68,0.0,3.2,40.0,50.1,29.0,111.0,18.3,559.0
Dwarka,28.5921,77.046,2026-07-26 19:00:00,31.7,77,0.0,2.9,55.3,65.0,56.1,68.0,24.9,864.0
Dwarka,28.5921,77.046,2026-07-26 20:00:00,31.4,82,0.0,0.8,67.8,77.3,75.8,34.0,29.4,1089.0
Dwarka,28.5921,77.046,2026-07-26 21:00:00,31.3,81,0.0,0.3,75.0,84.1,80.7,20.0,30.0,1170.0
Dwarka,28.5921,77.046,2026-07-26 22:00:00,31.0,82,0.0,0.6,75.4,83.6,78.2,15.0,28.6,1171.0
Dwarka,28.5921,77.046,2026-07-26 23:00:00,30.6,85,0.0,1.4,78.9,86.8,75.1,12.0,26.8,1126.0
Dwarka,28.5921,77.046,2026-07-27 00:00:00,30.0,85,0.0,1.9,80.3,87.5,73.6,8.0,25.1,1023.0
Dwarka,28.5921,77.046,2026-07-27 01:00:00,29.7,86,0.0,1.8,79.6,86.6,71.6,6.0,23.0,873.0
Dwarka,28.5921,77.046,2026-07-27 02:00:00,29.3,83,0.0,3.1,81.0,88.0,69.5,5.0,21.4,748.0
Dwarka,28.5921,77.046,2026-07-27 03:00:00,29.2,83,0.0,2.4,83.4,91.0,68.4,2.0,20.5,672.0
Dwarka,28.5921,77.046,2026-07-27 04:00:00,29.1,83,0.0,2.3,86.1,94.3,67.2,0.0,20.0,621.0
Dwarka,28.5921,77.046,2026-07-27 05:00:00,29.7,83,0.0,2.4,75.2,82.4,67.7,2.0,22.2,590.0
Dwarka,28.5921,77.046,2026-07-27 06:00:00,29.9,80,0.0,2.9,78.9,86.1,59.3,21.0,25.3,597.0
Dwarka,28.5921,77.046,2026-07-27 07:00:00,30.5,78,0.0,2.0,62.9,69.6,47.4,48.0,29.4,623.0
Dwarka,28.5921,77.046,2026-07-27 08:00:00,31.5,75,0.0,2.2,47.0,58.1,36.0,78.0,31.2,614.0
Dwarka,28.5921,77.046,2026-07-27 09:00:00,32.6,67,0.1,3.4,38.4,66.1,25.8,111.0,28.6,527.0
Dwarka,28.5921,77.046,2026-07-27 10:00:00,33.3,63,0.2,2.6,33.2,64.7,16.2,147.0,23.8,404.0
Dwarka,28.5921,77.046,2026-07-27 11:00:00,34.5,55,0.1,2.5,32.2,75.4,9.3,174.0,20.0,314.0
Dwarka,28.5921,77.046,2026-07-27 12:00:00,34.9,55,0.0,5.6,29.8,58.4,6.4,189.0,18.5,279.0
Dwarka,28.5921,77.046,2026-07-27 13:00:00,35.2,54,0.0,4.5,29.2,54.9,6.1,196.0,17.9,277.0
Dwarka,28.5921,77.046,2026-07-27 14:00:00,35.1,53,0.0,6.5,28.8,53.1,6.8,197.0,17.4,306.0
Dwarka,28.5921,77.046,2026-07-27 15:00:00,34.3,56,0.0,4.6,27.7,52.4,5.9,194.0,16.3,363.0
Dwarka,28.5921,77.046,2026-07-27 16:00:00,33.7,58,0.0,1.6,26.8,52.2,5.9,186.0,15.4,452.0
Dwarka,28.5921,77.046,2026-07-27 17:00:00,32.5,67,0.0,2.0,38.4,109.4,21.3,119.0,13.8,583.0
Dwarka,28.5921,77.046,2026-07-27 18:00:00,31.9,74,0.0,2.3,44.4,100.1,33.7,95.0,16.4,831.0
Dwarka,28.5921,77.046,2026-07-27 19:00:00,31.5,77,0.0,1.6,54.9,98.0,50.4,63.0,19.9,1121.0
Dwarka,28.5921,77.046,2026-07-27 20:00:00,31.2,78,0.0,5.0,76.8,286.8,59.5,42.0,22.1,1244.0
Dwarka,28.5921,77.046,2026-07-27 21:00:00,30.6,80,0.0,9.0,132.2,789.8,53.7,44.0,21.8,1043.0
Dwarka,28.5921,77.046,2026-07-27 22:00:00,29.6,82,0.0,13.0,81.0,282.2,40.4,58.0,20.1,674.0
Dwarka,28.5921,77.046,2026-07-27 23:00:00,30.2,85,0.0,10.3,61.0,158.8,29.6,68.0,18.3,398.0
Dwarka,28.5921,77.046,2026-07-28 00:00:00,28.4,88,0.0,14.1,53.0,114.1,25.2,68.0,16.6,334.0
Dwarka,28.5921,77.046,2026-07-28 01:00:00,27.6,89,0.1,8.9,48.2,86.8,23.2,65.0,14.8,363.0
Dwarka,28.5921,77.046,2026-07-28 02:00:00,27.4,93,0.3,11.1,45.4,71.5,22.3,60.0,13.6,390.0
Dwarka,28.5921,77.046,2026-07-28 03:00:00,26.9,96,0.3,9.4,43.3,62.2,22.2,54.0,13.3,376.0
Dwarka,28.5921,77.046,2026-07-28 04:00:00,26.5,97,0.4,10.4,41.8,56.0,23.1,47.0,13.6,361.0
Dwarka,28.5921,77.046,2026-07-28 05:00:00,28.4,94,0.3,8.7,43.1,101.3,24.9,41.0,12.8,367.0
Dwarka,28.5921,77.046,2026-07-28 06:00:00,28.5,92,0.0,8.6,40.9,89.2,24.2,44.0,12.5,424.0
Dwarka,28.5921,77.046,2026-07-28 07:00:00,28.0,93,1.1,11.0,37.6,73.6,23.0,50.0,12.1,503.0
Dwarka,28.5921,77.046,2026-07-28 08:00:00,28.8,92,0.5,10.4,34.5,68.0,21.1,62.0,12.0,542.0
Dwarka,28.5921,77.046,2026-07-28 09:00:00,29.5,84,0.0,8.5,33.2,65.9,17.7,87.0,12.7,502.0
Dwarka,28.5921,77.046,2026-07-28 10:00:00,27.6,92,4.1,11.8,32.7,64.7,13.4,119.0,13.7,423.0
Dwarka,28.5921,77.046,2026-07-28 11:00:00,28.3,92,1.3,9.8,29.9,53.6,10.0,145.0,14.4,363.0
Dwarka,28.5921,77.046,2026-07-28 12:00:00,27.3,95,3.8,11.5,27.4,44.7,7.6,160.0,14.3,344.0
Dwarka,28.5921,77.046,2026-07-28 13:00:00,27.0,94,2.6,8.6,25.8,43.4,6.0,168.0,14.0,345.0
Dwarka,28.5921,77.046,2026-07-28 14:00:00,26.9,95,2.7,4.6,24.9,41.9,6.5,171.0,14.1,353.0
Dwarka,28.5921,77.046,2026-07-28 15:00:00,27.2,92,1.4,5.4,24.7,40.2,8.3,171.0,14.4,341.0
Dwarka,28.5921,77.046,2026-07-28 16:00:00,27.1,93,0.6,4.1,25.4,39.9,12.1,165.0,15.3,338.0
Dwarka,28.5921,77.046,2026-07-28 17:00:00,31.1,70,0.3,4.1,17.6,21.8,35.9,72.0,17.5,418.0
Dwarka,28.5921,77.046,2026-07-28 18:00:00,30.3,77,0.3,4.6,16.7,19.9,42.4,61.0,19.4,679.0
Dwarka,28.5921,77.046,2026-07-28 19:00:00,29.6,83,0.0,1.1,21.0,23.3,51.4,45.0,21.9,1023.0
Dwarka,28.5921,77.046,2026-07-28 20:00:00,29.2,87,0.0,1.9,25.4,27.3,57.9,32.0,23.7,1233.0
Dwarka,28.5921,77.046,2026-07-28 21:00:00,29.0,88,0.0,2.9,31.8,33.5,59.7,24.0,24.0,1185.0
Dwarka,28.5921,77.046,2026-07-28 22:00:00,28.6,89,0.0,6.0,32.0,33.4,59.0,19.0,23.6,1002.0
Dwarka,28.5921,77.046,2026-07-28 23:00:00,28.2,89,0.0,3.3,31.5,32.7,58.0,15.0,23.1,840.0
Dwarka,28.5921,77.046,2026-07-29 00:00:00,27.9,91,0.0,2.2,29.2,30.3,57.5,12.0,22.3,757.0
Dwarka,28.5921,77.046,2026-07-29 01:00:00,27.8,92,0.0,1.9,30.3,31.4,56.8,10.0,21.4,695.0
Dwarka,28.5921,77.046,2026-07-29 02:00:00,27.5,93,0.2,4.8,31.1,32.4,55.5,10.0,21.5,633.0
Dwarka,28.5921,77.046,2026-07-29 03:00:00,27.1,92,0.3,4.5,31.2,32.8,53.6,13.0,23.0,550.0
Dwarka,28.5921,77.046,2026-07-29 04:00:00,27.0,94,0.0,2.5,31.7,33.6,51.1,17.0,25.4,468.0
Dwarka,28.5921,77.046,2026-07-29 05:00:00,26.6,98,0.0,2.7,34.5,36.9,45.1,21.0,27.7,426.0
Dwarka,28.5921,77.046,2026-07-29 06:00:00,26.6,96,0.3,3.6,39.2,40.9,44.8,25.0,29.5,463.0
Dwarka,28.5921,77.046,2026-07-29 07:00:00,26.7,96,0.4,5.4,38.1,39.8,44.1,31.0,31.9,541.0
Dwarka,28.5921,77.046,2026-07-29 08:00:00,27.2,92,0.3,3.8,33.2,35.3,42.1,42.0,33.9,590.0
Dwarka,28.5921,77.046,2026-07-29 09:00:00,28.5,86,0.3,3.3,30.6,32.6,37.6,62.0,34.9,574.0
Dwarka,28.5921,77.046,2026-07-29 10:00:00,29.6,82,0.2,3.9,26.1,28.1,31.6,87.0,35.5,529.0
Dwarka,28.5921,77.046,2026-07-29 11:00:00,31.0,77,0.1,1.7,24.4,26.8,26.5,112.0,36.0,494.0
Dwarka,28.5921,77.046,2026-07-29 12:00:00,32.1,72,0.0,1.2,25.8,28.8,22.6,136.0,36.3,480.0
Dwarka,28.5921,77.046,2026-07-29 13:00:00,32.2,70,0.0,1.8,28.3,32.0,19.5,159.0,36.5,476.0
Dwarka,28.5921,77.046,2026-07-29 14:00:00,32.5,70,0.1,3.1,31.2,35.3,18.4,177.0,37.2,486.0
Dwarka,28.5921,77.046,2026-07-29 15:00:00,32.6,70,0.2,1.5,34.7,40.6,17.7,191.0,38.6,469.0
Dwarka,28.5921,77.046,2026-07-29 16:00:00,32.2,72,0.0,2.4,36.9,42.5,19.0,200.0,40.5,465.0
Dwarka,28.5921,77.046,2026-07-29 17:00:00,32.7,67,0.1,5.0,43.1,54.0,12.3,161.0,17.1,603.0
Dwarka,28.5921,77.046,2026-07-29 18:00:00,31.7,76,0.0,5.0,51.6,60.1,29.8,129.0,20.9,1024.0
Dwarka,28.5921,77.046,2026-07-29 19:00:00,30.7,83,0.0,5.0,61.2,67.3,53.7,85.0,26.1,1587.0
Dwarka,28.5921,77.046,2026-07-29 20:00:00,30.3,84,0.0,5.7,68.5,73.1,70.5,52.0,29.9,1995.0
Dwarka,28.5921,77.046,2026-07-29 21:00:00,29.9,85,0.0,5.2,75.4,78.9,74.1,39.0,31.3,2129.0
Dwarka,28.5921,77.046,2026-07-29 22:00:00,29.5,87,0.0,4.0,79.6,82.4,70.6,36.0,31.4,2109.0
Dwarka,28.5921,77.046,2026-07-29 23:00:00,30.1,87,0.0,6.7,80.1,82.4,64.6,36.0,30.6,1993.0
Dwarka,28.5921,77.046,2026-07-30 00:00:00,29.4,89,0.0,7.8,76.8,78.7,56.0,40.0,28.5,1752.0
Dwarka,28.5921,77.046,2026-07-30 01:00:00,27.2,93,1.9,9.4,74.0,75.7,44.9,47.0,25.4,1415.0
Dwarka,28.5921,77.046,2026-07-30 02:00:00,25.5,98,5.0,7.5,72.2,73.3,36.2,51.0,23.0,1134.0
Dwarka,28.5921,77.046,2026-07-30 03:00:00,26.1,95,0.6,3.0,70.3,71.2,32.2,48.0,21.7,969.0
Dwarka,28.5921,77.046,2026-07-30 04:00:00,26.3,97,0.1,4.0,68.9,69.8,30.6,42.0,20.9,860.0
Dwarka,28.5921,77.046,2026-07-30 05:00:00,27.7,93,0.0,0.9,69.2,69.6,35.1,57.0,20.7,774.0
Dwarka,28.5921,77.046,2026-07-30 06:00:00,27.9,95,0.1,6.8,68.0,68.5,32.3,71.0,22.1,715.0
Dwarka,28.5921,77.046,2026-07-30 07:00:00,29.0,85,0.3,10.4,57.4,58.0,28.2,91.0,23.8,680.0
Dwarka,28.5921,77.046,2026-07-30 08:00:00,29.6,83,0.3,7.9,43.2,43.9,23.6,113.0,24.4,629.0
Dwarka,28.5921,77.046,2026-07-30 09:00:00,30.6,77,0.1,8.0,46.7,48.1,18.1,137.0,22.6,531.0
Dwarka,28.5921,77.046,2026-07-30 10:00:00,31.7,71,0.0,6.7,33.6,35.7,12.0,162.0,19.7,416.0
Dwarka,28.5921,77.046,2026-07-30 11:00:00,32.8,64,0.0,5.0,31.3,32.7,7.6,182.0,17.3,337.0
Dwarka,28.5921,77.046,2026-07-30 12:00:00,33.2,62,0.1,6.7,56.3,295.2,5.5,194.0,15.9,314.0
Dwarka,28.5921,77.046,2026-07-30 13:00:00,31.8,68,1.0,9.0,46.3,178.3,5.0,201.0,15.1,326.0
Dwarka,28.5921,77.046,2026-07-30 14:00:00,32.9,63,0.1,3.4,44.4,148.5,6.0,203.0,15.3,369.0
Dwarka,28.5921,77.046,2026-07-30 15:00:00,33.2,61,0.1,4.9,40.3,108.7,8.4,201.0,17.1,462.0
Dwarka,28.5921,77.046,2026-07-30 16:00:00,33.3,60,0.0,6.1,36.4,74.5,12.3,195.0,20.0,585.0
Dwarka,28.5921,77.046,2026-07-30 17:00:00,32.1,69,0.0,9.1,34.8,40.9,16.3,150.0,15.3,670.0
Dwarka,28.5921,77.046,2026-07-30 18:00:00,29.8,80,0.4,14.9,37.8,42.4,27.5,124.0,18.7,676.0
Dwarka,28.5921,77.046,2026-07-30 19:00:00,28.7,85,0.0,8.7,43.1,48.3,42.5,89.0,23.2,644.0
Dwarka,28.5921,77.046,2026-07-30 20:00:00,28.6,86,0.0,8.2,46.4,70.3,51.4,63.0,25.7,625.0
Dwarka,28.5921,77.046,2026-07-30 21:00:00,28.6,88,0.0,8.4,48.5,88.5,48.3,57.0,24.3,649.0
Dwarka,28.5921,77.046,2026-07-30 22:00:00,28.4,90,0.0,9.4,43.7,74.7,39.0,61.0,21.0,686.0
Dwarka,28.5921,77.046,2026-07-30 23:00:00,29.0,89,0.0,11.6,38.9,61.2,30.6,65.0,18.1,696.0
Dwarka,28.5921,77.046,2026-07-31 00:00:00,28.7,88,0.0,11.8,33.8,46.7,25.4,67.0,16.4,656.0
Dwarka,28.5921,77.046,2026-07-31 01:00:00,28.5,89,0.0,11.3,29.2,34.9,21.2,69.0,15.1,590.0
Dwarka,28.5921,77.046,2026-07-31 02:00:00,28.4,87,0.0,10.6,25.8,27.7,18.2,70.0,14.6,526.0
Dwarka,28.5921,77.046,2026-07-31 03:00:00,28.2,87,0.0,10.1,23.4,24.1,17.0,67.0,15.3,469.0
Dwarka,28.5921,77.046,2026-07-31 04:00:00,28.1,86,0.0,11.0,30.7,98.7,17.1,63.0,16.7,414.0
Dwarka,28.5921,77.046,2026-07-31 05:00:00,28.2,84,0.0,12.5,30.9,107.1,17.4,61.0,17.4,379.0
Dwarka,28.5921,77.046,2026-07-31 06:00:00,28.2,84,0.0,11.2,27.0,67.5,17.2,64.0,17.6,380.0
Dwarka,28.5921,77.046,2026-07-31 07:00:00,28.8,81,0.0,11.5,52.2,281.3,16.9,68.0,17.8,401.0
Dwarka,28.5921,77.046,2026-07-31 08:00:00,29.2,78,0.1,14.3,24.9,53.0,15.7,78.0,17.7,412.0
Dwarka,28.5921,77.046,2026-07-31 09:00:00,29.7,76,0.1,14.7,19.6,27.1,12.9,98.0,16.9,397.0
Dwarka,28.5921,77.046,2026-07-31 10:00:00,30.0,74,0.1,14.5,19.9,22.9,9.2,124.0,15.7,372.0
Dwarka,28.5921,77.046,2026-07-31 11:00:00,30.5,72,0.3,12.3,20.5,21.4,6.6,143.0,14.6,352.0
Dwarka,28.5921,77.046,2026-07-31 12:00:00,31.4,67,0.1,13.3,20.6,20.8,5.5,151.0,13.7,339.0
Dwarka,28.5921,77.046,2026-07-31 13:00:00,32.3,64,0.0,13.9,20.3,27.6,5.5,151.0,12.9,332.0
Dwarka,28.5921,77.046,2026-07-31 14:00:00,32.7,62,0.2,12.4,22.3,31.4,6.6,149.0,12.7,342.0
Dwarka,28.5921,77.046,2026-07-31 15:00:00,32.6,63,0.1,12.2,20.4,26.4,9.2,144.0,13.5,381.0
Dwarka,28.5921,77.046,2026-07-31 16:00:00,30.5,72,0.9,11.1,20.0,25.4,13.0,136.0,14.9,438.0
Dwarka,28.5921,77.046,2026-07-31 17:00:00,31.5,72,0.7,8.1,31.2,31.7,17.0,127.0,15.1,493.0
Dwarka,28.5921,77.046,2026-07-31 18:00:00,31.0,75,0.0,7.7,34.0,34.5,23.8,109.0,17.5,553.0
Dwarka,28.5921,77.046,2026-07-31 19:00:00,30.2,78,0.0,9.0,35.9,36.2,32.9,85.0,20.6,612.0
Dwarka,28.5921,77.046,2026-07-31 20:00:00,29.8,82,0.0,8.9,35.9,36.3,38.1,68.0,22.4,633.0
Dwarka,28.5921,77.046,2026-07-31 21:00:00,29.4,83,0.2,12.3,34.2,34.8,35.8,64.0,21.3,587.0
Dwarka,28.5921,77.046,2026-07-31 22:00:00,28.9,85,0.1,11.5,32.1,32.9,29.6,67.0,18.8,504.0
Dwarka,28.5921,77.046,2026-07-31 23:00:00,28.4,85,0.0,10.1,30.2,31.0,24.1,69.0,17.0,431.0
Dwarka,28.5921,77.046,2026-08-01 00:00:00,27.9,88,0.0,10.7,27.8,28.5,20.9,69.0,16.9,386.0
Dwarka,28.5921,77.046,2026-08-01 01:00:00,26.8,94,1.8,9.2,35.0,107.1,18.5,68.0,17.5,351.0
Dwarka,28.5921,77.046,2026-08-01 02:00:00,27.1,93,0.0,11.7,41.0,159.7,16.9,67.0,18.0,327.0
Dwarka,28.5921,77.046,2026-08-01 03:00:00,27.1,91,0.0,11.9,44.7,190.9,16.4,64.0,18.0,309.0
Dwarka,28.5921,77.046,2026-08-01 04:00:00,27.2,91,0.0,11.0,48.5,209.1,16.6,60.0,17.8,302.0
Dwarka,28.5921,77.046,2026-08-01 05:00:00,27.0,93,0.0,10.5,27.0,27.9,17.4,59.0,18.1,312.0
Dwarka,28.5921,77.046,2026-08-01 06:00:00,27.2,92,0.0,9.9,27.9,28.8,17.2,66.0,18.2,358.0
Dwarka,28.5921,77.046,2026-08-01 07:00:00,27.4,89,0.1,12.8,28.7,29.6,16.7,76.0,18.3,423.0
Dwarka,28.5921,77.046,2026-08-01 08:00:00,28.1,85,0.1,12.8,27.6,28.5,15.5,90.0,18.2,460.0
Dwarka,28.5921,77.046,2026-08-01 09:00:00,29.5,78,0.1,12.7,25.3,25.9,12.6,111.0,17.8,444.0
Dwarka,28.5921,77.046,2026-08-01 10:00:00,30.6,72,0.1,12.2,30.3,81.7,9.0,136.0,17.2,402.0
Dwarka,28.5921,77.046,2026-08-01 11:00:00,31.6,69,0.3,11.7,26.1,39.0,6.4,155.0,16.8,366.0
Dwarka,28.5921,77.046,2026-08-01 12:00:00,32.3,67,0.1,11.1,28.1,58.0,5.6,163.0,16.6,340.0
Dwarka,28.5921,77.046,2026-08-01 13:00:00,32.6,66,0.1,12.8,26.8,34.3,5.9,166.0,16.6,321.0
Dwarka,28.5921,77.046,2026-08-01 14:00:00,32.6,60,0.3,11.3,26.5,30.3,6.9,165.0,16.7,329.0
Dwarka,28.5921,77.046,2026-08-01 15:00:00,31.6,67,0.3,9.7,26.1,28.1,8.2,164.0,17.0,376.0
Dwarka,28.5921,77.046,2026-08-01 16:00:00,31.5,72,0.2,7.2,26.5,27.6,10.2,159.0,17.4,450.0
Dwarka,28.5921,77.046,2026-08-01 17:00:00,31.3,72,0.4,11.2,39.2,84.8,15.9,143.0,15.2,538.0
Dwarka,28.5921,77.046,2026-08-01 18:00:00,30.4,80,0.1,5.1,41.2,64.0,21.8,125.0,16.1,664.0
Dwarka,28.5921,77.046,2026-08-01 19:00:00,29.9,83,0.0,5.4,39.8,48.5,29.7,101.0,17.4,804.0
Dwarka,28.5921,77.046,2026-08-01 20:00:00,29.6,84,0.0,7.6,40.6,44.4,34.9,82.0,18.1,875.0
Dwarka,28.5921,77.046,2026-08-01 21:00:00,29.3,87,0.0,8.6,41.9,43.2,34.9,74.0,17.9,823.0
Dwarka,28.5921,77.046,2026-08-01 22:00:00,29.3,87,0.0,10.8,39.7,40.2,32.1,72.0,17.2,701.0
Dwarka,28.5921,77.046,2026-08-01 23:00:00,27.8,89,0.0,12.4,36.7,36.8,28.9,71.0,16.6,589.0
Dwarka,28.5921,77.046,2026-08-02 00:00:00,27.0,90,0.2,10.5,35.6,36.0,25.4,72.0,16.2,511.0
Dwarka,28.5921,77.046,2026-08-02 01:00:00,26.9,91,0.2,9.0,36.0,36.4,21.5,74.0,15.9,442.0
Dwarka,28.5921,77.046,2026-08-02 02:00:00,27.0,92,0.1,7.8,36.9,37.8,18.7,75.0,16.1,391.0
Dwarka,28.5921,77.046,2026-08-02 03:00:00,26.9,92,0.0,7.1,38.1,39.6,18.1,71.0,17.2,360.0
Dwarka,28.5921,77.046,2026-08-02 04:00:00,26.9,93,0.0,7.6,39.1,40.9,18.7,66.0,18.8,346.0
Dwarka,28.5921,77.046,2026-08-02 05:00:00,27.2,95,0.0,8.3,43.3,44.8,22.0,58.0,20.2,349.0
Dwarka,28.5921,77.046,2026-08-02 06:00:00,27.1,94,0.0,13.3,44.2,46.0,20.8,67.0,21.9,383.0
Dwarka,28.5921,77.046,2026-08-02 07:00:00,27.2,93,0.1,8.9,43.0,45.4,19.0,81.0,24.2,434.0
Dwarka,28.5921,77.046,2026-08-02 08:00:00,28.6,86,0.0,9.1,38.3,58.6,16.6,100.0,25.3,457.0
Dwarka,28.5921,77.046,2026-08-02 09:00:00,30.3,78,0.0,8.9,38.2,62.9,12.9,128.0,24.2,426.0
Dwarka,28.5921,77.046,2026-08-02 10:00:00,31.7,71,0.1,8.6,36.2,50.3,8.5,162.0,21.8,368.0
Dwarka,28.5921,77.046,2026-08-02 11:00:00,33.0,63,0.1,8.3,35.5,44.8,5.3,185.0,19.5,321.0
Dwarka,28.5921,77.046,2026-08-02 12:00:00,33.8,59,0.0,7.5,33.3,39.8,3.9,192.0,17.5,298.0
Dwarka,28.5921,77.046,2026-08-02 13:00:00,34.0,57,0.2,10.0,32.5,37.4,3.6,190.0,15.6,287.0
Dwarka,28.5921,77.046,2026-08-02 14:00:00,33.0,62,0.8,11.5,32.5,36.0,4.5,183.0,14.2,284.0
Dwarka,28.5921,77.046,2026-08-02 15:00:00,32.9,64,0.0,8.6,32.0,34.3,6.4,171.0,13.6,286.0
Dwarka,28.5921,77.046,2026-08-02 16:00:00,32.2,67,0.4,8.1,29.6,31.3,9.4,154.0,13.6,298.0
Dwarka,28.5921,77.046,2026-08-02 17:00:00,27.0,97,0.2,7.7,23.5,24.5,13.0,121.0,12.3,329.0
Dwarka,28.5921,77.046,2026-08-02 18:00:00,28.1,92,0.7,8.1,28.8,29.7,18.2,106.0,13.6,397.0
Dwarka,28.5921,77.046,2026-08-02 19:00:00,27.6,92,0.1,8.0,32.4,33.2,25.4,85.0,15.4,485.0
Dwarka,28.5921,77.046,2026-08-02 20:00:00,27.8,91,0.0,7.5,32.7,33.5,30.1,69.0,16.7,555.0
Dwarka,28.5921,77.046,2026-08-02 21:00:00,28.1,91,0.0,7.1,32.7,33.9,30.5,63.0,17.4,596.0
Dwarka,28.5921,77.046,2026-08-02 22:00:00,28.1,91,0.0,7.9,34.0,35.6,28.4,62.0,17.7,620.0
Dwarka,28.5921,77.046,2026-08-02 23:00:00,28.9,91,0.0,6.0,32.5,34.7,25.5,63.0,17.3,616.0
Dwarka,28.5921,77.046,2026-08-03 00:00:00,28.6,92,0.0,7.0,27.9,30.5,21.4,67.0,15.5,570.0
Dwarka,28.5921,77.046,2026-08-03 01:00:00,28.5,92,0.0,6.9,24.3,28.2,16.4,74.0,12.9,497.0
Dwarka,28.5921,77.046,2026-08-03 02:00:00,28.3,91,0.0,8.5,21.0,24.3,13.0,77.0,11.1,437.0
Dwarka,28.5921,77.046,2026-08-03 03:00:00,27.9,91,0.0,7.7,18.7,21.9,12.5,73.0,10.6,395.0
Dwarka,28.5921,77.046,2026-08-03 04:00:00,27.5,93,0.0,7.6,17.8,20.6,13.6,66.0,10.9,365.0
Dwarka,28.5921,77.046,2026-08-03 05:00:00,27.1,99,0.1,4.4,31.4,32.8,22.4,39.0,13.2,370.0
Dwarka,28.5921,77.046,2026-08-03 06:00:00,27.4,94,1.3,2.4,34.5,36.0,21.8,47.0,14.6,445.0
Dwarka,28.5921,77.046,2026-08-03 07:00:00,27.4,94,2.2,3.0,35.0,36.6,20.8,58.0,16.4,555.0
Dwarka,28.5921,77.046,2026-08-03 08:00:00,27.8,92,0.8,2.8,31.0,32.1,18.9,74.0,17.5,616.0
Dwarka,28.5921,77.046,2026-08-03 09:00:00,29.4,84,0.3,4.3,28.3,29.0,15.3,98.0,17.3,578.0
Dwarka,28.5921,77.046,2026-08-03 10:00:00,30.2,82,0.2,4.8,26.0,26.4,10.8,126.0,16.4,490.0
Dwarka,28.5921,77.046,2026-08-03 11:00:00,32.0,73,0.3,7.9,25.5,25.7,7.7,146.0,15.4,419.0
Dwarka,28.5921,77.046,2026-08-03 12:00:00,32.8,69,0.2,8.4,25.3,25.5,6.6,153.0,14.3,382.0
Dwarka,28.5921,77.046,2026-08-03 13:00:00,33.0,69,0.6,5.4,24.2,24.3,6.8,153.0,13.0,361.0
Dwarka,28.5921,77.046,2026-08-03 14:00:00,30.5,75,0.7,12.1,24.4,24.4,8.4,147.0,12.0,366.0
Dwarka,28.5921,77.046,2026-08-03 15:00:00,29.9,83,3.0,3.1,24.4,24.5,11.0,136.0,11.0,398.0
Dwarka,28.5921,77.046,2026-08-03 16:00:00,29.8,83,0.4,6.4,22.8,22.9,15.0,120.0,10.3,455.0
Dwarka,28.5921,77.046,2026-08-03 17:00:00,32.2,75,0.1,8.7,37.1,37.6,18.3,113.0,10.6,543.0
Dwarka,28.5921,77.046,2026-08-03 18:00:00,28.4,93,6.9,5.3,38.5,38.9,28.8,94.0,13.0,694.0
Dwarka,28.5921,77.046,2026-08-03 19:00:00,28.3,94,1.8,6.2,46.7,47.0,43.2,68.0,16.4,875.0
Dwarka,28.5921,77.046,2026-08-03 20:00:00,27.5,95,2.1,8.9,50.4,50.6,53.0,48.0,18.9,999.0
Dwarka,28.5921,77.046,2026-08-03 21:00:00,26.9,95,4.0,0.9,53.4,53.7,54.4,41.0,19.8,1034.0
Dwarka,28.5921,77.046,2026-08-03 22:00:00,26.7,96,2.1,3.2,54.1,54.2,51.3,41.0,19.8,1010.0
Dwarka,28.5921,77.046,2026-08-03 23:00:00,27.1,97,0.7,6.9,48.0,48.3,46.5,43.0,19.3,931.0
Dwarka,28.5921,77.046,2026-08-04 00:00:00,26.8,97,0.9,8.1,42.1,42.4,39.9,47.0,18.1,759.0
Dwarka,28.5921,77.046,2026-08-04 01:00:00,26.7,98,0.9,6.9,35.7,36.0,31.6,54.0,16.4,531.0
Dwarka,28.5921,77.046,2026-08-04 02:00:00,26.6,98,0.4,7.6,26.5,26.7,25.3,58.0,15.0,360.0
Dwarka,28.5921,77.046,2026-08-04 03:00:00,26.7,98,0.2,5.4,20.6,20.7,22.4,58.0,14.4,293.0
Dwarka,28.5921,77.046,2026-08-04 04:00:00,26.8,96,0.6,5.0,21.8,22.1,21.3,55.0,14.1,283.0
Dwarka,28.5921,77.046,2026-08-04 05:00:00,26.6,96,0.2,6.0,19.3,19.6,16.4,67.0,10.9,303.0
Dwarka,28.5921,77.046,2026-08-04 06:00:00,26.4,97,7.2,5.8,14.5,15.0,17.6,68.0,11.9,366.0
Dwarka,28.5921,77.046,2026-08-04 07:00:00,26.7,95,2.2,3.8,13.9,14.3,19.1,71.0,13.3,459.0
Dwarka,28.5921,77.046,2026-08-04 08:00:00,26.9,95,1.5,4.6,13.4,13.7,19.5,77.0,14.6,521.0
Dwarka,28.5921,77.046,2026-08-04 09:00:00,27.9,88,0.6,3.4,14.4,14.8,17.9,90.0,15.9,512.0
Dwarka,28.5921,77.046,2026-08-04 10:00:00,29.0,84,0.5,2.2,15.1,15.7,15.2,106.0,17.1,471.0
Dwarka,28.5921,77.046,2026-08-04 11:00:00,27.1,95,0.5,2.6,15.6,16.3,13.0,120.0,17.9,454.0
Dwarka,28.5921,77.046,2026-08-04 12:00:00,28.0,93,1.6,4.8,16.1,16.9,11.4,129.0,17.6,485.0
Dwarka,28.5921,77.046,2026-08-04 13:00:00,28.1,93,1.1,6.1,17.2,18.1,10.3,135.0,16.9,539.0
Dwarka,28.5921,77.046,2026-08-04 14:00:00,28.5,91,0.7,4.9,18.0,18.9,11.3,137.0,17.0,599.0
Dwarka,28.5921,77.046,2026-08-04 15:00:00,28.9,87,0.3,4.6,19.7,20.5,14.4,134.0,18.7,642.0
Dwarka,28.5921,77.046,2026-08-04 16:00:00,29.5,83,0.1,4.0,24.2,25.1,19.5,126.0,21.2,691.0
Dwarka,28.5921,77.046,2026-08-04 17:00:00,27.4,95,0.0,3.1,24.7,25.0,37.2,105.0,33.3,792.0
Dwarka,28.5921,77.046,2026-08-04 18:00:00,27.5,95,1.5,2.9,30.4,30.7,48.7,86.0,35.9,1006.0
Dwarka,28.5921,77.046,2026-08-04 19:00:00,27.4,96,0.5,1.5,39.8,40.0,64.6,59.0,39.6,1272.0
Dwarka,28.5921,77.046,2026-08-04 20:00:00,27.4,95,0.2,1.9,49.7,49.9,76.4,38.0,42.2,1453.0
Dwarka,28.5921,77.046,2026-08-04 21:00:00,27.3,96,0.2,1.4,57.3,57.4,80.9,27.0,43.0,1477.0
Dwarka,28.5921,77.046,2026-08-04 22:00:00,27.0,98,0.1,3.1,63.1,63.3,81.3,22.0,42.8,1416.0
Dwarka,28.5921,77.046,2026-08-04 23:00:00,27.5,97,0.0,3.3,62.9,63.3,79.1,19.0,41.9,1352.0
Dwarka,28.5921,77.046,2026-08-05 00:00:00,27.4,97,0.0,1.3,59.0,59.3,72.9,20.0,39.6,1313.0
Dwarka,28.5921,77.046,2026-08-05 01:00:00,27.4,96,0.0,2.2,54.5,54.7,64.1,24.0,36.6,1272.0
Dwarka,28.5921,77.046,2026-08-05 02:00:00,27.1,98,0.0,3.1,52.4,52.5,58.3,26.0,35.3,1220.0
Dwarka,28.5921,77.046,2026-08-05 03:00:00,27.1,93,0.0,2.0,51.3,51.5,58.9,23.0,37.2,1147.0
Dwarka,28.5921,77.046,2026-08-05 04:00:00,27.0,93,0.2,2.3,53.0,53.2,62.4,18.0,40.8,1065.0
Dwarka,28.5921,77.046,2026-08-05 05:00:00,26.7,93,0.3,4.1,78.0,78.2,78.4,10.0,62.6,1002.0
Dwarka,28.5921,77.046,2026-08-05 06:00:00,26.7,95,0.7,2.3,80.3,80.6,71.4,20.0,60.5,993.0
Dwarka,28.5921,77.046,2026-08-05 07:00:00,27.2,94,0.0,2.2,64.7,65.2,61.3,37.0,57.3,1004.0
Dwarka,28.5921,77.046,2026-08-05 08:00:00,28.1,89,0.0,1.7,58.2,59.1,50.6,65.0,53.8,960.0
Dwarka,28.5921,77.046,2026-08-05 09:00:00,29.9,78,0.0,4.5,48.3,49.7,38.8,116.0,50.0,801.0
Dwarka,28.5921,77.046,2026-08-05 10:00:00,31.2,69,0.0,5.4,41.3,43.3,26.3,178.0,45.8,588.0
Dwarka,28.5921,77.046,2026-08-05 11:00:00,31.4,69,0.0,5.8,43.7,45.9,16.7,224.0,41.1,428.0
Dwarka,28.5921,77.046,2026-08-05 12:00:00,31.1,68,0.0,6.7,46.0,48.2,11.6,240.0,35.3,371.0
Dwarka,28.5921,77.046,2026-08-05 13:00:00,31.6,65,0.0,7.5,47.3,49.2,9.3,239.0,29.0,367.0
Dwarka,28.5921,77.046,2026-08-05 14:00:00,32.1,63,0.0,8.0,50.8,71.0,8.9,230.0,24.2,378.0
Dwarka,28.5921,77.046,2026-08-05 15:00:00,32.8,61,0.0,6.4,43.5,50.9,10.0,215.0,21.9,390.0
Dwarka,28.5921,77.046,2026-08-05 16:00:00,32.6,63,0.0,5.9,40.0,45.5,12.9,193.0,21.0,417.0
Dwarka,28.5921,77.046,2026-08-05 17:00:00,29.9,81,0.0,2.9,47.7,97.1,23.0,138.0,18.5,458.0
Dwarka,28.5921,77.046,2026-08-05 18:00:00,28.2,90,2.9,4.0,54.1,85.0,32.6,112.0,18.6,516.0
Dwarka,28.5921,77.046,2026-08-05 19:00:00,28.1,93,0.2,5.8,56.7,75.9,45.8,77.0,18.8,588.0
Dwarka,28.5921,77.046,2026-08-05 20:00:00,28.0,92,0.0,8.1,53.0,67.3,55.9,48.0,19.2,667.0
Dwarka,28.5921,77.046,2026-08-05 21:00:00,27.6,93,0.0,4.9,51.3,64.7,60.7,32.0,20.3,763.0
Dwarka,28.5921,77.046,2026-08-05 22:00:00,27.4,95,0.0,4.3,53.1,67.1,62.4,22.0,21.6,865.0
Dwarka,28.5921,77.046,2026-08-05 23:00:00,27.7,99,0.0,1.7,59.4,75.0,60.7,19.0,21.9,937.0
Dwarka,28.5921,77.046,2026-08-06 00:00:00,27.9,92,3.2,4.9,61.7,76.4,53.7,24.0,20.2,959.0
Dwarka,28.5921,77.046,2026-08-06 01:00:00,27.1,94,1.1,2.7,50.5,64.5,43.4,36.0,17.4,950.0
Dwarka,28.5921,77.046,2026-08-06 02:00:00,27.0,95,0.3,1.8,44.7,56.2,35.1,44.0,15.4,928.0
Dwarka,28.5921,77.046,2026-08-06 03:00:00,26.8,95,0.0,4.8,42.5,55.3,30.8,45.0,14.5,899.0
Dwarka,28.5921,77.046,2026-08-06 04:00:00,26.6,95,0.0,8.7,42.4,55.3,28.5,43.0,14.3,858.0
Dwarka,28.5921,77.046,2026-08-06 05:00:00,27.1,98,0.0,5.0,47.5,60.5,35.6,35.0,23.3,808.0
Dwarka,28.5921,77.046,2026-08-06 06:00:00,27.3,95,0.4,5.1,50.1,62.2,39.8,36.0,29.1,742.0
Dwarka,28.5921,77.046,2026-08-06 07:00:00,27.6,90,0.0,6.2,56.8,67.8,45.4,38.0,37.1,667.0
Dwarka,28.5921,77.046,2026-08-06 08:00:00,28.1,84,0.8,5.6,58.2,65.0,47.9,48.0,42.8,613.0
Dwarka,28.5921,77.046,2026-08-06 09:00:00,27.5,88,1.1,4.5,56.2,59.8,44.1,72.0,44.0,592.0
Dwarka,28.5921,77.046,2026-08-06 10:00:00,27.1,90,1.7,4.7,56.1,59.8,37.2,102.0,42.9,592.0
Dwarka,28.5921,77.046,2026-08-06 11:00:00,27.3,86,1.4,3.9,48.4,52.3,32.1,126.0,42.4,602.0
Dwarka,28.5921,77.046,2026-08-06 12:00:00,27.2,86,1.0,2.7,42.7,46.8,29.9,138.0,43.5,620.0
Dwarka,28.5921,77.046,2026-08-06 13:00:00,27.1,85,0.3,3.7,46.0,51.7,29.5,143.0,45.1,648.0
Dwarka,28.5921,77.046,2026-08-06 14:00:00,27.2,83,0.0,4.2,50.6,65.9,33.1,139.0,46.7,680.0
Dwarka,28.5921,77.046,2026-08-06 15:00:00,27.4,82,0.1,4.7,51.3,66.6,43.1,124.0,48.3,707.0
Dwarka,28.5921,77.046,2026-08-06 16:00:00,27.6,81,0.1,6.5,57.4,73.1,57.1,100.0,49.8,738.0
Dwarka,28.5921,77.046,2026-08-06 17:00:00,27.9,84,0.0,7.7,43.8,47.0,66.8,67.0,36.8,788.0
Dwarka,28.5921,77.046,2026-08-06 18:00:00,27.4,90,0.7,6.0,43.4,45.1,73.6,53.0,38.9,886.0
Dwarka,28.5921,77.046,2026-08-06 19:00:00,27.2,93,0.2,5.4,43.9,44.8,82.8,35.0,41.7,1004.0
Dwarka,28.5921,77.046,2026-08-06 20:00:00,27.0,94,0.0,5.9,46.3,47.1,88.6,20.0,43.5,1073.0
Dwarka,28.5921,77.046,2026-08-06 21:00:00,26.8,95,0.0,5.5,47.3,48.0,88.9,12.0,43.8,1051.0
Dwarka,28.5921,77.046,2026-08-06 22:00:00,26.8,95,0.0,2.9,46.9,48.0,85.8,8.0,43.1,980.0
Dwarka,28.5921,77.046,2026-08-06 23:00:00,27.0,94,0.0,6.9,45.5,47.0,79.6,9.0,40.8,919.0
Dwarka,28.5921,77.046,2026-08-07 00:00:00,26.3,95,0.1,7.9,41.4,43.1,69.1,16.0,36.0,903.0
Dwarka,28.5921,77.046,2026-08-07 01:00:00,25.9,97,0.7,5.6,36.2,37.6,55.5,28.0,29.6,896.0
Dwarka,28.5921,77.046,2026-08-07 02:00:00,25.9,97,0.8,5.2,32.0,32.4,43.4,39.0,24.0,848.0
Dwarka,28.5921,77.046,2026-08-07 03:00:00,26.0,97,0.0,3.6,28.4,28.6,33.1,49.0,19.5,705.0
Dwarka,28.5921,77.046,2026-08-07 04:00:00,25.9,98,0.0,4.9,24.9,24.9,24.2,59.0,15.8,520.0
Dwarka,28.5921,77.046,2026-08-07 05:00:00,26.4,97,0.5,9.6,24.7,24.7,21.5,60.0,18.5,403.0
Dwarka,28.5921,77.046,2026-08-07 06:00:00,26.2,98,1.7,4.9,26.0,26.1,25.3,60.0,20.8,422.0
Dwarka,28.5921,77.046,2026-08-07 07:00:00,26.3,97,1.9,4.4,30.2,30.3,30.2,62.0,23.8,508.0
Dwarka,28.5921,77.046,2026-08-07 08:00:00,26.3,95,7.6,8.4,36.3,36.4,32.0,69.0,25.6,568.0
Dwarka,28.5921,77.046,2026-08-07 09:00:00,26.7,96,1.6,8.9,48.7,48.8,27.4,88.0,24.9,562.0
Dwarka,28.5921,77.046,2026-08-07 10:00:00,27.3,93,2.2,9.6,30.7,31.0,19.8,112.0,23.0,529.0
Dwarka,28.5921,77.046,2026-08-07 11:00:00,28.1,86,1.2,9.6,23.6,23.9,14.5,129.0,21.2,495.0
Dwarka,28.5921,77.046,2026-08-07 12:00:00,26.3,94,10.9,13.6,21.9,22.2,13.4,133.0,19.8,460.0
Dwarka,28.5921,77.046,2026-08-07 13:00:00,26.8,95,4.7,13.9,20.8,21.2,14.7,130.0,18.5,424.0
Dwarka,28.5921,77.046,2026-08-07 14:00:00,27.3,95,1.4,11.8,23.9,24.2,18.7,123.0,18.1,413.0
Dwarka,28.5921,77.046,2026-08-07 15:00:00,28.2,86,0.6,12.8,26.3,26.6,26.3,112.0,19.0,439.0
Dwarka,28.5921,77.046,2026-08-07 16:00:00,28.3,86,0.3,14.0,28.8,29.1,36.6,97.0,20.8,490.0
Dwarka,28.5921,77.046,2026-08-07 17:00:00,26.8,95,2.3,11.1,41.9,42.7,40.0,81.0,19.0,551.0
Dwarka,28.5921,77.046,2026-08-07 18:00:00,26.7,95,0.5,12.0,43.8,44.5,43.0,75.0,19.4,638.0
Dwarka,28.5921,77.046,2026-08-07 19:00:00,26.2,96,0.9,9.9,42.3,43.1,46.9,66.0,20.1,735.0
Dwarka,28.5921,77.046,2026-08-07 20:00:00,26.2,96,0.2,9.5,42.5,43.3,48.8,59.0,20.8,783.0
Dwarka,28.5921,77.046,2026-08-07 21:00:00,25.8,96,0.4,13.9,43.4,44.1,47.1,56.0,21.8,742.0
Dwarka,28.5921,77.046,2026-08-07 22:00:00,25.4,98,1.9,11.6,44.2,44.8,43.4,54.0,22.9,652.0
Dwarka,28.5921,77.046,2026-08-07 23:00:00,25.9,97,12.0,11.8,44.6,45.2,39.3,53.0,23.2,568.0
Dwarka,28.5921,77.046,2026-08-08 00:00:00,25.9,97,2.6,7.1,43.2,43.9,34.9,53.0,22.1,507.0
Dwarka,28.5921,77.046,2026-08-08 01:00:00,25.9,97,0.2,9.9,42.5,43.2,30.1,55.0,20.2,452.0
Dwarka,28.5921,77.046,2026-08-08 02:00:00,25.3,97,0.6,8.9,42.6,43.4,26.5,55.0,19.0,411.0
Dwarka,28.5921,77.046,2026-08-08 03:00:00,24.8,98,5.9,9.7,43.2,44.0,25.3,51.0,19.1,384.0
Dwarka,28.5921,77.046,2026-08-08 04:00:00,24.7,97,9.0,8.9,44.2,44.9,25.4,46.0,19.9,371.0
Dwarka,28.5921,77.046,2026-08-08 05:00:00,25.7,97,0.6,10.1,36.4,38.0,20.6,54.0,17.4,383.0
Dwarka,28.5921,77.046,2026-08-08 06:00:00,25.7,96,2.8,10.6,37.0,38.5,20.7,60.0,18.3,448.0
Dwarka,28.5921,77.046,2026-08-08 07:00:00,25.9,96,0.6,10.1,38.1,40.2,20.7,69.0,19.5,539.0
Dwarka,28.5921,77.046,2026-08-08 08:00:00,27.2,92,0.2,7.2,35.7,38.0,19.4,82.0,19.5,585.0
Dwarka,28.5921,77.046,2026-08-08 09:00:00,29.1,86,0.2,8.0,27.4,30.9,15.4,102.0,17.3,540.0
Dwarka,28.5921,77.046,2026-08-08 10:00:00,30.6,77,0.1,14.8,23.9,27.4,10.1,125.0,14.0,451.0
Dwarka,28.5921,77.046,2026-08-08 11:00:00,30.0,78,0.2,15.2,25.8,29.6,6.4,142.0,11.6,386.0
Dwarka,28.5921,77.046,2026-08-08 12:00:00,30.9,75,1.2,9.0,24.9,27.9,5.5,149.0,11.1,372.0
Dwarka,28.5921,77.046,2026-08-08 13:00:00,30.4,76,0.5,13.6,27.6,30.2,6.3,150.0,11.6,383.0
Dwarka,28.5921,77.046,2026-08-08 14:00:00,30.2,78,1.3,6.3,29.3,31.8,7.9,149.0,12.3,407.0
Dwarka,28.5921,77.046,2026-08-08 15:00:00,32.1,70,0.1,6.5,26.9,28.5,9.0,150.0,12.7,425.0
Dwarka,28.5921,77.046,2026-08-08 16:00:00,31.8,69,0.2,7.6,27.9,29.3,11.0,150.0,13.3,456.0
Dwarka,28.5921,77.046,2026-08-08 17:00:00,31.1,75,0.7,7.3,35.0,44.0,17.9,135.0,13.1,547.0
Dwarka,28.5921,77.046,2026-08-08 18:00:00,29.9,81,0.2,7.3,41.6,52.4,29.1,112.0,15.5,755.0
Dwarka,28.5921,77.046,2026-08-08 19:00:00,28.9,87,0.0,3.4,46.7,61.7,44.2,81.0,18.7,1022.0
Dwarka,28.5921,77.046,2026-08-08 20:00:00,28.5,90,0.0,3.2,52.5,70.3,53.3,60.0,20.8,1227.0
Dwarka,28.5921,77.046,2026-08-08 21:00:00,28.4,90,0.0,4.0,53.2,71.7,50.7,58.0,20.8,1337.0
Dwarka,28.5921,77.046,2026-08-08 22:00:00,28.3,91,0.0,2.9,49.2,66.1,42.1,65.0,19.8,1384.0
Dwarka,28.5921,77.046,2026-08-08 23:00:00,28.5,91,0.0,2.4,46.9,58.4,34.7,70.0,18.7,1342.0
Dwarka,28.5921,77.046,2026-08-09 00:00:00,28.2,90,0.1,3.9,46.8,53.9,31.3,68.0,17.8,1156.0
Dwarka,28.5921,77.046,2026-08-09 01:00:00,28.0,91,0.8,3.3,47.0,51.1,29.1,63.0,16.9,880.0
Dwarka,28.5921,77.046,2026-08-09 02:00:00,28.3,89,0.1,1.3,45.5,47.5,27.3,59.0,16.4,656.0
Dwarka,28.5921,77.046,2026-08-09 03:00:00,27.3,93,0.2,9.8,43.4,44.2,25.8,55.0,16.4,534.0
Dwarka,28.5921,77.046,2026-08-09 04:00:00,26.5,94,0.2,9.2,42.8,43.3,24.7,51.0,16.9,463.0
Dwarka,28.5921,77.046,2026-08-09 05:00:00,25.3,96,0.0,2.7,52.6,54.0,31.8,45.0,17.3,432.0
Dwarka,28.5921,77.046,2026-08-09 06:00:00,25.8,94,0.1,6.3,50.8,51.6,27.8,60.0,18.7,463.0
Dwarka,28.5921,77.046,2026-08-09 07:00:00,27.0,93,0.0,3.5,49.5,49.7,22.1,83.0,20.6,534.0
Dwarka,28.5921,77.046,2026-08-09 08:00:00,28.8,87,0.0,4.2,37.5,37.6,16.8,107.0,21.5,573.0
Dwarka,28.5921,77.046,2026-08-09 09:00:00,30.6,79,0.0,5.9,33.8,34.0,12.2,134.0,20.4,538.0
Dwarka,28.5921,77.046,2026-08-09 10:00:00,31.5,75,0.0,7.7,32.0,32.1,8.1,163.0,18.4,470.0
Dwarka,28.5921,77.046,2026-08-09 11:00:00,32.7,68,0.0,8.5,31.3,31.5,5.1,185.0,16.7,418.0
Dwarka,28.5921,77.046,2026-08-09 12:00:00,32.5,69,0.2,8.2,31.1,31.3,3.8,195.0,15.8,403.0
Dwarka,28.5921,77.046,2026-08-09 13:00:00,33.0,66,0.1,5.9,36.1,57.4,3.8,197.0,15.3,405.0
Dwarka,28.5921,77.046,2026-08-09 14:00:00,33.7,62,0.0,4.5,35.5,51.9,4.4,198.0,15.4,411.0
Dwarka,28.5921,77.046,2026-08-09 15:00:00,33.8,62,0.0,2.4,33.3,43.5,3.2,203.0,15.9,401.0
Dwarka,28.5921,77.046,2026-08-09 16:00:00,33.6,62,0.0,3.0,31.5,39.1,2.7,206.0,16.9,395.0
Dwarka,28.5921,77.046,2026-08-09 17:00:00,32.5,67,0.2,7.3,40.4,40.6,10.7,170.0,16.2,445.0
Dwarka,28.5921,77.046,2026-08-09 18:00:00,31.2,78,0.0,2.8,49.9,50.2,34.4,134.0,22.8,585.0
Dwarka,28.5921,77.046,2026-08-09 19:00:00,30.3,84,0.0,4.0,67.8,68.0,67.1,85.0,31.8,780.0
Dwarka,28.5921,77.046,2026-08-09 20:00:00,30.1,84,0.0,4.5,86.4,86.6,91.9,45.0,38.7,974.0
Dwarka,28.5921,77.046,2026-08-09 21:00:00,29.7,85,0.0,4.6,104.1,104.3,103.7,24.0,42.0,1168.0
Dwarka,28.5921,77.046,2026-08-09 22:00:00,29.5,84,0.0,5.8,115.5,115.7,107.6,12.0,43.0,1361.0
Dwarka,28.5921,77.046,2026-08-09 23:00:00,28.8,85,0.0,4.0,114.6,114.6,102.1,11.0,41.3,1499.0
Dwarka,28.5921,77.046,2026-08-10 00:00:00,28.4,88,0.5,3.4,95.2,95.2,81.1,25.0,34.9,1565.0
Dwarka,28.5921,77.046,2026-08-10 01:00:00,27.1,93,0.5,8.1,67.5,67.8,50.9,49.0,25.7,1576.0
Dwarka,28.5921,77.046,2026-08-10 02:00:00,26.4,95,0.5,7.3,54.7,54.8,28.3,65.0,18.7,1531.0
Dwarka,28.5921,77.046,2026-08-10 03:00:00,26.7,95,0.0,5.8,49.6,49.7,21.8,64.0,15.9,1407.0
Dwarka,28.5921,77.046,2026-08-10 04:00:00,26.8,95,0.0,6.9,47.3,47.4,22.9,56.0,15.4,1228.0
Dwarka,28.5921,77.046,2026-08-10 05:00:00,27.6,94,0.0,7.6,32.8,33.1,16.8,75.0,14.5,1062.0
Dwarka,28.5921,77.046,2026-08-10 06:00:00,26.7,95,0.9,5.2,28.9,29.0,18.8,74.0,15.1,931.0
Dwarka,28.5921,77.046,2026-08-10 07:00:00,26.9,94,0.5,6.2,26.1,26.3,21.4,74.0,15.9,814.0
Dwarka,28.5921,77.046,2026-08-10 08:00:00,28.3,88,0.0,5.8,25.5,25.7,22.3,83.0,17.2,717.0
Dwarka,28.5921,77.046,2026-08-10 09:00:00,29.7,81,0.0,7.0,24.1,24.3,19.8,109.0,19.1,645.0
Dwarka,28.5921,77.046,2026-08-10 10:00:00,31.2,76,0.0,4.9,26.4,26.5,15.5,144.0,21.4,593.0
Dwarka,28.5921,77.046,2026-08-10 11:00:00,32.8,68,0.1,6.1,28.2,29.8,12.6,171.0,23.9,552.0
Dwarka,28.5921,77.046,2026-08-10 12:00:00,33.4,66,0.0,4.6,29.3,32.6,11.8,184.0,26.6,513.0
Dwarka,28.5921,77.046,2026-08-10 13:00:00,33.4,66,0.0,3.5,33.1,49.5,12.3,190.0,29.4,485.0
Dwarka,28.5921,77.046,2026-08-10 14:00:00,27.5,92,9.3,10.9,36.1,43.0,14.6,187.0,31.7,486.0
Dwarka,28.5921,77.046,2026-08-10 15:00:00,27.7,92,3.0,2.8,37.6,43.1,18.9,175.0,33.3,511.0
Dwarka,28.5921,77.046,2026-08-10 16:00:00,28.1,89,0.5,2.5,41.1,45.1,25.0,156.0,34.4,566.0
Dwarka,28.5921,77.046,2026-08-10 17:00:00,29.1,89,0.0,5.9,54.9,58.3,31.7,140.0,25.6,687.0
Dwarka,28.5921,77.046,2026-08-10 18:00:00,29.2,90,0.5,5.7,63.6,64.0,39.1,119.0,28.3,956.0
Dwarka,28.5921,77.046,2026-08-10 19:00:00,28.9,91,0.1,7.0,66.6,66.8,49.2,91.0,31.9,1292.0
Dwarka,28.5921,77.046,2026-08-10 20:00:00,28.6,91,0.0,5.0,72.2,72.2,55.7,68.0,34.0,1490.0
Dwarka,28.5921,77.046,2026-08-10 21:00:00,28.5,92,0.0,5.4,76.4,76.4,55.9,56.0,33.3,1433.0
Dwarka,28.5921,77.046,2026-08-10 22:00:00,28.2,93,0.0,5.5,80.1,80.3,52.5,49.0,31.0,1239.0
Dwarka,28.5921,77.046,2026-08-10 23:00:00,27.8,96,0.0,8.4,76.4,76.6,47.7,46.0,28.4,1047.0
Dwarka,28.5921,77.046,2026-08-11 00:00:00,27.6,97,0.3,9.0,69.4,69.6,41.1,48.0,25.4,900.0
Dwarka,28.5921,77.046,2026-08-11 01:00:00,27.5,96,0.0,9.3,63.1,63.3,33.0,54.0,22.1,757.0
Dwarka,28.5921,77.046,2026-08-11 02:00:00,27.3,96,0.0,10.1,58.9,59.4,26.6,59.0,19.7,635.0
Dwarka,28.5921,77.046,2026-08-11 03:00:00,27.3,95,0.1,9.1,54.6,54.9,23.3,59.0,18.8,534.0
Dwarka,28.5921,77.046,2026-08-11 04:00:00,27.0,92,0.2,8.0,50.2,50.5,21.7,57.0,18.9,454.0
Dwarka,28.5921,77.046,2026-08-11 05:00:00,27.0,93,0.1,8.0,47.1,47.3,19.2,61.0,21.0,410.0
Dwarka,28.5921,77.046,2026-08-11 06:00:00,27.1,93,0.0,6.8,46.1,46.2,22.7,58.0,20.6,424.0
Dwarka,28.5921,77.046,2026-08-11 07:00:00,27.8,88,0.0,8.8,42.1,42.4,27.4,55.0,20.0,475.0
Dwarka,28.5921,77.046,2026-08-11 08:00:00,28.9,84,0.0,7.1,44.4,44.6,29.1,61.0,19.5,511.0
Dwarka,28.5921,77.046,2026-08-11 09:00:00,29.9,80,0.0,5.9,42.6,42.8,25.2,85.0,19.4,503.0
Dwarka,28.5921,77.046,2026-08-11 10:00:00,30.5,79,0.0,4.4,39.1,39.3,18.4,118.0,19.4,480.0
Dwarka,28.5921,77.046,2026-08-11 11:00:00,30.7,77,0.2,0.5,35.6,36.0,13.1,145.0,19.2,479.0
Dwarka,28.5921,77.046,2026-08-11 12:00:00,30.0,82,0.4,4.3,35.0,35.4,10.3,161.0,18.5,520.0
Dwarka,28.5921,77.046,2026-08-11 13:00:00,27.7,92,7.0,5.8,32.9,33.3,8.9,171.0,17.7,584.0
Dwarka,28.5921,77.046,2026-08-11 14:00:00,27.9,93,1.6,4.8,33.3,33.6,10.1,172.0,17.3,643.0
Dwarka,28.5921,77.046,2026-08-11 15:00:00,29.3,86,0.4,4.2,32.1,32.4,13.9,163.0,16.9,661.0
Dwarka,28.5921,77.046,2026-08-11 16:00:00,30.3,80,0.0,5.2,32.8,33.2,20.3,146.0,16.9,675.0
Dwarka,28.5921,77.046,2026-08-11 17:00:00,30.2,79,0.1,5.2,41.2,41.3,32.0,109.0,16.4,772.0
Dwarka,28.5921,77.046,2026-08-11 18:00:00,29.8,82,0.0,3.2,45.9,46.0,47.4,88.0,22.0,1034.0
Dwarka,28.5921,77.046,2026-08-11 19:00:00,29.0,88,0.4,2.2,57.4,57.5,68.8,59.0,29.8,1379.0
Dwarka,28.5921,77.046,2026-08-11 20:00:00,28.7,92,1.2,2.6,70.5,70.8,86.3,35.0,37.0,1647.0
Dwarka,28.5921,77.046,2026-08-11 21:00:00,28.3,95,0.4,3.9,78.7,78.7,96.0,21.0,42.8,1757.0
Dwarka,28.5921,77.046,2026-08-11 22:00:00,28.0,96,0.0,4.5,92.0,92.2,101.8,11.0,48.0,1790.0
Dwarka,28.5921,77.046,2026-08-11 23:00:00,28.3,94,0.0,5.1,106.6,106.9,105.1,5.0,51.3,1829.0
Dwarka,28.5921,77.046,2026-08-12 00:00:00,28.0,95,0.0,3.4,109.2,109.2,105.7,2.0,51.8,1919.0
Dwarka,28.5921,77.046,2026-08-12 01:00:00,28.0,95,0.0,0.2,111.3,111.5,103.8,1.0,50.4,2014.0
Dwarka,28.5921,77.046,2026-08-12 02:00:00,27.6,96,0.0,2.6,114.6,114.6,101.0,1.0,49.3,2061.0
Dwarka,28.5921,77.046,2026-08-12 03:00:00,27.4,95,0.0,4.2,106.6,106.6,98.7,0.0,48.7,2058.0
Dwarka,28.5921,77.046,2026-08-12 04:00:00,27.3,95,0.0,3.6,98.0,98.3,95.6,0.0,48.4,2008.0
Dwarka,28.5921,77.046,2026-08-12 05:00:00,27.6,96,0.0,2.0,83.8,83.8,81.2,2.0,44.3,1861.0
Dwarka,28.5921,77.046,2026-08-12 06:00:00,27.9,95,0.0,3.3,83.6,83.6,71.7,19.0,49.0,1542.0
Dwarka,28.5921,77.046,2026-08-12 07:00:00,28.8,91,0.0,3.2,75.0,75.0,58.2,45.0,55.3,1126.0
Dwarka,28.5921,77.046,2026-08-12 08:00:00,29.9,83,0.1,2.8,51.0,51.1,45.4,77.0,58.2,794.0
Dwarka,28.5921,77.046,2026-08-12 09:00:00,31.1,75,0.1,3.2,40.0,40.3,34.2,120.0,55.0,624.0
Dwarka,28.5921,77.046,2026-08-12 10:00:00,31.7,71,0.2,2.7,40.5,40.9,23.7,170.0,48.4,537.0
Dwarka,28.5921,77.046,2026-08-12 11:00:00,32.8,65,0.1,4.4,43.4,43.9,15.7,212.0,42.4,484.0
Dwarka,28.5921,77.046,2026-08-12 12:00:00,33.1,66,0.3,4.6,45.6,46.2,10.9,241.0,37.8,454.0
Dwarka,28.5921,77.046,2026-08-12 13:00:00,33.7,64,0.1,2.7,47.0,47.5,8.6,263.0,33.6,456.0
Dwarka,28.5921,77.046,2026-08-12 14:00:00,34.1,62,0.1,0.8,47.5,48.0,8.2,276.0,30.9,469.0
Dwarka,28.5921,77.046,2026-08-12 15:00:00,34.2,61,0.1,2.6,47.5,48.0,7.7,286.0,30.0,444.0
Dwarka,28.5921,77.046,2026-08-12 16:00:00,34.1,60,0.1,3.0,48.3,48.7,9.1,288.0,30.5,429.0
Dwarka,28.5921,77.046,2026-08-12 17:00:00,32.0,77,0.5,6.7,38.9,39.8,22.2,210.0,26.9,552.0
Dwarka,28.5921,77.046,2026-08-12 18:00:00,28.7,93,2.0,7.9,50.2,50.9,25.5,185.0,25.1,994.0
Dwarka,28.5921,77.046,2026-08-12 19:00:00,27.5,94,1.3,12.7,52.7,53.1,30.1,149.0,22.5,1574.0
Dwarka,28.5921,77.046,2026-08-12 20:00:00,27.5,93,0.1,2.8,37.8,38.0,33.2,119.0,20.1,1872.0
Dwarka,28.5921,77.046,2026-08-12 21:00:00,27.6,94,0.0,4.8,31.2,31.3,33.6,99.0,18.1,1613.0
Dwarka,28.5921,77.046,2026-08-12 22:00:00,27.6,92,0.0,7.2,33.1,33.2,32.5,85.0,16.4,1073.0
Dwarka,28.5921,77.046,2026-08-12 23:00:00,29.2,89,0.0,5.7,34.8,34.9,31.1,74.0,14.9,659.0
Dwarka,28.5921,77.046,2026-08-13 00:00:00,28.7,91,0.0,4.1,35.4,35.5,29.5,69.0,13.8,546.0
Dwarka,28.5921,77.046,2026-08-13 01:00:00,28.4,92,0.0,3.5,33.5,33.5,27.6,67.0,12.9,559.0
Dwarka,28.5921,77.046,2026-08-13 02:00:00,28.1,93,0.0,6.6,32.0,32.1,26.0,66.0,12.4,578.0
Dwarka,28.5921,77.046,2026-08-13 03:00:00,27.8,94,0.0,6.0,29.3,29.5,24.6,62.0,12.0,562.0
Dwarka,28.5921,77.046,2026-08-13 04:00:00,27.6,95,0.0,4.3,29.9,30.0,23.5,58.0,12.0,552.0
Dwarka,28.5921,77.046,2026-08-13 05:00:00,26.9,96,0.0,5.0,38.2,38.3,39.0,36.0,18.0,546.0
Dwarka,28.5921,77.046,2026-08-13 06:00:00,26.8,97,0.9,3.8,39.5,39.5,37.1,51.0,19.7,552.0
Dwarka,28.5921,77.046,2026-08-13 07:00:00,28.0,93,0.1,3.8,35.6,35.6,34.1,72.0,22.0,563.0
Dwarka,28.5921,77.046,2026-08-13 08:00:00,30.0,82,0.0,3.3,37.1,37.1,29.8,100.0,24.1,556.0
Dwarka,28.5921,77.046,2026-08-13 09:00:00,31.7,75,0.0,3.2,39.3,52.7,23.0,140.0,26.1,515.0
Dwarka,28.5921,77.046,2026-08-13 10:00:00,32.8,70,0.0,1.3,38.0,40.7,14.8,186.0,27.9,456.0
Dwarka,28.5921,77.046,2026-08-13 11:00:00,33.3,67,0.1,1.5,37.1,38.9,8.7,220.0,28.2,407.0
Dwarka,28.5921,77.046,2026-08-13 12:00:00,32.6,65,0.2,7.3,36.4,37.7,5.9,233.0,25.7,373.0
Dwarka,28.5921,77.046,2026-08-13 13:00:00,31.7,73,0.9,2.2,35.6,36.7,5.2,233.0,21.8,349.0
Dwarka,28.5921,77.046,2026-08-13 14:00:00,32.9,70,0.3,1.9,34.5,35.4,6.0,227.0,18.6,346.0
Dwarka,28.5921,77.046,2026-08-13 15:00:00,33.2,70,0.1,5.8,35.0,57.7,5.2,218.0,16.5,351.0
Dwarka,28.5921,77.046,2026-08-13 16:00:00,33.3,68,0.0,5.4,36.9,82.0,6.0,202.0,15.3,377.0
Dwarka,28.5921,77.046,2026-08-13 17:00:00,32.5,73,0.1,3.9,37.5,44.0,17.5,172.0,18.6,480.0
Dwarka,28.5921,77.046,2026-08-13 18:00:00,31.5,78,0.1,2.4,46.6,51.8,37.5,135.0,22.4,719.0
Dwarka,28.5921,77.046,2026-08-13 19:00:00,30.6,86,0.0,2.4,54.5,60.1,64.7,84.0,27.5,1035.0
Dwarka,28.5921,77.046,2026-08-13 20:00:00,30.1,89,0.0,2.9,62.6,69.2,82.2,46.0,30.8,1301.0
Dwarka,28.5921,77.046,2026-08-13 21:00:00,30.1,87,0.0,3.4,73.3,80.8,81.1,36.0,30.5,1502.0
Dwarka,28.5921,77.046,2026-08-13 22:00:00,29.8,87,0.0,4.5,74.5,80.1,70.3,39.0,28.3,1653.0
Dwarka,28.5921,77.046,2026-08-13 23:00:00,30.2,87,0.0,3.3,66.8,70.3,59.9,43.0,26.0,1675.0
Dwarka,28.5921,77.046,2026-08-14 00:00:00,29.7,86,0.0,4.1,64.3,66.4,52.6,43.0,23.9,1480.0
Dwarka,28.5921,77.046,2026-08-14 01:00:00,29.2,89,0.0,3.2,62.6,64.3,45.7,43.0,21.6,1155.0
Dwarka,28.5921,77.046,2026-08-14 02:00:00,28.8,90,0.0,4.1,62.4,63.8,40.7,42.0,19.6,882.0
Dwarka,28.5921,77.046,2026-08-14 03:00:00,28.6,90,0.0,4.6,62.4,63.8,39.2,35.0,18.0,726.0
Dwarka,28.5921,77.046,2026-08-14 04:00:00,28.4,91,0.0,4.6,62.6,63.8,39.8,27.0,16.7,620.0
Dwarka,28.5921,77.046,2026-08-14 05:00:00,27.8,95,0.0,1.1,55.1,60.8,43.8,23.0,16.2,550.0
Dwarka,28.5921,77.046,2026-08-14 06:00:00,27.7,94,0.6,0.2,47.6,58.6,41.3,30.0,17.0,527.0
Dwarka,28.5921,77.046,2026-08-14 07:00:00,27.8,93,1.1,3.3,43.5,61.9,37.6,40.0,18.1,539.0
Dwarka,28.5921,77.046,2026-08-14 08:00:00,28.5,90,0.2,1.1,43.7,65.0,33.7,54.0,19.3,531.0
Dwarka,28.5921,77.046,2026-08-14 09:00:00,28.7,88,0.2,3.1,39.5,69.2,29.2,75.0,20.5,471.0
Dwarka,28.5921,77.046,2026-08-14 10:00:00,29.8,82,0.0,3.6,39.5,67.3,24.4,100.0,21.9,392.0
Dwarka,28.5921,77.046,2026-08-14 11:00:00,30.4,81,0.0,4.8,37.3,59.5,20.8,119.0,22.9,334.0
Dwarka,28.5921,77.046,2026-08-14 12:00:00,31.0,78,0.4,2.8,35.7,54.1,19.0,129.0,23.4,318.0
Dwarka,28.5921,77.046,2026-08-14 13:00:00,31.1,78,0.4,1.8,33.2,48.4,18.5,135.0,23.7,324.0
Dwarka,28.5921,77.046,2026-08-14 14:00:00,28.9,85,2.7,6.7,32.0,45.2,19.2,137.0,24.2,336.0
Dwarka,28.5921,77.046,2026-08-14 15:00:00,27.3,91,5.0,3.3,32.0,43.5,20.5,138.0,25.0,319.0
Dwarka,28.5921,77.046,2026-08-14 16:00:00,27.8,90,1.8,2.7,31.4,40.5,22.9,137.0,26.0,308.0
Dwarka,28.5921,77.046,2026-08-14 17:00:00,30.5,77,0.3,4.1,48.0,62.9,35.8,143.0,46.9,397.0
Dwarka,28.5921,77.046,2026-08-14 18:00:00,30.0,80,0.0,2.9,54.5,64.5,57.3,109.0,49.2,693.0
Dwarka,28.5921,77.046,2026-08-14 19:00:00,29.3,85,0.0,5.0,68.5,78.0,86.6,62.0,52.2,1090.0
Dwarka,28.5921,77.046,2026-08-14 20:00:00,28.9,87,0.0,5.8,88.7,98.0,106.2,27.0,53.5,1360.0
Dwarka,28.5921,77.046,2026-08-14 21:00:00,28.4,90,0.0,4.6,100.1,109.4,106.6,15.0,51.5,1385.0
Dwarka,28.5921,77.046,2026-08-14 22:00:00,28.0,92,0.0,4.2,103.4,111.8,97.2,14.0,47.8,1285.0
Dwarka,28.5921,77.046,2026-08-14 23:00:00,28.1,89,0.0,4.3,103.1,110.8,88.9,14.0,44.2,1188.0
Dwarka,28.5921,77.046,2026-08-15 00:00:00,27.8,92,0.0,3.0,105.5,113.4,85.3,11.0,41.1,1148.0
Dwarka,28.5921,77.046,2026-08-15 01:00:00,27.5,93,0.0,1.7,109.2,117.1,82.9,8.0,38.2,1111.0
Dwarka,28.5921,77.046,2026-08-15 02:00:00,27.3,94,0.0,2.2,109.4,117.1,81.7,6.0,36.3,1050.0
Dwarka,28.5921,77.046,2026-08-15 03:00:00,27.2,94,0.0,4.0,111.8,120.1,84.2,0.0,35.9,926.0
Dwarka,28.5921,77.046,2026-08-15 04:00:00,27.1,95,0.0,2.0,115.9,124.3,88.1,0.0,36.6,778.0
Dwarka,28.5921,77.046,2026-08-15 05:00:00,26.6,96,0.0,3.8,76.8,87.8,38.9,36.0,25.9,694.0
Dwarka,28.5921,77.046,2026-08-15 06:00:00,26.7,96,1.6,4.0,77.5,89.2,37.1,46.0,27.0,746.0
Dwarka,28.5921,77.046,2026-08-15 07:00:00,27.1,97,0.8,3.3,70.1,82.9,34.3,63.0,28.6,862.0
Dwarka,28.5921,77.046,2026-08-15 08:00:00,27.5,96,0.7,3.9,53.8,67.8,30.5,87.0,29.7,914.0
Dwarka,28.5921,77.046,2026-08-15 09:00:00,28.4,92,0.2,3.6,46.9,60.8,24.7,127.0,30.1,834.0
Dwarka,28.5921,77.046,2026-08-15 10:00:00,29.7,85,0.0,1.1,46.1,58.9,17.8,176.0,30.1,692.0
Dwarka,28.5921,77.046,2026-08-15 11:00:00,32.1,74,0.1,6.4,48.0,59.5,12.8,212.0,29.6,564.0
Dwarka,28.5921,77.046,2026-08-15 12:00:00,32.1,73,0.2,9.6,49.2,59.6,10.6,228.0,28.5,473.0
Dwarka,28.5921,77.046,2026-08-15 13:00:00,32.3,68,0.2,8.9,48.1,56.9,10.2,231.0,26.9,396.0
Dwarka,28.5921,77.046,2026-08-15 14:00:00,32.8,67,0.0,6.3,45.8,53.7,11.3,228.0,25.5,352.0
Dwarka,28.5921,77.046,2026-08-15 15:00:00,32.4,68,0.2,8.0,44.9,52.2,13.5,220.0,24.6,338.0
Dwarka,28.5921,77.046,2026-08-15 16:00:00,32.4,66,0.0,6.3,43.2,50.1,17.2,205.0,24.0,356.0
Dwarka,28.5921,77.046,2026-08-15 17:00:00,31.6,77,0.0,5.6,45.3,82.7,19.3,192.0,26.2,425.0
Dwarka,28.5921,77.046,2026-08-15 18:00:00,31.0,83,0.0,4.9,53.9,87.1,39.8,150.0,27.8,602.0
Dwarka,28.5921,77.046,2026-08-15 19:00:00,30.2,88,0.0,5.0,71.2,107.1,67.8,92.0,30.0,830.0
Dwarka,28.5921,77.046,2026-08-15 20:00:00,29.8,89,0.0,4.0,82.0,115.5,85.9,48.0,30.7,958.0
Dwarka,28.5921,77.046,2026-08-15 21:00:00,29.4,89,0.0,4.3,85.0,118.3,85.3,34.0,28.9,896.0
Dwarka,28.5921,77.046,2026-08-15 22:00:00,29.1,89,0.0,3.3,82.9,118.7,74.8,34.0,25.7,733.0
Dwarka,28.5921,77.046,2026-08-15 23:00:00,28.9,87,0.0,8.6,74.5,112.7,64.0,34.0,22.3,589.0
Dwarka,28.5921,77.046,2026-08-16 00:00:00,28.8,89,0.0,7.9,63.3,101.0,55.2,30.0,18.5,500.0
Dwarka,28.5921,77.046,2026-08-16 01:00:00,28.6,88,0.0,8.1,54.1,90.6,46.1,26.0,14.5,430.0
Dwarka,28.5921,77.046,2026-08-16 02:00:00,28.4,87,0.1,6.0,47.8,78.9,39.1,24.0,11.7,386.0
Dwarka,28.5921,77.046,2026-08-16 03:00:00,26.4,94,1.6,4.1,39.8,60.8,35.7,22.0,10.7,386.0
Dwarka,28.5921,77.046,2026-08-16 04:00:00,26.8,95,0.1,5.6,38.2,54.5,34.3,21.0,10.9,412.0
Dwarka,28.5921,77.046,2026-08-16 05:00:00,27.9,87,0.0,9.6,41.8,155.1,16.5,46.0,8.5,424.0
Dwarka,28.5921,77.046,2026-08-16 06:00:00,27.7,86,0.1,6.8,46.6,165.8,16.6,46.0,9.4,403.0
Dwarka,28.5921,77.046,2026-08-16 07:00:00,28.3,85,0.2,6.4,50.2,166.2,16.6,47.0,10.7,369.0
Dwarka,28.5921,77.046,2026-08-16 08:00:00,29.7,77,0.1,8.6,50.9,162.5,15.6,55.0,11.7,334.0
Dwarka,28.5921,77.046,2026-08-16 09:00:00,30.9,71,0.0,9.4,145.8,1128.8,12.7,76.0,12.2,302.0
Dwarka,28.5921,77.046,2026-08-16 10:00:00,32.2,67,0.0,9.5,258.0,2116.0,8.8,103.0,12.5,271.0
Dwarka,28.5921,77.046,2026-08-16 11:00:00,32.9,64,0.0,9.4,273.8,2190.5,5.8,125.0,12.8,245.0
Dwarka,28.5921,77.046,2026-08-16 12:00:00,33.4,62,0.1,8.4,126.7,746.9,4.2,138.0,13.0,224.0
Dwarka,28.5921,77.046,2026-08-16 13:00:00,33.1,63,0.2,7.0,95.5,495.5,3.6,146.0,13.2,209.0
Dwarka,28.5921,77.046,2026-08-16 14:00:00,33.1,64,0.1,7.8,96.6,547.6,4.6,147.0,13.4,204.0
Dwarka,28.5921,77.046,2026-08-16 15:00:00,33.5,63,0.0,9.0,90.3,484.3,7.7,140.0,13.4,200.0
Dwarka,28.5921,77.046,2026-08-16 16:00:00,33.3,64,0.0,9.2,87.1,438.7,12.6,127.0,13.4,207.0
Dwarka,28.5921,77.046,2026-08-16 17:00:00,31.5,75,0.0,4.6,152.3,998.4,16.7,95.0,11.6,258.0
Dwarka,28.5921,77.046,2026-08-16 18:00:00,30.6,81,0.0,2.1,127.6,597.9,26.2,76.0,13.6,407.0
Dwarka,28.5921,77.046,2026-08-16 19:00:00,30.0,85,0.0,3.4,115.7,440.5,39.1,50.0,16.4,601.0
Dwarka,28.5921,77.046,2026-08-16 20:00:00,29.8,85,0.0,5.0,99.2,305.5,48.3,31.0,18.4,715.0
Dwarka,28.5921,77.046,2026-08-16 21:00:00,29.5,87,0.0,6.4,80.3,204.9,50.1,24.0,18.6,669.0
Dwarka,28.5921,77.046,2026-08-16 22:00:00,29.1,88,0.0,6.1,64.5,132.7,48.2,23.0,17.9,542.0
Dwarka,28.5921,77.046,2026-08-16 23:00:00,29.2,86,0.0,6.3,64.5,120.1,45.7,24.0,17.8,450.0
Dwarka,28.5921,77.046,2026-08-17 00:00:00,28.8,84,0.0,8.6,61.7,123.9,43.0,25.0,18.9,449.0
Dwarka,28.5921,77.046,2026-08-17 01:00:00,28.4,86,0.0,5.3,63.1,124.3,39.8,28.0,20.4,482.0
Dwarka,28.5921,77.046,2026-08-17 02:00:00,27.9,88,0.0,5.9,63.8,119.2,38.5,28.0,21.7,494.0
Dwarka,28.5921,77.046,2026-08-17 03:00:00,27.9,84,0.0,7.8,65.7,115.0,41.6,20.0,22.5,456.0
Dwarka,28.5921,77.046,2026-08-17 04:00:00,27.6,82,0.0,7.8,68.9,122.5,46.6,10.0,22.9,397.0
Dwarka,28.5921,77.046,2026-08-17 05:00:00,28.3,79,0.0,11.6,39.9,115.9,21.8,33.0,10.9,349.0
Dwarka,28.5921,77.046,2026-08-17 06:00:00,28.0,79,0.0,10.0,36.7,115.5,20.0,37.0,10.5,328.0
Dwarka,28.5921,77.046,2026-08-17 07:00:00,28.7,78,0.0,9.9,32.0,88.7,17.4,44.0,10.0,318.0
Dwarka,28.5921,77.046,2026-08-17 08:00:00,29.6,75,0.0,9.8,29.7,74.7,14.7,55.0,9.8,300.0
Dwarka,28.5921,77.046,2026-08-17 09:00:00,30.4,73,0.0,9.4,36.1,91.5,11.7,73.0,10.2,263.0
Dwarka,28.5921,77.046,2026-08-17 10:00:00,31.5,70,0.0,9.1,178.3,1527.4,8.5,96.0,10.8,218.0
Dwarka,28.5921,77.046,2026-08-17 11:00:00,32.6,65,0.0,10.2,253.3,2123.4,6.1,115.0,11.3,186.0
Dwarka,28.5921,77.046,2026-08-17 12:00:00,33.0,64,0.0,9.5,130.4,875.4,4.4,128.0,11.3,166.0
Dwarka,28.5921,77.046,2026-08-17 13:00:00,30.2,72,0.0,9.3,85.4,463.8,3.5,138.0,11.2,159.0
Dwarka,28.5921,77.046,2026-08-17 14:00:00,31.9,68,0.0,7.9,68.5,327.8,4.4,140.0,11.0,182.0
Dwarka,28.5921,77.046,2026-08-17 15:00:00,32.8,62,0.1,7.4,58.9,251.5,6.7,133.0,10.6,245.0
Dwarka,28.5921,77.046,2026-08-17 16:00:00,30.6,75,0.0,8.0,51.3,191.9,10.7,120.0,10.3,339.0
Dwarka,28.5921,77.046,2026-08-17 17:00:00,30.0,80,0.2,8.3,44.9,124.8,18.5,101.0,10.9,458.0
Dwarka,28.5921,77.046,2026-08-17 18:00:00,29.7,83,0.1,2.9,44.9,93.6,33.7,74.0,13.4,614.0
Dwarka,28.5921,77.046,2026-08-17 19:00:00,29.3,88,1.5,5.8,50.9,88.9,52.6,42.0,16.9,794.0
Dwarka,28.5921,77.046,2026-08-17 20:00:00,29.0,90,0.1,4.2,57.4,85.2,66.2,19.0,19.9,955.0
Dwarka,28.5921,77.046,2026-08-17 21:00:00,25.0,98,0.0,1.2,57.0,82.7,70.5,11.0,22.3,1120.0
Dwarka,28.5921,77.046,2026-08-17 22:00:00,25.5,96,0.0,2.4,53.9,76.4,69.5,12.0,24.2,1266.0
Dwarka,28.5921,77.046,2026-08-17 23:00:00,25.6,98,0.0,2.1,51.3,67.1,66.1,14.0,24.7,1279.0
Dwarka,28.5921,77.046,2026-08-18 00:00:00,25.3,96,0.0,5.5,44.9,56.7,60.2,17.0,22.7,1045.0
Dwarka,28.5921,77.046,2026-08-18 01:00:00,25.0,97,0.0,6.7,43.1,52.4,51.9,22.0,19.2,679.0
Dwarka,28.5921,77.046,2026-08-18 02:00:00,25.1,98,0.9,5.9,39.7,47.7,44.3,26.0,16.5,409.0
Dwarka,28.5921,77.046,2026-08-18 03:00:00,25.0,99,0.3,4.8,16.5,19.6,38.3,29.0,15.5,348.0
Dwarka,28.5921,77.046,2026-08-18 04:00:00,25.2,98,0.0,5.5,16.0,20.4,33.0,31.0,15.2,382.0
Dwarka,28.5921,77.046,2026-08-18 05:00:00,25.2,98,0.1,4.0,21.0,26.1,28.7,35.0,14.9,403.0
Dwarka,28.5921,77.046,2026-08-18 06:00:00,25.4,97,0.1,3.4,24.4,29.8,26.0,39.0,14.4,366.0
Dwarka,28.5921,77.046,2026-08-18 07:00:00,26.3,97,0.0,1.1,28.7,40.5,24.2,44.0,13.9,316.0
Dwarka,28.5921,77.046,2026-08-18 08:00:00,27.5,90,0.0,3.1,32.0,63.6,21.6,56.0,13.7,270.0
Dwarka,28.5921,77.046,2026-08-18 09:00:00,29.1,81,0.0,4.7,37.0,103.6,16.8,79.0,13.8,233.0
Dwarka,28.5921,77.046,2026-08-18 10:00:00,30.6,73,0.1,6.5,46.0,157.9,11.3,109.0,14.1,201.0
Dwarka,28.5921,77.046,2026-08-18 11:00:00,31.6,67,0.1,6.3,58.2,226.8,7.2,134.0,14.4,181.0
Dwarka,28.5921,77.046,2026-08-18 12:00:00,31.5,69,0.1,6.0,64.3,249.6,5.4,151.0,14.8,174.0
Dwarka,28.5921,77.046,2026-08-18 13:00:00,32.4,66,0.2,5.4,64.3,242.1,5.2,163.0,15.4,178.0
Dwarka,28.5921,77.046,2026-08-18 14:00:00,32.8,66,0.1,4.9,63.1,231.9,6.3,167.0,15.6,200.0
Dwarka,28.5921,77.046,2026-08-18 15:00:00,32.8,66,0.1,6.3,60.3,214.7,7.3,162.0,15.0,211.0
Dwarka,28.5921,77.046,2026-08-18 16:00:00,32.6,66,0.2,7.4,58.7,204.0,9.7,150.0,14.1,240.0
Dwarka,28.5921,77.046,2026-08-18 17:00:00,31.6,70,0.3,2.9,56.0,176.0,17.7,131.0,14.5,374.0
Dwarka,28.5921,77.046,2026-08-18 18:00:00,28.4,85,0.1,9.0,62.2,143.4,36.8,99.0,17.2,748.0
Dwarka,28.5921,77.046,2026-08-18 19:00:00,26.5,93,0.0,2.8,75.2,154.1,61.4,61.0,21.1,1227.0
Dwarka,28.5921,77.046,2026-08-18 20:00:00,27.0,92,0.0,4.7,79.9,161.6,79.3,32.0,25.1,1496.0
Dwarka,28.5921,77.046,2026-08-18 21:00:00,27.1,91,0.0,6.4,85.0,156.5,84.9,21.0,29.2,1355.0
Dwarka,28.5921,77.046,2026-08-18 22:00:00,27.0,92,0.4,8.7,93.8,158.3,83.6,21.0,33.3,1003.0
Dwarka,28.5921,77.046,2026-08-18 23:00:00,26.8,92,0.4,7.6,84.1,133.6,79.6,22.0,35.6,722.0
Dwarka,28.5921,77.046,2026-08-19 00:00:00,26.6,93,0.0,6.1,78.5,120.6,71.9,24.0,34.7,628.0
Dwarka,28.5921,77.046,2026-08-19 01:00:00,26.4,94,0.0,5.0,76.1,114.8,61.5,27.0,32.1,604.0
Dwarka,28.5921,77.046,2026-08-19 02:00:00,26.2,94,0.0,4.5,79.2,112.5,54.8,28.0,29.9,584.0
Dwarka,28.5921,77.046,2026-08-19 03:00:00,26.1,94,0.0,5.7,84.5,117.8,56.9,20.0,29.3,541.0
Dwarka,28.5921,77.046,2026-08-19 04:00:00,26.1,94,0.0,6.3,88.5,123.9,62.8,9.0,29.1,501.0
Dwarka,28.5921,77.046,2026-08-19 05:00:00,26.1,94,0.0,5.4,89.9,123.9,63.8,6.0,28.4,475.0
Dwarka,28.5921,77.046,2026-08-19 06:00:00,26.1,96,0.0,6.3,81.0,115.9,54.9,14.0,26.3,475.0
Dwarka,28.5921,77.046,2026-08-19 07:00:00,27.2,91,0.0,5.5,61.0,102.9,41.2,30.0,23.7,487.0
Dwarka,28.5921,77.046,2026-08-19 08:00:00,28.5,85,0.0,5.0,54.2,114.6,29.2,53.0,21.7,485.0
Dwarka,28.5921,77.046,2026-08-19 09:00:00,30.0,77,0.0,5.0,54.0,149.0,20.9,89.0,20.9,449.0
Dwarka,28.5921,77.046,2026-08-19 10:00:00,31.1,72,0.0,4.9,97.3,577.4,14.3,134.0,20.6,398.0
Dwarka,28.5921,77.046,2026-08-19 11:00:00,32.0,69,0.0,3.6,116.6,720.8,9.5,170.0,20.5,358.0
Dwarka,28.5921,77.046,2026-08-19 12:00:00,32.5,67,0.2,3.2,93.6,463.8,6.3,195.0,20.4,336.0
Dwarka,28.5921,77.046,2026-08-19 13:00:00,32.7,68,0.2,3.8,82.4,350.2,4.8,213.0,20.4,326.0
Dwarka,28.5921,77.046,2026-08-19 14:00:00,33.0,67,0.2,4.6,77.8,309.2,5.6,217.0,20.0,337.0
Dwarka,28.5921,77.046,2026-08-19 15:00:00,33.1,65,0.6,6.2,90.3,438.7,9.0,202.0,18.7,355.0
Dwarka,28.5921,77.046,2026-08-19 16:00:00,32.7,64,0.1,3.9,80.3,350.2,14.7,173.0,17.1,393.0
Dwarka,28.5921,77.046,2026-08-19 17:00:00,31.2,69,0.1,5.6,64.7,208.6,22.3,144.0,16.5,506.0
Dwarka,28.5921,77.046,2026-08-19 18:00:00,28.5,86,0.0,1.8,66.4,167.2,33.3,116.0,17.6,754.0
Dwarka,28.5921,77.046,2026-08-19 19:00:00,27.8,91,0.4,2.1,73.1,165.3,46.2,87.0,19.6,1076.0
Dwarka,28.5921,77.046,2026-08-19 20:00:00,27.2,95,3.5,9.9,65.7,129.0,56.0,65.0,22.2,1339.0
Dwarka,28.5921,77.046,2026-08-19 21:00:00,27.1,95,1.2,10.5,66.1,116.9,61.1,53.0,25.7,1501.0
Dwarka,28.5921,77.046,2026-08-19 22:00:00,27.0,94,0.4,7.8,74.0,118.3,63.1,48.0,29.6,1604.0
Dwarka,28.5921,77.046,2026-08-19 23:00:00,27.0,94,0.0,4.8,81.5,120.6,62.2,46.0,32.4,1647.0
Dwarka,28.5921,77.046,2026-08-20 00:00:00,26.9,95,0.0,1.3,86.8,126.2,57.1,47.0,33.0,1617.0
Dwarka,28.5921,77.046,2026-08-20 01:00:00,26.7,96,0.0,0.9,88.2,133.2,49.0,51.0,32.4,1527.0
Dwarka,28.5921,77.046,2026-08-20 02:00:00,26.6,97,0.0,0.3,85.9,121.5,42.4,54.0,32.0,1411.0
Dwarka,28.5921,77.046,2026-08-20 03:00:00,26.5,97,0.1,2.5,80.3,113.6,38.9,53.0,32.7,1238.0
Dwarka,28.5921,77.046,2026-08-20 04:00:00,25.9,98,1.7,7.4,71.7,99.7,36.8,51.0,33.7,1038.0
Dwarka,28.5921,77.046,2026-08-20 05:00:00,25.9,98,0.6,2.8,69.4,91.7,35.0,52.0,33.9,875.3
Dwarka,28.5921,77.046,2026-08-20 06:00:00,26.1,97,0.3,2.5,68.9,91.3,33.7,56.0,32.6,766.5
Dwarka,28.5921,77.046,2026-08-20 07:00:00,25.8,99,1.1,3.8,59.4,83.1,32.8,62.0,30.4,662.8
Dwarka,28.5921,77.046,2026-08-20 08:00:00,26.6,96,0.2,4.7,41.3,66.6,30.6,75.0,28.8,525.0
Dwarka,28.5921,77.046,2026-08-20 09:00:00,27.6,87,0.1,1.3,35.9,63.1,25.9,98.0,28.1,470.0
Dwarka,28.5921,77.046,2026-08-20 10:00:00,29.6,78,0.0,1.8,35.6,68.2,19.9,126.0,27.9,416.0
Dwarka,28.5921,77.046,2026-08-20 11:00:00,30.4,74,0.1,2.2,38.2,73.6,15.0,156.0,27.9,378.0
Dwarka,28.5921,77.046,2026-08-20 12:00:00,31.4,71,0.1,1.5,36.7,66.4,11.5,188.0,28.0,364.0
Dwarka,28.5921,77.046,2026-08-20 13:00:00,31.5,71,0.1,1.0,40.2,68.9,9.0,221.0,28.2,368.0
Dwarka,28.5921,77.046,2026-08-20 14:00:00,32.2,68,0.0,1.9,42.1,69.4,8.5,242.0,28.4,380.0
Dwarka,28.5921,77.046,2026-08-20 15:00:00,32.0,70,0.1,1.0,44.7,70.5,10.5,245.0,28.4,398.0
Dwarka,28.5921,77.046,2026-08-20 16:00:00,32.1,68,0.4,2.0,46.4,71.0,14.6,236.0,28.3,425.0
Dwarka,28.5921,77.046,2026-08-20 17:00:00,30.3,75,0.9,5.3,45.6,67.3,19.7,219.0,28.6,467.0
Dwarka,28.5921,77.046,2026-08-20 18:00:00,26.7,96,0.9,6.3,46.7,61.9,26.6,190.0,29.5,535.0
Dwarka,28.5921,77.046,2026-08-20 19:00:00,27.3,94,1.4,0.5,47.4,55.5,34.5,152.0,30.8,619.0
Dwarka,28.5921,77.046,2026-08-20 20:00:00,27.3,95,0.1,1.1,50.5,57.9,41.0,120.0,32.2,693.0
Dwarka,28.5921,77.046,2026-08-20 21:00:00,27.2,95,0.0,0.7,58.2,64.7,45.2,100.0,34.3,756.0
Dwarka,28.5921,77.046,2026-08-20 22:00:00,27.1,96,0.0,1.5,65.7,71.7,47.8,86.0,36.6,810.0
Dwarka,28.5921,77.046,2026-08-20 23:00:00,27.1,96,0.0,2.7,68.7,73.6,48.5,75.0,37.3,835.0
Dwarka,28.5921,77.046,2026-08-21 00:00:00,27.0,96,0.0,2.7,66.1,71.2,46.0,67.0,35.0,813.0
Dwarka,28.5921,77.046,2026-08-21 01:00:00,27.0,95,0.0,2.2,64.5,69.8,41.7,61.0,31.1,763.0
Dwarka,28.5921,77.046,2026-08-21 02:00:00,26.8,96,0.0,2.1,65.7,70.8,38.7,56.0,28.5,724.0
Dwarka,28.5921,77.046,2026-08-21 03:00:00,26.7,96,0.0,1.8,67.1,72.9,39.2,48.0,28.5,715.0
Dwarka,28.5921,77.046,2026-08-21 04:00:00,26.6,97,0.0,1.8,68.9,75.9,41.2,41.0,29.7,717.0
Dwarka,28.5921,77.046,2026-08-21 05:00:00,26.5,97,0.0,2.5,70.5,79.2,41.7,40.0,30.6,708.0
Dwarka,28.5921,77.046,2026-08-21 06:00:00,26.5,96,1.6,4.7,73.3,82.9,39.7,46.0,30.7,679.0
Dwarka,28.5921,77.046,2026-08-21 07:00:00,26.5,94,1.6,7.6,56.0,69.8,36.4,59.0,30.6,640.0
Dwarka,28.5921,77.046,2026-08-21 08:00:00,26.9,91,1.6,8.8,45.6,60.3,32.0,78.0,30.6,593.0
Dwarka,28.5921,77.046,2026-08-21 09:00:00,28.0,84,0.0,7.1,40.3,56.2,26.0,108.0,31.0,531.0
Dwarka,28.5921,77.046,2026-08-21 10:00:00,29.6,77,0.0,4.2,33.1,51.1,19.1,144.0,31.5,462.0
Dwarka,28.5921,77.046,2026-08-21 11:00:00,30.9,71,0.0,3.1,33.3,50.4,13.5,181.0,32.0,416.0
Dwarka,28.5921,77.046,2026-08-21 12:00:00,31.8,68,0.0,2.4,39.5,55.5,10.0,221.0,33.0,411.0
Dwarka,28.5921,77.046,2026-08-21 13:00:00,32.5,66,0.0,1.8,44.8,58.9,7.9,261.0,33.9,428.0
Dwarka,28.5921,77.046,2026-08-21 14:00:00,32.5,67,0.0,1.8,48.8,61.7,7.1,284.0,33.7,442.0
Dwarka,28.5921,77.046,2026-08-21 15:00:00,31.6,70,0.0,2.5,48.8,60.8,5.8,284.0,30.7,415.0
Dwarka,28.5921,77.046,2026-08-21 16:00:00,30.1,76,0.0,3.4,45.3,56.6,5.8,268.0,26.5,386.0
Dwarka,28.5921,77.046,2026-08-21 17:00:00,28.8,82,0.0,3.6,43.0,53.7,12.9,239.0,24.4,442.0
Dwarka,28.5921,77.046,2026-08-21 18:00:00,28.0,87,0.8,2.9,49.2,57.4,35.1,189.0,26.9,688.0
Dwarka,28.5921,77.046,2026-08-21 19:00:00,27.3,93,0.8,3.9,60.1,67.5,64.2,127.0,31.4,1019.0
Dwarka,28.5921,77.046,2026-08-21 20:00:00,26.9,97,0.8,5.2,80.3,87.1,81.8,80.0,33.5,1213.0
Dwarka,28.5921,77.046,2026-08-21 21:00:00,26.8,98,0.1,5.0,70.1,75.2,76.6,64.0,30.5,1138.0
Dwarka,28.5921,77.046,2026-08-21 22:00:00,26.8,98,0.1,3.7,53.8,58.4,59.8,63.0,25.0,924.0
Dwarka,28.5921,77.046,2026-08-21 23:00:00,26.8,98,0.1,2.3,47.6,52.2,46.1,63.0,20.5,744.0
Saket,28.5245,77.2066,2026-07-18 00:00:00,31.4,68,0.0,6.1,124.8,447.0,63.8,7.0,19.8,646.0
Saket,28.5245,77.2066,2026-07-18 01:00:00,31.0,67,0.0,3.1,126.2,486.2,58.7,9.0,18.1,513.0
Saket,28.5245,77.2066,2026-07-18 02:00:00,30.8,66,0.0,3.5,122.5,470.3,52.9,12.0,16.4,403.0
Saket,28.5245,77.2066,2026-07-18 03:00:00,30.8,63,0.0,4.5,113.2,423.8,45.6,16.0,14.9,316.0
Saket,28.5245,77.2066,2026-07-18 04:00:00,30.7,61,0.0,7.7,102.0,374.4,37.7,22.0,13.4,251.0
Saket,28.5245,77.2066,2026-07-18 05:00:00,30.9,64,0.0,12.2,52.7,90.3,38.3,24.0,16.3,230.0
Saket,28.5245,77.2066,2026-07-18 06:00:00,30.7,61,0.0,12.3,51.1,146.7,33.6,30.0,14.8,293.0
Saket,28.5245,77.2066,2026-07-18 07:00:00,31.6,58,0.0,12.5,82.2,374.4,27.0,40.0,12.6,401.0
Saket,28.5245,77.2066,2026-07-18 08:00:00,32.0,58,0.0,12.0,136.4,767.4,20.6,55.0,10.9,456.0
Saket,28.5245,77.2066,2026-07-18 09:00:00,33.4,54,0.0,13.6,156.0,897.8,14.8,80.0,10.0,400.0
Saket,28.5245,77.2066,2026-07-18 10:00:00,34.9,50,0.0,15.1,169.0,1009.6,9.2,110.0,9.5,291.0
Saket,28.5245,77.2066,2026-07-18 11:00:00,35.8,47,0.0,16.1,181.6,1117.6,5.2,131.0,9.2,211.0
Saket,28.5245,77.2066,2026-07-18 12:00:00,35.5,48,0.0,15.0,184.9,1154.8,3.4,138.0,8.9,192.0
Saket,28.5245,77.2066,2026-07-18 13:00:00,35.8,47,0.0,13.0,175.1,1084.1,3.2,136.0,8.8,201.0
Saket,28.5245,77.2066,2026-07-18 14:00:00,35.8,47,0.0,10.7,164.4,1017.0,4.5,131.0,8.6,218.0
Saket,28.5245,77.2066,2026-07-18 15:00:00,35.9,45,0.0,9.9,160.7,990.9,7.7,123.0,8.1,223.0
Saket,28.5245,77.2066,2026-07-18 16:00:00,35.4,46,0.0,8.4,154.6,905.2,12.4,112.0,7.6,236.0
Saket,28.5245,77.2066,2026-07-18 17:00:00,36.1,42,0.0,7.5,119.7,614.7,28.5,85.0,17.6,298.0
Saket,28.5245,77.2066,2026-07-18 18:00:00,35.0,55,0.0,2.9,123.4,525.3,47.4,60.0,19.8,469.0
Saket,28.5245,77.2066,2026-07-18 19:00:00,34.1,56,0.0,3.6,133.2,484.3,72.9,25.0,22.6,688.0
Saket,28.5245,77.2066,2026-07-18 20:00:00,34.1,55,0.0,2.7,136.4,454.5,88.4,2.0,24.0,812.0
Saket,28.5245,77.2066,2026-07-18 21:00:00,33.2,55,0.0,3.7,127.6,371.6,84.5,1.0,22.6,758.0
Saket,28.5245,77.2066,2026-07-18 22:00:00,32.7,56,0.0,7.6,116.6,374.4,70.5,11.0,19.7,610.0
Saket,28.5245,77.2066,2026-07-18 23:00:00,32.2,64,0.1,10.0,106.2,335.3,57.5,21.0,17.1,474.0
Saket,28.5245,77.2066,2026-07-19 00:00:00,31.2,70,0.0,5.7,98.0,308.3,49.0,26.0,15.3,381.0
Saket,28.5245,77.2066,2026-07-19 01:00:00,30.6,72,0.0,7.0,93.8,307.3,41.6,31.0,13.7,301.0
Saket,28.5245,77.2066,2026-07-19 02:00:00,30.3,71,0.0,7.4,91.5,294.3,35.8,34.0,12.4,247.0
Saket,28.5245,77.2066,2026-07-19 03:00:00,29.9,71,0.0,8.1,94.5,333.4,32.2,34.0,11.1,227.0
Saket,28.5245,77.2066,2026-07-19 04:00:00,29.5,71,0.0,8.4,98.3,363.2,30.2,33.0,10.1,234.0
Saket,28.5245,77.2066,2026-07-19 05:00:00,30.2,77,0.0,2.4,68.0,83.6,49.7,14.0,15.2,260.0
Saket,28.5245,77.2066,2026-07-19 06:00:00,30.4,79,0.0,3.6,71.2,104.1,43.9,29.0,14.6,323.0
Saket,28.5245,77.2066,2026-07-19 07:00:00,31.4,71,0.0,7.5,71.0,113.4,35.6,51.0,13.8,406.0
Saket,28.5245,77.2066,2026-07-19 08:00:00,32.4,61,0.0,9.0,58.8,136.0,27.5,73.0,13.3,444.0
Saket,28.5245,77.2066,2026-07-19 09:00:00,33.0,57,0.0,8.6,62.6,253.3,20.0,98.0,13.4,396.0
Saket,28.5245,77.2066,2026-07-19 10:00:00,33.8,55,0.0,8.4,84.3,446.1,12.8,123.0,13.7,305.0
Saket,28.5245,77.2066,2026-07-19 11:00:00,35.4,47,0.0,11.4,104.8,612.8,7.5,139.0,13.6,233.0
Saket,28.5245,77.2066,2026-07-19 12:00:00,35.5,47,0.0,10.5,107.3,640.7,4.8,140.0,12.5,204.0
Saket,28.5245,77.2066,2026-07-19 13:00:00,34.1,53,0.0,8.7,108.5,657.5,4.0,132.0,10.9,194.0
Saket,28.5245,77.2066,2026-07-19 14:00:00,33.6,58,0.0,6.5,112.0,689.2,4.9,122.0,9.7,200.0
Saket,28.5245,77.2066,2026-07-19 15:00:00,33.3,61,0.1,8.5,108.5,618.4,7.0,114.0,9.1,217.0
Saket,28.5245,77.2066,2026-07-19 16:00:00,33.1,63,0.1,4.0,111.8,651.9,10.7,105.0,9.0,250.0
Saket,28.5245,77.2066,2026-07-19 17:00:00,35.8,45,0.1,1.5,94.8,428.4,15.1,99.0,14.8,307.0
Saket,28.5245,77.2066,2026-07-19 18:00:00,33.2,63,0.0,12.0,105.2,491.7,19.3,84.0,16.1,422.0
Saket,28.5245,77.2066,2026-07-19 19:00:00,31.0,82,0.0,11.1,105.7,454.5,25.1,64.0,17.9,561.0
Saket,28.5245,77.2066,2026-07-19 20:00:00,30.9,82,0.0,10.3,104.1,408.9,29.3,48.0,19.1,637.0
Saket,28.5245,77.2066,2026-07-19 21:00:00,30.7,83,0.0,7.6,103.6,387.4,30.5,41.0,19.3,595.0
Saket,28.5245,77.2066,2026-07-19 22:00:00,30.5,85,0.2,6.7,107.8,417.2,30.1,40.0,19.0,489.0
Saket,28.5245,77.2066,2026-07-19 23:00:00,31.3,78,0.2,9.4,116.4,476.8,28.6,41.0,18.1,394.0
Saket,28.5245,77.2066,2026-07-20 00:00:00,30.1,85,0.0,10.2,128.1,581.1,25.6,46.0,16.3,335.0
Saket,28.5245,77.2066,2026-07-20 01:00:00,28.3,91,0.2,8.4,139.2,665.0,21.5,54.0,13.9,288.0
Saket,28.5245,77.2066,2026-07-20 02:00:00,27.8,93,0.1,9.1,144.4,702.2,18.5,59.0,12.0,255.0
Saket,28.5245,77.2066,2026-07-20 03:00:00,28.2,94,0.1,8.0,141.1,665.0,17.1,59.0,10.8,234.0
Saket,28.5245,77.2066,2026-07-20 04:00:00,26.7,96,1.7,9.3,127.6,549.5,16.8,56.0,10.0,227.0
Saket,28.5245,77.2066,2026-07-20 05:00:00,28.1,86,0.9,9.9,31.7,80.6,14.2,64.0,6.5,243.0
Saket,28.5245,77.2066,2026-07-20 06:00:00,28.3,87,0.1,8.2,27.5,58.6,17.5,58.0,7.5,302.0
Saket,28.5245,77.2066,2026-07-20 07:00:00,28.3,88,0.4,10.2,25.4,44.6,21.9,51.0,8.9,384.0
Saket,28.5245,77.2066,2026-07-20 08:00:00,28.1,91,1.5,1.0,26.5,39.1,23.9,48.0,9.8,441.0
Saket,28.5245,77.2066,2026-07-20 09:00:00,28.4,91,1.1,8.8,26.4,48.1,21.1,54.0,9.7,452.0
Saket,28.5245,77.2066,2026-07-20 10:00:00,29.2,86,0.5,1.0,29.1,75.9,15.8,65.0,9.1,438.0
Saket,28.5245,77.2066,2026-07-20 11:00:00,31.6,71,0.4,5.1,31.1,88.5,11.8,75.0,8.8,411.0
Saket,28.5245,77.2066,2026-07-20 12:00:00,31.9,72,0.5,5.7,33.2,97.8,10.3,82.0,9.1,361.0
Saket,28.5245,77.2066,2026-07-20 13:00:00,28.1,89,6.8,11.7,39.1,133.6,10.0,87.0,9.7,299.0
Saket,28.5245,77.2066,2026-07-20 14:00:00,28.4,89,1.0,7.2,42.7,153.2,10.8,89.0,10.4,268.0
Saket,28.5245,77.2066,2026-07-20 15:00:00,29.8,83,0.2,4.3,43.9,150.4,12.4,88.0,11.2,271.0
Saket,28.5245,77.2066,2026-07-20 16:00:00,30.3,79,0.0,4.4,44.7,146.2,14.9,85.0,12.0,305.0
Saket,28.5245,77.2066,2026-07-20 17:00:00,29.8,76,0.0,7.6,29.3,65.0,18.0,87.0,10.2,411.0
Saket,28.5245,77.2066,2026-07-20 18:00:00,27.7,93,1.3,4.6,32.5,59.6,36.7,61.0,14.7,675.0
Saket,28.5245,77.2066,2026-07-20 19:00:00,27.3,95,2.8,3.8,48.0,77.3,62.1,26.0,20.9,1010.0
Saket,28.5245,77.2066,2026-07-20 20:00:00,27.2,95,1.2,6.0,63.8,91.3,79.3,1.0,25.1,1196.0
Saket,28.5245,77.2066,2026-07-20 21:00:00,26.9,95,0.7,4.4,62.6,88.5,81.2,0.0,25.5,1103.0
Saket,28.5245,77.2066,2026-07-20 22:00:00,26.9,95,0.3,3.8,64.7,91.7,74.7,3.0,23.8,861.0
Saket,28.5245,77.2066,2026-07-20 23:00:00,26.2,98,0.1,1.3,54.9,78.5,66.0,12.0,21.9,642.0
Saket,28.5245,77.2066,2026-07-21 00:00:00,26.4,98,0.3,5.3,43.1,65.2,55.2,24.0,19.9,499.0
Saket,28.5245,77.2066,2026-07-21 01:00:00,26.3,97,0.5,8.9,36.4,55.6,42.2,39.0,17.5,380.0
Saket,28.5245,77.2066,2026-07-21 02:00:00,26.2,96,0.1,8.0,31.8,49.9,32.2,50.0,16.0,297.0
Saket,28.5245,77.2066,2026-07-21 03:00:00,26.0,95,0.3,7.5,29.5,45.4,27.7,53.0,15.7,259.0
Saket,28.5245,77.2066,2026-07-21 04:00:00,25.9,95,0.3,6.4,27.1,37.3,26.1,53.0,16.3,258.0
Saket,28.5245,77.2066,2026-07-21 05:00:00,26.1,93,0.2,6.4,10.8,16.0,18.6,65.0,12.0,286.0
Saket,28.5245,77.2066,2026-07-21 06:00:00,25.4,97,2.9,7.9,13.4,16.9,21.6,63.0,16.3,365.0
Saket,28.5245,77.2066,2026-07-21 07:00:00,25.6,97,0.8,9.3,18.0,20.7,25.5,60.0,22.0,473.0
Saket,28.5245,77.2066,2026-07-21 08:00:00,26.1,94,0.2,9.0,22.2,23.6,26.7,63.0,25.2,530.0
Saket,28.5245,77.2066,2026-07-21 09:00:00,26.6,91,0.2,9.6,16.8,17.5,22.5,76.0,23.5,484.0
Saket,28.5245,77.2066,2026-07-21 10:00:00,27.5,87,0.3,9.1,14.2,14.8,15.6,95.0,19.3,388.0
Saket,28.5245,77.2066,2026-07-21 11:00:00,26.7,95,0.1,12.6,12.6,13.2,10.6,109.0,15.9,317.0
Saket,28.5245,77.2066,2026-07-21 12:00:00,27.5,95,1.0,8.3,11.3,11.8,9.5,115.0,14.5,300.0
Saket,28.5245,77.2066,2026-07-21 13:00:00,28.8,91,0.7,7.7,10.7,11.1,10.3,117.0,13.9,309.0
Saket,28.5245,77.2066,2026-07-21 14:00:00,28.7,86,0.5,9.6,11.9,12.3,11.4,119.0,13.6,333.0
Saket,28.5245,77.2066,2026-07-21 15:00:00,27.0,96,1.9,9.6,12.1,12.5,11.6,126.0,13.7,375.0
Saket,28.5245,77.2066,2026-07-21 16:00:00,28.0,90,0.5,6.8,12.9,13.2,12.1,133.0,14.1,432.0
Saket,28.5245,77.2066,2026-07-21 17:00:00,29.0,78,0.0,5.5,26.1,28.3,18.7,110.0,11.8,489.0
Saket,28.5245,77.2066,2026-07-21 18:00:00,28.3,87,0.8,6.2,31.7,33.1,23.8,98.0,13.2,553.0
Saket,28.5245,77.2066,2026-07-21 19:00:00,28.1,90,0.1,5.4,35.3,36.4,30.6,82.0,15.2,617.0
Saket,28.5245,77.2066,2026-07-21 20:00:00,27.9,90,0.0,7.6,34.5,35.3,34.2,71.0,16.2,648.0
Saket,28.5245,77.2066,2026-07-21 21:00:00,27.7,90,0.0,8.1,31.7,32.1,31.4,70.0,15.4,622.0
Saket,28.5245,77.2066,2026-07-21 22:00:00,27.4,90,0.1,11.1,29.8,30.0,25.4,75.0,13.8,562.0
Saket,28.5245,77.2066,2026-07-21 23:00:00,26.3,97,0.1,12.6,28.6,28.9,20.3,79.0,12.5,509.0
Saket,28.5245,77.2066,2026-07-22 00:00:00,26.2,96,0.1,11.2,27.2,27.5,17.7,80.0,12.0,476.0
Saket,28.5245,77.2066,2026-07-22 01:00:00,26.1,96,0.0,10.0,26.3,26.5,16.1,80.0,11.9,450.0
Saket,28.5245,77.2066,2026-07-22 02:00:00,26.1,96,0.0,9.5,26.4,26.5,14.9,79.0,12.1,425.0
Saket,28.5245,77.2066,2026-07-22 03:00:00,25.8,96,0.7,12.0,26.7,26.8,14.1,77.0,12.7,394.0
Saket,28.5245,77.2066,2026-07-22 04:00:00,25.8,95,0.2,12.9,25.3,25.4,13.8,75.0,13.7,365.0
Saket,28.5245,77.2066,2026-07-22 05:00:00,25.5,98,0.8,12.4,38.2,38.6,19.9,59.0,19.0,358.0
Saket,28.5245,77.2066,2026-07-22 06:00:00,25.7,96,0.4,14.4,37.6,38.0,20.7,60.0,18.0,396.0
Saket,28.5245,77.2066,2026-07-22 07:00:00,26.5,90,0.1,17.0,36.3,36.9,21.5,62.0,16.7,456.0
Saket,28.5245,77.2066,2026-07-22 08:00:00,26.7,88,0.6,16.2,36.3,36.7,20.7,71.0,15.4,490.0
Saket,28.5245,77.2066,2026-07-22 09:00:00,28.5,82,0.1,15.3,34.9,35.5,16.6,95.0,14.4,471.0
Saket,28.5245,77.2066,2026-07-22 10:00:00,29.7,77,0.1,14.3,31.9,32.6,10.8,127.0,13.5,426.0
Saket,28.5245,77.2066,2026-07-22 11:00:00,30.6,67,0.2,16.5,36.2,74.7,6.5,151.0,12.9,388.0
Saket,28.5245,77.2066,2026-07-22 12:00:00,31.2,67,0.1,15.4,48.4,194.6,4.4,163.0,12.4,361.0
Saket,28.5245,77.2066,2026-07-22 13:00:00,31.8,67,0.0,13.0,48.0,199.3,3.8,168.0,12.2,340.0
Saket,28.5245,77.2066,2026-07-22 14:00:00,31.6,67,0.1,12.4,47.4,187.2,5.7,166.0,12.6,347.0
Saket,28.5245,77.2066,2026-07-22 15:00:00,31.3,70,0.2,10.4,48.1,186.3,11.5,155.0,13.6,385.0
Saket,28.5245,77.2066,2026-07-22 16:00:00,31.4,69,0.1,9.0,56.2,271.9,19.8,138.0,15.2,450.0
Saket,28.5245,77.2066,2026-07-22 17:00:00,28.2,89,0.2,6.4,13.8,20.4,12.6,133.0,11.5,552.0
Saket,28.5245,77.2066,2026-07-22 18:00:00,28.9,86,0.1,3.4,15.1,17.9,22.3,112.0,14.1,744.0
Saket,28.5245,77.2066,2026-07-22 19:00:00,28.5,90,0.1,5.1,20.9,21.9,35.5,84.0,17.6,972.0
Saket,28.5245,77.2066,2026-07-22 20:00:00,28.5,91,0.0,7.1,22.6,22.9,43.5,65.0,20.1,1082.0
Saket,28.5245,77.2066,2026-07-22 21:00:00,28.7,87,0.0,10.2,20.3,20.4,41.5,63.0,20.3,967.0
Saket,28.5245,77.2066,2026-07-22 22:00:00,28.3,85,0.1,10.3,18.7,18.7,34.3,71.0,19.5,734.0
Saket,28.5245,77.2066,2026-07-22 23:00:00,28.0,86,0.1,10.9,15.9,15.9,27.8,76.0,18.8,544.0
Saket,28.5245,77.2066,2026-07-23 00:00:00,28.0,85,0.0,12.1,13.8,13.8,24.0,75.0,18.8,462.0
Saket,28.5245,77.2066,2026-07-23 01:00:00,27.8,85,0.0,12.4,18.3,49.7,21.0,72.0,18.9,422.0
Saket,28.5245,77.2066,2026-07-23 02:00:00,27.6,85,0.0,12.5,21.9,59.6,18.8,69.0,18.9,392.0
Saket,28.5245,77.2066,2026-07-23 03:00:00,27.3,85,0.0,11.4,25.8,67.1,17.8,65.0,18.5,353.0
Saket,28.5245,77.2066,2026-07-23 04:00:00,27.0,85,0.0,11.7,31.7,95.0,17.5,61.0,18.0,323.0
Saket,28.5245,77.2066,2026-07-23 05:00:00,26.3,94,0.0,10.6,29.6,58.2,19.0,58.0,18.3,322.0
Saket,28.5245,77.2066,2026-07-23 06:00:00,26.2,95,0.8,9.4,31.8,65.9,18.0,65.0,18.2,377.0
Saket,28.5245,77.2066,2026-07-23 07:00:00,26.3,91,0.7,13.7,35.6,91.5,16.6,75.0,18.1,460.0
Saket,28.5245,77.2066,2026-07-23 08:00:00,27.1,89,0.4,13.6,27.0,38.4,14.6,90.0,17.6,506.0
Saket,28.5245,77.2066,2026-07-23 09:00:00,28.3,83,0.2,11.0,22.3,25.4,11.5,113.0,16.5,474.0
Saket,28.5245,77.2066,2026-07-23 10:00:00,30.3,75,0.1,13.6,19.8,20.5,7.8,140.0,15.0,404.0
Saket,28.5245,77.2066,2026-07-23 11:00:00,30.8,68,0.0,15.3,18.5,18.6,5.3,158.0,13.7,351.0
Saket,28.5245,77.2066,2026-07-23 12:00:00,31.3,65,0.2,16.2,73.3,558.8,4.7,161.0,12.6,325.0
Saket,28.5245,77.2066,2026-07-23 13:00:00,31.8,65,0.2,14.0,63.6,420.0,5.2,156.0,11.8,315.0
Saket,28.5245,77.2066,2026-07-23 14:00:00,32.0,65,0.1,14.0,51.1,279.4,6.5,151.0,11.9,341.0
Saket,28.5245,77.2066,2026-07-23 15:00:00,29.6,75,0.6,15.1,46.8,250.5,8.4,151.0,13.6,429.0
Saket,28.5245,77.2066,2026-07-23 16:00:00,30.1,77,0.3,6.5,42.1,195.6,11.0,151.0,16.3,552.0
Saket,28.5245,77.2066,2026-07-23 17:00:00,30.9,76,0.1,9.3,24.4,24.4,21.3,119.0,12.5,655.0
Saket,28.5245,77.2066,2026-07-23 18:00:00,29.9,78,0.3,8.3,26.8,26.8,24.1,110.0,14.1,727.0
Saket,28.5245,77.2066,2026-07-23 19:00:00,29.4,79,0.0,7.8,28.3,28.3,27.9,98.0,16.4,779.0
Saket,28.5245,77.2066,2026-07-23 20:00:00,27.6,88,1.1,10.5,29.9,30.0,29.7,90.0,18.0,782.0
Saket,28.5245,77.2066,2026-07-23 21:00:00,26.4,95,2.1,9.1,31.7,31.8,27.9,89.0,18.7,707.0
Saket,28.5245,77.2066,2026-07-23 22:00:00,26.5,95,1.5,11.5,33.1,33.2,24.2,91.0,18.7,583.0
Saket,28.5245,77.2066,2026-07-23 23:00:00,27.2,90,0.0,13.9,34.0,34.5,20.9,92.0,18.1,475.0
Saket,28.5245,77.2066,2026-07-24 00:00:00,26.9,90,0.0,11.7,33.2,33.9,18.9,88.0,16.3,402.0
Saket,28.5245,77.2066,2026-07-24 01:00:00,26.7,91,0.0,12.1,33.4,34.0,17.2,83.0,13.8,344.0
Saket,28.5245,77.2066,2026-07-24 02:00:00,26.6,91,0.0,10.6,34.5,34.8,16.1,78.0,12.3,303.0
Saket,28.5245,77.2066,2026-07-24 03:00:00,26.5,90,0.0,10.6,35.6,35.7,15.5,75.0,12.6,277.0
Saket,28.5245,77.2066,2026-07-24 04:00:00,26.3,91,0.0,11.0,35.9,35.9,15.4,74.0,13.8,268.0
Saket,28.5245,77.2066,2026-07-24 05:00:00,25.7,96,0.1,10.5,42.4,42.5,16.6,73.0,19.4,281.0
Saket,28.5245,77.2066,2026-07-24 06:00:00,25.9,95,0.1,13.0,41.0,41.0,16.6,74.0,18.3,336.0
Saket,28.5245,77.2066,2026-07-24 07:00:00,26.8,90,0.0,11.9,35.5,35.5,16.4,77.0,16.6,413.0
Saket,28.5245,77.2066,2026-07-24 08:00:00,28.1,82,0.0,16.0,29.5,29.5,15.4,84.0,15.1,454.0
Saket,28.5245,77.2066,2026-07-24 09:00:00,28.9,78,0.1,15.7,23.7,23.7,12.7,99.0,13.7,422.0
Saket,28.5245,77.2066,2026-07-24 10:00:00,30.1,74,0.2,14.0,20.0,20.0,9.1,119.0,12.4,353.0
Saket,28.5245,77.2066,2026-07-24 11:00:00,30.5,74,0.2,13.8,18.1,18.2,6.5,133.0,11.4,300.0
Saket,28.5245,77.2066,2026-07-24 12:00:00,30.9,74,0.4,12.7,16.5,16.6,5.6,137.0,10.7,278.0
Saket,28.5245,77.2066,2026-07-24 13:00:00,29.1,84,2.1,10.8,16.1,16.2,5.7,135.0,10.4,271.0
Saket,28.5245,77.2066,2026-07-24 14:00:00,29.2,83,0.6,5.2,14.3,14.3,6.4,133.0,10.3,285.0
Saket,28.5245,77.2066,2026-07-24 15:00:00,30.2,78,0.3,8.9,13.8,13.9,7.1,133.0,10.6,327.0
Saket,28.5245,77.2066,2026-07-24 16:00:00,30.6,75,0.1,8.1,13.6,13.8,8.4,133.0,11.3,390.0
Saket,28.5245,77.2066,2026-07-24 17:00:00,29.9,83,0.1,6.9,19.8,20.2,11.7,114.0,10.5,460.0
Saket,28.5245,77.2066,2026-07-24 18:00:00,29.7,84,0.0,8.1,25.3,25.6,23.3,92.0,12.9,554.0
Saket,28.5245,77.2066,2026-07-24 19:00:00,29.1,88,0.2,6.9,32.1,32.4,39.0,63.0,16.3,656.0
Saket,28.5245,77.2066,2026-07-24 20:00:00,29.0,87,0.1,10.3,36.0,36.4,48.4,42.0,18.5,699.0
Saket,28.5245,77.2066,2026-07-24 21:00:00,28.7,87,0.0,11.4,35.6,36.7,45.6,39.0,18.4,637.0
Saket,28.5245,77.2066,2026-07-24 22:00:00,28.3,87,0.0,11.6,33.9,36.2,36.6,45.0,17.2,517.0
Saket,28.5245,77.2066,2026-07-24 23:00:00,28.0,87,0.0,13.5,31.1,35.0,28.8,50.0,16.4,414.0
Saket,28.5245,77.2066,2026-07-25 00:00:00,28.0,85,0.0,13.4,27.0,32.5,24.8,51.0,16.9,355.0
Saket,28.5245,77.2066,2026-07-25 01:00:00,27.9,83,0.0,13.0,25.4,32.2,21.9,52.0,17.9,314.0
Saket,28.5245,77.2066,2026-07-25 02:00:00,27.5,84,0.1,11.9,24.9,31.2,20.1,51.0,18.4,285.0
Saket,28.5245,77.2066,2026-07-25 03:00:00,27.3,86,0.1,11.4,24.9,31.3,19.7,47.0,18.0,265.0
Saket,28.5245,77.2066,2026-07-25 04:00:00,27.1,86,0.1,11.4,25.6,34.6,20.4,43.0,17.2,257.0
Saket,28.5245,77.2066,2026-07-25 05:00:00,27.2,88,0.1,10.3,26.0,31.9,19.7,42.0,14.7,267.0
Saket,28.5245,77.2066,2026-07-25 06:00:00,27.3,89,0.0,8.0,26.4,31.1,18.8,48.0,14.5,310.0
Saket,28.5245,77.2066,2026-07-25 07:00:00,28.0,87,0.0,8.5,26.7,31.0,17.5,56.0,14.3,369.0
Saket,28.5245,77.2066,2026-07-25 08:00:00,29.0,80,0.1,12.1,26.6,31.7,15.5,68.0,13.7,403.0
Saket,28.5245,77.2066,2026-07-25 09:00:00,29.9,72,0.1,11.4,25.7,33.6,12.3,86.0,12.6,384.0
Saket,28.5245,77.2066,2026-07-25 10:00:00,30.5,69,0.1,11.5,24.8,35.4,8.4,106.0,11.2,338.0
Saket,28.5245,77.2066,2026-07-25 11:00:00,31.4,65,0.4,14.2,22.1,32.6,5.6,122.0,10.2,304.0
Saket,28.5245,77.2066,2026-07-25 12:00:00,31.1,67,0.2,12.6,21.1,30.7,4.3,130.0,9.9,290.0
Saket,28.5245,77.2066,2026-07-25 13:00:00,31.9,66,0.0,11.1,26.4,63.1,4.2,133.0,9.9,288.0
Saket,28.5245,77.2066,2026-07-25 14:00:00,31.7,69,0.4,12.5,23.9,39.2,5.7,131.0,10.1,310.0
Saket,28.5245,77.2066,2026-07-25 15:00:00,32.2,66,0.1,12.2,23.1,33.5,9.2,122.0,10.2,372.0
Saket,28.5245,77.2066,2026-07-25 16:00:00,31.2,68,0.0,12.8,23.7,32.5,14.4,108.0,10.5,457.0
Saket,28.5245,77.2066,2026-07-25 17:00:00,30.1,82,0.0,10.8,31.0,37.0,20.8,94.0,8.8,528.0
Saket,28.5245,77.2066,2026-07-25 18:00:00,29.6,82,0.0,10.7,37.3,41.3,26.7,83.0,11.0,572.0
Saket,28.5245,77.2066,2026-07-25 19:00:00,28.9,83,0.0,9.5,42.1,45.1,34.7,67.0,14.0,601.0
Saket,28.5245,77.2066,2026-07-25 20:00:00,28.4,87,0.0,10.0,39.9,41.9,39.5,56.0,16.2,613.0
Saket,28.5245,77.2066,2026-07-25 21:00:00,27.9,89,0.0,8.6,38.2,39.3,38.3,53.0,16.7,605.0
Saket,28.5245,77.2066,2026-07-25 22:00:00,27.6,89,0.0,9.2,37.7,38.4,34.0,54.0,16.3,581.0
Saket,28.5245,77.2066,2026-07-25 23:00:00,27.4,94,0.0,9.2,36.9,37.4,29.7,56.0,15.8,547.0
Saket,28.5245,77.2066,2026-07-26 00:00:00,27.5,93,0.0,10.2,35.7,36.1,26.1,58.0,15.1,498.0
Saket,28.5245,77.2066,2026-07-26 01:00:00,27.5,94,0.0,8.9,34.3,34.7,22.5,61.0,14.2,440.0
Saket,28.5245,77.2066,2026-07-26 02:00:00,27.3,95,0.0,8.5,33.9,34.1,20.2,62.0,13.7,396.0
Saket,28.5245,77.2066,2026-07-26 03:00:00,27.1,95,0.0,7.8,34.5,34.8,20.3,58.0,14.0,376.0
Saket,28.5245,77.2066,2026-07-26 04:00:00,27.1,95,0.0,6.2,36.2,37.6,21.7,52.0,14.7,370.0
Saket,28.5245,77.2066,2026-07-26 05:00:00,27.8,92,0.0,5.2,26.7,27.8,19.6,59.0,13.7,370.0
Saket,28.5245,77.2066,2026-07-26 06:00:00,27.3,96,0.8,4.2,29.7,30.6,18.5,66.0,14.8,381.0
Saket,28.5245,77.2066,2026-07-26 07:00:00,28.1,92,0.1,5.2,30.5,31.9,17.0,77.0,16.2,398.0
Saket,28.5245,77.2066,2026-07-26 08:00:00,29.3,86,0.0,2.7,31.0,33.2,14.9,92.0,17.3,398.0
Saket,28.5245,77.2066,2026-07-26 09:00:00,30.6,77,0.0,4.0,31.7,36.0,11.9,113.0,17.6,365.0
Saket,28.5245,77.2066,2026-07-26 10:00:00,31.4,71,0.3,5.0,31.1,38.2,8.5,138.0,17.4,315.0
Saket,28.5245,77.2066,2026-07-26 11:00:00,32.4,67,0.4,4.9,29.3,39.3,5.9,158.0,17.2,277.0
Saket,28.5245,77.2066,2026-07-26 12:00:00,32.6,67,0.2,5.2,28.7,39.8,4.6,170.0,17.0,261.0
Saket,28.5245,77.2066,2026-07-26 13:00:00,33.3,62,0.1,5.2,29.4,40.6,4.2,178.0,16.8,258.0
Saket,28.5245,77.2066,2026-07-26 14:00:00,33.4,61,0.0,4.3,29.6,41.0,4.6,181.0,16.8,264.0
Saket,28.5245,77.2066,2026-07-26 15:00:00,33.5,61,0.0,3.0,29.6,41.0,3.6,181.0,16.5,253.0
Saket,28.5245,77.2066,2026-07-26 16:00:00,33.3,61,0.0,3.8,32.9,69.6,3.4,176.0,16.5,251.0
Saket,28.5245,77.2066,2026-07-26 17:00:00,33.7,61,0.0,4.2,32.6,45.8,9.3,142.0,13.5,343.0
Saket,28.5245,77.2066,2026-07-26 18:00:00,32.6,72,0.0,3.4,40.0,50.1,29.0,111.0,18.3,639.0
Saket,28.5245,77.2066,2026-07-26 19:00:00,31.5,78,0.0,2.7,55.3,65.0,56.1,68.0,24.9,1029.0
Saket,28.5245,77.2066,2026-07-26 20:00:00,31.1,81,0.0,2.0,67.8,77.3,75.8,34.0,29.4,1258.0
Saket,28.5245,77.2066,2026-07-26 21:00:00,30.7,84,0.0,1.6,75.0,84.1,80.7,20.0,30.0,1172.0
Saket,28.5245,77.2066,2026-07-26 22:00:00,30.3,84,0.0,1.9,75.4,83.6,78.2,15.0,28.6,926.0
Saket,28.5245,77.2066,2026-07-26 23:00:00,30.4,81,0.0,1.5,78.9,86.8,75.1,12.0,26.8,735.0
Saket,28.5245,77.2066,2026-07-27 00:00:00,30.2,79,0.0,1.5,80.3,87.5,73.6,8.0,25.1,683.0
Saket,28.5245,77.2066,2026-07-27 01:00:00,29.8,80,0.0,1.9,79.6,86.6,71.6,6.0,23.0,687.0
Saket,28.5245,77.2066,2026-07-27 02:00:00,29.3,80,0.0,3.1,81.0,88.0,69.5,5.0,21.4,703.0
Saket,28.5245,77.2066,2026-07-27 03:00:00,29.0,81,0.0,3.2,83.4,91.0,68.4,2.0,20.5,731.0
Saket,28.5245,77.2066,2026-07-27 04:00:00,28.8,82,0.0,2.6,86.1,94.3,67.2,0.0,20.0,773.0
Saket,28.5245,77.2066,2026-07-27 05:00:00,29.4,83,0.0,3.3,75.2,82.4,67.7,2.0,22.2,792.0
Saket,28.5245,77.2066,2026-07-27 06:00:00,29.5,82,0.0,3.7,78.9,86.1,59.3,21.0,25.3,774.0
Saket,28.5245,77.2066,2026-07-27 07:00:00,30.3,79,0.0,2.6,62.9,69.6,47.4,48.0,29.4,733.0
Saket,28.5245,77.2066,2026-07-27 08:00:00,31.3,75,0.0,3.0,47.0,58.1,36.0,78.0,31.2,673.0
Saket,28.5245,77.2066,2026-07-27 09:00:00,32.3,68,0.1,3.1,38.4,66.1,25.8,111.0,28.6,578.0
Saket,28.5245,77.2066,2026-07-27 10:00:00,33.2,62,0.1,3.2,33.2,64.7,16.2,147.0,23.8,463.0
Saket,28.5245,77.2066,2026-07-27 11:00:00,34.3,55,0.1,2.0,32.2,75.4,9.3,174.0,20.0,379.0
Saket,28.5245,77.2066,2026-07-27 12:00:00,34.9,54,0.0,4.8,29.8,58.4,6.4,189.0,18.5,344.0
Saket,28.5245,77.2066,2026-07-27 13:00:00,35.0,53,0.0,4.0,29.2,54.9,6.1,196.0,17.9,341.0
Saket,28.5245,77.2066,2026-07-27 14:00:00,35.3,51,0.0,4.9,28.8,53.1,6.8,197.0,17.4,367.0
Saket,28.5245,77.2066,2026-07-27 15:00:00,34.3,54,0.1,4.5,27.7,52.4,5.9,194.0,16.3,421.0
Saket,28.5245,77.2066,2026-07-27 16:00:00,33.6,56,0.1,0.4,26.8,52.2,5.9,186.0,15.4,505.0
Saket,28.5245,77.2066,2026-07-27 17:00:00,33.0,63,0.0,2.9,38.4,109.4,21.3,119.0,13.8,616.0
Saket,28.5245,77.2066,2026-07-27 18:00:00,32.0,75,0.0,2.1,44.4,100.1,33.7,95.0,16.4,808.0
Saket,28.5245,77.2066,2026-07-27 19:00:00,31.4,78,0.0,3.6,54.9,98.0,50.4,63.0,19.9,1028.0
Saket,28.5245,77.2066,2026-07-27 20:00:00,30.7,78,0.0,7.1,76.8,286.8,59.5,42.0,22.1,1119.0
Saket,28.5245,77.2066,2026-07-27 21:00:00,29.7,83,0.0,9.9,132.2,789.8,53.7,44.0,21.8,966.0
Saket,28.5245,77.2066,2026-07-27 22:00:00,28.6,88,0.5,12.9,81.0,282.2,40.4,58.0,20.1,684.0
Saket,28.5245,77.2066,2026-07-27 23:00:00,29.4,86,0.3,14.0,61.0,158.8,29.6,68.0,18.3,463.0
Saket,28.5245,77.2066,2026-07-28 00:00:00,27.1,92,3.1,12.8,53.0,114.1,25.2,68.0,16.6,382.0
Saket,28.5245,77.2066,2026-07-28 01:00:00,26.8,96,1.9,6.0,48.2,86.8,23.2,65.0,14.8,361.0
Saket,28.5245,77.2066,2026-07-28 02:00:00,26.5,98,0.5,11.3,45.4,71.5,22.3,60.0,13.6,351.0
Saket,28.5245,77.2066,2026-07-28 03:00:00,25.9,98,0.5,8.3,43.3,62.2,22.2,54.0,13.3,330.0
Saket,28.5245,77.2066,2026-07-28 04:00:00,26.0,99,0.6,9.8,41.8,56.0,23.1,47.0,13.6,319.0
Saket,28.5245,77.2066,2026-07-28 05:00:00,28.3,93,0.3,7.2,43.1,101.3,24.9,41.0,12.8,330.0
Saket,28.5245,77.2066,2026-07-28 06:00:00,28.4,94,0.2,9.1,40.9,89.2,24.2,44.0,12.5,383.0
Saket,28.5245,77.2066,2026-07-28 07:00:00,28.7,93,0.4,7.2,37.6,73.6,23.0,50.0,12.1,458.0
Saket,28.5245,77.2066,2026-07-28 08:00:00,27.9,91,0.5,10.8,34.5,68.0,21.1,62.0,12.0,502.0
Saket,28.5245,77.2066,2026-07-28 09:00:00,27.5,92,0.7,13.3,33.2,65.9,17.7,87.0,12.7,486.0
Saket,28.5245,77.2066,2026-07-28 10:00:00,27.4,95,4.7,7.7,32.7,64.7,13.4,119.0,13.7,440.0
Saket,28.5245,77.2066,2026-07-28 11:00:00,27.4,93,1.1,8.8,29.9,53.6,10.0,145.0,14.4,400.0
Saket,28.5245,77.2066,2026-07-28 12:00:00,26.3,97,3.7,7.8,27.4,44.7,7.6,160.0,14.3,375.0
Saket,28.5245,77.2066,2026-07-28 13:00:00,26.6,94,2.5,7.3,25.8,43.4,6.0,168.0,14.0,357.0
Saket,28.5245,77.2066,2026-07-28 14:00:00,26.7,95,1.8,3.2,24.9,41.9,6.5,171.0,14.1,356.0
Saket,28.5245,77.2066,2026-07-28 15:00:00,26.9,95,2.2,5.6,24.7,40.2,8.3,171.0,14.4,374.0
Saket,28.5245,77.2066,2026-07-28 16:00:00,26.8,96,1.1,5.3,25.4,39.9,12.1,165.0,15.3,411.0
Saket,28.5245,77.2066,2026-07-28 17:00:00,31.0,71,0.2,5.1,17.6,21.8,35.9,72.0,17.5,474.0
Saket,28.5245,77.2066,2026-07-28 18:00:00,30.2,78,0.1,5.3,16.7,19.9,42.4,61.0,19.4,595.0
Saket,28.5245,77.2066,2026-07-28 19:00:00,29.3,86,0.0,1.9,21.0,23.3,51.4,45.0,21.9,743.0
Saket,28.5245,77.2066,2026-07-28 20:00:00,28.8,87,0.0,3.6,25.4,27.3,57.9,32.0,23.7,831.0
Saket,28.5245,77.2066,2026-07-28 21:00:00,28.5,89,0.0,4.6,31.8,33.5,59.7,24.0,24.0,806.0
Saket,28.5245,77.2066,2026-07-28 22:00:00,28.3,88,0.0,6.5,32.0,33.4,59.0,19.0,23.6,721.0
Saket,28.5245,77.2066,2026-07-28 23:00:00,27.8,90,0.0,2.5,31.5,32.7,58.0,15.0,23.1,654.0
Saket,28.5245,77.2066,2026-07-29 00:00:00,27.6,91,0.0,2.0,29.2,30.3,57.5,12.0,22.3,643.0
Saket,28.5245,77.2066,2026-07-29 01:00:00,27.6,91,0.0,1.4,30.3,31.4,56.8,10.0,21.4,650.0
Saket,28.5245,77.2066,2026-07-29 02:00:00,27.3,90,0.0,5.0,31.1,32.4,55.5,10.0,21.5,636.0
Saket,28.5245,77.2066,2026-07-29 03:00:00,26.7,93,0.3,4.8,31.2,32.8,53.6,13.0,23.0,572.0
Saket,28.5245,77.2066,2026-07-29 04:00:00,26.6,93,0.0,3.5,31.7,33.6,51.1,17.0,25.4,487.0
Saket,28.5245,77.2066,2026-07-29 05:00:00,26.3,97,0.1,3.3,34.5,36.9,45.1,21.0,27.7,433.0
Saket,28.5245,77.2066,2026-07-29 06:00:00,26.1,96,0.5,2.5,39.2,40.9,44.8,25.0,29.5,442.0
Saket,28.5245,77.2066,2026-07-29 07:00:00,26.0,97,2.0,5.8,38.1,39.8,44.1,31.0,31.9,482.0
Saket,28.5245,77.2066,2026-07-29 08:00:00,26.6,93,0.3,3.6,33.2,35.3,42.1,42.0,33.9,511.0
Saket,28.5245,77.2066,2026-07-29 09:00:00,27.8,86,0.4,1.9,30.6,32.6,37.6,62.0,34.9,507.0
Saket,28.5245,77.2066,2026-07-29 10:00:00,28.4,86,1.3,3.2,26.1,28.1,31.6,87.0,35.5,491.0
Saket,28.5245,77.2066,2026-07-29 11:00:00,31.1,73,0.3,0.9,24.4,26.8,26.5,112.0,36.0,486.0
Saket,28.5245,77.2066,2026-07-29 12:00:00,31.7,72,0.2,1.7,25.8,28.8,22.6,136.0,36.3,494.0
Saket,28.5245,77.2066,2026-07-29 13:00:00,32.1,72,0.1,3.1,28.3,32.0,19.5,159.0,36.5,513.0
Saket,28.5245,77.2066,2026-07-29 14:00:00,31.8,73,0.0,3.1,31.2,35.3,18.4,177.0,37.2,551.0
Saket,28.5245,77.2066,2026-07-29 15:00:00,32.3,71,0.0,1.7,34.7,40.6,17.7,191.0,38.6,563.0
Saket,28.5245,77.2066,2026-07-29 16:00:00,31.7,74,0.2,1.4,36.9,42.5,19.0,200.0,40.5,595.0
Saket,28.5245,77.2066,2026-07-29 17:00:00,31.8,76,0.3,6.0,43.1,54.0,12.3,161.0,17.1,797.0
Saket,28.5245,77.2066,2026-07-29 18:00:00,31.2,79,0.0,4.6,51.6,60.1,29.8,129.0,20.9,1384.0
Saket,28.5245,77.2066,2026-07-29 19:00:00,30.4,83,0.0,3.7,61.2,67.3,53.7,85.0,26.1,2142.0
Saket,28.5245,77.2066,2026-07-29 20:00:00,29.9,84,0.0,5.0,68.5,73.1,70.5,52.0,29.9,2574.0
Saket,28.5245,77.2066,2026-07-29 21:00:00,29.4,86,0.0,4.7,75.4,78.9,74.1,39.0,31.3,2383.0
Saket,28.5245,77.2066,2026-07-29 22:00:00,29.0,90,0.0,3.5,79.6,82.4,70.6,36.0,31.4,1866.0
Saket,28.5245,77.2066,2026-07-29 23:00:00,29.5,90,0.0,7.1,80.1,82.4,64.6,36.0,30.6,1421.0
Saket,28.5245,77.2066,2026-07-30 00:00:00,29.2,92,0.0,8.1,76.8,78.7,56.0,40.0,28.5,1194.0
Saket,28.5245,77.2066,2026-07-30 01:00:00,28.9,93,0.0,6.0,74.0,75.7,44.9,47.0,25.4,1039.0
Saket,28.5245,77.2066,2026-07-30 02:00:00,26.0,97,1.5,7.0,72.2,73.3,36.2,51.0,23.0,918.0
Saket,28.5245,77.2066,2026-07-30 03:00:00,26.3,99,0.6,4.5,70.3,71.2,32.2,48.0,21.7,829.0
Saket,28.5245,77.2066,2026-07-30 04:00:00,26.5,99,0.2,1.7,68.9,69.8,30.6,42.0,20.9,774.0
Saket,28.5245,77.2066,2026-07-30 05:00:00,28.3,95,0.0,0.4,69.2,69.6,35.1,57.0,20.7,724.0
Saket,28.5245,77.2066,2026-07-30 06:00:00,28.4,95,0.4,3.9,68.0,68.5,32.3,71.0,22.1,672.0
Saket,28.5245,77.2066,2026-07-30 07:00:00,27.9,93,0.7,11.3,57.4,58.0,28.2,91.0,23.8,623.0
Saket,28.5245,77.2066,2026-07-30 08:00:00,29.0,85,0.3,9.5,43.2,43.9,23.6,113.0,24.4,567.0
Saket,28.5245,77.2066,2026-07-30 09:00:00,30.3,78,0.1,6.5,46.7,48.1,18.1,137.0,22.6,485.0
Saket,28.5245,77.2066,2026-07-30 10:00:00,31.5,72,0.0,7.5,33.6,35.7,12.0,162.0,19.7,395.0
Saket,28.5245,77.2066,2026-07-30 11:00:00,32.7,63,0.0,7.4,31.3,32.7,7.6,182.0,17.3,336.0
Saket,28.5245,77.2066,2026-07-30 12:00:00,32.8,60,0.2,9.7,56.3,295.2,5.5,194.0,15.9,322.0
Saket,28.5245,77.2066,2026-07-30 13:00:00,31.9,67,0.9,7.5,46.3,178.3,5.0,201.0,15.1,340.0
Saket,28.5245,77.2066,2026-07-30 14:00:00,32.8,63,0.1,6.1,44.4,148.5,6.0,203.0,15.3,388.0
Saket,28.5245,77.2066,2026-07-30 15:00:00,33.1,61,0.1,6.3,40.3,108.7,8.4,201.0,17.1,490.0
Saket,28.5245,77.2066,2026-07-30 16:00:00,33.0,60,0.0,7.2,36.4,74.5,12.3,195.0,20.0,623.0
Saket,28.5245,77.2066,2026-07-30 17:00:00,30.2,79,0.0,7.6,34.8,40.9,16.3,150.0,15.3,711.0
Saket,28.5245,77.2066,2026-07-30 18:00:00,28.9,85,0.4,13.7,37.8,42.4,27.5,124.0,18.7,713.0
Saket,28.5245,77.2066,2026-07-30 19:00:00,28.5,86,0.0,7.5,43.1,48.3,42.5,89.0,23.2,671.0
Saket,28.5245,77.2066,2026-07-30 20:00:00,28.4,88,0.0,8.4,46.4,70.3,51.4,63.0,25.7,633.0
Saket,28.5245,77.2066,2026-07-30 21:00:00,28.4,89,0.0,8.4,48.5,88.5,48.3,57.0,24.3,621.0
Saket,28.5245,77.2066,2026-07-30 22:00:00,28.2,91,0.0,8.7,43.7,74.7,39.0,61.0,21.0,613.0
Saket,28.5245,77.2066,2026-07-30 23:00:00,28.5,91,0.0,11.2,38.9,61.2,30.6,65.0,18.1,594.0
Saket,28.5245,77.2066,2026-07-31 00:00:00,28.3,90,0.0,12.6,33.8,46.7,25.4,67.0,16.4,557.0
Saket,28.5245,77.2066,2026-07-31 01:00:00,28.2,89,0.0,11.9,29.2,34.9,21.2,69.0,15.1,509.0
Saket,28.5245,77.2066,2026-07-31 02:00:00,28.1,88,0.0,11.6,25.8,27.7,18.2,70.0,14.6,460.0
Saket,28.5245,77.2066,2026-07-31 03:00:00,28.0,87,0.0,12.3,23.4,24.1,17.0,67.0,15.3,403.0
Saket,28.5245,77.2066,2026-07-31 04:00:00,27.8,86,0.0,12.3,30.7,98.7,17.1,63.0,16.7,344.0
Saket,28.5245,77.2066,2026-07-31 05:00:00,28.0,84,0.0,14.0,30.9,107.1,17.4,61.0,17.4,311.0
Saket,28.5245,77.2066,2026-07-31 06:00:00,27.9,84,0.0,12.0,27.0,67.5,17.2,64.0,17.6,329.0
Saket,28.5245,77.2066,2026-07-31 07:00:00,28.5,82,0.0,12.3,52.2,281.3,16.9,68.0,17.8,373.0
Saket,28.5245,77.2066,2026-07-31 08:00:00,28.9,79,0.1,16.0,24.9,53.0,15.7,78.0,17.7,398.0
Saket,28.5245,77.2066,2026-07-31 09:00:00,29.5,77,0.2,16.0,19.6,27.1,12.9,98.0,16.9,379.0
Saket,28.5245,77.2066,2026-07-31 10:00:00,29.9,75,0.1,15.2,19.9,22.9,9.2,124.0,15.7,342.0
Saket,28.5245,77.2066,2026-07-31 11:00:00,30.6,71,0.1,13.7,20.5,21.4,6.6,143.0,14.6,316.0
Saket,28.5245,77.2066,2026-07-31 12:00:00,31.4,67,0.1,15.2,20.6,20.8,5.5,151.0,13.7,311.0
Saket,28.5245,77.2066,2026-07-31 13:00:00,31.8,64,0.3,15.3,20.3,27.6,5.5,151.0,12.9,316.0
Saket,28.5245,77.2066,2026-07-31 14:00:00,32.2,65,0.3,13.7,22.3,31.4,6.6,149.0,12.7,336.0
Saket,28.5245,77.2066,2026-07-31 15:00:00,32.0,66,0.2,13.4,20.4,26.4,9.2,144.0,13.5,377.0
Saket,28.5245,77.2066,2026-07-31 16:00:00,30.2,80,1.1,10.7,20.0,25.4,13.0,136.0,14.9,433.0
Saket,28.5245,77.2066,2026-07-31 17:00:00,31.1,74,0.1,7.1,31.2,31.7,17.0,127.0,15.1,479.0
Saket,28.5245,77.2066,2026-07-31 18:00:00,30.6,78,0.1,8.3,34.0,34.5,23.8,109.0,17.5,514.0
Saket,28.5245,77.2066,2026-07-31 19:00:00,29.7,82,0.0,8.9,35.9,36.2,32.9,85.0,20.6,539.0
Saket,28.5245,77.2066,2026-07-31 20:00:00,29.3,85,0.0,8.6,35.9,36.3,38.1,68.0,22.4,543.0
Saket,28.5245,77.2066,2026-07-31 21:00:00,28.8,84,0.3,11.7,34.2,34.8,35.8,64.0,21.3,511.0
Saket,28.5245,77.2066,2026-07-31 22:00:00,28.5,86,0.0,11.6,32.1,32.9,29.6,67.0,18.8,456.0
Saket,28.5245,77.2066,2026-07-31 23:00:00,27.7,92,0.0,9.8,30.2,31.0,24.1,69.0,17.0,406.0
Saket,28.5245,77.2066,2026-08-01 00:00:00,27.4,92,0.7,12.0,27.8,28.5,20.9,69.0,16.9,368.0
Saket,28.5245,77.2066,2026-08-01 01:00:00,27.0,94,0.4,10.5,35.0,107.1,18.5,68.0,17.5,334.0
Saket,28.5245,77.2066,2026-08-01 02:00:00,26.9,93,0.0,11.3,41.0,159.7,16.9,67.0,18.0,309.0
Saket,28.5245,77.2066,2026-08-01 03:00:00,26.9,92,0.0,11.6,44.7,190.9,16.4,64.0,18.0,290.0
Saket,28.5245,77.2066,2026-08-01 04:00:00,27.0,92,0.0,11.7,48.5,209.1,16.6,60.0,17.8,280.0
Saket,28.5245,77.2066,2026-08-01 05:00:00,26.5,97,0.1,9.6,27.0,27.9,17.4,59.0,18.1,292.0
Saket,28.5245,77.2066,2026-08-01 06:00:00,26.7,94,0.0,10.8,27.9,28.8,17.2,66.0,18.2,349.0
Saket,28.5245,77.2066,2026-08-01 07:00:00,26.8,93,0.3,13.3,28.7,29.6,16.7,76.0,18.3,427.0
Saket,28.5245,77.2066,2026-08-01 08:00:00,27.5,88,0.1,13.1,27.6,28.5,15.5,90.0,18.2,469.0
Saket,28.5245,77.2066,2026-08-01 09:00:00,29.3,78,0.2,14.3,25.3,25.9,12.6,111.0,17.8,440.0
Saket,28.5245,77.2066,2026-08-01 10:00:00,30.1,76,0.4,13.4,30.3,81.7,9.0,136.0,17.2,376.0
Saket,28.5245,77.2066,2026-08-01 11:00:00,31.3,71,0.1,12.6,26.1,39.0,6.4,155.0,16.8,325.0
Saket,28.5245,77.2066,2026-08-01 12:00:00,31.9,68,0.1,12.0,28.1,58.0,5.6,163.0,16.6,299.0
Saket,28.5245,77.2066,2026-08-01 13:00:00,32.0,68,0.2,13.2,26.8,34.3,5.9,166.0,16.6,287.0
Saket,28.5245,77.2066,2026-08-01 14:00:00,31.8,71,0.1,11.0,26.5,30.3,6.9,165.0,16.7,303.0
Saket,28.5245,77.2066,2026-08-01 15:00:00,31.1,76,0.3,10.2,26.1,28.1,8.2,164.0,17.0,357.0
Saket,28.5245,77.2066,2026-08-01 16:00:00,29.9,82,0.2,8.9,26.5,27.6,10.2,159.0,17.4,440.0
Saket,28.5245,77.2066,2026-08-01 17:00:00,30.3,77,1.6,11.0,39.2,84.8,15.9,143.0,15.2,539.0
Saket,28.5245,77.2066,2026-08-01 18:00:00,29.8,80,0.1,7.3,41.2,64.0,21.8,125.0,16.1,684.0
Saket,28.5245,77.2066,2026-08-01 19:00:00,29.2,85,0.0,8.5,39.8,48.5,29.7,101.0,17.4,845.0
Saket,28.5245,77.2066,2026-08-01 20:00:00,29.0,87,0.0,8.2,40.6,44.4,34.9,82.0,18.1,924.0
Saket,28.5245,77.2066,2026-08-01 21:00:00,29.0,88,0.0,9.0,41.9,43.2,34.9,74.0,17.9,856.0
Saket,28.5245,77.2066,2026-08-01 22:00:00,28.7,88,0.1,10.8,39.7,40.2,32.1,72.0,17.2,705.0
Saket,28.5245,77.2066,2026-08-01 23:00:00,27.2,90,0.0,13.9,36.7,36.8,28.9,71.0,16.6,570.0
Saket,28.5245,77.2066,2026-08-02 00:00:00,26.4,93,0.3,11.8,35.6,36.0,25.4,72.0,16.2,480.0
Saket,28.5245,77.2066,2026-08-02 01:00:00,26.3,95,0.4,9.7,36.0,36.4,21.5,74.0,15.9,406.0
Saket,28.5245,77.2066,2026-08-02 02:00:00,26.5,95,0.3,9.7,36.9,37.8,18.7,75.0,16.1,353.0
Saket,28.5245,77.2066,2026-08-02 03:00:00,26.4,96,0.1,7.6,38.1,39.6,18.1,71.0,17.2,325.0
Saket,28.5245,77.2066,2026-08-02 04:00:00,26.4,96,0.0,7.3,39.1,40.9,18.7,66.0,18.8,318.0
Saket,28.5245,77.2066,2026-08-02 05:00:00,26.8,97,0.0,10.8,43.3,44.8,22.0,58.0,20.2,333.0
Saket,28.5245,77.2066,2026-08-02 06:00:00,26.2,98,0.4,11.8,44.2,46.0,20.8,67.0,21.9,391.0
Saket,28.5245,77.2066,2026-08-02 07:00:00,26.6,97,0.3,7.6,43.0,45.4,19.0,81.0,24.2,471.0
Saket,28.5245,77.2066,2026-08-02 08:00:00,28.2,90,0.0,9.2,38.3,58.6,16.6,100.0,25.3,508.0
Saket,28.5245,77.2066,2026-08-02 09:00:00,30.0,79,0.0,10.1,38.2,62.9,12.9,128.0,24.2,458.0
Saket,28.5245,77.2066,2026-08-02 10:00:00,31.3,72,0.1,9.2,36.2,50.3,8.5,162.0,21.8,363.0
Saket,28.5245,77.2066,2026-08-02 11:00:00,32.5,65,0.1,7.6,35.5,44.8,5.3,185.0,19.5,291.0
Saket,28.5245,77.2066,2026-08-02 12:00:00,33.5,58,0.1,8.2,33.3,39.8,3.9,192.0,17.5,265.0
Saket,28.5245,77.2066,2026-08-02 13:00:00,32.6,61,0.5,12.4,32.5,37.4,3.6,190.0,15.6,261.0
Saket,28.5245,77.2066,2026-08-02 14:00:00,31.7,69,0.6,10.1,32.5,36.0,4.5,183.0,14.2,268.0
Saket,28.5245,77.2066,2026-08-02 15:00:00,32.1,69,0.0,8.8,32.0,34.3,6.4,171.0,13.6,272.0
Saket,28.5245,77.2066,2026-08-02 16:00:00,31.8,71,0.0,9.6,29.6,31.3,9.4,154.0,13.6,286.0
Saket,28.5245,77.2066,2026-08-02 17:00:00,27.4,96,0.0,3.6,23.5,24.5,13.0,121.0,12.3,341.0
Saket,28.5245,77.2066,2026-08-02 18:00:00,28.0,95,0.8,8.1,28.8,29.7,18.2,106.0,13.6,476.0
Saket,28.5245,77.2066,2026-08-02 19:00:00,27.4,95,0.3,7.1,32.4,33.2,25.4,85.0,15.4,652.0
Saket,28.5245,77.2066,2026-08-02 20:00:00,27.4,95,0.1,6.9,32.7,33.5,30.1,69.0,16.7,778.0
Saket,28.5245,77.2066,2026-08-02 21:00:00,27.5,95,0.0,7.2,32.7,33.9,30.5,63.0,17.4,821.0
Saket,28.5245,77.2066,2026-08-02 22:00:00,27.5,96,0.0,8.2,34.0,35.6,28.4,62.0,17.7,814.0
Saket,28.5245,77.2066,2026-08-02 23:00:00,28.2,96,0.0,7.0,32.5,34.7,25.5,63.0,17.3,767.0
Saket,28.5245,77.2066,2026-08-03 00:00:00,28.1,95,0.0,6.6,27.9,30.5,21.4,67.0,15.5,659.0
Saket,28.5245,77.2066,2026-08-03 01:00:00,28.0,94,0.0,7.6,24.3,28.2,16.4,74.0,12.9,510.0
Saket,28.5245,77.2066,2026-08-03 02:00:00,27.5,94,0.0,9.7,21.0,24.3,13.0,77.0,11.1,396.0
Saket,28.5245,77.2066,2026-08-03 03:00:00,27.1,96,0.0,8.5,18.7,21.9,12.5,73.0,10.6,344.0
Saket,28.5245,77.2066,2026-08-03 04:00:00,27.0,97,0.0,8.2,17.8,20.6,13.6,66.0,10.9,326.0
Saket,28.5245,77.2066,2026-08-03 05:00:00,27.1,97,0.4,8.1,31.4,32.8,22.4,39.0,13.2,330.0
Saket,28.5245,77.2066,2026-08-03 06:00:00,27.4,97,0.1,7.3,34.5,36.0,21.8,47.0,14.6,370.0
Saket,28.5245,77.2066,2026-08-03 07:00:00,27.9,94,0.0,7.6,35.0,36.6,20.8,58.0,16.4,434.0
Saket,28.5245,77.2066,2026-08-03 08:00:00,28.3,88,0.2,4.2,31.0,32.1,18.9,74.0,17.5,468.0
Saket,28.5245,77.2066,2026-08-03 09:00:00,29.3,85,0.1,4.2,28.3,29.0,15.3,98.0,17.3,443.0
Saket,28.5245,77.2066,2026-08-03 10:00:00,30.2,82,0.1,5.6,26.0,26.4,10.8,126.0,16.4,389.0
Saket,28.5245,77.2066,2026-08-03 11:00:00,31.3,75,0.2,8.0,25.5,25.7,7.7,146.0,15.4,347.0
Saket,28.5245,77.2066,2026-08-03 12:00:00,31.9,74,0.3,8.7,25.3,25.5,6.6,153.0,14.3,322.0
Saket,28.5245,77.2066,2026-08-03 13:00:00,31.9,72,0.0,8.0,24.2,24.3,6.8,153.0,13.0,310.0
Saket,28.5245,77.2066,2026-08-03 14:00:00,30.4,80,1.1,9.3,24.4,24.4,8.4,147.0,12.0,334.0
Saket,28.5245,77.2066,2026-08-03 15:00:00,29.7,84,0.7,6.8,24.4,24.5,11.0,136.0,11.0,416.0
Saket,28.5245,77.2066,2026-08-03 16:00:00,29.3,86,0.3,7.2,22.8,22.9,15.0,120.0,10.3,535.0
Saket,28.5245,77.2066,2026-08-03 17:00:00,31.7,77,0.0,8.3,37.1,37.6,18.3,113.0,10.6,651.0
Saket,28.5245,77.2066,2026-08-03 18:00:00,28.9,88,0.0,8.8,38.5,38.9,28.8,94.0,13.0,766.0
Saket,28.5245,77.2066,2026-08-03 19:00:00,27.4,96,4.0,6.2,46.7,47.0,43.2,68.0,16.4,877.0
Saket,28.5245,77.2066,2026-08-03 20:00:00,26.9,97,2.9,8.1,50.4,50.6,53.0,48.0,18.9,939.0
Saket,28.5245,77.2066,2026-08-03 21:00:00,27.2,96,1.5,1.4,53.4,53.7,54.4,41.0,19.8,927.0
Saket,28.5245,77.2066,2026-08-03 22:00:00,27.0,96,1.5,4.8,54.1,54.2,51.3,41.0,19.8,866.0
Saket,28.5245,77.2066,2026-08-03 23:00:00,26.9,98,0.4,6.4,48.0,48.3,46.5,43.0,19.3,784.0
Saket,28.5245,77.2066,2026-08-04 00:00:00,26.5,98,1.8,8.5,42.1,42.4,39.9,47.0,18.1,676.0
Saket,28.5245,77.2066,2026-08-04 01:00:00,26.3,99,0.8,7.3,35.7,36.0,31.6,54.0,16.4,548.0
Saket,28.5245,77.2066,2026-08-04 02:00:00,26.4,98,0.3,8.2,26.5,26.7,25.3,58.0,15.0,442.0
Saket,28.5245,77.2066,2026-08-04 03:00:00,26.4,99,0.1,8.2,20.6,20.7,22.4,58.0,14.4,365.0
Saket,28.5245,77.2066,2026-08-04 04:00:00,26.4,98,0.1,5.4,21.8,22.1,21.3,55.0,14.1,311.0
Saket,28.5245,77.2066,2026-08-04 05:00:00,26.3,98,0.0,11.0,19.3,19.6,16.4,67.0,10.9,302.0
Saket,28.5245,77.2066,2026-08-04 06:00:00,26.1,99,2.0,7.4,14.5,15.0,17.6,68.0,11.9,378.0
Saket,28.5245,77.2066,2026-08-04 07:00:00,26.5,97,1.4,3.9,13.9,14.3,19.1,71.0,13.3,499.0
Saket,28.5245,77.2066,2026-08-04 08:00:00,26.9,95,1.0,5.7,13.4,13.7,19.5,77.0,14.6,574.0
Saket,28.5245,77.2066,2026-08-04 09:00:00,28.0,90,0.4,3.7,14.4,14.8,17.9,90.0,15.9,531.0
Saket,28.5245,77.2066,2026-08-04 10:00:00,29.0,86,0.3,2.1,15.1,15.7,15.2,106.0,17.1,443.0
Saket,28.5245,77.2066,2026-08-04 11:00:00,27.8,92,0.7,6.0,15.6,16.3,13.0,120.0,17.9,428.0
Saket,28.5245,77.2066,2026-08-04 12:00:00,27.4,96,0.9,4.9,16.1,16.9,11.4,129.0,17.6,570.0
Saket,28.5245,77.2066,2026-08-04 13:00:00,28.2,92,0.5,5.8,17.2,18.1,10.3,135.0,16.9,787.0
Saket,28.5245,77.2066,2026-08-04 14:00:00,28.8,89,0.5,5.5,18.0,18.9,11.3,137.0,17.0,952.0
Saket,28.5245,77.2066,2026-08-04 15:00:00,29.2,84,0.3,5.9,19.7,20.5,14.4,134.0,18.7,976.0
Saket,28.5245,77.2066,2026-08-04 16:00:00,29.4,83,0.0,5.7,24.2,25.1,19.5,126.0,21.2,948.0
Saket,28.5245,77.2066,2026-08-04 17:00:00,27.3,97,0.0,3.2,24.7,25.0,37.2,105.0,33.3,1005.0
Saket,28.5245,77.2066,2026-08-04 18:00:00,27.2,97,1.4,3.7,30.4,30.7,48.7,86.0,35.9,1288.0
Saket,28.5245,77.2066,2026-08-04 19:00:00,27.1,97,0.9,1.8,39.8,40.0,64.6,59.0,39.6,1655.0
Saket,28.5245,77.2066,2026-08-04 20:00:00,26.9,98,0.5,3.6,49.7,49.9,76.4,38.0,42.2,1820.0
Saket,28.5245,77.2066,2026-08-04 21:00:00,26.9,98,0.5,1.8,57.3,57.4,80.9,27.0,43.0,1584.0
Saket,28.5245,77.2066,2026-08-04 22:00:00,26.7,98,0.4,2.7,63.1,63.3,81.3,22.0,42.8,1146.0
Saket,28.5245,77.2066,2026-08-04 23:00:00,27.2,99,0.2,1.5,62.9,63.3,79.1,19.0,41.9,815.0
Saket,28.5245,77.2066,2026-08-05 00:00:00,27.1,99,0.0,0.7,59.0,59.3,72.9,20.0,39.6,727.0
Saket,28.5245,77.2066,2026-08-05 01:00:00,27.1,99,0.0,1.5,54.5,54.7,64.1,24.0,36.6,746.0
Saket,28.5245,77.2066,2026-08-05 02:00:00,26.8,96,0.2,3.4,52.4,52.5,58.3,26.0,35.3,773.0
Saket,28.5245,77.2066,2026-08-05 03:00:00,26.6,98,0.1,3.6,51.3,51.5,58.9,23.0,37.2,769.0
Saket,28.5245,77.2066,2026-08-05 04:00:00,26.6,94,0.0,3.1,53.0,53.2,62.4,18.0,40.8,772.0
Saket,28.5245,77.2066,2026-08-05 05:00:00,26.7,96,0.1,3.8,78.0,78.2,78.4,10.0,62.6,800.0
Saket,28.5245,77.2066,2026-08-05 06:00:00,26.3,96,0.7,5.4,80.3,80.6,71.4,20.0,60.5,893.0
Saket,28.5245,77.2066,2026-08-05 07:00:00,26.9,95,0.0,3.8,64.7,65.2,61.3,37.0,57.3,1012.0
Saket,28.5245,77.2066,2026-08-05 08:00:00,27.8,89,0.0,2.9,58.2,59.1,50.6,65.0,53.8,1052.0
Saket,28.5245,77.2066,2026-08-05 09:00:00,29.6,79,0.0,4.5,48.3,49.7,38.8,116.0,50.0,943.0
Saket,28.5245,77.2066,2026-08-05 10:00:00,31.0,71,0.0,5.5,41.3,43.3,26.3,178.0,45.8,756.0
Saket,28.5245,77.2066,2026-08-05 11:00:00,30.6,74,0.0,5.3,43.7,45.9,16.7,224.0,41.1,604.0
Saket,28.5245,77.2066,2026-08-05 12:00:00,30.1,76,0.0,6.1,46.0,48.2,11.6,240.0,35.3,522.0
Saket,28.5245,77.2066,2026-08-05 13:00:00,31.0,69,0.0,6.7,47.3,49.2,9.3,239.0,29.0,474.0
Saket,28.5245,77.2066,2026-08-05 14:00:00,31.4,67,0.0,7.9,50.8,71.0,8.9,230.0,24.2,471.0
Saket,28.5245,77.2066,2026-08-05 15:00:00,32.0,64,0.0,7.2,43.5,50.9,10.0,215.0,21.9,527.0
Saket,28.5245,77.2066,2026-08-05 16:00:00,31.9,66,0.0,5.0,40.0,45.5,12.9,193.0,21.0,628.0
Saket,28.5245,77.2066,2026-08-05 17:00:00,29.6,84,0.0,7.8,47.7,97.1,23.0,138.0,18.5,736.0
Saket,28.5245,77.2066,2026-08-05 18:00:00,28.6,88,0.3,5.4,54.1,85.0,32.6,112.0,18.6,837.0
Saket,28.5245,77.2066,2026-08-05 19:00:00,28.2,90,0.3,5.6,56.7,75.9,45.8,77.0,18.8,945.0
Saket,28.5245,77.2066,2026-08-05 20:00:00,27.6,94,0.3,8.5,53.0,67.3,55.9,48.0,19.2,1065.0
Saket,28.5245,77.2066,2026-08-05 21:00:00,27.3,95,0.0,3.6,51.3,64.7,60.7,32.0,20.3,1232.0
Saket,28.5245,77.2066,2026-08-05 22:00:00,27.2,98,0.0,4.8,53.1,67.1,62.4,22.0,21.6,1411.0
Saket,28.5245,77.2066,2026-08-05 23:00:00,27.3,99,0.1,3.2,59.4,75.0,60.7,19.0,21.9,1506.0
Saket,28.5245,77.2066,2026-08-06 00:00:00,27.5,97,3.1,3.5,61.7,76.4,53.7,24.0,20.2,1464.0
Saket,28.5245,77.2066,2026-08-06 01:00:00,27.0,99,1.0,1.4,50.5,64.5,43.4,36.0,17.4,1337.0
Saket,28.5245,77.2066,2026-08-06 02:00:00,26.9,99,0.3,2.5,44.7,56.2,35.1,44.0,15.4,1189.0
Saket,28.5245,77.2066,2026-08-06 03:00:00,26.9,99,0.0,4.6,42.5,55.3,30.8,45.0,14.5,1007.0
Saket,28.5245,77.2066,2026-08-06 04:00:00,26.7,98,0.0,8.8,42.4,55.3,28.5,43.0,14.3,804.0
Saket,28.5245,77.2066,2026-08-06 05:00:00,27.0,95,0.0,6.0,47.5,60.5,35.6,35.0,23.3,678.0
Saket,28.5245,77.2066,2026-08-06 06:00:00,27.3,94,0.5,2.7,50.1,62.2,39.8,36.0,29.1,697.0
Saket,28.5245,77.2066,2026-08-06 07:00:00,27.3,92,0.3,7.3,56.8,67.8,45.4,38.0,37.1,794.0
Saket,28.5245,77.2066,2026-08-06 08:00:00,27.0,93,1.3,6.9,58.2,65.0,47.9,48.0,42.8,865.0
Saket,28.5245,77.2066,2026-08-06 09:00:00,26.8,90,1.0,4.2,56.2,59.8,44.1,72.0,44.0,872.0
Saket,28.5245,77.2066,2026-08-06 10:00:00,26.9,88,1.4,1.0,56.1,59.8,37.2,102.0,42.9,852.0
Saket,28.5245,77.2066,2026-08-06 11:00:00,26.8,87,0.4,4.1,48.4,52.3,32.1,126.0,42.4,816.0
Saket,28.5245,77.2066,2026-08-06 12:00:00,27.6,82,0.4,3.7,42.7,46.8,29.9,138.0,43.5,750.0
Saket,28.5245,77.2066,2026-08-06 13:00:00,27.5,82,0.3,6.6,46.0,51.7,29.5,143.0,45.1,667.0
Saket,28.5245,77.2066,2026-08-06 14:00:00,27.4,82,0.2,7.4,50.6,65.9,33.1,139.0,46.7,618.0
Saket,28.5245,77.2066,2026-08-06 15:00:00,27.2,82,0.2,6.0,51.3,66.6,43.1,124.0,48.3,614.0
Saket,28.5245,77.2066,2026-08-06 16:00:00,27.5,81,0.0,6.4,57.4,73.1,57.1,100.0,49.8,645.0
Saket,28.5245,77.2066,2026-08-06 17:00:00,27.4,88,0.0,8.0,43.8,47.0,66.8,67.0,36.8,726.0
Saket,28.5245,77.2066,2026-08-06 18:00:00,27.2,91,0.4,7.6,43.4,45.1,73.6,53.0,38.9,918.0
Saket,28.5245,77.2066,2026-08-06 19:00:00,26.9,93,0.1,6.2,43.9,44.8,82.8,35.0,41.7,1160.0
Saket,28.5245,77.2066,2026-08-06 20:00:00,26.8,93,0.0,5.8,46.3,47.1,88.6,20.0,43.5,1291.0
Saket,28.5245,77.2066,2026-08-06 21:00:00,26.7,94,0.0,6.3,47.3,48.0,88.9,12.0,43.8,1214.0
Saket,28.5245,77.2066,2026-08-06 22:00:00,26.6,94,0.0,5.1,46.9,48.0,85.8,8.0,43.1,1027.0
Saket,28.5245,77.2066,2026-08-06 23:00:00,26.5,95,0.0,9.5,45.5,47.0,79.6,9.0,40.8,856.0
Saket,28.5245,77.2066,2026-08-07 00:00:00,25.8,98,0.8,8.3,41.4,43.1,69.1,16.0,36.0,748.0
Saket,28.5245,77.2066,2026-08-07 01:00:00,25.5,98,1.7,3.8,36.2,37.6,55.5,28.0,29.6,657.0
Saket,28.5245,77.2066,2026-08-07 02:00:00,25.5,99,0.7,4.9,32.0,32.4,43.4,39.0,24.0,574.0
Saket,28.5245,77.2066,2026-08-07 03:00:00,25.7,98,0.0,5.2,28.4,28.6,33.1,49.0,19.5,480.0
Saket,28.5245,77.2066,2026-08-07 04:00:00,25.7,95,0.0,6.1,24.9,24.9,24.2,59.0,15.8,395.0
Saket,28.5245,77.2066,2026-08-07 05:00:00,25.6,96,1.7,9.3,24.7,24.7,21.5,60.0,18.5,369.0
Saket,28.5245,77.2066,2026-08-07 06:00:00,25.3,96,1.4,5.0,26.0,26.1,25.3,60.0,20.8,457.0
Saket,28.5245,77.2066,2026-08-07 07:00:00,25.6,95,3.9,7.0,30.2,30.3,30.2,62.0,23.8,604.0
Saket,28.5245,77.2066,2026-08-07 08:00:00,26.2,96,1.8,8.5,36.3,36.4,32.0,69.0,25.6,699.0
Saket,28.5245,77.2066,2026-08-07 09:00:00,26.3,97,2.2,10.0,48.7,48.8,27.4,88.0,24.9,685.0
Saket,28.5245,77.2066,2026-08-07 10:00:00,26.6,95,4.3,12.1,30.7,31.0,19.8,112.0,23.0,620.0
Saket,28.5245,77.2066,2026-08-07 11:00:00,27.4,92,0.8,10.1,23.6,23.9,14.5,129.0,21.2,563.0
Saket,28.5245,77.2066,2026-08-07 12:00:00,26.0,96,14.3,14.8,21.9,22.2,13.4,133.0,19.8,520.0
Saket,28.5245,77.2066,2026-08-07 13:00:00,26.9,95,2.9,15.4,20.8,21.2,14.7,130.0,18.5,486.0
Saket,28.5245,77.2066,2026-08-07 14:00:00,27.7,93,1.2,12.8,23.9,24.2,18.7,123.0,18.1,508.0
Saket,28.5245,77.2066,2026-08-07 15:00:00,29.1,85,0.2,12.3,26.3,26.6,26.3,112.0,19.0,645.0
Saket,28.5245,77.2066,2026-08-07 16:00:00,27.9,89,1.3,12.1,28.8,29.1,36.6,97.0,20.8,838.0
Saket,28.5245,77.2066,2026-08-07 17:00:00,27.0,93,7.3,10.8,41.9,42.7,40.0,81.0,19.0,953.0
Saket,28.5245,77.2066,2026-08-07 18:00:00,26.4,94,1.7,10.2,43.8,44.5,43.0,75.0,19.4,916.0
Saket,28.5245,77.2066,2026-08-07 19:00:00,26.0,96,0.6,11.4,42.3,43.1,46.9,66.0,20.1,801.0
Saket,28.5245,77.2066,2026-08-07 20:00:00,26.2,95,0.2,11.1,42.5,43.3,48.8,59.0,20.8,701.0
Saket,28.5245,77.2066,2026-08-07 21:00:00,25.6,97,0.7,14.0,43.4,44.1,47.1,56.0,21.8,650.0
Saket,28.5245,77.2066,2026-08-07 22:00:00,25.2,97,2.0,11.1,44.2,44.8,43.4,54.0,22.9,613.0
Saket,28.5245,77.2066,2026-08-07 23:00:00,25.2,97,9.9,12.2,44.6,45.2,39.3,53.0,23.2,578.0
Saket,28.5245,77.2066,2026-08-08 00:00:00,25.5,96,1.3,9.3,43.2,43.9,34.9,53.0,22.1,542.0
Saket,28.5245,77.2066,2026-08-08 01:00:00,25.7,96,0.2,11.9,42.5,43.2,30.1,55.0,20.2,508.0
Saket,28.5245,77.2066,2026-08-08 02:00:00,25.1,97,0.9,9.7,42.6,43.4,26.5,55.0,19.0,475.0
Saket,28.5245,77.2066,2026-08-08 03:00:00,24.6,99,2.1,8.5,43.2,44.0,25.3,51.0,19.1,428.0
Saket,28.5245,77.2066,2026-08-08 04:00:00,24.6,99,4.3,8.3,44.2,44.9,25.4,46.0,19.9,383.0
Saket,28.5245,77.2066,2026-08-08 05:00:00,25.5,97,0.3,9.7,36.4,38.0,20.6,54.0,17.4,386.0
Saket,28.5245,77.2066,2026-08-08 06:00:00,25.2,97,2.4,12.1,37.0,38.5,20.7,60.0,18.3,494.0
Saket,28.5245,77.2066,2026-08-08 07:00:00,25.5,96,0.9,11.0,38.1,40.2,20.7,69.0,19.5,650.0
Saket,28.5245,77.2066,2026-08-08 08:00:00,27.0,93,0.3,7.2,35.7,38.0,19.4,82.0,19.5,729.0
Saket,28.5245,77.2066,2026-08-08 09:00:00,29.1,86,0.2,9.0,27.4,30.9,15.4,102.0,17.3,651.0
Saket,28.5245,77.2066,2026-08-08 10:00:00,30.5,79,0.1,13.4,23.9,27.4,10.1,125.0,14.0,496.0
Saket,28.5245,77.2066,2026-08-08 11:00:00,28.9,82,0.7,15.7,25.8,29.6,6.4,142.0,11.6,379.0
Saket,28.5245,77.2066,2026-08-08 12:00:00,31.3,75,0.2,12.6,24.9,27.9,5.5,149.0,11.1,341.0
Saket,28.5245,77.2066,2026-08-08 13:00:00,29.3,80,1.2,16.2,27.6,30.2,6.3,150.0,11.6,340.0
Saket,28.5245,77.2066,2026-08-08 14:00:00,30.9,74,0.2,8.6,29.3,31.8,7.9,149.0,12.3,368.0
Saket,28.5245,77.2066,2026-08-08 15:00:00,32.0,68,0.1,9.1,26.9,28.5,9.0,150.0,12.7,422.0
Saket,28.5245,77.2066,2026-08-08 16:00:00,30.1,78,0.6,11.5,27.9,29.3,11.0,150.0,13.3,505.0
Saket,28.5245,77.2066,2026-08-08 17:00:00,30.3,79,1.0,8.7,35.0,44.0,17.9,135.0,13.1,615.0
Saket,28.5245,77.2066,2026-08-08 18:00:00,29.4,84,0.2,6.0,41.6,52.4,29.1,112.0,15.5,782.0
Saket,28.5245,77.2066,2026-08-08 19:00:00,28.7,87,0.1,6.9,46.7,61.7,44.2,81.0,18.7,978.0
Saket,28.5245,77.2066,2026-08-08 20:00:00,28.5,89,0.0,5.5,52.5,70.3,53.3,60.0,20.8,1111.0
Saket,28.5245,77.2066,2026-08-08 21:00:00,28.3,91,0.0,7.7,53.2,71.7,50.7,58.0,20.8,1151.0
Saket,28.5245,77.2066,2026-08-08 22:00:00,28.1,91,0.0,6.3,49.2,66.1,42.1,65.0,19.8,1130.0
Saket,28.5245,77.2066,2026-08-08 23:00:00,28.7,90,0.0,2.3,46.9,58.4,34.7,70.0,18.7,1051.0
Saket,28.5245,77.2066,2026-08-09 00:00:00,28.4,89,0.3,3.6,46.8,53.9,31.3,68.0,17.8,881.0
Saket,28.5245,77.2066,2026-08-09 01:00:00,27.9,91,0.3,4.1,47.0,51.1,29.1,63.0,16.9,654.0
Saket,28.5245,77.2066,2026-08-09 02:00:00,27.7,89,0.2,3.1,45.5,47.5,27.3,59.0,16.4,478.0
Saket,28.5245,77.2066,2026-08-09 03:00:00,25.9,96,1.4,8.2,43.4,44.2,25.8,55.0,16.4,394.0
Saket,28.5245,77.2066,2026-08-09 04:00:00,25.5,96,0.6,9.2,42.8,43.3,24.7,51.0,16.9,362.0
Saket,28.5245,77.2066,2026-08-09 05:00:00,25.5,98,0.1,2.1,52.6,54.0,31.8,45.0,17.3,367.0
Saket,28.5245,77.2066,2026-08-09 06:00:00,25.9,98,0.3,3.0,50.8,51.6,27.8,60.0,18.7,434.0
Saket,28.5245,77.2066,2026-08-09 07:00:00,27.2,94,0.0,2.8,49.5,49.7,22.1,83.0,20.6,540.0
Saket,28.5245,77.2066,2026-08-09 08:00:00,28.9,87,0.0,5.2,37.5,37.6,16.8,107.0,21.5,595.0
Saket,28.5245,77.2066,2026-08-09 09:00:00,30.4,79,0.1,7.9,33.8,34.0,12.2,134.0,20.4,548.0
Saket,28.5245,77.2066,2026-08-09 10:00:00,31.3,76,0.1,8.6,32.0,32.1,8.1,163.0,18.4,451.0
Saket,28.5245,77.2066,2026-08-09 11:00:00,31.5,72,0.0,9.4,31.3,31.5,5.1,185.0,16.7,375.0
Saket,28.5245,77.2066,2026-08-09 12:00:00,32.5,66,0.3,8.0,31.1,31.3,3.8,195.0,15.8,342.0
Saket,28.5245,77.2066,2026-08-09 13:00:00,33.1,63,0.0,6.8,36.1,57.4,3.8,197.0,15.3,329.0
Saket,28.5245,77.2066,2026-08-09 14:00:00,33.7,60,0.0,6.3,35.5,51.9,4.4,198.0,15.4,342.0
Saket,28.5245,77.2066,2026-08-09 15:00:00,33.8,60,0.0,2.7,33.3,43.5,3.2,203.0,15.9,355.0
Saket,28.5245,77.2066,2026-08-09 16:00:00,33.6,60,0.0,3.6,31.5,39.1,2.7,206.0,16.9,393.0
Saket,28.5245,77.2066,2026-08-09 17:00:00,32.3,68,0.3,4.2,40.4,40.6,10.7,170.0,16.2,533.0
Saket,28.5245,77.2066,2026-08-09 18:00:00,31.3,78,0.0,2.4,49.9,50.2,34.4,134.0,22.8,884.0
Saket,28.5245,77.2066,2026-08-09 19:00:00,30.3,84,0.0,4.5,67.8,68.0,67.1,85.0,31.8,1336.0
Saket,28.5245,77.2066,2026-08-09 20:00:00,29.8,85,0.0,4.7,86.4,86.6,91.9,45.0,38.7,1638.0
Saket,28.5245,77.2066,2026-08-09 21:00:00,29.5,84,0.0,4.9,104.1,104.3,103.7,24.0,42.0,1656.0
Saket,28.5245,77.2066,2026-08-09 22:00:00,29.3,82,0.0,5.6,115.5,115.7,107.6,12.0,43.0,1525.0
Saket,28.5245,77.2066,2026-08-09 23:00:00,28.7,82,0.0,6.7,114.6,114.6,102.1,11.0,41.3,1393.0
Saket,28.5245,77.2066,2026-08-10 00:00:00,28.8,85,0.1,3.4,95.2,95.2,81.1,25.0,34.9,1312.0
Saket,28.5245,77.2066,2026-08-10 01:00:00,28.6,84,0.4,3.0,67.5,67.8,50.9,49.0,25.7,1231.0
Saket,28.5245,77.2066,2026-08-10 02:00:00,26.7,93,0.5,8.7,54.7,54.8,28.3,65.0,18.7,1145.0
Saket,28.5245,77.2066,2026-08-10 03:00:00,26.9,94,0.0,3.8,49.6,49.7,21.8,64.0,15.9,1041.0
Saket,28.5245,77.2066,2026-08-10 04:00:00,27.0,95,0.0,6.5,47.3,47.4,22.9,56.0,15.4,930.0
Saket,28.5245,77.2066,2026-08-10 05:00:00,26.9,93,0.0,10.7,32.8,33.1,16.8,75.0,14.5,847.0
Saket,28.5245,77.2066,2026-08-10 06:00:00,26.3,94,0.1,10.5,28.9,29.0,18.8,74.0,15.1,818.0
Saket,28.5245,77.2066,2026-08-10 07:00:00,26.7,94,0.4,6.3,26.1,26.3,21.4,74.0,15.9,816.0
Saket,28.5245,77.2066,2026-08-10 08:00:00,28.0,88,0.0,7.6,25.5,25.7,22.3,83.0,17.2,788.0
Saket,28.5245,77.2066,2026-08-10 09:00:00,29.6,82,0.0,7.7,24.1,24.3,19.8,109.0,19.1,700.0
Saket,28.5245,77.2066,2026-08-10 10:00:00,31.0,76,0.0,5.7,26.4,26.5,15.5,144.0,21.4,588.0
Saket,28.5245,77.2066,2026-08-10 11:00:00,32.8,65,0.0,6.8,28.2,29.8,12.6,171.0,23.9,503.0
Saket,28.5245,77.2066,2026-08-10 12:00:00,33.0,64,0.1,6.1,29.3,32.6,11.8,184.0,26.6,459.0
Saket,28.5245,77.2066,2026-08-10 13:00:00,32.2,69,0.0,7.8,33.1,49.5,12.3,190.0,29.4,442.0
Saket,28.5245,77.2066,2026-08-10 14:00:00,27.5,96,5.5,6.6,36.1,43.0,14.6,187.0,31.7,470.0
Saket,28.5245,77.2066,2026-08-10 15:00:00,28.9,87,0.6,1.0,37.6,43.1,18.9,175.0,33.3,557.0
Saket,28.5245,77.2066,2026-08-10 16:00:00,29.1,84,0.2,2.1,41.1,45.1,25.0,156.0,34.4,687.0
Saket,28.5245,77.2066,2026-08-10 17:00:00,29.1,91,0.1,6.2,54.9,58.3,31.7,140.0,25.6,834.0
Saket,28.5245,77.2066,2026-08-10 18:00:00,28.9,93,0.9,6.9,63.6,64.0,39.1,119.0,28.3,1029.0
Saket,28.5245,77.2066,2026-08-10 19:00:00,28.5,94,0.1,7.2,66.6,66.8,49.2,91.0,31.9,1241.0
Saket,28.5245,77.2066,2026-08-10 20:00:00,28.2,94,0.0,5.4,72.2,72.2,55.7,68.0,34.0,1341.0
Saket,28.5245,77.2066,2026-08-10 21:00:00,27.9,96,0.2,6.3,76.4,76.4,55.9,56.0,33.3,1245.0
Saket,28.5245,77.2066,2026-08-10 22:00:00,27.8,96,0.1,5.8,80.1,80.3,52.5,49.0,31.0,1039.0
Saket,28.5245,77.2066,2026-08-10 23:00:00,27.8,96,0.0,7.0,76.4,76.6,47.7,46.0,28.4,848.0
Saket,28.5245,77.2066,2026-08-11 00:00:00,27.5,96,0.2,10.2,69.4,69.6,41.1,48.0,25.4,711.0
Saket,28.5245,77.2066,2026-08-11 01:00:00,27.2,97,0.0,9.2,63.1,63.3,33.0,54.0,22.1,591.0
Saket,28.5245,77.2066,2026-08-11 02:00:00,27.0,97,0.1,9.7,58.9,59.4,26.6,59.0,19.7,501.0
Saket,28.5245,77.2066,2026-08-11 03:00:00,26.9,97,0.2,9.5,54.6,54.9,23.3,59.0,18.8,450.0
Saket,28.5245,77.2066,2026-08-11 04:00:00,26.6,95,0.2,9.7,50.2,50.5,21.7,57.0,18.9,430.0
Saket,28.5245,77.2066,2026-08-11 05:00:00,26.4,97,0.4,9.3,47.1,47.3,19.2,61.0,21.0,427.0
Saket,28.5245,77.2066,2026-08-11 06:00:00,26.5,97,0.0,7.9,46.1,46.2,22.7,58.0,20.6,449.0
Saket,28.5245,77.2066,2026-08-11 07:00:00,27.3,91,0.0,9.2,42.1,42.4,27.4,55.0,20.0,489.0
Saket,28.5245,77.2066,2026-08-11 08:00:00,28.4,86,0.0,7.7,44.4,44.6,29.1,61.0,19.5,514.0
Saket,28.5245,77.2066,2026-08-11 09:00:00,29.3,83,0.0,7.1,42.6,42.8,25.2,85.0,19.4,502.0
Saket,28.5245,77.2066,2026-08-11 10:00:00,30.1,81,0.1,5.4,39.1,39.3,18.4,118.0,19.4,475.0
Saket,28.5245,77.2066,2026-08-11 11:00:00,30.5,77,0.3,2.9,35.6,36.0,13.1,145.0,19.2,461.0
Saket,28.5245,77.2066,2026-08-11 12:00:00,28.2,85,0.9,6.7,35.0,35.4,10.3,161.0,18.5,467.0
Saket,28.5245,77.2066,2026-08-11 13:00:00,27.9,91,2.2,6.4,32.9,33.3,8.9,171.0,17.7,486.0
Saket,28.5245,77.2066,2026-08-11 14:00:00,28.4,91,1.2,5.2,33.3,33.6,10.1,172.0,17.3,529.0
Saket,28.5245,77.2066,2026-08-11 15:00:00,29.9,83,0.4,5.6,32.1,32.4,13.9,163.0,16.9,580.0
Saket,28.5245,77.2066,2026-08-11 16:00:00,30.4,78,0.1,5.1,32.8,33.2,20.3,146.0,16.9,655.0
Saket,28.5245,77.2066,2026-08-11 17:00:00,30.1,78,0.1,4.3,41.2,41.3,32.0,109.0,16.4,813.0
Saket,28.5245,77.2066,2026-08-11 18:00:00,29.6,83,0.0,3.1,45.9,46.0,47.4,88.0,22.0,1121.0
Saket,28.5245,77.2066,2026-08-11 19:00:00,28.8,89,0.2,1.8,57.4,57.5,68.8,59.0,29.8,1511.0
Saket,28.5245,77.2066,2026-08-11 20:00:00,28.5,92,0.7,3.1,70.5,70.8,86.3,35.0,37.0,1846.0
Saket,28.5245,77.2066,2026-08-11 21:00:00,28.3,94,0.1,2.3,78.7,78.7,96.0,21.0,42.8,2104.0
Saket,28.5245,77.2066,2026-08-11 22:00:00,27.8,97,0.0,3.5,92.0,92.2,101.8,11.0,48.0,2307.0
Saket,28.5245,77.2066,2026-08-11 23:00:00,28.1,93,0.0,4.8,106.6,106.9,105.1,5.0,51.3,2374.0
Saket,28.5245,77.2066,2026-08-12 00:00:00,27.9,94,0.0,3.5,109.2,109.2,105.7,2.0,51.8,2245.0
Saket,28.5245,77.2066,2026-08-12 01:00:00,27.9,94,0.0,0.3,111.3,111.5,103.8,1.0,50.4,1981.0
Saket,28.5245,77.2066,2026-08-12 02:00:00,27.4,96,0.0,2.9,114.6,114.6,101.0,1.0,49.3,1687.0
Saket,28.5245,77.2066,2026-08-12 03:00:00,27.2,96,0.0,4.6,106.6,106.6,98.7,0.0,48.7,1350.0
Saket,28.5245,77.2066,2026-08-12 04:00:00,27.0,96,0.0,3.3,98.0,98.3,95.6,0.0,48.4,982.0
Saket,28.5245,77.2066,2026-08-12 05:00:00,27.2,97,0.0,2.2,83.8,83.8,81.2,2.0,44.3,729.0
Saket,28.5245,77.2066,2026-08-12 06:00:00,27.3,97,0.0,3.6,83.6,83.6,71.7,19.0,49.0,686.0
Saket,28.5245,77.2066,2026-08-12 07:00:00,28.4,92,0.0,2.6,75.0,75.0,58.2,45.0,55.3,757.0
Saket,28.5245,77.2066,2026-08-12 08:00:00,29.9,82,0.0,3.1,51.0,51.1,45.4,77.0,58.2,798.0
Saket,28.5245,77.2066,2026-08-12 09:00:00,31.0,74,0.1,4.0,40.0,40.3,34.2,120.0,55.0,743.0
Saket,28.5245,77.2066,2026-08-12 10:00:00,31.8,70,0.2,3.1,40.5,40.9,23.7,170.0,48.4,657.0
Saket,28.5245,77.2066,2026-08-12 11:00:00,32.9,64,0.4,4.7,43.4,43.9,15.7,212.0,42.4,597.0
Saket,28.5245,77.2066,2026-08-12 12:00:00,33.3,62,0.2,4.4,45.6,46.2,10.9,241.0,37.8,583.0
Saket,28.5245,77.2066,2026-08-12 13:00:00,33.7,61,0.2,2.9,47.0,47.5,8.6,263.0,33.6,593.0
Saket,28.5245,77.2066,2026-08-12 14:00:00,34.0,60,0.1,1.7,47.5,48.0,8.2,276.0,30.9,623.0
Saket,28.5245,77.2066,2026-08-12 15:00:00,34.2,60,0.0,0.3,47.5,48.0,7.7,286.0,30.0,604.0
Saket,28.5245,77.2066,2026-08-12 16:00:00,34.1,61,0.0,0.7,48.3,48.7,9.1,288.0,30.5,603.0
Saket,28.5245,77.2066,2026-08-12 17:00:00,32.8,70,0.1,5.2,38.9,39.8,22.2,210.0,26.9,818.0
Saket,28.5245,77.2066,2026-08-12 18:00:00,28.8,93,0.9,9.9,50.2,50.9,25.5,185.0,25.1,1553.0
Saket,28.5245,77.2066,2026-08-12 19:00:00,27.8,96,0.0,12.5,52.7,53.1,30.1,149.0,22.5,2504.0
Saket,28.5245,77.2066,2026-08-12 20:00:00,27.5,94,0.1,1.1,37.8,38.0,33.2,119.0,20.1,2953.0
Saket,28.5245,77.2066,2026-08-12 21:00:00,27.6,95,0.0,5.2,31.2,31.3,33.6,99.0,18.1,2404.0
Saket,28.5245,77.2066,2026-08-12 22:00:00,27.5,95,0.0,6.1,33.1,33.2,32.5,85.0,16.4,1354.0
Saket,28.5245,77.2066,2026-08-12 23:00:00,29.1,89,0.0,5.4,34.8,34.9,31.1,74.0,14.9,569.0
Saket,28.5245,77.2066,2026-08-13 00:00:00,28.6,90,0.0,3.8,35.4,35.5,29.5,69.0,13.8,392.0
Saket,28.5245,77.2066,2026-08-13 01:00:00,28.4,90,0.0,3.6,33.5,33.5,27.6,67.0,12.9,481.0
Saket,28.5245,77.2066,2026-08-13 02:00:00,28.2,90,0.0,5.9,32.0,32.1,26.0,66.0,12.4,580.0
Saket,28.5245,77.2066,2026-08-13 03:00:00,27.9,92,0.0,6.9,29.3,29.5,24.6,62.0,12.0,603.0
Saket,28.5245,77.2066,2026-08-13 04:00:00,27.5,94,0.0,4.8,29.9,30.0,23.5,58.0,12.0,635.0
Saket,28.5245,77.2066,2026-08-13 05:00:00,26.1,97,0.0,6.7,38.2,38.3,39.0,36.0,18.0,675.0
Saket,28.5245,77.2066,2026-08-13 06:00:00,26.3,95,0.8,9.6,39.5,39.5,37.1,51.0,19.7,745.0
Saket,28.5245,77.2066,2026-08-13 07:00:00,27.6,95,0.0,8.3,35.6,35.6,34.1,72.0,22.0,823.0
Saket,28.5245,77.2066,2026-08-13 08:00:00,29.8,83,0.0,3.8,37.1,37.1,29.8,100.0,24.1,844.0
Saket,28.5245,77.2066,2026-08-13 09:00:00,31.6,76,0.0,2.3,39.3,52.7,23.0,140.0,26.1,759.0
Saket,28.5245,77.2066,2026-08-13 10:00:00,32.8,70,0.0,0.3,38.0,40.7,14.8,186.0,27.9,617.0
Saket,28.5245,77.2066,2026-08-13 11:00:00,33.2,69,0.1,2.4,37.1,38.9,8.7,220.0,28.2,502.0
Saket,28.5245,77.2066,2026-08-13 12:00:00,32.1,73,0.3,0.9,36.4,37.7,5.9,233.0,25.7,436.0
Saket,28.5245,77.2066,2026-08-13 13:00:00,30.8,77,2.2,6.6,35.6,36.7,5.2,233.0,21.8,398.0
Saket,28.5245,77.2066,2026-08-13 14:00:00,32.0,74,0.3,1.5,34.5,35.4,6.0,227.0,18.6,404.0
Saket,28.5245,77.2066,2026-08-13 15:00:00,33.1,68,0.1,5.4,35.0,57.7,5.2,218.0,16.5,450.0
Saket,28.5245,77.2066,2026-08-13 16:00:00,32.8,70,0.1,6.8,36.9,82.0,6.0,202.0,15.3,540.0
Saket,28.5245,77.2066,2026-08-13 17:00:00,30.3,87,0.0,6.3,37.5,44.0,17.5,172.0,18.6,709.0
Saket,28.5245,77.2066,2026-08-13 18:00:00,30.4,86,0.0,2.7,46.6,51.8,37.5,135.0,22.4,1022.0
Saket,28.5245,77.2066,2026-08-13 19:00:00,29.8,90,0.0,1.9,54.5,60.1,64.7,84.0,27.5,1414.0
Saket,28.5245,77.2066,2026-08-13 20:00:00,29.5,92,0.0,3.8,62.6,69.2,82.2,46.0,30.8,1718.0
Saket,28.5245,77.2066,2026-08-13 21:00:00,29.6,90,0.0,4.0,73.3,80.8,81.1,36.0,30.5,1900.0
Saket,28.5245,77.2066,2026-08-13 22:00:00,29.6,88,0.0,5.4,74.5,80.1,70.3,39.0,28.3,1995.0
Saket,28.5245,77.2066,2026-08-13 23:00:00,30.0,88,0.0,3.4,66.8,70.3,59.9,43.0,26.0,1936.0
Saket,28.5245,77.2066,2026-08-14 00:00:00,29.4,89,0.0,4.6,64.3,66.4,52.6,43.0,23.9,1613.0
Saket,28.5245,77.2066,2026-08-14 01:00:00,29.0,89,0.0,4.3,62.6,64.3,45.7,43.0,21.6,1137.0
Saket,28.5245,77.2066,2026-08-14 02:00:00,28.7,89,0.0,5.6,62.4,63.8,40.7,42.0,19.6,775.0
Saket,28.5245,77.2066,2026-08-14 03:00:00,28.4,90,0.0,5.7,62.4,63.8,39.2,35.0,18.0,646.0
Saket,28.5245,77.2066,2026-08-14 04:00:00,28.2,91,0.0,5.6,62.6,63.8,39.8,27.0,16.7,631.0
Saket,28.5245,77.2066,2026-08-14 05:00:00,26.6,97,0.2,2.9,55.1,60.8,43.8,23.0,16.2,638.0
Saket,28.5245,77.2066,2026-08-14 06:00:00,26.8,97,1.3,3.6,47.6,58.6,41.3,30.0,17.0,654.0
Saket,28.5245,77.2066,2026-08-14 07:00:00,27.4,95,1.1,3.9,43.5,61.9,37.6,40.0,18.1,692.0
Saket,28.5245,77.2066,2026-08-14 08:00:00,27.9,88,0.4,6.6,43.7,65.0,33.7,54.0,19.3,704.0
Saket,28.5245,77.2066,2026-08-14 09:00:00,28.3,89,0.4,4.7,39.5,69.2,29.2,75.0,20.5,658.0
Saket,28.5245,77.2066,2026-08-14 10:00:00,29.6,81,0.1,2.7,39.5,67.3,24.4,100.0,21.9,585.0
Saket,28.5245,77.2066,2026-08-14 11:00:00,30.2,81,0.2,4.9,37.3,59.5,20.8,119.0,22.9,531.0
Saket,28.5245,77.2066,2026-08-14 12:00:00,30.6,81,0.6,3.1,35.7,54.1,19.0,129.0,23.4,508.0
Saket,28.5245,77.2066,2026-08-14 13:00:00,30.3,83,0.4,2.9,33.2,48.4,18.5,135.0,23.7,505.0
Saket,28.5245,77.2066,2026-08-14 14:00:00,30.6,81,0.4,3.9,32.0,45.2,19.2,137.0,24.2,531.0
Saket,28.5245,77.2066,2026-08-14 15:00:00,26.9,94,6.0,2.6,32.0,43.5,20.5,138.0,25.0,606.0
Saket,28.5245,77.2066,2026-08-14 16:00:00,27.2,94,1.6,2.6,31.4,40.5,22.9,137.0,26.0,711.0
Saket,28.5245,77.2066,2026-08-14 17:00:00,30.0,80,0.2,5.0,48.0,62.9,35.8,143.0,46.9,802.0
Saket,28.5245,77.2066,2026-08-14 18:00:00,29.3,84,0.0,4.3,54.5,64.5,57.3,109.0,49.2,870.0
Saket,28.5245,77.2066,2026-08-14 19:00:00,28.6,88,0.0,5.5,68.5,78.0,86.6,62.0,52.2,925.0
Saket,28.5245,77.2066,2026-08-14 20:00:00,28.2,89,0.0,6.1,88.7,98.0,106.2,27.0,53.5,953.0
Saket,28.5245,77.2066,2026-08-14 21:00:00,27.7,92,0.0,3.1,100.1,109.4,106.6,15.0,51.5,947.0
Saket,28.5245,77.2066,2026-08-14 22:00:00,27.5,93,0.0,4.0,103.4,111.8,97.2,14.0,47.8,914.0
Saket,28.5245,77.2066,2026-08-14 23:00:00,27.7,91,0.0,4.2,103.1,110.8,88.9,14.0,44.2,866.0
Saket,28.5245,77.2066,2026-08-15 00:00:00,27.5,93,0.0,2.3,105.5,113.4,85.3,11.0,41.1,794.0
Saket,28.5245,77.2066,2026-08-15 01:00:00,27.2,94,0.0,2.5,109.2,117.1,82.9,8.0,38.2,706.0
Saket,28.5245,77.2066,2026-08-15 02:00:00,27.0,95,0.0,2.7,109.4,117.1,81.7,6.0,36.3,635.0
Saket,28.5245,77.2066,2026-08-15 03:00:00,26.9,95,0.0,4.1,111.8,120.1,84.2,0.0,35.9,580.0
Saket,28.5245,77.2066,2026-08-15 04:00:00,26.8,95,0.0,3.4,115.9,124.3,88.1,0.0,36.6,543.0
Saket,28.5245,77.2066,2026-08-15 05:00:00,26.3,97,0.0,8.3,76.8,87.8,38.9,36.0,25.9,561.0
Saket,28.5245,77.2066,2026-08-15 06:00:00,26.5,98,0.9,3.9,77.5,89.2,37.1,46.0,27.0,694.0
Saket,28.5245,77.2066,2026-08-15 07:00:00,26.9,97,0.3,1.8,70.1,82.9,34.3,63.0,28.6,883.0
Saket,28.5245,77.2066,2026-08-15 08:00:00,27.9,93,0.2,3.3,53.8,67.8,30.5,87.0,29.7,981.0
Saket,28.5245,77.2066,2026-08-15 09:00:00,28.9,87,0.0,2.7,46.9,60.8,24.7,127.0,30.1,900.0
Saket,28.5245,77.2066,2026-08-15 10:00:00,30.2,81,0.0,1.5,46.1,58.9,17.8,176.0,30.1,730.0
Saket,28.5245,77.2066,2026-08-15 11:00:00,31.9,71,0.1,8.2,48.0,59.5,12.8,212.0,29.6,592.0
Saket,28.5245,77.2066,2026-08-15 12:00:00,32.1,72,0.5,7.4,49.2,59.6,10.6,228.0,28.5,531.0
Saket,28.5245,77.2066,2026-08-15 13:00:00,31.0,79,0.7,9.8,48.1,56.9,10.2,231.0,26.9,502.0
Saket,28.5245,77.2066,2026-08-15 14:00:00,31.7,76,0.8,5.4,45.8,53.7,11.3,228.0,25.5,495.0
Saket,28.5245,77.2066,2026-08-15 15:00:00,32.4,70,0.1,7.2,44.9,52.2,13.5,220.0,24.6,486.0
Saket,28.5245,77.2066,2026-08-15 16:00:00,32.3,67,0.0,7.2,43.2,50.1,17.2,205.0,24.0,499.0
Saket,28.5245,77.2066,2026-08-15 17:00:00,31.6,74,0.0,8.9,45.3,82.7,19.3,192.0,26.2,593.0
Saket,28.5245,77.2066,2026-08-15 18:00:00,30.9,80,0.0,4.9,53.9,87.1,39.8,150.0,27.8,871.0
Saket,28.5245,77.2066,2026-08-15 19:00:00,30.3,84,0.0,4.8,71.2,107.1,67.8,92.0,30.0,1230.0
Saket,28.5245,77.2066,2026-08-15 20:00:00,29.9,85,0.0,4.0,82.0,115.5,85.9,48.0,30.7,1421.0
Saket,28.5245,77.2066,2026-08-15 21:00:00,29.4,86,0.0,5.0,85.0,118.3,85.3,34.0,28.9,1295.0
Saket,28.5245,77.2066,2026-08-15 22:00:00,29.0,87,0.0,4.1,82.9,118.7,74.8,34.0,25.7,1001.0
Saket,28.5245,77.2066,2026-08-15 23:00:00,28.8,88,0.0,7.4,74.5,112.7,64.0,34.0,22.3,743.0
Saket,28.5245,77.2066,2026-08-16 00:00:00,28.6,91,0.0,8.1,63.3,101.0,55.2,30.0,18.5,580.0
Saket,28.5245,77.2066,2026-08-16 01:00:00,28.4,89,0.0,8.7,54.1,90.6,46.1,26.0,14.5,452.0
Saket,28.5245,77.2066,2026-08-16 02:00:00,28.3,88,0.0,7.6,47.8,78.9,39.1,24.0,11.7,384.0
Saket,28.5245,77.2066,2026-08-16 03:00:00,26.8,94,1.0,8.5,39.8,60.8,35.7,22.0,10.7,414.0
Saket,28.5245,77.2066,2026-08-16 04:00:00,26.7,95,0.3,8.0,38.2,54.5,34.3,21.0,10.9,503.0
Saket,28.5245,77.2066,2026-08-16 05:00:00,27.6,87,0.0,12.3,41.8,155.1,16.5,46.0,8.5,559.0
Saket,28.5245,77.2066,2026-08-16 06:00:00,27.8,85,0.0,10.3,46.6,165.8,16.6,46.0,9.4,539.0
Saket,28.5245,77.2066,2026-08-16 07:00:00,28.2,84,0.2,9.3,50.2,166.2,16.6,47.0,10.7,486.0
Saket,28.5245,77.2066,2026-08-16 08:00:00,29.3,79,0.0,9.6,50.9,162.5,15.6,55.0,11.7,431.0
Saket,28.5245,77.2066,2026-08-16 09:00:00,30.5,73,0.0,10.3,145.8,1128.8,12.7,76.0,12.2,382.0
Saket,28.5245,77.2066,2026-08-16 10:00:00,31.7,69,0.0,9.5,258.0,2116.0,8.8,103.0,12.5,331.0
Saket,28.5245,77.2066,2026-08-16 11:00:00,32.5,66,0.0,9.2,273.8,2190.5,5.8,125.0,12.8,293.0
Saket,28.5245,77.2066,2026-08-16 12:00:00,32.9,64,0.1,8.1,126.7,746.9,4.2,138.0,13.0,268.0
Saket,28.5245,77.2066,2026-08-16 13:00:00,33.1,64,0.3,6.8,95.5,495.5,3.6,146.0,13.2,256.0
Saket,28.5245,77.2066,2026-08-16 14:00:00,32.9,64,0.1,7.9,96.6,547.6,4.6,147.0,13.4,269.0
Saket,28.5245,77.2066,2026-08-16 15:00:00,33.0,64,0.0,9.1,90.3,484.3,7.7,140.0,13.4,315.0
Saket,28.5245,77.2066,2026-08-16 16:00:00,32.9,65,0.0,9.3,87.1,438.7,12.6,127.0,13.4,386.0
Saket,28.5245,77.2066,2026-08-16 17:00:00,31.7,74,0.1,5.2,152.3,998.4,16.7,95.0,11.6,472.0
Saket,28.5245,77.2066,2026-08-16 18:00:00,31.0,81,0.0,2.7,127.6,597.9,26.2,76.0,13.6,597.0
Saket,28.5245,77.2066,2026-08-16 19:00:00,30.0,85,0.0,4.7,115.7,440.5,39.1,50.0,16.4,737.0
Saket,28.5245,77.2066,2026-08-16 20:00:00,29.3,87,0.0,5.7,99.2,305.5,48.3,31.0,18.4,814.0
Saket,28.5245,77.2066,2026-08-16 21:00:00,29.0,86,0.0,7.5,80.3,204.9,50.1,24.0,18.6,776.0
Saket,28.5245,77.2066,2026-08-16 22:00:00,28.9,86,0.0,6.7,64.5,132.7,48.2,23.0,17.9,674.0
Saket,28.5245,77.2066,2026-08-16 23:00:00,28.9,87,0.0,5.1,64.5,120.1,45.7,24.0,17.8,587.0
Saket,28.5245,77.2066,2026-08-17 00:00:00,28.4,87,0.0,7.1,61.7,123.9,43.0,25.0,18.9,549.0
Saket,28.5245,77.2066,2026-08-17 01:00:00,28.4,84,0.0,8.0,63.1,124.3,39.8,28.0,20.4,526.0
Saket,28.5245,77.2066,2026-08-17 02:00:00,27.9,86,0.0,7.2,63.8,119.2,38.5,28.0,21.7,492.0
Saket,28.5245,77.2066,2026-08-17 03:00:00,27.6,84,0.0,8.8,65.7,115.0,41.6,20.0,22.5,422.0
Saket,28.5245,77.2066,2026-08-17 04:00:00,27.4,82,0.0,9.6,68.9,122.5,46.6,10.0,22.9,341.0
Saket,28.5245,77.2066,2026-08-17 05:00:00,28.0,80,0.0,12.7,39.9,115.9,21.8,33.0,10.9,304.0
Saket,28.5245,77.2066,2026-08-17 06:00:00,27.8,80,0.0,12.1,36.7,115.5,20.0,37.0,10.5,363.0
Saket,28.5245,77.2066,2026-08-17 07:00:00,28.4,79,0.0,11.7,32.0,88.7,17.4,44.0,10.0,466.0
Saket,28.5245,77.2066,2026-08-17 08:00:00,29.4,76,0.0,11.8,29.7,74.7,14.7,55.0,9.8,512.0
Saket,28.5245,77.2066,2026-08-17 09:00:00,30.2,74,0.0,10.3,36.1,91.5,11.7,73.0,10.2,435.0
Saket,28.5245,77.2066,2026-08-17 10:00:00,31.3,71,0.0,10.2,178.3,1527.4,8.5,96.0,10.8,301.0
Saket,28.5245,77.2066,2026-08-17 11:00:00,32.3,65,0.0,11.3,253.3,2123.4,6.1,115.0,11.3,205.0
Saket,28.5245,77.2066,2026-08-17 12:00:00,32.9,64,0.0,9.9,130.4,875.4,4.4,128.0,11.3,175.0
Saket,28.5245,77.2066,2026-08-17 13:00:00,33.0,65,0.0,8.5,85.4,463.8,3.5,138.0,11.2,184.0
Saket,28.5245,77.2066,2026-08-17 14:00:00,28.9,84,0.0,7.6,68.5,327.8,4.4,140.0,11.0,243.0
Saket,28.5245,77.2066,2026-08-17 15:00:00,29.7,81,0.1,7.5,58.9,251.5,6.7,133.0,10.6,355.0
Saket,28.5245,77.2066,2026-08-17 16:00:00,30.0,81,0.0,9.0,51.3,191.9,10.7,120.0,10.3,517.0
Saket,28.5245,77.2066,2026-08-17 17:00:00,30.1,81,0.3,5.4,44.9,124.8,18.5,101.0,10.9,730.0
Saket,28.5245,77.2066,2026-08-17 18:00:00,29.6,85,0.1,1.8,44.9,93.6,33.7,74.0,13.4,1083.0
Saket,28.5245,77.2066,2026-08-17 19:00:00,29.1,89,3.1,6.5,50.9,88.9,52.6,42.0,16.9,1488.0
Saket,28.5245,77.2066,2026-08-17 20:00:00,28.6,91,0.1,1.3,57.4,85.2,66.2,19.0,19.9,1676.0
Saket,28.5245,77.2066,2026-08-17 21:00:00,24.9,97,0.0,11.9,57.0,82.7,70.5,11.0,22.3,1464.0
Saket,28.5245,77.2066,2026-08-17 22:00:00,25.1,96,0.0,3.7,53.9,76.4,69.5,12.0,24.2,1035.0
Saket,28.5245,77.2066,2026-08-17 23:00:00,25.1,99,0.0,4.4,51.3,67.1,66.1,14.0,24.7,677.0
Saket,28.5245,77.2066,2026-08-18 00:00:00,25.0,98,0.0,7.9,44.9,56.7,60.2,17.0,22.7,495.0
Saket,28.5245,77.2066,2026-08-18 01:00:00,24.9,98,0.0,7.9,43.1,52.4,51.9,22.0,19.2,384.0
Saket,28.5245,77.2066,2026-08-18 02:00:00,25.0,98,0.2,6.1,39.7,47.7,44.3,26.0,16.5,314.0
Saket,28.5245,77.2066,2026-08-18 03:00:00,25.0,98,0.1,3.7,16.5,19.6,38.3,29.0,15.5,281.0
Saket,28.5245,77.2066,2026-08-18 04:00:00,24.9,99,0.0,3.9,16.0,20.4,33.0,31.0,15.2,289.0
Saket,28.5245,77.2066,2026-08-18 05:00:00,24.9,99,0.0,3.0,21.0,26.1,28.7,35.0,14.9,319.0
Saket,28.5245,77.2066,2026-08-18 06:00:00,25.1,98,0.5,2.4,24.4,29.8,26.0,39.0,14.4,390.0
Saket,28.5245,77.2066,2026-08-18 07:00:00,25.9,98,0.1,0.8,28.7,40.5,24.2,44.0,13.9,483.0
Saket,28.5245,77.2066,2026-08-18 08:00:00,26.7,93,0.0,3.8,32.0,63.6,21.6,56.0,13.7,523.0
Saket,28.5245,77.2066,2026-08-18 09:00:00,28.5,84,0.0,4.0,37.0,103.6,16.8,79.0,13.8,458.0
Saket,28.5245,77.2066,2026-08-18 10:00:00,30.2,76,0.1,6.6,46.0,157.9,11.3,109.0,14.1,340.0
Saket,28.5245,77.2066,2026-08-18 11:00:00,31.2,71,0.1,5.0,58.2,226.8,7.2,134.0,14.4,254.0
Saket,28.5245,77.2066,2026-08-18 12:00:00,31.6,70,0.4,3.5,64.3,249.6,5.4,151.0,14.8,230.0
Saket,28.5245,77.2066,2026-08-18 13:00:00,32.1,68,0.4,3.5,64.3,242.1,5.2,163.0,15.4,238.0
Saket,28.5245,77.2066,2026-08-18 14:00:00,32.5,66,0.3,3.1,63.1,231.9,6.3,167.0,15.6,274.0
Saket,28.5245,77.2066,2026-08-18 15:00:00,32.5,66,0.2,4.5,60.3,214.7,7.3,162.0,15.0,316.0
Saket,28.5245,77.2066,2026-08-18 16:00:00,32.0,68,0.2,5.3,58.7,204.0,9.7,150.0,14.1,386.0
Saket,28.5245,77.2066,2026-08-18 17:00:00,31.1,72,0.2,4.5,56.0,176.0,17.7,131.0,14.5,548.0
Saket,28.5245,77.2066,2026-08-18 18:00:00,28.3,84,0.0,11.2,62.2,143.4,36.8,99.0,17.2,936.0
Saket,28.5245,77.2066,2026-08-18 19:00:00,26.1,97,0.0,2.9,75.2,154.1,61.4,61.0,21.1,1416.0
Saket,28.5245,77.2066,2026-08-18 20:00:00,26.5,97,0.0,3.4,79.9,161.6,79.3,32.0,25.1,1651.0
Saket,28.5245,77.2066,2026-08-18 21:00:00,26.5,98,0.0,7.2,85.0,156.5,84.9,21.0,29.2,1405.0
Saket,28.5245,77.2066,2026-08-18 22:00:00,26.4,96,0.1,6.4,93.8,158.3,83.6,21.0,33.3,914.0
Saket,28.5245,77.2066,2026-08-18 23:00:00,26.3,96,0.2,8.0,84.1,133.6,79.6,22.0,35.6,546.0
Saket,28.5245,77.2066,2026-08-19 00:00:00,26.0,97,0.0,7.2,78.5,120.6,71.9,24.0,34.7,474.0
Saket,28.5245,77.2066,2026-08-19 01:00:00,25.8,97,0.0,4.4,76.1,114.8,61.5,27.0,32.1,525.0
Saket,28.5245,77.2066,2026-08-19 02:00:00,25.7,96,0.0,3.8,79.2,112.5,54.8,28.0,29.9,554.0
Saket,28.5245,77.2066,2026-08-19 03:00:00,25.7,96,0.0,5.0,84.5,117.8,56.9,20.0,29.3,487.0
Saket,28.5245,77.2066,2026-08-19 04:00:00,25.7,95,0.0,7.7,88.5,123.9,62.8,9.0,29.1,397.0
Saket,28.5245,77.2066,2026-08-19 05:00:00,25.7,96,0.0,6.5,89.9,123.9,63.8,6.0,28.4,359.0
Saket,28.5245,77.2066,2026-08-19 06:00:00,25.8,97,0.0,7.9,81.0,115.9,54.9,14.0,26.3,426.0
Saket,28.5245,77.2066,2026-08-19 07:00:00,26.7,93,0.0,5.8,61.0,102.9,41.2,30.0,23.7,544.0
Saket,28.5245,77.2066,2026-08-19 08:00:00,28.0,87,0.0,5.8,54.2,114.6,29.2,53.0,21.7,624.0
Saket,28.5245,77.2066,2026-08-19 09:00:00,29.6,79,0.0,5.4,54.0,149.0,20.9,89.0,20.9,619.0
Saket,28.5245,77.2066,2026-08-19 10:00:00,30.8,73,0.0,4.9,97.3,577.4,14.3,134.0,20.6,575.0
Saket,28.5245,77.2066,2026-08-19 11:00:00,31.8,71,0.0,3.1,116.6,720.8,9.5,170.0,20.5,541.0
Saket,28.5245,77.2066,2026-08-19 12:00:00,32.3,69,0.2,3.4,93.6,463.8,6.3,195.0,20.4,525.0
Saket,28.5245,77.2066,2026-08-19 13:00:00,32.6,70,0.2,3.5,82.4,350.2,4.8,213.0,20.4,520.0
Saket,28.5245,77.2066,2026-08-19 14:00:00,32.8,70,0.2,2.6,77.8,309.2,5.6,217.0,20.0,549.0
Saket,28.5245,77.2066,2026-08-19 15:00:00,32.5,72,0.3,5.3,90.3,438.7,9.0,202.0,18.7,603.0
Saket,28.5245,77.2066,2026-08-19 16:00:00,30.9,78,0.2,6.7,80.3,350.2,14.7,173.0,17.1,693.0
Saket,28.5245,77.2066,2026-08-19 17:00:00,27.9,92,0.0,3.7,64.7,208.6,22.3,144.0,16.5,872.0
Saket,28.5245,77.2066,2026-08-19 18:00:00,26.8,98,0.0,1.4,66.4,167.2,33.3,116.0,17.6,1251.0
Saket,28.5245,77.2066,2026-08-19 19:00:00,26.8,98,0.0,1.2,73.1,165.3,46.2,87.0,19.6,1721.0
Saket,28.5245,77.2066,2026-08-19 20:00:00,26.7,98,2.7,5.2,65.7,129.0,56.0,65.0,22.2,2006.0
Saket,28.5245,77.2066,2026-08-19 21:00:00,26.7,98,1.1,7.9,66.1,116.9,61.1,53.0,25.7,1959.0
Saket,28.5245,77.2066,2026-08-19 22:00:00,26.6,97,0.2,7.4,74.0,118.3,63.1,48.0,29.6,1727.0
Saket,28.5245,77.2066,2026-08-19 23:00:00,26.6,96,0.0,5.0,81.5,120.6,62.2,46.0,32.4,1481.0
Saket,28.5245,77.2066,2026-08-20 00:00:00,26.4,97,0.0,1.5,86.8,126.2,57.1,47.0,33.0,1251.0
Saket,28.5245,77.2066,2026-08-20 01:00:00,26.3,98,0.0,0.4,88.2,133.2,49.0,51.0,32.4,1007.0
Saket,28.5245,77.2066,2026-08-20 02:00:00,26.2,98,0.0,1.0,85.9,121.5,42.4,54.0,32.0,822.0
Saket,28.5245,77.2066,2026-08-20 03:00:00,26.1,97,0.1,4.3,80.3,113.6,38.9,53.0,32.7,733.0
Saket,28.5245,77.2066,2026-08-20 04:00:00,25.6,99,1.4,4.4,71.7,99.7,36.8,51.0,33.7,704.0
Saket,28.5245,77.2066,2026-08-20 05:00:00,25.8,96,0.6,1.5,69.4,91.7,35.0,52.0,33.9,694.5
Saket,28.5245,77.2066,2026-08-20 06:00:00,25.9,95,1.1,0.9,68.9,91.3,33.7,56.0,32.6,659.0
Saket,28.5245,77.2066,2026-08-20 07:00:00,25.7,97,3.1,7.7,59.4,83.1,32.8,62.0,30.4,605.8
Saket,28.5245,77.2066,2026-08-20 08:00:00,26.4,98,0.6,5.5,41.3,66.6,30.6,75.0,28.8,525.0
Saket,28.5245,77.2066,2026-08-20 09:00:00,27.1,92,0.3,1.7,35.9,63.1,25.9,98.0,28.1,470.0
Saket,28.5245,77.2066,2026-08-20 10:00:00,28.5,85,0.1,0.6,35.6,68.2,19.9,126.0,27.9,416.0
Saket,28.5245,77.2066,2026-08-20 11:00:00,29.2,81,0.1,1.5,38.2,73.6,15.0,156.0,27.9,378.0
Saket,28.5245,77.2066,2026-08-20 12:00:00,30.6,76,0.0,1.5,36.7,66.4,11.5,188.0,28.0,364.0
Saket,28.5245,77.2066,2026-08-20 13:00:00,30.9,75,0.0,1.6,40.2,68.9,9.0,221.0,28.2,368.0
Saket,28.5245,77.2066,2026-08-20 14:00:00,31.6,72,0.1,2.2,42.1,69.4,8.5,242.0,28.4,380.0
Saket,28.5245,77.2066,2026-08-20 15:00:00,31.3,74,0.1,2.2,44.7,70.5,10.5,245.0,28.4,398.0
Saket,28.5245,77.2066,2026-08-20 16:00:00,31.4,78,1.4,1.9,46.4,71.0,14.6,236.0,28.3,425.0
Saket,28.5245,77.2066,2026-08-20 17:00:00,30.9,81,1.6,4.5,45.6,67.3,19.7,219.0,28.6,467.0
Saket,28.5245,77.2066,2026-08-20 18:00:00,28.0,92,0.1,6.8,46.7,61.9,26.6,190.0,29.5,535.0
Saket,28.5245,77.2066,2026-08-20 19:00:00,27.5,95,0.2,1.8,47.4,55.5,34.5,152.0,30.8,619.0
Saket,28.5245,77.2066,2026-08-20 20:00:00,27.2,97,0.2,1.6,50.5,57.9,41.0,120.0,32.2,693.0
Saket,28.5245,77.2066,2026-08-20 21:00:00,27.1,97,0.0,1.4,58.2,64.7,45.2,100.0,34.3,756.0
Saket,28.5245,77.2066,2026-08-20 22:00:00,27.1,97,0.0,0.5,65.7,71.7,47.8,86.0,36.6,810.0
Saket,28.5245,77.2066,2026-08-20 23:00:00,27.0,98,0.0,2.5,68.7,73.6,48.5,75.0,37.3,835.0
Saket,28.5245,77.2066,2026-08-21 00:00:00,26.7,99,0.0,3.5,66.1,71.2,46.0,67.0,35.0,813.0
Saket,28.5245,77.2066,2026-08-21 01:00:00,26.6,99,0.0,4.6,64.5,69.8,41.7,61.0,31.1,763.0
Saket,28.5245,77.2066,2026-08-21 02:00:00,26.6,98,0.0,4.5,65.7,70.8,38.7,56.0,28.5,724.0
Saket,28.5245,77.2066,2026-08-21 03:00:00,26.5,97,0.2,2.6,67.1,72.9,39.2,48.0,28.5,715.0
Saket,28.5245,77.2066,2026-08-21 04:00:00,26.4,96,0.2,0.5,68.9,75.9,41.2,41.0,29.7,717.0
Saket,28.5245,77.2066,2026-08-21 05:00:00,26.4,95,0.2,1.7,70.5,79.2,41.7,40.0,30.6,708.0
Saket,28.5245,77.2066,2026-08-21 06:00:00,26.2,95,0.8,1.6,73.3,82.9,39.7,46.0,30.7,679.0
Saket,28.5245,77.2066,2026-08-21 07:00:00,26.1,95,0.8,6.9,56.0,69.8,36.4,59.0,30.6,640.0
Saket,28.5245,77.2066,2026-08-21 08:00:00,26.5,93,0.8,9.7,45.6,60.3,32.0,78.0,30.6,593.0
Saket,28.5245,77.2066,2026-08-21 09:00:00,27.8,86,0.0,8.1,40.3,56.2,26.0,108.0,31.0,531.0
Saket,28.5245,77.2066,2026-08-21 10:00:00,29.5,77,0.0,4.8,33.1,51.1,19.1,144.0,31.5,462.0
Saket,28.5245,77.2066,2026-08-21 11:00:00,31.0,72,0.0,3.8,33.3,50.4,13.5,181.0,32.0,416.0
Saket,28.5245,77.2066,2026-08-21 12:00:00,32.0,69,0.1,3.0,39.5,55.5,10.0,221.0,33.0,411.0
Saket,28.5245,77.2066,2026-08-21 13:00:00,32.6,67,0.1,1.9,44.8,58.9,7.9,261.0,33.9,428.0
Saket,28.5245,77.2066,2026-08-21 14:00:00,32.5,69,0.1,1.7,48.8,61.7,7.1,284.0,33.7,442.0
Saket,28.5245,77.2066,2026-08-21 15:00:00,30.9,75,0.0,1.8,48.8,60.8,5.8,284.0,30.7,415.0
Saket,28.5245,77.2066,2026-08-21 16:00:00,28.5,86,0.0,2.0,45.3,56.6,5.8,268.0,26.5,386.0
Saket,28.5245,77.2066,2026-08-21 17:00:00,26.7,96,0.0,1.8,43.0,53.7,12.9,239.0,24.4,442.0
Saket,28.5245,77.2066,2026-08-21 18:00:00,26.2,99,1.7,1.1,49.2,57.4,35.1,189.0,26.9,688.0
Saket,28.5245,77.2066,2026-08-21 19:00:00,26.3,100,1.7,2.3,60.1,67.5,64.2,127.0,31.4,1019.0
Saket,28.5245,77.2066,2026-08-21 20:00:00,26.4,100,1.7,3.5,80.3,87.1,81.8,80.0,33.5,1213.0
Saket,28.5245,77.2066,2026-08-21 21:00:00,26.4,100,0.1,3.6,70.1,75.2,76.6,64.0,30.5,1138.0
Saket,28.5245,77.2066,2026-08-21 22:00:00,26.3,100,0.1,3.2,53.8,58.4,59.8,63.0,25.0,924.0
Saket,28.5245,77.2066,2026-08-21 23:00:00,26.3,100,0.1,2.5,47.6,52.2,46.1,63.0,20.5,744.0
Lajpat Nagar,28.5677,77.2433,2026-07-18 00:00:00,32.0,71,0.0,6.0,124.8,447.0,63.8,7.0,19.8,714.0
Lajpat Nagar,28.5677,77.2433,2026-07-18 01:00:00,31.6,69,0.0,4.1,126.2,486.2,58.7,9.0,18.1,561.0
Lajpat Nagar,28.5677,77.2433,2026-07-18 02:00:00,31.2,69,0.0,3.4,122.5,470.3,52.9,12.0,16.4,435.0
Lajpat Nagar,28.5677,77.2433,2026-07-18 03:00:00,31.2,65,0.0,3.8,113.2,423.8,45.6,16.0,14.9,341.0
Lajpat Nagar,28.5677,77.2433,2026-07-18 04:00:00,31.3,61,0.0,6.4,102.0,374.4,37.7,22.0,13.4,273.0
Lajpat Nagar,28.5677,77.2433,2026-07-18 05:00:00,31.8,63,0.0,11.5,52.7,90.3,38.3,24.0,16.3,253.0
Lajpat Nagar,28.5677,77.2433,2026-07-18 06:00:00,31.7,59,0.0,11.4,51.1,146.7,33.6,30.0,14.8,321.0
Lajpat Nagar,28.5677,77.2433,2026-07-18 07:00:00,32.3,54,0.0,11.9,82.2,374.4,27.0,40.0,12.6,436.0
Lajpat Nagar,28.5677,77.2433,2026-07-18 08:00:00,32.6,55,0.0,10.4,136.4,767.4,20.6,55.0,10.9,496.0
Lajpat Nagar,28.5677,77.2433,2026-07-18 09:00:00,33.7,53,0.0,11.4,156.0,897.8,14.8,80.0,10.0,438.0
Lajpat Nagar,28.5677,77.2433,2026-07-18 10:00:00,35.5,48,0.0,14.0,169.0,1009.6,9.2,110.0,9.5,324.0
Lajpat Nagar,28.5677,77.2433,2026-07-18 11:00:00,36.0,46,0.0,14.5,181.6,1117.6,5.2,131.0,9.2,239.0
Lajpat Nagar,28.5677,77.2433,2026-07-18 12:00:00,35.9,46,0.0,13.1,184.9,1154.8,3.4,138.0,8.9,219.0
Lajpat Nagar,28.5677,77.2433,2026-07-18 13:00:00,36.6,44,0.0,11.2,175.1,1084.1,3.2,136.0,8.8,228.0
Lajpat Nagar,28.5677,77.2433,2026-07-18 14:00:00,36.6,43,0.0,9.6,164.4,1017.0,4.5,131.0,8.6,247.0
Lajpat Nagar,28.5677,77.2433,2026-07-18 15:00:00,36.8,42,0.0,8.3,160.7,990.9,7.7,123.0,8.1,256.0
Lajpat Nagar,28.5677,77.2433,2026-07-18 16:00:00,36.1,43,0.0,7.7,154.6,905.2,12.4,112.0,7.6,275.0
Lajpat Nagar,28.5677,77.2433,2026-07-18 17:00:00,36.7,40,0.0,6.7,119.7,614.7,28.5,85.0,17.6,343.0
Lajpat Nagar,28.5677,77.2433,2026-07-18 18:00:00,36.1,46,0.0,2.8,123.4,525.3,47.4,60.0,19.8,522.0
Lajpat Nagar,28.5677,77.2433,2026-07-18 19:00:00,34.8,50,0.0,4.8,133.2,484.3,72.9,25.0,22.6,751.0
Lajpat Nagar,28.5677,77.2433,2026-07-18 20:00:00,34.2,51,0.0,5.0,136.4,454.5,88.4,2.0,24.0,887.0
Lajpat Nagar,28.5677,77.2433,2026-07-18 21:00:00,33.8,54,0.0,3.6,127.6,371.6,84.5,1.0,22.6,854.0
Lajpat Nagar,28.5677,77.2433,2026-07-18 22:00:00,32.9,62,0.0,3.0,116.6,374.4,70.5,11.0,19.7,729.0
Lajpat Nagar,28.5677,77.2433,2026-07-18 23:00:00,33.4,55,0.0,5.4,106.2,335.3,57.5,21.0,17.1,600.0
Lajpat Nagar,28.5677,77.2433,2026-07-19 00:00:00,32.1,65,0.1,3.6,98.0,308.3,49.0,26.0,15.3,481.0
Lajpat Nagar,28.5677,77.2433,2026-07-19 01:00:00,31.3,69,0.1,5.3,93.8,307.3,41.6,31.0,13.7,358.0
Lajpat Nagar,28.5677,77.2433,2026-07-19 02:00:00,30.9,71,0.0,5.9,91.5,294.3,35.8,34.0,12.4,272.0
Lajpat Nagar,28.5677,77.2433,2026-07-19 03:00:00,30.8,68,0.0,7.6,94.5,333.4,32.2,34.0,11.1,243.0
Lajpat Nagar,28.5677,77.2433,2026-07-19 04:00:00,30.3,69,0.0,6.7,98.3,363.2,30.2,33.0,10.1,253.0
Lajpat Nagar,28.5677,77.2433,2026-07-19 05:00:00,30.2,79,0.0,2.8,68.0,83.6,49.7,14.0,15.2,286.0
Lajpat Nagar,28.5677,77.2433,2026-07-19 06:00:00,30.4,79,0.0,4.0,71.2,104.1,43.9,29.0,14.6,365.0
Lajpat Nagar,28.5677,77.2433,2026-07-19 07:00:00,31.4,77,0.0,4.6,71.0,113.4,35.6,51.0,13.8,467.0
Lajpat Nagar,28.5677,77.2433,2026-07-19 08:00:00,32.9,63,0.0,6.5,58.8,136.0,27.5,73.0,13.3,513.0
Lajpat Nagar,28.5677,77.2433,2026-07-19 09:00:00,33.5,56,0.0,8.1,62.6,253.3,20.0,98.0,13.4,447.0
Lajpat Nagar,28.5677,77.2433,2026-07-19 10:00:00,34.4,52,0.0,8.1,84.3,446.1,12.8,123.0,13.7,324.0
Lajpat Nagar,28.5677,77.2433,2026-07-19 11:00:00,36.0,45,0.0,11.4,104.8,612.8,7.5,139.0,13.6,231.0
Lajpat Nagar,28.5677,77.2433,2026-07-19 12:00:00,36.4,44,0.0,10.2,107.3,640.7,4.8,140.0,12.5,201.0
Lajpat Nagar,28.5677,77.2433,2026-07-19 13:00:00,35.4,47,0.1,9.7,108.5,657.5,4.0,132.0,10.9,201.0
Lajpat Nagar,28.5677,77.2433,2026-07-19 14:00:00,35.6,49,0.0,4.4,112.0,689.2,4.9,122.0,9.7,212.0
Lajpat Nagar,28.5677,77.2433,2026-07-19 15:00:00,34.4,54,0.3,3.5,108.5,618.4,7.0,114.0,9.1,221.0
Lajpat Nagar,28.5677,77.2433,2026-07-19 16:00:00,33.3,61,0.4,5.7,111.8,651.9,10.7,105.0,9.0,241.0
Lajpat Nagar,28.5677,77.2433,2026-07-19 17:00:00,34.8,56,0.0,8.6,94.8,428.4,15.1,99.0,14.8,293.0
Lajpat Nagar,28.5677,77.2433,2026-07-19 18:00:00,32.3,76,0.0,12.5,105.2,491.7,19.3,84.0,16.1,412.0
Lajpat Nagar,28.5677,77.2433,2026-07-19 19:00:00,31.4,81,0.1,8.7,105.7,454.5,25.1,64.0,17.9,561.0
Lajpat Nagar,28.5677,77.2433,2026-07-19 20:00:00,31.2,82,0.0,8.8,104.1,408.9,29.3,48.0,19.1,655.0
Lajpat Nagar,28.5677,77.2433,2026-07-19 21:00:00,31.1,82,0.0,6.2,103.6,387.4,30.5,41.0,19.3,648.0
Lajpat Nagar,28.5677,77.2433,2026-07-19 22:00:00,30.7,84,0.2,5.4,107.8,417.2,30.1,40.0,19.0,586.0
Lajpat Nagar,28.5677,77.2433,2026-07-19 23:00:00,30.6,84,0.3,9.0,116.4,476.8,28.6,41.0,18.1,513.0
Lajpat Nagar,28.5677,77.2433,2026-07-20 00:00:00,28.4,90,0.8,13.0,128.1,581.1,25.6,46.0,16.3,433.0
Lajpat Nagar,28.5677,77.2433,2026-07-20 01:00:00,27.4,90,0.2,6.8,139.2,665.0,21.5,54.0,13.9,344.0
Lajpat Nagar,28.5677,77.2433,2026-07-20 02:00:00,27.3,91,0.1,6.6,144.4,702.2,18.5,59.0,12.0,279.0
Lajpat Nagar,28.5677,77.2433,2026-07-20 03:00:00,27.7,92,0.1,5.3,141.1,665.0,17.1,59.0,10.8,249.0
Lajpat Nagar,28.5677,77.2433,2026-07-20 04:00:00,27.2,93,2.2,9.6,127.6,549.5,16.8,56.0,10.0,244.0
Lajpat Nagar,28.5677,77.2433,2026-07-20 05:00:00,28.9,80,0.8,9.8,31.7,80.6,14.2,64.0,6.5,273.0
Lajpat Nagar,28.5677,77.2433,2026-07-20 06:00:00,28.8,84,0.1,6.9,27.5,58.6,17.5,58.0,7.5,358.0
Lajpat Nagar,28.5677,77.2433,2026-07-20 07:00:00,28.8,83,0.3,5.6,25.4,44.6,21.9,51.0,8.9,477.0
Lajpat Nagar,28.5677,77.2433,2026-07-20 08:00:00,28.1,89,3.9,2.6,26.5,39.1,23.9,48.0,9.8,567.0
Lajpat Nagar,28.5677,77.2433,2026-07-20 09:00:00,28.6,90,1.9,5.1,26.4,48.1,21.1,54.0,9.7,608.0
Lajpat Nagar,28.5677,77.2433,2026-07-20 10:00:00,28.4,89,1.4,5.1,29.1,75.9,15.8,65.0,9.1,620.0
Lajpat Nagar,28.5677,77.2433,2026-07-20 11:00:00,31.3,71,0.6,4.9,31.1,88.5,11.8,75.0,8.8,601.0
Lajpat Nagar,28.5677,77.2433,2026-07-20 12:00:00,30.2,78,1.1,9.2,33.2,97.8,10.3,82.0,9.1,526.0
Lajpat Nagar,28.5677,77.2433,2026-07-20 13:00:00,29.5,82,0.9,10.9,39.1,133.6,10.0,87.0,9.7,419.0
Lajpat Nagar,28.5677,77.2433,2026-07-20 14:00:00,29.5,82,0.4,6.4,42.7,153.2,10.8,89.0,10.4,354.0
Lajpat Nagar,28.5677,77.2433,2026-07-20 15:00:00,30.4,80,0.1,4.0,43.9,150.4,12.4,88.0,11.2,340.0
Lajpat Nagar,28.5677,77.2433,2026-07-20 16:00:00,30.9,77,0.0,4.0,44.7,146.2,14.9,85.0,12.0,368.0
Lajpat Nagar,28.5677,77.2433,2026-07-20 17:00:00,30.3,78,0.0,3.9,29.3,65.0,18.0,87.0,10.2,480.0
Lajpat Nagar,28.5677,77.2433,2026-07-20 18:00:00,27.4,93,4.7,6.1,32.5,59.6,36.7,61.0,14.7,764.0
Lajpat Nagar,28.5677,77.2433,2026-07-20 19:00:00,27.2,95,3.5,2.6,48.0,77.3,62.1,26.0,20.9,1133.0
Lajpat Nagar,28.5677,77.2433,2026-07-20 20:00:00,27.4,95,1.5,4.5,63.8,91.3,79.3,1.0,25.1,1368.0
Lajpat Nagar,28.5677,77.2433,2026-07-20 21:00:00,27.5,95,0.7,2.3,62.6,88.5,81.2,0.0,25.5,1364.0
Lajpat Nagar,28.5677,77.2433,2026-07-20 22:00:00,27.5,95,0.4,1.8,64.7,91.7,74.7,3.0,23.8,1225.0
Lajpat Nagar,28.5677,77.2433,2026-07-20 23:00:00,26.9,95,0.9,2.3,54.9,78.5,66.0,12.0,21.9,1047.0
Lajpat Nagar,28.5677,77.2433,2026-07-21 00:00:00,26.8,93,0.9,2.9,43.1,65.2,55.2,24.0,19.9,824.0
Lajpat Nagar,28.5677,77.2433,2026-07-21 01:00:00,26.6,94,0.8,5.2,36.4,55.6,42.2,39.0,17.5,561.0
Lajpat Nagar,28.5677,77.2433,2026-07-21 02:00:00,26.5,93,0.0,7.0,31.8,49.9,32.2,50.0,16.0,367.0
Lajpat Nagar,28.5677,77.2433,2026-07-21 03:00:00,26.3,95,0.1,7.4,29.5,45.4,27.7,53.0,15.7,289.0
Lajpat Nagar,28.5677,77.2433,2026-07-21 04:00:00,26.0,93,0.9,7.5,27.1,37.3,26.1,53.0,16.3,280.0
Lajpat Nagar,28.5677,77.2433,2026-07-21 05:00:00,26.1,94,0.5,7.5,10.8,16.0,18.6,65.0,12.0,311.0
Lajpat Nagar,28.5677,77.2433,2026-07-21 06:00:00,26.0,93,2.4,8.1,13.4,16.9,21.6,63.0,16.3,407.0
Lajpat Nagar,28.5677,77.2433,2026-07-21 07:00:00,26.0,94,0.5,10.9,18.0,20.7,25.5,60.0,22.0,543.0
Lajpat Nagar,28.5677,77.2433,2026-07-21 08:00:00,26.5,91,0.2,10.1,22.2,23.6,26.7,63.0,25.2,620.0
Lajpat Nagar,28.5677,77.2433,2026-07-21 09:00:00,27.3,86,0.1,9.2,16.8,17.5,22.5,76.0,23.5,577.0
Lajpat Nagar,28.5677,77.2433,2026-07-21 10:00:00,28.3,82,0.2,9.3,14.2,14.8,15.6,95.0,19.3,474.0
Lajpat Nagar,28.5677,77.2433,2026-07-21 11:00:00,27.2,93,0.1,12.0,12.6,13.2,10.6,109.0,15.9,394.0
Lajpat Nagar,28.5677,77.2433,2026-07-21 12:00:00,28.5,91,0.7,7.9,11.3,11.8,9.5,115.0,14.5,362.0
Lajpat Nagar,28.5677,77.2433,2026-07-21 13:00:00,30.2,81,0.4,7.9,10.7,11.1,10.3,117.0,13.9,353.0
Lajpat Nagar,28.5677,77.2433,2026-07-21 14:00:00,28.4,86,1.3,10.9,11.9,12.3,11.4,119.0,13.6,366.0
Lajpat Nagar,28.5677,77.2433,2026-07-21 15:00:00,27.5,92,2.1,6.4,12.1,12.5,11.6,126.0,13.7,406.0
Lajpat Nagar,28.5677,77.2433,2026-07-21 16:00:00,28.8,85,0.3,2.9,12.9,13.2,12.1,133.0,14.1,468.0
Lajpat Nagar,28.5677,77.2433,2026-07-21 17:00:00,29.7,81,0.0,8.0,26.1,28.3,18.7,110.0,11.8,542.0
Lajpat Nagar,28.5677,77.2433,2026-07-21 18:00:00,29.0,81,0.4,7.6,31.7,33.1,23.8,98.0,13.2,648.0
Lajpat Nagar,28.5677,77.2433,2026-07-21 19:00:00,28.5,86,0.1,6.0,35.3,36.4,30.6,82.0,15.2,765.0
Lajpat Nagar,28.5677,77.2433,2026-07-21 20:00:00,28.3,86,0.0,6.8,34.5,35.3,34.2,71.0,16.2,822.0
Lajpat Nagar,28.5677,77.2433,2026-07-21 21:00:00,28.0,87,0.0,7.8,31.7,32.1,31.4,70.0,15.4,769.0
Lajpat Nagar,28.5677,77.2433,2026-07-21 22:00:00,27.6,88,0.1,10.6,29.8,30.0,25.4,75.0,13.8,655.0
Lajpat Nagar,28.5677,77.2433,2026-07-21 23:00:00,26.7,95,0.2,11.6,28.6,28.9,20.3,79.0,12.5,558.0
Lajpat Nagar,28.5677,77.2433,2026-07-22 00:00:00,26.5,94,0.2,10.4,27.2,27.5,17.7,80.0,12.0,506.0
Lajpat Nagar,28.5677,77.2433,2026-07-22 01:00:00,26.4,95,0.1,8.9,26.3,26.5,16.1,80.0,11.9,472.0
Lajpat Nagar,28.5677,77.2433,2026-07-22 02:00:00,26.4,96,0.0,8.7,26.4,26.5,14.9,79.0,12.1,443.0
Lajpat Nagar,28.5677,77.2433,2026-07-22 03:00:00,25.8,97,1.8,10.5,26.7,26.8,14.1,77.0,12.7,410.0
Lajpat Nagar,28.5677,77.2433,2026-07-22 04:00:00,25.5,97,0.3,11.6,25.3,25.4,13.8,75.0,13.7,384.0
Lajpat Nagar,28.5677,77.2433,2026-07-22 05:00:00,25.4,95,0.7,9.9,38.2,38.6,19.9,59.0,19.0,386.0
Lajpat Nagar,28.5677,77.2433,2026-07-22 06:00:00,25.9,95,1.0,13.6,37.6,38.0,20.7,60.0,18.0,446.0
Lajpat Nagar,28.5677,77.2433,2026-07-22 07:00:00,26.8,90,0.3,16.1,36.3,36.9,21.5,62.0,16.7,534.0
Lajpat Nagar,28.5677,77.2433,2026-07-22 08:00:00,27.1,87,1.1,13.6,36.3,36.7,20.7,71.0,15.4,584.0
Lajpat Nagar,28.5677,77.2433,2026-07-22 09:00:00,28.9,80,0.1,13.7,34.9,35.5,16.6,95.0,14.4,558.0
Lajpat Nagar,28.5677,77.2433,2026-07-22 10:00:00,30.0,77,0.1,12.8,31.9,32.6,10.8,127.0,13.5,495.0
Lajpat Nagar,28.5677,77.2433,2026-07-22 11:00:00,30.9,66,0.1,15.6,36.2,74.7,6.5,151.0,12.9,442.0
Lajpat Nagar,28.5677,77.2433,2026-07-22 12:00:00,31.4,67,0.2,14.4,48.4,194.6,4.4,163.0,12.4,413.0
Lajpat Nagar,28.5677,77.2433,2026-07-22 13:00:00,31.8,66,0.0,11.9,48.0,199.3,3.8,168.0,12.2,394.0
Lajpat Nagar,28.5677,77.2433,2026-07-22 14:00:00,31.8,67,0.1,11.7,47.4,187.2,5.7,166.0,12.6,396.0
Lajpat Nagar,28.5677,77.2433,2026-07-22 15:00:00,31.8,66,0.1,10.8,48.1,186.3,11.5,155.0,13.6,413.0
Lajpat Nagar,28.5677,77.2433,2026-07-22 16:00:00,31.7,66,0.2,9.6,56.2,271.9,19.8,138.0,15.2,451.0
Lajpat Nagar,28.5677,77.2433,2026-07-22 17:00:00,28.5,88,0.3,4.1,13.8,20.4,12.6,133.0,11.5,539.0
Lajpat Nagar,28.5677,77.2433,2026-07-22 18:00:00,29.1,86,0.0,3.7,15.1,17.9,22.3,112.0,14.1,742.0
Lajpat Nagar,28.5677,77.2433,2026-07-22 19:00:00,28.8,90,0.0,4.6,20.9,21.9,35.5,84.0,17.6,994.0
Lajpat Nagar,28.5677,77.2433,2026-07-22 20:00:00,29.1,89,0.0,6.2,22.6,22.9,43.5,65.0,20.1,1128.0
Lajpat Nagar,28.5677,77.2433,2026-07-22 21:00:00,28.9,85,0.1,9.0,20.3,20.4,41.5,63.0,20.3,1040.0
Lajpat Nagar,28.5677,77.2433,2026-07-22 22:00:00,28.4,84,0.1,9.0,18.7,18.7,34.3,71.0,19.5,833.0
Lajpat Nagar,28.5677,77.2433,2026-07-22 23:00:00,28.3,84,0.0,10.1,15.9,15.9,27.8,76.0,18.8,651.0
Lajpat Nagar,28.5677,77.2433,2026-07-23 00:00:00,28.3,84,0.0,11.1,13.8,13.8,24.0,75.0,18.8,543.0
Lajpat Nagar,28.5677,77.2433,2026-07-23 01:00:00,27.9,84,0.0,10.8,18.3,49.7,21.0,72.0,18.9,459.0
Lajpat Nagar,28.5677,77.2433,2026-07-23 02:00:00,27.7,85,0.0,11.3,21.9,59.6,18.8,69.0,18.9,397.0
Lajpat Nagar,28.5677,77.2433,2026-07-23 03:00:00,27.5,85,0.0,10.4,25.8,67.1,17.8,65.0,18.5,352.0
Lajpat Nagar,28.5677,77.2433,2026-07-23 04:00:00,27.2,85,0.0,10.0,31.7,95.0,17.5,61.0,18.0,328.0
Lajpat Nagar,28.5677,77.2433,2026-07-23 05:00:00,26.7,92,0.0,8.9,29.6,58.2,19.0,58.0,18.3,339.0
Lajpat Nagar,28.5677,77.2433,2026-07-23 06:00:00,26.5,92,0.8,7.7,31.8,65.9,18.0,65.0,18.2,418.0
Lajpat Nagar,28.5677,77.2433,2026-07-23 07:00:00,26.5,92,0.8,10.7,35.6,91.5,16.6,75.0,18.1,533.0
Lajpat Nagar,28.5677,77.2433,2026-07-23 08:00:00,27.4,84,0.5,12.5,27.0,38.4,14.6,90.0,17.6,595.0
Lajpat Nagar,28.5677,77.2433,2026-07-23 09:00:00,28.8,80,0.2,10.4,22.3,25.4,11.5,113.0,16.5,551.0
Lajpat Nagar,28.5677,77.2433,2026-07-23 10:00:00,30.5,73,0.1,12.9,19.8,20.5,7.8,140.0,15.0,455.0
Lajpat Nagar,28.5677,77.2433,2026-07-23 11:00:00,31.1,67,0.0,14.8,18.5,18.6,5.3,158.0,13.7,382.0
Lajpat Nagar,28.5677,77.2433,2026-07-23 12:00:00,31.7,64,0.2,15.3,73.3,558.8,4.7,161.0,12.6,356.0
Lajpat Nagar,28.5677,77.2433,2026-07-23 13:00:00,32.0,66,0.2,13.3,63.6,420.0,5.2,156.0,11.8,354.0
Lajpat Nagar,28.5677,77.2433,2026-07-23 14:00:00,32.3,64,0.0,12.5,51.1,279.4,6.5,151.0,11.9,381.0
Lajpat Nagar,28.5677,77.2433,2026-07-23 15:00:00,29.6,78,2.0,11.5,46.8,250.5,8.4,151.0,13.6,447.0
Lajpat Nagar,28.5677,77.2433,2026-07-23 16:00:00,30.8,75,0.5,4.8,42.1,195.6,11.0,151.0,16.3,541.0
Lajpat Nagar,28.5677,77.2433,2026-07-23 17:00:00,31.7,67,0.2,12.5,24.4,24.4,21.3,119.0,12.5,637.0
Lajpat Nagar,28.5677,77.2433,2026-07-23 18:00:00,30.5,73,0.3,8.0,26.8,26.8,24.1,110.0,14.1,748.0
Lajpat Nagar,28.5677,77.2433,2026-07-23 19:00:00,29.9,76,0.0,7.3,28.3,28.3,27.9,98.0,16.4,861.0
Lajpat Nagar,28.5677,77.2433,2026-07-23 20:00:00,28.9,80,0.2,9.1,29.9,30.0,29.7,90.0,18.0,908.0
Lajpat Nagar,28.5677,77.2433,2026-07-23 21:00:00,26.6,93,2.1,9.3,31.7,31.8,27.9,89.0,18.7,841.0
Lajpat Nagar,28.5677,77.2433,2026-07-23 22:00:00,26.9,92,0.1,11.6,33.1,33.2,24.2,91.0,18.7,708.0
Lajpat Nagar,28.5677,77.2433,2026-07-23 23:00:00,27.5,87,0.0,13.2,34.0,34.5,20.9,92.0,18.1,582.0
Lajpat Nagar,28.5677,77.2433,2026-07-24 00:00:00,27.2,88,0.0,10.5,33.2,33.9,18.9,88.0,16.3,480.0
Lajpat Nagar,28.5677,77.2433,2026-07-24 01:00:00,27.0,89,0.0,10.4,33.4,34.0,17.2,83.0,13.8,385.0
Lajpat Nagar,28.5677,77.2433,2026-07-24 02:00:00,26.9,89,0.0,9.0,34.5,34.8,16.1,78.0,12.3,318.0
Lajpat Nagar,28.5677,77.2433,2026-07-24 03:00:00,26.7,90,0.0,9.0,35.6,35.7,15.5,75.0,12.6,287.0
Lajpat Nagar,28.5677,77.2433,2026-07-24 04:00:00,26.5,91,0.0,9.7,35.9,35.9,15.4,74.0,13.8,284.0
Lajpat Nagar,28.5677,77.2433,2026-07-24 05:00:00,25.9,95,0.0,9.4,42.4,42.5,16.6,73.0,19.4,306.0
Lajpat Nagar,28.5677,77.2433,2026-07-24 06:00:00,26.0,94,0.2,11.1,41.0,41.0,16.6,74.0,18.3,377.0
Lajpat Nagar,28.5677,77.2433,2026-07-24 07:00:00,27.0,90,0.0,9.7,35.5,35.5,16.4,77.0,16.6,473.0
Lajpat Nagar,28.5677,77.2433,2026-07-24 08:00:00,28.3,83,0.1,14.5,29.5,29.5,15.4,84.0,15.1,525.0
Lajpat Nagar,28.5677,77.2433,2026-07-24 09:00:00,29.4,76,0.1,14.5,23.7,23.7,12.7,99.0,13.7,488.0
Lajpat Nagar,28.5677,77.2433,2026-07-24 10:00:00,30.3,73,0.3,13.8,20.0,20.0,9.1,119.0,12.4,407.0
Lajpat Nagar,28.5677,77.2433,2026-07-24 11:00:00,30.5,74,0.2,13.0,18.1,18.2,6.5,133.0,11.4,345.0
Lajpat Nagar,28.5677,77.2433,2026-07-24 12:00:00,31.4,72,0.6,12.1,16.5,16.6,5.6,137.0,10.7,320.0
Lajpat Nagar,28.5677,77.2433,2026-07-24 13:00:00,31.0,73,0.6,12.2,16.1,16.2,5.7,135.0,10.4,315.0
Lajpat Nagar,28.5677,77.2433,2026-07-24 14:00:00,29.0,82,4.5,9.7,14.3,14.3,6.4,133.0,10.3,336.0
Lajpat Nagar,28.5677,77.2433,2026-07-24 15:00:00,30.0,79,0.4,7.1,13.8,13.9,7.1,133.0,10.6,389.0
Lajpat Nagar,28.5677,77.2433,2026-07-24 16:00:00,30.6,74,0.1,8.2,13.6,13.8,8.4,133.0,11.3,468.0
Lajpat Nagar,28.5677,77.2433,2026-07-24 17:00:00,30.5,79,0.3,6.7,19.8,20.2,11.7,114.0,10.5,568.0
Lajpat Nagar,28.5677,77.2433,2026-07-24 18:00:00,30.4,81,0.0,7.2,25.3,25.6,23.3,92.0,12.9,732.0
Lajpat Nagar,28.5677,77.2433,2026-07-24 19:00:00,29.9,82,0.0,8.0,32.1,32.4,39.0,63.0,16.3,918.0
Lajpat Nagar,28.5677,77.2433,2026-07-24 20:00:00,29.5,82,0.0,10.0,36.0,36.4,48.4,42.0,18.5,988.0
Lajpat Nagar,28.5677,77.2433,2026-07-24 21:00:00,28.9,84,0.0,10.1,35.6,36.7,45.6,39.0,18.4,841.0
Lajpat Nagar,28.5677,77.2433,2026-07-24 22:00:00,28.7,84,0.0,10.1,33.9,36.2,36.6,45.0,17.2,578.0
Lajpat Nagar,28.5677,77.2433,2026-07-24 23:00:00,28.4,86,0.0,12.9,31.1,35.0,28.8,50.0,16.4,375.0
Lajpat Nagar,28.5677,77.2433,2026-07-25 00:00:00,28.3,83,0.0,12.2,27.0,32.5,24.8,51.0,16.9,304.0
Lajpat Nagar,28.5677,77.2433,2026-07-25 01:00:00,28.1,83,0.0,11.4,25.4,32.2,21.9,52.0,17.9,293.0
Lajpat Nagar,28.5677,77.2433,2026-07-25 02:00:00,27.8,85,0.1,9.9,24.9,31.2,20.1,51.0,18.4,290.0
Lajpat Nagar,28.5677,77.2433,2026-07-25 03:00:00,27.7,87,0.1,10.1,24.9,31.3,19.7,47.0,18.0,276.0
Lajpat Nagar,28.5677,77.2433,2026-07-25 04:00:00,27.5,88,0.2,9.4,25.6,34.6,20.4,43.0,17.2,270.0
Lajpat Nagar,28.5677,77.2433,2026-07-25 05:00:00,27.2,91,0.2,9.6,26.0,31.9,19.7,42.0,14.7,288.0
Lajpat Nagar,28.5677,77.2433,2026-07-25 06:00:00,27.5,90,0.0,7.9,26.4,31.1,18.8,48.0,14.5,353.0
Lajpat Nagar,28.5677,77.2433,2026-07-25 07:00:00,28.4,86,0.0,8.2,26.7,31.0,17.5,56.0,14.3,441.0
Lajpat Nagar,28.5677,77.2433,2026-07-25 08:00:00,28.9,81,0.4,11.0,26.6,31.7,15.5,68.0,13.7,493.0
Lajpat Nagar,28.5677,77.2433,2026-07-25 09:00:00,29.8,78,0.1,9.7,25.7,33.6,12.3,86.0,12.6,472.0
Lajpat Nagar,28.5677,77.2433,2026-07-25 10:00:00,30.1,74,0.2,9.9,24.8,35.4,8.4,106.0,11.2,414.0
Lajpat Nagar,28.5677,77.2433,2026-07-25 11:00:00,31.5,67,0.6,11.9,22.1,32.6,5.6,122.0,10.2,369.0
Lajpat Nagar,28.5677,77.2433,2026-07-25 12:00:00,31.6,66,0.2,11.3,21.1,30.7,4.3,130.0,9.9,350.0
Lajpat Nagar,28.5677,77.2433,2026-07-25 13:00:00,32.3,63,0.1,11.1,26.4,63.1,4.2,133.0,9.9,344.0
Lajpat Nagar,28.5677,77.2433,2026-07-25 14:00:00,32.4,62,0.3,12.1,23.9,39.2,5.7,131.0,10.1,361.0
Lajpat Nagar,28.5677,77.2433,2026-07-25 15:00:00,32.2,63,0.5,11.4,23.1,33.5,9.2,122.0,10.2,413.0
Lajpat Nagar,28.5677,77.2433,2026-07-25 16:00:00,30.9,72,0.2,11.4,23.7,32.5,14.4,108.0,10.5,488.0
Lajpat Nagar,28.5677,77.2433,2026-07-25 17:00:00,30.8,79,0.0,7.5,31.0,37.0,20.8,94.0,8.8,565.0
Lajpat Nagar,28.5677,77.2433,2026-07-25 18:00:00,29.2,82,0.1,9.2,37.3,41.3,26.7,83.0,11.0,648.0
Lajpat Nagar,28.5677,77.2433,2026-07-25 19:00:00,28.6,85,0.0,8.7,42.1,45.1,34.7,67.0,14.0,733.0
Lajpat Nagar,28.5677,77.2433,2026-07-25 20:00:00,28.2,88,0.0,9.2,39.9,41.9,39.5,56.0,16.2,781.0
Lajpat Nagar,28.5677,77.2433,2026-07-25 21:00:00,27.8,89,0.0,7.5,38.2,39.3,38.3,53.0,16.7,772.0
Lajpat Nagar,28.5677,77.2433,2026-07-25 22:00:00,27.6,90,0.0,7.7,37.7,38.4,34.0,54.0,16.3,727.0
Lajpat Nagar,28.5677,77.2433,2026-07-25 23:00:00,27.2,94,0.0,8.3,36.9,37.4,29.7,56.0,15.8,670.0
Lajpat Nagar,28.5677,77.2433,2026-07-26 00:00:00,27.5,95,0.1,9.5,35.7,36.1,26.1,58.0,15.1,597.0
Lajpat Nagar,28.5677,77.2433,2026-07-26 01:00:00,27.5,95,0.0,7.7,34.3,34.7,22.5,61.0,14.2,511.0
Lajpat Nagar,28.5677,77.2433,2026-07-26 02:00:00,27.4,95,0.0,7.7,33.9,34.1,20.2,62.0,13.7,446.0
Lajpat Nagar,28.5677,77.2433,2026-07-26 03:00:00,27.3,95,0.0,6.1,34.5,34.8,20.3,58.0,14.0,415.0
Lajpat Nagar,28.5677,77.2433,2026-07-26 04:00:00,27.2,96,0.0,5.9,36.2,37.6,21.7,52.0,14.7,405.0
Lajpat Nagar,28.5677,77.2433,2026-07-26 05:00:00,28.0,93,0.0,4.1,26.7,27.8,19.6,59.0,13.7,408.0
Lajpat Nagar,28.5677,77.2433,2026-07-26 06:00:00,27.7,93,0.4,3.0,29.7,30.6,18.5,66.0,14.8,432.0
Lajpat Nagar,28.5677,77.2433,2026-07-26 07:00:00,28.1,93,0.2,5.7,30.5,31.9,17.0,77.0,16.2,470.0
Lajpat Nagar,28.5677,77.2433,2026-07-26 08:00:00,29.2,88,0.0,1.8,31.0,33.2,14.9,92.0,17.3,487.0
Lajpat Nagar,28.5677,77.2433,2026-07-26 09:00:00,30.5,80,0.0,2.9,31.7,36.0,11.9,113.0,17.6,463.0
Lajpat Nagar,28.5677,77.2433,2026-07-26 10:00:00,31.5,73,0.1,3.2,31.1,38.2,8.5,138.0,17.4,418.0
Lajpat Nagar,28.5677,77.2433,2026-07-26 11:00:00,32.5,71,0.1,3.5,29.3,39.3,5.9,158.0,17.2,382.0
Lajpat Nagar,28.5677,77.2433,2026-07-26 12:00:00,32.8,71,0.1,3.7,28.7,39.8,4.6,170.0,17.0,363.0
Lajpat Nagar,28.5677,77.2433,2026-07-26 13:00:00,33.4,68,0.1,3.8,29.4,40.6,4.2,178.0,16.8,352.0
Lajpat Nagar,28.5677,77.2433,2026-07-26 14:00:00,33.5,64,0.1,3.6,29.6,41.0,4.6,181.0,16.8,354.0
Lajpat Nagar,28.5677,77.2433,2026-07-26 15:00:00,33.6,63,0.0,2.7,29.6,41.0,3.6,181.0,16.5,335.0
Lajpat Nagar,28.5677,77.2433,2026-07-26 16:00:00,33.4,62,0.0,2.3,32.9,69.6,3.4,176.0,16.5,329.0
Lajpat Nagar,28.5677,77.2433,2026-07-26 17:00:00,33.7,60,0.0,2.9,32.6,45.8,9.3,142.0,13.5,445.0
Lajpat Nagar,28.5677,77.2433,2026-07-26 18:00:00,32.8,69,0.0,3.7,40.0,50.1,29.0,111.0,18.3,831.0
Lajpat Nagar,28.5677,77.2433,2026-07-26 19:00:00,31.9,76,0.0,3.1,55.3,65.0,56.1,68.0,24.9,1340.0
Lajpat Nagar,28.5677,77.2433,2026-07-26 20:00:00,31.5,80,0.0,1.3,67.8,77.3,75.8,34.0,29.4,1633.0
Lajpat Nagar,28.5677,77.2433,2026-07-26 21:00:00,31.2,82,0.0,1.5,75.0,84.1,80.7,20.0,30.0,1507.0
Lajpat Nagar,28.5677,77.2433,2026-07-26 22:00:00,30.7,84,0.0,2.2,75.4,83.6,78.2,15.0,28.6,1165.0
Lajpat Nagar,28.5677,77.2433,2026-07-26 23:00:00,30.5,87,0.0,1.6,78.9,86.8,75.1,12.0,26.8,885.0
Lajpat Nagar,28.5677,77.2433,2026-07-27 00:00:00,30.0,88,0.0,1.5,80.3,87.5,73.6,8.0,25.1,764.0
Lajpat Nagar,28.5677,77.2433,2026-07-27 01:00:00,29.7,89,0.0,0.5,79.6,86.6,71.6,6.0,23.0,703.0
Lajpat Nagar,28.5677,77.2433,2026-07-27 02:00:00,29.4,90,0.0,2.6,81.0,88.0,69.5,5.0,21.4,690.0
Lajpat Nagar,28.5677,77.2433,2026-07-27 03:00:00,29.2,88,0.0,2.3,83.4,91.0,68.4,2.0,20.5,743.0
Lajpat Nagar,28.5677,77.2433,2026-07-27 04:00:00,29.1,87,0.0,1.9,86.1,94.3,67.2,0.0,20.0,843.0
Lajpat Nagar,28.5677,77.2433,2026-07-27 05:00:00,29.6,88,0.0,1.9,75.2,82.4,67.7,2.0,22.2,914.0
Lajpat Nagar,28.5677,77.2433,2026-07-27 06:00:00,29.6,88,0.0,2.7,78.9,86.1,59.3,21.0,25.3,933.0
Lajpat Nagar,28.5677,77.2433,2026-07-27 07:00:00,30.5,83,0.0,1.5,62.9,69.6,47.4,48.0,29.4,923.0
Lajpat Nagar,28.5677,77.2433,2026-07-27 08:00:00,31.6,76,0.0,1.7,47.0,58.1,36.0,78.0,31.2,875.0
Lajpat Nagar,28.5677,77.2433,2026-07-27 09:00:00,32.4,71,0.0,1.3,38.4,66.1,25.8,111.0,28.6,760.0
Lajpat Nagar,28.5677,77.2433,2026-07-27 10:00:00,33.1,67,0.1,2.7,33.2,64.7,16.2,147.0,23.8,606.0
Lajpat Nagar,28.5677,77.2433,2026-07-27 11:00:00,34.3,55,0.2,1.5,32.2,75.4,9.3,174.0,20.0,493.0
Lajpat Nagar,28.5677,77.2433,2026-07-27 12:00:00,35.1,52,0.0,3.6,29.8,58.4,6.4,189.0,18.5,448.0
Lajpat Nagar,28.5677,77.2433,2026-07-27 13:00:00,35.3,53,0.0,4.4,29.2,54.9,6.1,196.0,17.9,443.0
Lajpat Nagar,28.5677,77.2433,2026-07-27 14:00:00,35.2,53,0.0,4.9,28.8,53.1,6.8,197.0,17.4,475.0
Lajpat Nagar,28.5677,77.2433,2026-07-27 15:00:00,34.6,53,0.0,4.4,27.7,52.4,5.9,194.0,16.3,541.0
Lajpat Nagar,28.5677,77.2433,2026-07-27 16:00:00,33.8,58,0.1,3.8,26.8,52.2,5.9,186.0,15.4,644.0
Lajpat Nagar,28.5677,77.2433,2026-07-27 17:00:00,33.4,60,0.0,1.4,38.4,109.4,21.3,119.0,13.8,792.0
Lajpat Nagar,28.5677,77.2433,2026-07-27 18:00:00,32.3,72,0.0,2.9,44.4,100.1,33.7,95.0,16.4,1067.0
Lajpat Nagar,28.5677,77.2433,2026-07-27 19:00:00,31.5,74,0.0,4.6,54.9,98.0,50.4,63.0,19.9,1388.0
Lajpat Nagar,28.5677,77.2433,2026-07-27 20:00:00,30.4,81,0.0,8.9,76.8,286.8,59.5,42.0,22.1,1519.0
Lajpat Nagar,28.5677,77.2433,2026-07-27 21:00:00,29.5,86,0.0,9.0,132.2,789.8,53.7,44.0,21.8,1289.0
Lajpat Nagar,28.5677,77.2433,2026-07-27 22:00:00,29.1,85,0.0,11.2,81.0,282.2,40.4,58.0,20.1,869.0
Lajpat Nagar,28.5677,77.2433,2026-07-27 23:00:00,30.1,87,0.3,13.0,61.0,158.8,29.6,68.0,18.3,543.0
Lajpat Nagar,28.5677,77.2433,2026-07-28 00:00:00,28.1,91,0.1,12.3,53.0,114.1,25.2,68.0,16.6,432.0
Lajpat Nagar,28.5677,77.2433,2026-07-28 01:00:00,27.0,94,0.4,7.0,48.2,86.8,23.2,65.0,14.8,414.0
Lajpat Nagar,28.5677,77.2433,2026-07-28 02:00:00,26.3,96,0.7,10.6,45.4,71.5,22.3,60.0,13.6,404.0
Lajpat Nagar,28.5677,77.2433,2026-07-28 03:00:00,25.9,96,0.3,7.2,43.3,62.2,22.2,54.0,13.3,366.0
Lajpat Nagar,28.5677,77.2433,2026-07-28 04:00:00,25.9,97,0.4,9.0,41.8,56.0,23.1,47.0,13.6,336.0
Lajpat Nagar,28.5677,77.2433,2026-07-28 05:00:00,28.7,93,0.2,6.4,43.1,101.3,24.9,41.0,12.8,342.0
Lajpat Nagar,28.5677,77.2433,2026-07-28 06:00:00,28.4,94,0.1,8.2,40.9,89.2,24.2,44.0,12.5,420.0
Lajpat Nagar,28.5677,77.2433,2026-07-28 07:00:00,28.9,90,0.1,6.4,37.6,73.6,23.0,50.0,12.1,534.0
Lajpat Nagar,28.5677,77.2433,2026-07-28 08:00:00,27.4,93,1.6,11.3,34.5,68.0,21.1,62.0,12.0,606.0
Lajpat Nagar,28.5677,77.2433,2026-07-28 09:00:00,27.0,95,1.4,12.2,33.2,65.9,17.7,87.0,12.7,594.0
Lajpat Nagar,28.5677,77.2433,2026-07-28 10:00:00,27.2,95,2.6,6.6,32.7,64.7,13.4,119.0,13.7,540.0
Lajpat Nagar,28.5677,77.2433,2026-07-28 11:00:00,27.3,92,0.7,7.6,29.9,53.6,10.0,145.0,14.4,495.0
Lajpat Nagar,28.5677,77.2433,2026-07-28 12:00:00,26.7,95,2.1,7.5,27.4,44.7,7.6,160.0,14.3,472.0
Lajpat Nagar,28.5677,77.2433,2026-07-28 13:00:00,26.8,93,1.5,5.8,25.8,43.4,6.0,168.0,14.0,458.0
Lajpat Nagar,28.5677,77.2433,2026-07-28 14:00:00,27.2,92,0.9,3.4,24.9,41.9,6.5,171.0,14.1,465.0
Lajpat Nagar,28.5677,77.2433,2026-07-28 15:00:00,27.4,91,0.7,5.1,24.7,40.2,8.3,171.0,14.4,468.0
Lajpat Nagar,28.5677,77.2433,2026-07-28 16:00:00,27.3,92,0.8,4.3,25.4,39.9,12.1,165.0,15.3,492.0
Lajpat Nagar,28.5677,77.2433,2026-07-28 17:00:00,30.6,74,0.0,4.2,17.6,21.8,35.9,72.0,17.5,618.0
Lajpat Nagar,28.5677,77.2433,2026-07-28 18:00:00,30.0,77,0.0,4.2,16.7,19.9,42.4,61.0,19.4,969.0
Lajpat Nagar,28.5677,77.2433,2026-07-28 19:00:00,29.2,83,0.0,3.4,21.0,23.3,51.4,45.0,21.9,1422.0
Lajpat Nagar,28.5677,77.2433,2026-07-28 20:00:00,28.6,86,0.0,4.5,25.4,27.3,57.9,32.0,23.7,1692.0
Lajpat Nagar,28.5677,77.2433,2026-07-28 21:00:00,28.3,87,0.0,4.5,31.8,33.5,59.7,24.0,24.0,1616.0
Lajpat Nagar,28.5677,77.2433,2026-07-28 22:00:00,28.0,88,0.2,4.7,32.0,33.4,59.0,19.0,23.6,1358.0
Lajpat Nagar,28.5677,77.2433,2026-07-28 23:00:00,27.8,88,0.0,1.9,31.5,32.7,58.0,15.0,23.1,1120.0
Lajpat Nagar,28.5677,77.2433,2026-07-29 00:00:00,27.6,90,0.0,1.4,29.2,30.3,57.5,12.0,22.3,974.0
Lajpat Nagar,28.5677,77.2433,2026-07-29 01:00:00,27.2,93,0.3,4.0,30.3,31.4,56.8,10.0,21.4,849.0
Lajpat Nagar,28.5677,77.2433,2026-07-29 02:00:00,26.9,95,0.4,4.4,31.1,32.4,55.5,10.0,21.5,738.0
Lajpat Nagar,28.5677,77.2433,2026-07-29 03:00:00,26.6,95,0.2,3.3,31.2,32.8,53.6,13.0,23.0,626.0
Lajpat Nagar,28.5677,77.2433,2026-07-29 04:00:00,26.6,95,0.0,1.5,31.7,33.6,51.1,17.0,25.4,527.0
Lajpat Nagar,28.5677,77.2433,2026-07-29 05:00:00,26.9,97,0.0,2.4,34.5,36.9,45.1,21.0,27.7,477.0
Lajpat Nagar,28.5677,77.2433,2026-07-29 06:00:00,26.2,99,1.5,1.7,39.2,40.9,44.8,25.0,29.5,510.0
Lajpat Nagar,28.5677,77.2433,2026-07-29 07:00:00,26.3,99,1.7,3.1,38.1,39.8,44.1,31.0,31.9,592.0
Lajpat Nagar,28.5677,77.2433,2026-07-29 08:00:00,27.0,92,0.7,1.1,33.2,35.3,42.1,42.0,33.9,651.0
Lajpat Nagar,28.5677,77.2433,2026-07-29 09:00:00,28.2,84,0.5,1.4,30.6,32.6,37.6,62.0,34.9,652.0
Lajpat Nagar,28.5677,77.2433,2026-07-29 10:00:00,28.7,82,0.8,2.7,26.1,28.1,31.6,87.0,35.5,629.0
Lajpat Nagar,28.5677,77.2433,2026-07-29 11:00:00,30.8,76,0.2,2.0,24.4,26.8,26.5,112.0,36.0,618.0
Lajpat Nagar,28.5677,77.2433,2026-07-29 12:00:00,31.7,74,0.2,1.3,25.8,28.8,22.6,136.0,36.3,626.0
Lajpat Nagar,28.5677,77.2433,2026-07-29 13:00:00,32.1,72,0.1,2.2,28.3,32.0,19.5,159.0,36.5,645.0
Lajpat Nagar,28.5677,77.2433,2026-07-29 14:00:00,32.3,67,0.1,2.7,31.2,35.3,18.4,177.0,37.2,682.0
Lajpat Nagar,28.5677,77.2433,2026-07-29 15:00:00,32.7,65,0.1,2.5,34.7,40.6,17.7,191.0,38.6,702.0
Lajpat Nagar,28.5677,77.2433,2026-07-29 16:00:00,31.8,69,0.2,5.5,36.9,42.5,19.0,200.0,40.5,739.0
Lajpat Nagar,28.5677,77.2433,2026-07-29 17:00:00,33.0,64,0.1,3.5,43.1,54.0,12.3,161.0,17.1,903.0
Lajpat Nagar,28.5677,77.2433,2026-07-29 18:00:00,32.0,72,0.0,3.9,51.6,60.1,29.8,129.0,20.9,1328.0
Lajpat Nagar,28.5677,77.2433,2026-07-29 19:00:00,30.9,78,0.0,3.5,61.2,67.3,53.7,85.0,26.1,1880.0
Lajpat Nagar,28.5677,77.2433,2026-07-29 20:00:00,30.3,82,0.0,4.4,68.5,73.1,70.5,52.0,29.9,2271.0
Lajpat Nagar,28.5677,77.2433,2026-07-29 21:00:00,29.8,85,0.0,4.4,75.4,78.9,74.1,39.0,31.3,2384.0
Lajpat Nagar,28.5677,77.2433,2026-07-29 22:00:00,29.3,90,0.0,3.1,79.6,82.4,70.6,36.0,31.4,2337.0
Lajpat Nagar,28.5677,77.2433,2026-07-29 23:00:00,29.7,87,0.0,6.3,80.1,82.4,64.6,36.0,30.6,2192.0
Lajpat Nagar,28.5677,77.2433,2026-07-30 00:00:00,29.1,90,0.0,7.6,76.8,78.7,56.0,40.0,28.5,1918.0
Lajpat Nagar,28.5677,77.2433,2026-07-30 01:00:00,28.9,92,0.0,4.8,74.0,75.7,44.9,47.0,25.4,1547.0
Lajpat Nagar,28.5677,77.2433,2026-07-30 02:00:00,26.3,93,2.6,7.7,72.2,73.3,36.2,51.0,23.0,1241.0
Lajpat Nagar,28.5677,77.2433,2026-07-30 03:00:00,26.3,98,0.7,2.9,70.3,71.2,32.2,48.0,21.7,1064.0
Lajpat Nagar,28.5677,77.2433,2026-07-30 04:00:00,26.6,97,0.1,0.5,68.9,69.8,30.6,42.0,20.9,952.0
Lajpat Nagar,28.5677,77.2433,2026-07-30 05:00:00,28.8,94,0.0,2.0,69.2,69.6,35.1,57.0,20.7,871.0
Lajpat Nagar,28.5677,77.2433,2026-07-30 06:00:00,28.8,93,0.6,0.8,68.0,68.5,32.3,71.0,22.1,829.0
Lajpat Nagar,28.5677,77.2433,2026-07-30 07:00:00,28.3,89,0.5,9.9,57.4,58.0,28.2,91.0,23.8,818.0
Lajpat Nagar,28.5677,77.2433,2026-07-30 08:00:00,29.0,85,0.8,7.1,43.2,43.9,23.6,113.0,24.4,776.0
Lajpat Nagar,28.5677,77.2433,2026-07-30 09:00:00,30.9,76,0.1,5.3,46.7,48.1,18.1,137.0,22.6,656.0
Lajpat Nagar,28.5677,77.2433,2026-07-30 10:00:00,31.7,72,0.0,7.0,33.6,35.7,12.0,162.0,19.7,504.0
Lajpat Nagar,28.5677,77.2433,2026-07-30 11:00:00,32.7,67,0.0,6.8,31.3,32.7,7.6,182.0,17.3,401.0
Lajpat Nagar,28.5677,77.2433,2026-07-30 12:00:00,32.6,66,0.1,7.4,56.3,295.2,5.5,194.0,15.9,381.0
Lajpat Nagar,28.5677,77.2433,2026-07-30 13:00:00,32.3,69,0.6,6.1,46.3,178.3,5.0,201.0,15.1,410.0
Lajpat Nagar,28.5677,77.2433,2026-07-30 14:00:00,33.1,66,0.2,4.1,44.4,148.5,6.0,203.0,15.3,461.0
Lajpat Nagar,28.5677,77.2433,2026-07-30 15:00:00,33.5,62,0.1,5.2,40.3,108.7,8.4,201.0,17.1,546.0
Lajpat Nagar,28.5677,77.2433,2026-07-30 16:00:00,33.5,58,0.1,6.6,36.4,74.5,12.3,195.0,20.0,655.0
Lajpat Nagar,28.5677,77.2433,2026-07-30 17:00:00,31.3,76,0.1,12.4,34.8,40.9,16.3,150.0,15.3,727.0
Lajpat Nagar,28.5677,77.2433,2026-07-30 18:00:00,28.7,85,0.0,10.7,37.8,42.4,27.5,124.0,18.7,728.0
Lajpat Nagar,28.5677,77.2433,2026-07-30 19:00:00,28.6,88,0.0,6.9,43.1,48.3,42.5,89.0,23.2,693.0
Lajpat Nagar,28.5677,77.2433,2026-07-30 20:00:00,28.6,90,0.0,7.0,46.4,70.3,51.4,63.0,25.7,669.0
Lajpat Nagar,28.5677,77.2433,2026-07-30 21:00:00,28.4,91,0.0,6.9,48.5,88.5,48.3,57.0,24.3,684.0
Lajpat Nagar,28.5677,77.2433,2026-07-30 22:00:00,28.3,91,0.0,7.5,43.7,74.7,39.0,61.0,21.0,709.0
Lajpat Nagar,28.5677,77.2433,2026-07-30 23:00:00,28.9,89,0.0,10.6,38.9,61.2,30.6,65.0,18.1,707.0
Lajpat Nagar,28.5677,77.2433,2026-07-31 00:00:00,28.7,90,0.0,10.6,33.8,46.7,25.4,67.0,16.4,652.0
Lajpat Nagar,28.5677,77.2433,2026-07-31 01:00:00,28.5,89,0.0,10.1,29.2,34.9,21.2,69.0,15.1,570.0
Lajpat Nagar,28.5677,77.2433,2026-07-31 02:00:00,28.4,88,0.0,10.1,25.8,27.7,18.2,70.0,14.6,493.0
Lajpat Nagar,28.5677,77.2433,2026-07-31 03:00:00,28.2,87,0.0,10.4,23.4,24.1,17.0,67.0,15.3,425.0
Lajpat Nagar,28.5677,77.2433,2026-07-31 04:00:00,28.0,86,0.0,10.6,30.7,98.7,17.1,63.0,16.7,363.0
Lajpat Nagar,28.5677,77.2433,2026-07-31 05:00:00,28.2,83,0.0,12.4,30.9,107.1,17.4,61.0,17.4,334.0
Lajpat Nagar,28.5677,77.2433,2026-07-31 06:00:00,28.1,84,0.0,10.4,27.0,67.5,17.2,64.0,17.6,368.0
Lajpat Nagar,28.5677,77.2433,2026-07-31 07:00:00,28.6,82,0.0,10.1,52.2,281.3,16.9,68.0,17.8,434.0
Lajpat Nagar,28.5677,77.2433,2026-07-31 08:00:00,29.0,79,0.2,14.0,24.9,53.0,15.7,78.0,17.7,472.0
Lajpat Nagar,28.5677,77.2433,2026-07-31 09:00:00,29.6,76,0.3,13.9,19.6,27.1,12.9,98.0,16.9,446.0
Lajpat Nagar,28.5677,77.2433,2026-07-31 10:00:00,30.2,74,0.4,13.9,19.9,22.9,9.2,124.0,15.7,392.0
Lajpat Nagar,28.5677,77.2433,2026-07-31 11:00:00,30.8,71,0.0,13.0,20.5,21.4,6.6,143.0,14.6,353.0
Lajpat Nagar,28.5677,77.2433,2026-07-31 12:00:00,31.6,66,0.2,14.7,20.6,20.8,5.5,151.0,13.7,342.0
Lajpat Nagar,28.5677,77.2433,2026-07-31 13:00:00,32.0,63,0.3,12.8,20.3,27.6,5.5,151.0,12.9,347.0
Lajpat Nagar,28.5677,77.2433,2026-07-31 14:00:00,32.5,64,0.3,11.6,22.3,31.4,6.6,149.0,12.7,372.0
Lajpat Nagar,28.5677,77.2433,2026-07-31 15:00:00,32.2,71,0.4,11.9,20.4,26.4,9.2,144.0,13.5,431.0
Lajpat Nagar,28.5677,77.2433,2026-07-31 16:00:00,30.7,76,0.5,10.7,20.0,25.4,13.0,136.0,14.9,511.0
Lajpat Nagar,28.5677,77.2433,2026-07-31 17:00:00,31.7,72,0.3,6.8,31.2,31.7,17.0,127.0,15.1,571.0
Lajpat Nagar,28.5677,77.2433,2026-07-31 18:00:00,31.0,75,0.0,7.6,34.0,34.5,23.8,109.0,17.5,599.0
Lajpat Nagar,28.5677,77.2433,2026-07-31 19:00:00,30.0,81,0.0,7.7,35.9,36.2,32.9,85.0,20.6,609.0
Lajpat Nagar,28.5677,77.2433,2026-07-31 20:00:00,29.6,84,0.0,7.8,35.9,36.3,38.1,68.0,22.4,600.0
Lajpat Nagar,28.5677,77.2433,2026-07-31 21:00:00,29.3,84,0.2,10.1,34.2,34.8,35.8,64.0,21.3,566.0
Lajpat Nagar,28.5677,77.2433,2026-07-31 22:00:00,28.8,86,0.0,10.0,32.1,32.9,29.6,67.0,18.8,514.0
Lajpat Nagar,28.5677,77.2433,2026-07-31 23:00:00,28.1,88,0.0,8.5,30.2,31.0,24.1,69.0,17.0,461.0
Lajpat Nagar,28.5677,77.2433,2026-08-01 00:00:00,28.4,88,0.1,11.3,27.8,28.5,20.9,69.0,16.9,410.0
Lajpat Nagar,28.5677,77.2433,2026-08-01 01:00:00,27.6,90,0.4,9.3,35.0,107.1,18.5,68.0,17.5,358.0
Lajpat Nagar,28.5677,77.2433,2026-08-01 02:00:00,27.3,89,0.0,9.9,41.0,159.7,16.9,67.0,18.0,321.0
Lajpat Nagar,28.5677,77.2433,2026-08-01 03:00:00,27.3,90,0.0,9.6,44.7,190.9,16.4,64.0,18.0,299.0
Lajpat Nagar,28.5677,77.2433,2026-08-01 04:00:00,27.3,90,0.0,9.4,48.5,209.1,16.6,60.0,17.8,292.0
Lajpat Nagar,28.5677,77.2433,2026-08-01 05:00:00,26.8,94,0.1,9.9,27.0,27.9,17.4,59.0,18.1,308.0
Lajpat Nagar,28.5677,77.2433,2026-08-01 06:00:00,26.8,93,0.0,10.9,27.9,28.8,17.2,66.0,18.2,372.0
Lajpat Nagar,28.5677,77.2433,2026-08-01 07:00:00,27.1,90,0.1,12.0,28.7,29.6,16.7,76.0,18.3,460.0
Lajpat Nagar,28.5677,77.2433,2026-08-01 08:00:00,27.8,86,0.0,12.0,27.6,28.5,15.5,90.0,18.2,511.0
Lajpat Nagar,28.5677,77.2433,2026-08-01 09:00:00,29.6,77,0.2,12.1,25.3,25.9,12.6,111.0,17.8,487.0
Lajpat Nagar,28.5677,77.2433,2026-08-01 10:00:00,30.7,72,0.2,12.2,30.3,81.7,9.0,136.0,17.2,424.0
Lajpat Nagar,28.5677,77.2433,2026-08-01 11:00:00,31.4,70,0.1,11.8,26.1,39.0,6.4,155.0,16.8,375.0
Lajpat Nagar,28.5677,77.2433,2026-08-01 12:00:00,32.1,69,0.2,11.2,28.1,58.0,5.6,163.0,16.6,348.0
Lajpat Nagar,28.5677,77.2433,2026-08-01 13:00:00,31.6,67,0.2,12.4,26.8,34.3,5.9,166.0,16.6,334.0
Lajpat Nagar,28.5677,77.2433,2026-08-01 14:00:00,31.4,74,0.2,9.6,26.5,30.3,6.9,165.0,16.7,353.0
Lajpat Nagar,28.5677,77.2433,2026-08-01 15:00:00,31.2,76,0.1,8.5,26.1,28.1,8.2,164.0,17.0,424.0
Lajpat Nagar,28.5677,77.2433,2026-08-01 16:00:00,31.4,73,0.2,8.0,26.5,27.6,10.2,159.0,17.4,529.0
Lajpat Nagar,28.5677,77.2433,2026-08-01 17:00:00,30.4,80,0.4,8.7,39.2,84.8,15.9,143.0,15.2,631.0
Lajpat Nagar,28.5677,77.2433,2026-08-01 18:00:00,30.2,82,0.0,6.7,41.2,64.0,21.8,125.0,16.1,738.0
Lajpat Nagar,28.5677,77.2433,2026-08-01 19:00:00,29.7,85,0.0,7.1,39.8,48.5,29.7,101.0,17.4,843.0
Lajpat Nagar,28.5677,77.2433,2026-08-01 20:00:00,29.5,87,0.0,6.3,40.6,44.4,34.9,82.0,18.1,886.0
Lajpat Nagar,28.5677,77.2433,2026-08-01 21:00:00,29.3,88,0.0,8.0,41.9,43.2,34.9,74.0,17.9,825.0
Lajpat Nagar,28.5677,77.2433,2026-08-01 22:00:00,29.1,88,0.0,8.2,39.7,40.2,32.1,72.0,17.2,703.0
Lajpat Nagar,28.5677,77.2433,2026-08-01 23:00:00,26.9,91,0.0,11.5,36.7,36.8,28.9,71.0,16.6,590.0
Lajpat Nagar,28.5677,77.2433,2026-08-02 00:00:00,26.6,93,0.6,11.1,35.6,36.0,25.4,72.0,16.2,505.0
Lajpat Nagar,28.5677,77.2433,2026-08-02 01:00:00,26.7,94,0.6,8.9,36.0,36.4,21.5,74.0,15.9,429.0
Lajpat Nagar,28.5677,77.2433,2026-08-02 02:00:00,26.9,95,0.3,7.1,36.9,37.8,18.7,75.0,16.1,374.0
Lajpat Nagar,28.5677,77.2433,2026-08-02 03:00:00,26.8,95,0.1,6.2,38.1,39.6,18.1,71.0,17.2,344.0
Lajpat Nagar,28.5677,77.2433,2026-08-02 04:00:00,26.8,96,0.0,6.1,39.1,40.9,18.7,66.0,18.8,336.0
Lajpat Nagar,28.5677,77.2433,2026-08-02 05:00:00,26.9,96,0.0,10.7,43.3,44.8,22.0,58.0,20.2,354.0
Lajpat Nagar,28.5677,77.2433,2026-08-02 06:00:00,26.3,97,0.6,9.8,44.2,46.0,20.8,67.0,21.9,424.0
Lajpat Nagar,28.5677,77.2433,2026-08-02 07:00:00,26.9,96,0.4,5.8,43.0,45.4,19.0,81.0,24.2,519.0
Lajpat Nagar,28.5677,77.2433,2026-08-02 08:00:00,28.5,88,0.0,8.0,38.3,58.6,16.6,100.0,25.3,565.0
Lajpat Nagar,28.5677,77.2433,2026-08-02 09:00:00,30.3,79,0.0,8.7,38.2,62.9,12.9,128.0,24.2,513.0
Lajpat Nagar,28.5677,77.2433,2026-08-02 10:00:00,31.6,71,0.1,8.2,36.2,50.3,8.5,162.0,21.8,412.0
Lajpat Nagar,28.5677,77.2433,2026-08-02 11:00:00,32.9,65,0.1,6.8,35.5,44.8,5.3,185.0,19.5,333.0
Lajpat Nagar,28.5677,77.2433,2026-08-02 12:00:00,33.2,63,0.2,7.5,33.3,39.8,3.9,192.0,17.5,304.0
Lajpat Nagar,28.5677,77.2433,2026-08-02 13:00:00,31.7,69,0.7,10.6,32.5,37.4,3.6,190.0,15.6,298.0
Lajpat Nagar,28.5677,77.2433,2026-08-02 14:00:00,31.7,73,0.7,6.8,32.5,36.0,4.5,183.0,14.2,305.0
Lajpat Nagar,28.5677,77.2433,2026-08-02 15:00:00,32.4,69,0.1,6.7,32.0,34.3,6.4,171.0,13.6,311.0
Lajpat Nagar,28.5677,77.2433,2026-08-02 16:00:00,32.3,68,0.7,7.8,29.6,31.3,9.4,154.0,13.6,331.0
Lajpat Nagar,28.5677,77.2433,2026-08-02 17:00:00,28.2,92,0.3,2.5,23.5,24.5,13.0,121.0,12.3,393.0
Lajpat Nagar,28.5677,77.2433,2026-08-02 18:00:00,27.6,95,1.3,11.2,28.8,29.7,18.2,106.0,13.6,545.0
Lajpat Nagar,28.5677,77.2433,2026-08-02 19:00:00,27.4,96,0.6,4.2,32.4,33.2,25.4,85.0,15.4,740.0
Lajpat Nagar,28.5677,77.2433,2026-08-02 20:00:00,27.5,96,0.3,5.3,32.7,33.5,30.1,69.0,16.7,867.0
Lajpat Nagar,28.5677,77.2433,2026-08-02 21:00:00,27.6,97,0.1,4.5,32.7,33.9,30.5,63.0,17.4,874.0
Lajpat Nagar,28.5677,77.2433,2026-08-02 22:00:00,27.8,98,0.0,6.0,34.0,35.6,28.4,62.0,17.7,813.0
Lajpat Nagar,28.5677,77.2433,2026-08-02 23:00:00,28.6,96,0.0,6.4,32.5,34.7,25.5,63.0,17.3,734.0
Lajpat Nagar,28.5677,77.2433,2026-08-03 00:00:00,28.5,95,0.0,5.8,27.9,30.5,21.4,67.0,15.5,637.0
Lajpat Nagar,28.5677,77.2433,2026-08-03 01:00:00,28.1,95,0.0,6.8,24.3,28.2,16.4,74.0,12.9,520.0
Lajpat Nagar,28.5677,77.2433,2026-08-03 02:00:00,27.5,94,0.0,8.2,21.0,24.3,13.0,77.0,11.1,430.0
Lajpat Nagar,28.5677,77.2433,2026-08-03 03:00:00,27.1,96,0.0,7.4,18.7,21.9,12.5,73.0,10.6,377.0
Lajpat Nagar,28.5677,77.2433,2026-08-03 04:00:00,27.1,97,0.0,7.4,17.8,20.6,13.6,66.0,10.9,350.0
Lajpat Nagar,28.5677,77.2433,2026-08-03 05:00:00,27.4,96,0.0,8.1,31.4,32.8,22.4,39.0,13.2,363.0
Lajpat Nagar,28.5677,77.2433,2026-08-03 06:00:00,27.5,96,0.1,3.3,34.5,36.0,21.8,47.0,14.6,454.0
Lajpat Nagar,28.5677,77.2433,2026-08-03 07:00:00,27.8,93,0.2,8.4,35.0,36.6,20.8,58.0,16.4,585.0
Lajpat Nagar,28.5677,77.2433,2026-08-03 08:00:00,28.6,87,0.1,3.8,31.0,32.1,18.9,74.0,17.5,661.0
Lajpat Nagar,28.5677,77.2433,2026-08-03 09:00:00,29.6,83,0.0,2.7,28.3,29.0,15.3,98.0,17.3,626.0
Lajpat Nagar,28.5677,77.2433,2026-08-03 10:00:00,30.6,80,0.1,4.9,26.0,26.4,10.8,126.0,16.4,535.0
Lajpat Nagar,28.5677,77.2433,2026-08-03 11:00:00,31.0,76,0.1,5.2,25.5,25.7,7.7,146.0,15.4,461.0
Lajpat Nagar,28.5677,77.2433,2026-08-03 12:00:00,32.7,70,0.2,7.2,25.3,25.5,6.6,153.0,14.3,420.0
Lajpat Nagar,28.5677,77.2433,2026-08-03 13:00:00,31.9,72,0.3,8.7,24.2,24.3,6.8,153.0,13.0,395.0
Lajpat Nagar,28.5677,77.2433,2026-08-03 14:00:00,30.5,79,1.4,10.5,24.4,24.4,8.4,147.0,12.0,405.0
Lajpat Nagar,28.5677,77.2433,2026-08-03 15:00:00,30.8,78,0.1,5.2,24.4,24.5,11.0,136.0,11.0,456.0
Lajpat Nagar,28.5677,77.2433,2026-08-03 16:00:00,30.5,77,0.5,7.2,22.8,22.9,15.0,120.0,10.3,541.0
Lajpat Nagar,28.5677,77.2433,2026-08-03 17:00:00,32.3,74,0.1,8.6,37.1,37.6,18.3,113.0,10.6,660.0
Lajpat Nagar,28.5677,77.2433,2026-08-03 18:00:00,29.8,75,0.0,9.1,38.5,38.9,28.8,94.0,13.0,856.0
Lajpat Nagar,28.5677,77.2433,2026-08-03 19:00:00,27.1,95,5.8,3.8,46.7,47.0,43.2,68.0,16.4,1086.0
Lajpat Nagar,28.5677,77.2433,2026-08-03 20:00:00,27.1,95,2.1,6.3,50.4,50.6,53.0,48.0,18.9,1221.0
Lajpat Nagar,28.5677,77.2433,2026-08-03 21:00:00,27.2,95,1.0,0.4,53.4,53.7,54.4,41.0,19.8,1191.0
Lajpat Nagar,28.5677,77.2433,2026-08-03 22:00:00,27.1,96,0.9,3.2,54.1,54.2,51.3,41.0,19.8,1066.0
Lajpat Nagar,28.5677,77.2433,2026-08-03 23:00:00,27.0,98,0.2,4.2,48.0,48.3,46.5,43.0,19.3,928.0
Lajpat Nagar,28.5677,77.2433,2026-08-04 00:00:00,27.1,97,1.1,6.8,42.1,42.4,39.9,47.0,18.1,790.0
Lajpat Nagar,28.5677,77.2433,2026-08-04 01:00:00,26.7,98,0.3,6.6,35.7,36.0,31.6,54.0,16.4,640.0
Lajpat Nagar,28.5677,77.2433,2026-08-04 02:00:00,26.6,98,0.1,6.3,26.5,26.7,25.3,58.0,15.0,520.0
Lajpat Nagar,28.5677,77.2433,2026-08-04 03:00:00,26.6,98,0.1,5.7,20.6,20.7,22.4,58.0,14.4,438.0
Lajpat Nagar,28.5677,77.2433,2026-08-04 04:00:00,26.7,97,0.0,3.6,21.8,22.1,21.3,55.0,14.1,386.0
Lajpat Nagar,28.5677,77.2433,2026-08-04 05:00:00,26.5,97,0.0,9.8,19.3,19.6,16.4,67.0,10.9,385.0
Lajpat Nagar,28.5677,77.2433,2026-08-04 06:00:00,26.2,99,0.7,7.0,14.5,15.0,17.6,68.0,11.9,475.0
Lajpat Nagar,28.5677,77.2433,2026-08-04 07:00:00,26.9,97,1.0,2.4,13.9,14.3,19.1,71.0,13.3,616.0
Lajpat Nagar,28.5677,77.2433,2026-08-04 08:00:00,27.7,91,0.2,4.0,13.4,13.7,19.5,77.0,14.6,704.0
Lajpat Nagar,28.5677,77.2433,2026-08-04 09:00:00,29.1,82,0.0,4.8,14.4,14.8,17.9,90.0,15.9,665.0
Lajpat Nagar,28.5677,77.2433,2026-08-04 10:00:00,30.0,81,0.1,3.2,15.1,15.7,15.2,106.0,17.1,574.0
Lajpat Nagar,28.5677,77.2433,2026-08-04 11:00:00,28.6,88,1.0,4.4,15.6,16.3,13.0,120.0,17.9,545.0
Lajpat Nagar,28.5677,77.2433,2026-08-04 12:00:00,28.0,92,4.2,5.3,16.1,16.9,11.4,129.0,17.6,652.0
Lajpat Nagar,28.5677,77.2433,2026-08-04 13:00:00,28.6,88,0.5,6.5,17.2,18.1,10.3,135.0,16.9,822.0
Lajpat Nagar,28.5677,77.2433,2026-08-04 14:00:00,29.3,84,0.3,7.2,18.0,18.9,11.3,137.0,17.0,953.0
Lajpat Nagar,28.5677,77.2433,2026-08-04 15:00:00,29.8,81,0.2,5.7,19.7,20.5,14.4,134.0,18.7,981.0
Lajpat Nagar,28.5677,77.2433,2026-08-04 16:00:00,29.4,81,0.3,5.1,24.2,25.1,19.5,126.0,21.2,969.0
Lajpat Nagar,28.5677,77.2433,2026-08-04 17:00:00,27.3,93,0.0,2.8,24.7,25.0,37.2,105.0,33.3,1012.0
Lajpat Nagar,28.5677,77.2433,2026-08-04 18:00:00,27.3,93,2.3,1.5,30.4,30.7,48.7,86.0,35.9,1199.0
Lajpat Nagar,28.5677,77.2433,2026-08-04 19:00:00,27.0,95,0.8,1.9,39.8,40.0,64.6,59.0,39.6,1441.0
Lajpat Nagar,28.5677,77.2433,2026-08-04 20:00:00,27.0,96,0.5,2.0,49.7,49.9,76.4,38.0,42.2,1556.0
Lajpat Nagar,28.5677,77.2433,2026-08-04 21:00:00,27.1,96,0.5,1.2,57.3,57.4,80.9,27.0,43.0,1426.0
Lajpat Nagar,28.5677,77.2433,2026-08-04 22:00:00,26.9,97,0.5,1.0,63.1,63.3,81.3,22.0,42.8,1169.0
Lajpat Nagar,28.5677,77.2433,2026-08-04 23:00:00,27.5,94,0.3,1.9,62.9,63.3,79.1,19.0,41.9,965.0
Lajpat Nagar,28.5677,77.2433,2026-08-05 00:00:00,27.3,97,0.0,1.6,59.0,59.3,72.9,20.0,39.6,886.0
Lajpat Nagar,28.5677,77.2433,2026-08-05 01:00:00,27.2,98,0.0,1.8,54.5,54.7,64.1,24.0,36.6,860.0
Lajpat Nagar,28.5677,77.2433,2026-08-05 02:00:00,27.2,98,0.0,1.5,52.4,52.5,58.3,26.0,35.3,848.0
Lajpat Nagar,28.5677,77.2433,2026-08-05 03:00:00,27.0,90,0.2,1.9,51.3,51.5,58.9,23.0,37.2,835.0
Lajpat Nagar,28.5677,77.2433,2026-08-05 04:00:00,26.5,94,0.6,4.3,53.0,53.2,62.4,18.0,40.8,836.0
Lajpat Nagar,28.5677,77.2433,2026-08-05 05:00:00,25.7,99,0.1,5.1,78.0,78.2,78.4,10.0,62.6,858.0
Lajpat Nagar,28.5677,77.2433,2026-08-05 06:00:00,25.8,97,1.4,5.3,80.3,80.6,71.4,20.0,60.5,933.0
Lajpat Nagar,28.5677,77.2433,2026-08-05 07:00:00,26.8,94,0.1,3.6,64.7,65.2,61.3,37.0,57.3,1029.0
Lajpat Nagar,28.5677,77.2433,2026-08-05 08:00:00,28.4,87,0.0,2.6,58.2,59.1,50.6,65.0,53.8,1052.0
Lajpat Nagar,28.5677,77.2433,2026-08-05 09:00:00,30.0,77,0.0,3.6,48.3,49.7,38.8,116.0,50.0,935.0
Lajpat Nagar,28.5677,77.2433,2026-08-05 10:00:00,31.2,71,0.0,4.7,41.3,43.3,26.3,178.0,45.8,745.0
Lajpat Nagar,28.5677,77.2433,2026-08-05 11:00:00,31.4,71,0.1,3.9,43.7,45.9,16.7,224.0,41.1,595.0
Lajpat Nagar,28.5677,77.2433,2026-08-05 12:00:00,30.5,75,0.1,4.5,46.0,48.2,11.6,240.0,35.3,523.0
Lajpat Nagar,28.5677,77.2433,2026-08-05 13:00:00,31.4,71,0.1,5.0,47.3,49.2,9.3,239.0,29.0,490.0
Lajpat Nagar,28.5677,77.2433,2026-08-05 14:00:00,31.5,68,0.0,5.7,50.8,71.0,8.9,230.0,24.2,496.0
Lajpat Nagar,28.5677,77.2433,2026-08-05 15:00:00,32.5,64,0.0,6.6,43.5,50.9,10.0,215.0,21.9,537.0
Lajpat Nagar,28.5677,77.2433,2026-08-05 16:00:00,32.3,64,0.0,4.5,40.0,45.5,12.9,193.0,21.0,615.0
Lajpat Nagar,28.5677,77.2433,2026-08-05 17:00:00,28.3,93,0.0,6.3,47.7,97.1,23.0,138.0,18.5,740.0
Lajpat Nagar,28.5677,77.2433,2026-08-05 18:00:00,28.0,91,1.5,3.7,54.1,85.0,32.6,112.0,18.6,948.0
Lajpat Nagar,28.5677,77.2433,2026-08-05 19:00:00,27.9,93,1.1,6.3,56.7,75.9,45.8,77.0,18.8,1202.0
Lajpat Nagar,28.5677,77.2433,2026-08-05 20:00:00,27.7,94,1.1,5.3,53.0,67.3,55.9,48.0,19.2,1399.0
Lajpat Nagar,28.5677,77.2433,2026-08-05 21:00:00,27.7,95,0.1,4.4,51.3,64.7,60.7,32.0,20.3,1514.0
Lajpat Nagar,28.5677,77.2433,2026-08-05 22:00:00,27.6,96,0.0,3.8,53.1,67.1,62.4,22.0,21.6,1571.0
Lajpat Nagar,28.5677,77.2433,2026-08-05 23:00:00,27.1,99,0.2,4.6,59.4,75.0,60.7,19.0,21.9,1539.0
Lajpat Nagar,28.5677,77.2433,2026-08-06 00:00:00,27.4,95,4.3,1.8,61.7,76.4,53.7,24.0,20.2,1363.0
Lajpat Nagar,28.5677,77.2433,2026-08-06 01:00:00,26.4,98,1.3,4.0,50.5,64.5,43.4,36.0,17.4,1097.0
Lajpat Nagar,28.5677,77.2433,2026-08-06 02:00:00,26.6,97,1.4,2.9,44.7,56.2,35.1,44.0,15.4,873.0
Lajpat Nagar,28.5677,77.2433,2026-08-06 03:00:00,26.8,97,0.1,4.0,42.5,55.3,30.8,45.0,14.5,725.0
Lajpat Nagar,28.5677,77.2433,2026-08-06 04:00:00,26.9,98,0.0,5.7,42.4,55.3,28.5,43.0,14.3,620.0
Lajpat Nagar,28.5677,77.2433,2026-08-06 05:00:00,27.4,95,0.0,2.6,47.5,60.5,35.6,35.0,23.3,585.0
Lajpat Nagar,28.5677,77.2433,2026-08-06 06:00:00,27.5,95,0.5,1.9,50.1,62.2,39.8,36.0,29.1,669.0
Lajpat Nagar,28.5677,77.2433,2026-08-06 07:00:00,27.6,91,0.7,6.6,56.8,67.8,45.4,38.0,37.1,825.0
Lajpat Nagar,28.5677,77.2433,2026-08-06 08:00:00,27.1,92,1.2,6.6,58.2,65.0,47.9,48.0,42.8,937.0
Lajpat Nagar,28.5677,77.2433,2026-08-06 09:00:00,26.9,88,1.8,2.8,56.2,59.8,44.1,72.0,44.0,960.0
Lajpat Nagar,28.5677,77.2433,2026-08-06 10:00:00,26.8,86,1.2,0.9,56.1,59.8,37.2,102.0,42.9,941.0
Lajpat Nagar,28.5677,77.2433,2026-08-06 11:00:00,26.9,84,0.5,2.9,48.4,52.3,32.1,126.0,42.4,901.0
Lajpat Nagar,28.5677,77.2433,2026-08-06 12:00:00,28.3,78,0.6,4.5,42.7,46.8,29.9,138.0,43.5,831.0
Lajpat Nagar,28.5677,77.2433,2026-08-06 13:00:00,27.8,82,0.5,5.3,46.0,51.7,29.5,143.0,45.1,741.0
Lajpat Nagar,28.5677,77.2433,2026-08-06 14:00:00,27.4,84,0.3,6.4,50.6,65.9,33.1,139.0,46.7,686.0
Lajpat Nagar,28.5677,77.2433,2026-08-06 15:00:00,27.1,85,0.4,5.7,51.3,66.6,43.1,124.0,48.3,681.0
Lajpat Nagar,28.5677,77.2433,2026-08-06 16:00:00,27.7,83,0.0,6.5,57.4,73.1,57.1,100.0,49.8,712.0
Lajpat Nagar,28.5677,77.2433,2026-08-06 17:00:00,27.6,90,0.0,8.2,43.8,47.0,66.8,67.0,36.8,785.0
Lajpat Nagar,28.5677,77.2433,2026-08-06 18:00:00,27.3,91,0.3,7.1,43.4,45.1,73.6,53.0,38.9,950.0
Lajpat Nagar,28.5677,77.2433,2026-08-06 19:00:00,27.2,92,0.1,5.2,43.9,44.8,82.8,35.0,41.7,1159.0
Lajpat Nagar,28.5677,77.2433,2026-08-06 20:00:00,27.1,93,0.0,5.2,46.3,47.1,88.6,20.0,43.5,1271.0
Lajpat Nagar,28.5677,77.2433,2026-08-06 21:00:00,27.0,93,0.0,6.1,47.3,48.0,88.9,12.0,43.8,1203.0
Lajpat Nagar,28.5677,77.2433,2026-08-06 22:00:00,26.9,93,0.0,5.6,46.9,48.0,85.8,8.0,43.1,1039.0
Lajpat Nagar,28.5677,77.2433,2026-08-06 23:00:00,26.6,94,0.0,9.5,45.5,47.0,79.6,9.0,40.8,889.0
Lajpat Nagar,28.5677,77.2433,2026-08-07 00:00:00,25.9,97,1.6,7.6,41.4,43.1,69.1,16.0,36.0,794.0
Lajpat Nagar,28.5677,77.2433,2026-08-07 01:00:00,25.9,97,1.5,2.5,36.2,37.6,55.5,28.0,29.6,712.0
Lajpat Nagar,28.5677,77.2433,2026-08-07 02:00:00,25.9,99,0.2,4.5,32.0,32.4,43.4,39.0,24.0,631.0
Lajpat Nagar,28.5677,77.2433,2026-08-07 03:00:00,25.9,98,0.0,6.2,28.4,28.6,33.1,49.0,19.5,523.0
Lajpat Nagar,28.5677,77.2433,2026-08-07 04:00:00,25.6,96,0.4,6.2,24.9,24.9,24.2,59.0,15.8,415.0
Lajpat Nagar,28.5677,77.2433,2026-08-07 05:00:00,26.0,97,4.0,5.2,24.7,24.7,21.5,60.0,18.5,374.0
Lajpat Nagar,28.5677,77.2433,2026-08-07 06:00:00,26.0,97,0.9,4.8,26.0,26.1,25.3,60.0,20.8,466.0
Lajpat Nagar,28.5677,77.2433,2026-08-07 07:00:00,26.0,97,1.3,8.1,30.2,30.3,30.2,62.0,23.8,625.0
Lajpat Nagar,28.5677,77.2433,2026-08-07 08:00:00,26.4,95,1.9,9.4,36.3,36.4,32.0,69.0,25.6,724.0
Lajpat Nagar,28.5677,77.2433,2026-08-07 09:00:00,26.4,93,5.2,14.0,48.7,48.8,27.4,88.0,24.9,694.0
Lajpat Nagar,28.5677,77.2433,2026-08-07 10:00:00,26.9,93,2.8,12.2,30.7,31.0,19.8,112.0,23.0,603.0
Lajpat Nagar,28.5677,77.2433,2026-08-07 11:00:00,27.1,90,1.1,14.3,23.6,23.9,14.5,129.0,21.2,527.0
Lajpat Nagar,28.5677,77.2433,2026-08-07 12:00:00,26.5,96,6.3,12.2,21.9,22.2,13.4,133.0,19.8,473.0
Lajpat Nagar,28.5677,77.2433,2026-08-07 13:00:00,27.2,95,2.0,13.7,20.8,21.2,14.7,130.0,18.5,434.0
Lajpat Nagar,28.5677,77.2433,2026-08-07 14:00:00,28.6,89,0.6,11.0,23.9,24.2,18.7,123.0,18.1,463.0
Lajpat Nagar,28.5677,77.2433,2026-08-07 15:00:00,29.7,81,0.0,10.8,26.3,26.6,26.3,112.0,19.0,639.0
Lajpat Nagar,28.5677,77.2433,2026-08-07 16:00:00,27.9,87,3.4,12.7,28.8,29.1,36.6,97.0,20.8,883.0
Lajpat Nagar,28.5677,77.2433,2026-08-07 17:00:00,27.4,90,8.9,9.5,41.9,42.7,40.0,81.0,19.0,1018.0
Lajpat Nagar,28.5677,77.2433,2026-08-07 18:00:00,26.8,93,2.2,7.4,43.8,44.5,43.0,75.0,19.4,928.0
Lajpat Nagar,28.5677,77.2433,2026-08-07 19:00:00,26.6,93,1.9,8.0,42.3,43.1,46.9,66.0,20.1,728.0
Lajpat Nagar,28.5677,77.2433,2026-08-07 20:00:00,26.4,95,0.2,12.9,42.5,43.3,48.8,59.0,20.8,584.0
Lajpat Nagar,28.5677,77.2433,2026-08-07 21:00:00,25.7,96,1.4,12.6,43.4,44.1,47.1,56.0,21.8,581.0
Lajpat Nagar,28.5677,77.2433,2026-08-07 22:00:00,25.6,96,2.3,9.6,44.2,44.8,43.4,54.0,22.9,634.0
Lajpat Nagar,28.5677,77.2433,2026-08-07 23:00:00,25.4,97,11.4,5.7,44.6,45.2,39.3,53.0,23.2,660.0
Lajpat Nagar,28.5677,77.2433,2026-08-08 00:00:00,25.9,96,1.9,7.6,43.2,43.9,34.9,53.0,22.1,616.0
Lajpat Nagar,28.5677,77.2433,2026-08-08 01:00:00,25.8,95,0.4,8.7,42.5,43.2,30.1,55.0,20.2,545.0
Lajpat Nagar,28.5677,77.2433,2026-08-08 02:00:00,25.2,97,1.8,7.0,42.6,43.4,26.5,55.0,19.0,486.0
Lajpat Nagar,28.5677,77.2433,2026-08-08 03:00:00,24.8,98,3.1,7.1,43.2,44.0,25.3,51.0,19.1,437.0
Lajpat Nagar,28.5677,77.2433,2026-08-08 04:00:00,24.7,99,3.4,7.2,44.2,44.9,25.4,46.0,19.9,400.0
Lajpat Nagar,28.5677,77.2433,2026-08-08 05:00:00,25.7,98,0.1,4.2,36.4,38.0,20.6,54.0,17.4,423.0
Lajpat Nagar,28.5677,77.2433,2026-08-08 06:00:00,25.5,96,6.4,9.1,37.0,38.5,20.7,60.0,18.3,576.0
Lajpat Nagar,28.5677,77.2433,2026-08-08 07:00:00,25.8,95,1.7,7.3,38.1,40.2,20.7,69.0,19.5,787.0
Lajpat Nagar,28.5677,77.2433,2026-08-08 08:00:00,27.3,93,0.5,5.2,35.7,38.0,19.4,82.0,19.5,893.0
Lajpat Nagar,28.5677,77.2433,2026-08-08 09:00:00,29.7,85,0.2,7.6,27.4,30.9,15.4,102.0,17.3,784.0
Lajpat Nagar,28.5677,77.2433,2026-08-08 10:00:00,31.0,77,0.1,12.8,23.9,27.4,10.1,125.0,14.0,568.0
Lajpat Nagar,28.5677,77.2433,2026-08-08 11:00:00,29.4,79,1.1,11.1,25.8,29.6,6.4,142.0,11.6,409.0
Lajpat Nagar,28.5677,77.2433,2026-08-08 12:00:00,31.5,73,0.7,12.3,24.9,27.9,5.5,149.0,11.1,366.0
Lajpat Nagar,28.5677,77.2433,2026-08-08 13:00:00,30.3,74,0.9,14.1,27.6,30.2,6.3,150.0,11.6,380.0
Lajpat Nagar,28.5677,77.2433,2026-08-08 14:00:00,31.2,73,0.1,8.3,29.3,31.8,7.9,149.0,12.3,430.0
Lajpat Nagar,28.5677,77.2433,2026-08-08 15:00:00,32.2,67,0.1,8.7,26.9,28.5,9.0,150.0,12.7,507.0
Lajpat Nagar,28.5677,77.2433,2026-08-08 16:00:00,31.1,72,0.0,8.5,27.9,29.3,11.0,150.0,13.3,621.0
Lajpat Nagar,28.5677,77.2433,2026-08-08 17:00:00,30.9,75,1.2,7.7,35.0,44.0,17.9,135.0,13.1,784.0
Lajpat Nagar,28.5677,77.2433,2026-08-08 18:00:00,30.3,79,0.0,5.4,41.6,52.4,29.1,112.0,15.5,1063.0
Lajpat Nagar,28.5677,77.2433,2026-08-08 19:00:00,29.3,84,0.1,5.1,46.7,61.7,44.2,81.0,18.7,1391.0
Lajpat Nagar,28.5677,77.2433,2026-08-08 20:00:00,29.0,87,0.0,3.3,52.5,70.3,53.3,60.0,20.8,1584.0
Lajpat Nagar,28.5677,77.2433,2026-08-08 21:00:00,28.8,88,0.0,5.5,53.2,71.7,50.7,58.0,20.8,1537.0
Lajpat Nagar,28.5677,77.2433,2026-08-08 22:00:00,28.5,89,0.0,5.5,49.2,66.1,42.1,65.0,19.8,1354.0
Lajpat Nagar,28.5677,77.2433,2026-08-08 23:00:00,29.1,89,0.0,2.3,46.9,58.4,34.7,70.0,18.7,1167.0
Lajpat Nagar,28.5677,77.2433,2026-08-09 00:00:00,28.5,89,0.1,3.1,46.8,53.9,31.3,68.0,17.8,1008.0
Lajpat Nagar,28.5677,77.2433,2026-08-09 01:00:00,28.2,90,0.2,2.9,47.0,51.1,29.1,63.0,16.9,845.0
Lajpat Nagar,28.5677,77.2433,2026-08-09 02:00:00,27.5,91,0.5,4.7,45.5,47.5,27.3,59.0,16.4,705.0
Lajpat Nagar,28.5677,77.2433,2026-08-09 03:00:00,26.3,95,1.3,3.8,43.4,44.2,25.8,55.0,16.4,586.0
Lajpat Nagar,28.5677,77.2433,2026-08-09 04:00:00,26.1,95,0.7,4.6,42.8,43.3,24.7,51.0,16.9,492.0
Lajpat Nagar,28.5677,77.2433,2026-08-09 05:00:00,25.3,98,0.1,3.7,52.6,54.0,31.8,45.0,17.3,458.0
Lajpat Nagar,28.5677,77.2433,2026-08-09 06:00:00,25.9,98,0.0,1.7,50.8,51.6,27.8,60.0,18.7,540.0
Lajpat Nagar,28.5677,77.2433,2026-08-09 07:00:00,27.4,93,0.0,2.2,49.5,49.7,22.1,83.0,20.6,684.0
Lajpat Nagar,28.5677,77.2433,2026-08-09 08:00:00,29.2,86,0.0,3.6,37.5,37.6,16.8,107.0,21.5,759.0
Lajpat Nagar,28.5677,77.2433,2026-08-09 09:00:00,30.8,77,0.1,6.4,33.8,34.0,12.2,134.0,20.4,690.0
Lajpat Nagar,28.5677,77.2433,2026-08-09 10:00:00,31.6,74,0.1,7.1,32.0,32.1,8.1,163.0,18.4,554.0
Lajpat Nagar,28.5677,77.2433,2026-08-09 11:00:00,32.5,69,0.0,8.7,31.3,31.5,5.1,185.0,16.7,450.0
Lajpat Nagar,28.5677,77.2433,2026-08-09 12:00:00,33.1,64,0.3,6.5,31.1,31.3,3.8,195.0,15.8,416.0
Lajpat Nagar,28.5677,77.2433,2026-08-09 13:00:00,33.6,62,0.0,5.6,36.1,57.4,3.8,197.0,15.3,415.0
Lajpat Nagar,28.5677,77.2433,2026-08-09 14:00:00,33.9,61,0.0,4.8,35.5,51.9,4.4,198.0,15.4,435.0
Lajpat Nagar,28.5677,77.2433,2026-08-09 15:00:00,34.1,61,0.0,2.7,33.3,43.5,3.2,203.0,15.9,441.0
Lajpat Nagar,28.5677,77.2433,2026-08-09 16:00:00,33.8,62,0.0,4.3,31.5,39.1,2.7,206.0,16.9,469.0
Lajpat Nagar,28.5677,77.2433,2026-08-09 17:00:00,33.6,64,0.0,4.5,40.4,40.6,10.7,170.0,16.2,610.0
Lajpat Nagar,28.5677,77.2433,2026-08-09 18:00:00,32.1,73,0.1,4.1,49.9,50.2,34.4,134.0,22.8,989.0
Lajpat Nagar,28.5677,77.2433,2026-08-09 19:00:00,30.9,79,0.1,4.8,67.8,68.0,67.1,85.0,31.8,1481.0
Lajpat Nagar,28.5677,77.2433,2026-08-09 20:00:00,30.2,82,0.0,4.1,86.4,86.6,91.9,45.0,38.7,1812.0
Lajpat Nagar,28.5677,77.2433,2026-08-09 21:00:00,29.7,84,0.0,4.6,104.1,104.3,103.7,24.0,42.0,1830.0
Lajpat Nagar,28.5677,77.2433,2026-08-09 22:00:00,29.3,84,0.0,3.9,115.5,115.7,107.6,12.0,43.0,1686.0
Lajpat Nagar,28.5677,77.2433,2026-08-09 23:00:00,30.0,82,0.0,6.7,114.6,114.6,102.1,11.0,41.3,1558.0
Lajpat Nagar,28.5677,77.2433,2026-08-10 00:00:00,29.4,84,0.0,6.0,95.2,95.2,81.1,25.0,34.9,1520.0
Lajpat Nagar,28.5677,77.2433,2026-08-10 01:00:00,28.3,88,0.2,4.9,67.5,67.8,50.9,49.0,25.7,1497.0
Lajpat Nagar,28.5677,77.2433,2026-08-10 02:00:00,27.4,92,0.1,6.1,54.7,54.8,28.3,65.0,18.7,1450.0
Lajpat Nagar,28.5677,77.2433,2026-08-10 03:00:00,27.5,93,0.0,3.5,49.6,49.7,21.8,64.0,15.9,1354.0
Lajpat Nagar,28.5677,77.2433,2026-08-10 04:00:00,27.6,93,0.0,4.4,47.3,47.4,22.9,56.0,15.4,1233.0
Lajpat Nagar,28.5677,77.2433,2026-08-10 05:00:00,27.4,92,0.0,9.0,32.8,33.1,16.8,75.0,14.5,1117.0
Lajpat Nagar,28.5677,77.2433,2026-08-10 06:00:00,27.0,91,0.1,8.5,28.9,29.0,18.8,74.0,15.1,1014.0
Lajpat Nagar,28.5677,77.2433,2026-08-10 07:00:00,27.3,90,0.1,5.3,26.1,26.3,21.4,74.0,15.9,916.0
Lajpat Nagar,28.5677,77.2433,2026-08-10 08:00:00,28.4,86,0.0,6.3,25.5,25.7,22.3,83.0,17.2,823.0
Lajpat Nagar,28.5677,77.2433,2026-08-10 09:00:00,29.7,81,0.0,7.4,24.1,24.3,19.8,109.0,19.1,729.0
Lajpat Nagar,28.5677,77.2433,2026-08-10 10:00:00,31.0,75,0.0,5.1,26.4,26.5,15.5,144.0,21.4,640.0
Lajpat Nagar,28.5677,77.2433,2026-08-10 11:00:00,33.0,65,0.0,6.6,28.2,29.8,12.6,171.0,23.9,579.0
Lajpat Nagar,28.5677,77.2433,2026-08-10 12:00:00,33.1,65,0.0,5.2,29.3,32.6,11.8,184.0,26.6,556.0
Lajpat Nagar,28.5677,77.2433,2026-08-10 13:00:00,29.5,82,3.4,12.7,33.1,49.5,12.3,190.0,29.4,561.0
Lajpat Nagar,28.5677,77.2433,2026-08-10 14:00:00,28.9,87,2.8,2.7,36.1,43.0,14.6,187.0,31.7,589.0
Lajpat Nagar,28.5677,77.2433,2026-08-10 15:00:00,29.4,86,1.2,1.4,37.6,43.1,18.9,175.0,33.3,627.0
Lajpat Nagar,28.5677,77.2433,2026-08-10 16:00:00,29.6,84,0.1,2.4,41.1,45.1,25.0,156.0,34.4,687.0
Lajpat Nagar,28.5677,77.2433,2026-08-10 17:00:00,29.8,85,0.0,6.6,54.9,58.3,31.7,140.0,25.6,802.0
Lajpat Nagar,28.5677,77.2433,2026-08-10 18:00:00,29.2,88,0.3,7.0,63.6,64.0,39.1,119.0,28.3,1052.0
Lajpat Nagar,28.5677,77.2433,2026-08-10 19:00:00,28.7,91,0.0,6.7,66.6,66.8,49.2,91.0,31.9,1358.0
Lajpat Nagar,28.5677,77.2433,2026-08-10 20:00:00,28.5,92,0.0,5.2,72.2,72.2,55.7,68.0,34.0,1513.0
Lajpat Nagar,28.5677,77.2433,2026-08-10 21:00:00,28.4,92,0.0,4.4,76.4,76.4,55.9,56.0,33.3,1385.0
Lajpat Nagar,28.5677,77.2433,2026-08-10 22:00:00,28.3,92,0.0,4.2,80.1,80.3,52.5,49.0,31.0,1106.0
Lajpat Nagar,28.5677,77.2433,2026-08-10 23:00:00,28.0,96,0.0,6.8,76.4,76.6,47.7,46.0,28.4,864.0
Lajpat Nagar,28.5677,77.2433,2026-08-11 00:00:00,27.6,96,0.2,10.1,69.4,69.6,41.1,48.0,25.4,728.0
Lajpat Nagar,28.5677,77.2433,2026-08-11 01:00:00,27.4,95,0.0,8.5,63.1,63.3,33.0,54.0,22.1,630.0
Lajpat Nagar,28.5677,77.2433,2026-08-11 02:00:00,27.2,96,0.1,8.7,58.9,59.4,26.6,59.0,19.7,555.0
Lajpat Nagar,28.5677,77.2433,2026-08-11 03:00:00,27.1,96,0.2,7.8,54.6,54.9,23.3,59.0,18.8,494.0
Lajpat Nagar,28.5677,77.2433,2026-08-11 04:00:00,27.1,91,0.4,8.7,50.2,50.5,21.7,57.0,18.9,455.0
Lajpat Nagar,28.5677,77.2433,2026-08-11 05:00:00,26.7,95,1.7,8.0,47.1,47.3,19.2,61.0,21.0,448.0
Lajpat Nagar,28.5677,77.2433,2026-08-11 06:00:00,26.8,95,0.1,7.3,46.1,46.2,22.7,58.0,20.6,493.0
Lajpat Nagar,28.5677,77.2433,2026-08-11 07:00:00,27.5,92,0.0,7.6,42.1,42.4,27.4,55.0,20.0,570.0
Lajpat Nagar,28.5677,77.2433,2026-08-11 08:00:00,28.3,87,0.0,6.0,44.4,44.6,29.1,61.0,19.5,623.0
Lajpat Nagar,28.5677,77.2433,2026-08-11 09:00:00,29.0,85,0.0,6.1,42.6,42.8,25.2,85.0,19.4,625.0
Lajpat Nagar,28.5677,77.2433,2026-08-11 10:00:00,30.1,81,0.1,4.2,39.1,39.3,18.4,118.0,19.4,604.0
Lajpat Nagar,28.5677,77.2433,2026-08-11 11:00:00,29.6,83,0.4,4.4,35.6,36.0,13.1,145.0,19.2,591.0
Lajpat Nagar,28.5677,77.2433,2026-08-11 12:00:00,28.7,84,2.6,7.3,35.0,35.4,10.3,161.0,18.5,597.0
Lajpat Nagar,28.5677,77.2433,2026-08-11 13:00:00,28.4,90,1.7,5.5,32.9,33.3,8.9,171.0,17.7,611.0
Lajpat Nagar,28.5677,77.2433,2026-08-11 14:00:00,29.3,89,0.6,4.7,33.3,33.6,10.1,172.0,17.3,634.0
Lajpat Nagar,28.5677,77.2433,2026-08-11 15:00:00,30.6,81,0.2,5.6,32.1,32.4,13.9,163.0,16.9,613.0
Lajpat Nagar,28.5677,77.2433,2026-08-11 16:00:00,30.7,78,0.1,5.1,32.8,33.2,20.3,146.0,16.9,600.0
Lajpat Nagar,28.5677,77.2433,2026-08-11 17:00:00,30.2,79,0.2,3.7,41.2,41.3,32.0,109.0,16.4,754.0
Lajpat Nagar,28.5677,77.2433,2026-08-11 18:00:00,30.0,81,0.0,2.8,45.9,46.0,47.4,88.0,22.0,1241.0
Lajpat Nagar,28.5677,77.2433,2026-08-11 19:00:00,29.2,87,0.5,2.2,57.4,57.5,68.8,59.0,29.8,1896.0
Lajpat Nagar,28.5677,77.2433,2026-08-11 20:00:00,28.8,90,0.5,4.2,70.5,70.8,86.3,35.0,37.0,2379.0
Lajpat Nagar,28.5677,77.2433,2026-08-11 21:00:00,28.6,91,0.1,3.0,78.7,78.7,96.0,21.0,42.8,2558.0
Lajpat Nagar,28.5677,77.2433,2026-08-11 22:00:00,28.2,93,0.0,3.7,92.0,92.2,101.8,11.0,48.0,2567.0
Lajpat Nagar,28.5677,77.2433,2026-08-11 23:00:00,28.5,88,0.0,4.5,106.6,106.9,105.1,5.0,51.3,2466.0
Lajpat Nagar,28.5677,77.2433,2026-08-12 00:00:00,28.2,91,0.0,3.3,109.2,109.2,105.7,2.0,51.8,2235.0
Lajpat Nagar,28.5677,77.2433,2026-08-12 01:00:00,28.1,92,0.0,0.5,111.3,111.5,103.8,1.0,50.4,1894.0
Lajpat Nagar,28.5677,77.2433,2026-08-12 02:00:00,27.6,94,0.0,2.7,114.6,114.6,101.0,1.0,49.3,1570.0
Lajpat Nagar,28.5677,77.2433,2026-08-12 03:00:00,27.3,95,0.0,3.8,106.6,106.6,98.7,0.0,48.7,1281.0
Lajpat Nagar,28.5677,77.2433,2026-08-12 04:00:00,27.1,96,0.0,2.5,98.0,98.3,95.6,0.0,48.4,1008.0
Lajpat Nagar,28.5677,77.2433,2026-08-12 05:00:00,27.3,97,0.0,1.9,83.8,83.8,81.2,2.0,44.3,825.0
Lajpat Nagar,28.5677,77.2433,2026-08-12 06:00:00,27.4,97,0.0,2.8,83.6,83.6,71.7,19.0,49.0,799.0
Lajpat Nagar,28.5677,77.2433,2026-08-12 07:00:00,28.5,92,0.0,3.4,75.0,75.0,58.2,45.0,55.3,862.0
Lajpat Nagar,28.5677,77.2433,2026-08-12 08:00:00,30.0,83,0.0,2.4,51.0,51.1,45.4,77.0,58.2,886.0
Lajpat Nagar,28.5677,77.2433,2026-08-12 09:00:00,31.2,74,0.1,3.4,40.0,40.3,34.2,120.0,55.0,803.0
Lajpat Nagar,28.5677,77.2433,2026-08-12 10:00:00,32.1,69,0.1,2.7,40.5,40.9,23.7,170.0,48.4,682.0
Lajpat Nagar,28.5677,77.2433,2026-08-12 11:00:00,33.0,64,0.1,4.0,43.4,43.9,15.7,212.0,42.4,597.0
Lajpat Nagar,28.5677,77.2433,2026-08-12 12:00:00,33.4,63,0.1,3.1,45.6,46.2,10.9,241.0,37.8,581.0
Lajpat Nagar,28.5677,77.2433,2026-08-12 13:00:00,34.0,60,0.1,1.8,47.0,47.5,8.6,263.0,33.6,603.0
Lajpat Nagar,28.5677,77.2433,2026-08-12 14:00:00,34.3,60,0.1,0.6,47.5,48.0,8.2,276.0,30.9,642.0
Lajpat Nagar,28.5677,77.2433,2026-08-12 15:00:00,34.4,59,0.0,1.0,47.5,48.0,7.7,286.0,30.0,616.0
Lajpat Nagar,28.5677,77.2433,2026-08-12 16:00:00,34.4,57,0.3,1.2,48.3,48.7,9.1,288.0,30.5,608.0
Lajpat Nagar,28.5677,77.2433,2026-08-12 17:00:00,34.4,60,0.0,3.0,38.9,39.8,22.2,210.0,26.9,850.0
Lajpat Nagar,28.5677,77.2433,2026-08-12 18:00:00,31.4,76,0.1,10.2,50.2,50.9,25.5,185.0,25.1,1685.0
Lajpat Nagar,28.5677,77.2433,2026-08-12 19:00:00,29.5,86,0.0,9.0,52.7,53.1,30.1,149.0,22.5,2770.0
Lajpat Nagar,28.5677,77.2433,2026-08-12 20:00:00,28.5,88,0.0,4.4,37.8,38.0,33.2,119.0,20.1,3302.0
Lajpat Nagar,28.5677,77.2433,2026-08-12 21:00:00,28.4,91,0.0,5.8,31.2,31.3,33.6,99.0,18.1,2739.0
Lajpat Nagar,28.5677,77.2433,2026-08-12 22:00:00,28.2,94,0.0,5.8,33.1,33.2,32.5,85.0,16.4,1622.0
Lajpat Nagar,28.5677,77.2433,2026-08-12 23:00:00,29.7,86,0.0,4.3,34.8,34.9,31.1,74.0,14.9,777.0
Lajpat Nagar,28.5677,77.2433,2026-08-13 00:00:00,29.1,89,0.0,3.4,35.4,35.5,29.5,69.0,13.8,563.0
Lajpat Nagar,28.5677,77.2433,2026-08-13 01:00:00,28.8,89,0.0,4.1,33.5,33.5,27.6,67.0,12.9,621.0
Lajpat Nagar,28.5677,77.2433,2026-08-13 02:00:00,28.6,89,0.0,4.5,32.0,32.1,26.0,66.0,12.4,695.0
Lajpat Nagar,28.5677,77.2433,2026-08-13 03:00:00,28.4,89,0.0,5.6,29.3,29.5,24.6,62.0,12.0,704.0
Lajpat Nagar,28.5677,77.2433,2026-08-13 04:00:00,28.0,92,0.0,3.2,29.9,30.0,23.5,58.0,12.0,729.0
Lajpat Nagar,28.5677,77.2433,2026-08-13 05:00:00,26.9,96,0.0,4.7,38.2,38.3,39.0,36.0,18.0,762.0
Lajpat Nagar,28.5677,77.2433,2026-08-13 06:00:00,26.6,98,0.1,10.9,39.5,39.5,37.1,51.0,19.7,818.0
Lajpat Nagar,28.5677,77.2433,2026-08-13 07:00:00,28.0,94,0.0,7.0,35.6,35.6,34.1,72.0,22.0,882.0
Lajpat Nagar,28.5677,77.2433,2026-08-13 08:00:00,30.2,81,0.0,4.0,37.1,37.1,29.8,100.0,24.1,894.0
Lajpat Nagar,28.5677,77.2433,2026-08-13 09:00:00,31.7,76,0.0,3.2,39.3,52.7,23.0,140.0,26.1,809.0
Lajpat Nagar,28.5677,77.2433,2026-08-13 10:00:00,32.8,70,0.0,1.5,38.0,40.7,14.8,186.0,27.9,672.0
Lajpat Nagar,28.5677,77.2433,2026-08-13 11:00:00,32.1,71,0.1,2.8,37.1,38.9,8.7,220.0,28.2,560.0
Lajpat Nagar,28.5677,77.2433,2026-08-13 12:00:00,33.6,67,0.3,1.9,36.4,37.7,5.9,233.0,25.7,496.0
Lajpat Nagar,28.5677,77.2433,2026-08-13 13:00:00,31.9,71,0.3,7.8,35.6,36.7,5.2,233.0,21.8,458.0
Lajpat Nagar,28.5677,77.2433,2026-08-13 14:00:00,32.5,72,0.3,4.9,34.5,35.4,6.0,227.0,18.6,455.0
Lajpat Nagar,28.5677,77.2433,2026-08-13 15:00:00,33.6,65,0.1,4.8,35.0,57.7,5.2,218.0,16.5,474.0
Lajpat Nagar,28.5677,77.2433,2026-08-13 16:00:00,33.4,66,0.0,5.4,36.9,82.0,6.0,202.0,15.3,528.0
Lajpat Nagar,28.5677,77.2433,2026-08-13 17:00:00,30.0,89,0.7,4.5,37.5,44.0,17.5,172.0,18.6,667.0
Lajpat Nagar,28.5677,77.2433,2026-08-13 18:00:00,30.0,84,0.2,2.5,46.6,51.8,37.5,135.0,22.4,945.0
Lajpat Nagar,28.5677,77.2433,2026-08-13 19:00:00,29.7,88,0.0,2.7,54.5,60.1,64.7,84.0,27.5,1308.0
Lajpat Nagar,28.5677,77.2433,2026-08-13 20:00:00,29.8,90,0.0,3.1,62.6,69.2,82.2,46.0,30.8,1641.0
Lajpat Nagar,28.5677,77.2433,2026-08-13 21:00:00,29.9,89,0.0,3.0,73.3,80.8,81.1,36.0,30.5,1965.0
Lajpat Nagar,28.5677,77.2433,2026-08-13 22:00:00,29.8,89,0.0,3.2,74.5,80.1,70.3,39.0,28.3,2259.0
Lajpat Nagar,28.5677,77.2433,2026-08-13 23:00:00,30.3,89,0.0,2.1,66.8,70.3,59.9,43.0,26.0,2351.0
Lajpat Nagar,28.5677,77.2433,2026-08-14 00:00:00,29.8,90,0.0,3.1,64.3,66.4,52.6,43.0,23.9,2088.0
Lajpat Nagar,28.5677,77.2433,2026-08-14 01:00:00,29.4,90,0.0,4.1,62.6,64.3,45.7,43.0,21.6,1624.0
Lajpat Nagar,28.5677,77.2433,2026-08-14 02:00:00,29.2,90,0.0,4.7,62.4,63.8,40.7,42.0,19.6,1242.0
Lajpat Nagar,28.5677,77.2433,2026-08-14 03:00:00,28.9,90,0.0,4.5,62.4,63.8,39.2,35.0,18.0,1053.0
Lajpat Nagar,28.5677,77.2433,2026-08-14 04:00:00,28.6,91,0.0,5.2,62.6,63.8,39.8,27.0,16.7,947.0
Lajpat Nagar,28.5677,77.2433,2026-08-14 05:00:00,27.1,97,0.0,1.9,55.1,60.8,43.8,23.0,16.2,878.0
Lajpat Nagar,28.5677,77.2433,2026-08-14 06:00:00,26.6,97,2.9,2.7,47.6,58.6,41.3,30.0,17.0,852.0
Lajpat Nagar,28.5677,77.2433,2026-08-14 07:00:00,27.2,95,0.8,3.6,43.5,61.9,37.6,40.0,18.1,863.0
Lajpat Nagar,28.5677,77.2433,2026-08-14 08:00:00,28.1,91,0.2,4.1,43.7,65.0,33.7,54.0,19.3,848.0
Lajpat Nagar,28.5677,77.2433,2026-08-14 09:00:00,28.8,87,0.2,3.7,39.5,69.2,29.2,75.0,20.5,769.0
Lajpat Nagar,28.5677,77.2433,2026-08-14 10:00:00,30.0,80,0.1,1.3,39.5,67.3,24.4,100.0,21.9,664.0
Lajpat Nagar,28.5677,77.2433,2026-08-14 11:00:00,30.6,78,0.2,2.3,37.3,59.5,20.8,119.0,22.9,589.0
Lajpat Nagar,28.5677,77.2433,2026-08-14 12:00:00,30.7,80,0.5,2.3,35.7,54.1,19.0,129.0,23.4,562.0
Lajpat Nagar,28.5677,77.2433,2026-08-14 13:00:00,30.8,80,0.3,3.0,33.2,48.4,18.5,135.0,23.7,565.0
Lajpat Nagar,28.5677,77.2433,2026-08-14 14:00:00,30.3,80,0.4,6.4,32.0,45.2,19.2,137.0,24.2,600.0
Lajpat Nagar,28.5677,77.2433,2026-08-14 15:00:00,28.4,89,2.3,2.6,32.0,43.5,20.5,138.0,25.0,670.0
Lajpat Nagar,28.5677,77.2433,2026-08-14 16:00:00,28.9,86,0.3,1.3,31.4,40.5,22.9,137.0,26.0,772.0
Lajpat Nagar,28.5677,77.2433,2026-08-14 17:00:00,29.7,81,0.0,4.2,48.0,62.9,35.8,143.0,46.9,900.0
Lajpat Nagar,28.5677,77.2433,2026-08-14 18:00:00,29.2,83,0.0,3.7,54.5,64.5,57.3,109.0,49.2,1087.0
Lajpat Nagar,28.5677,77.2433,2026-08-14 19:00:00,28.7,87,0.0,3.7,68.5,78.0,86.6,62.0,52.2,1299.0
Lajpat Nagar,28.5677,77.2433,2026-08-14 20:00:00,28.4,88,0.0,4.0,88.7,98.0,106.2,27.0,53.5,1435.0
Lajpat Nagar,28.5677,77.2433,2026-08-14 21:00:00,28.3,89,0.0,0.9,100.1,109.4,106.6,15.0,51.5,1434.0
Lajpat Nagar,28.5677,77.2433,2026-08-14 22:00:00,28.1,90,0.0,2.8,103.4,111.8,97.2,14.0,47.8,1355.0
Lajpat Nagar,28.5677,77.2433,2026-08-14 23:00:00,28.2,88,0.0,2.9,103.1,110.8,88.9,14.0,44.2,1275.0
Lajpat Nagar,28.5677,77.2433,2026-08-15 00:00:00,28.0,90,0.0,1.9,105.5,113.4,85.3,11.0,41.1,1224.0
Lajpat Nagar,28.5677,77.2433,2026-08-15 01:00:00,27.6,92,0.0,2.0,109.2,117.1,82.9,8.0,38.2,1172.0
Lajpat Nagar,28.5677,77.2433,2026-08-15 02:00:00,27.4,94,0.0,1.9,109.4,117.1,81.7,6.0,36.3,1101.0
Lajpat Nagar,28.5677,77.2433,2026-08-15 03:00:00,27.1,95,0.0,2.8,111.8,120.1,84.2,0.0,35.9,971.0
Lajpat Nagar,28.5677,77.2433,2026-08-15 04:00:00,27.1,97,0.0,1.5,115.9,124.3,88.1,0.0,36.6,822.0
Lajpat Nagar,28.5677,77.2433,2026-08-15 05:00:00,26.7,95,0.0,6.0,76.8,87.8,38.9,36.0,25.9,762.0
Lajpat Nagar,28.5677,77.2433,2026-08-15 06:00:00,26.8,97,0.4,3.7,77.5,89.2,37.1,46.0,27.0,890.0
Lajpat Nagar,28.5677,77.2433,2026-08-15 07:00:00,26.9,97,0.5,3.1,70.1,82.9,34.3,63.0,28.6,1108.0
Lajpat Nagar,28.5677,77.2433,2026-08-15 08:00:00,27.9,92,0.2,2.6,53.8,67.8,30.5,87.0,29.7,1222.0
Lajpat Nagar,28.5677,77.2433,2026-08-15 09:00:00,28.6,87,0.0,2.3,46.9,60.8,24.7,127.0,30.1,1127.0
Lajpat Nagar,28.5677,77.2433,2026-08-15 10:00:00,30.1,81,0.0,1.8,46.1,58.9,17.8,176.0,30.1,929.0
Lajpat Nagar,28.5677,77.2433,2026-08-15 11:00:00,32.3,70,0.0,6.9,48.0,59.5,12.8,212.0,29.6,757.0
Lajpat Nagar,28.5677,77.2433,2026-08-15 12:00:00,32.8,68,0.2,8.2,49.2,59.6,10.6,228.0,28.5,652.0
Lajpat Nagar,28.5677,77.2433,2026-08-15 13:00:00,30.8,76,2.2,8.2,48.1,56.9,10.2,231.0,26.9,574.0
Lajpat Nagar,28.5677,77.2433,2026-08-15 14:00:00,32.0,74,0.3,3.9,45.8,53.7,11.3,228.0,25.5,526.0
Lajpat Nagar,28.5677,77.2433,2026-08-15 15:00:00,32.7,66,0.2,7.6,44.9,52.2,13.5,220.0,24.6,491.0
Lajpat Nagar,28.5677,77.2433,2026-08-15 16:00:00,32.6,66,0.1,6.6,43.2,50.1,17.2,205.0,24.0,486.0
Lajpat Nagar,28.5677,77.2433,2026-08-15 17:00:00,31.8,73,0.0,10.4,45.3,82.7,19.3,192.0,26.2,570.0
Lajpat Nagar,28.5677,77.2433,2026-08-15 18:00:00,31.1,80,0.1,5.4,53.9,87.1,39.8,150.0,27.8,838.0
Lajpat Nagar,28.5677,77.2433,2026-08-15 19:00:00,30.5,83,0.0,4.8,71.2,107.1,67.8,92.0,30.0,1195.0
Lajpat Nagar,28.5677,77.2433,2026-08-15 20:00:00,30.1,86,0.0,4.2,82.0,115.5,85.9,48.0,30.7,1414.0
Lajpat Nagar,28.5677,77.2433,2026-08-15 21:00:00,29.7,88,0.0,3.7,85.0,118.3,85.3,34.0,28.9,1380.0
Lajpat Nagar,28.5677,77.2433,2026-08-15 22:00:00,29.3,90,0.0,3.4,82.9,118.7,74.8,34.0,25.7,1207.0
Lajpat Nagar,28.5677,77.2433,2026-08-15 23:00:00,29.3,86,0.0,8.4,74.5,112.7,64.0,34.0,22.3,1015.0
Lajpat Nagar,28.5677,77.2433,2026-08-16 00:00:00,28.9,88,0.0,7.5,63.3,101.0,55.2,30.0,18.5,807.0
Lajpat Nagar,28.5677,77.2433,2026-08-16 01:00:00,28.7,89,0.0,6.5,54.1,90.6,46.1,26.0,14.5,580.0
Lajpat Nagar,28.5677,77.2433,2026-08-16 02:00:00,28.4,88,0.1,5.6,47.8,78.9,39.1,24.0,11.7,442.0
Lajpat Nagar,28.5677,77.2433,2026-08-16 03:00:00,26.5,93,2.0,6.5,39.8,60.8,35.7,22.0,10.7,472.0
Lajpat Nagar,28.5677,77.2433,2026-08-16 04:00:00,26.4,93,0.5,9.0,38.2,54.5,34.3,21.0,10.9,591.0
Lajpat Nagar,28.5677,77.2433,2026-08-16 05:00:00,27.8,88,0.0,10.1,41.8,155.1,16.5,46.0,8.5,675.0
Lajpat Nagar,28.5677,77.2433,2026-08-16 06:00:00,27.9,86,0.1,10.3,46.6,165.8,16.6,46.0,9.4,675.0
Lajpat Nagar,28.5677,77.2433,2026-08-16 07:00:00,28.6,80,0.1,11.2,50.2,166.2,16.6,47.0,10.7,639.0
Lajpat Nagar,28.5677,77.2433,2026-08-16 08:00:00,29.5,78,0.0,9.2,50.9,162.5,15.6,55.0,11.7,585.0
Lajpat Nagar,28.5677,77.2433,2026-08-16 09:00:00,30.3,75,0.0,8.2,145.8,1128.8,12.7,76.0,12.2,506.0
Lajpat Nagar,28.5677,77.2433,2026-08-16 10:00:00,31.8,71,0.0,6.4,258.0,2116.0,8.8,103.0,12.5,410.0
Lajpat Nagar,28.5677,77.2433,2026-08-16 11:00:00,32.6,68,0.0,6.7,273.8,2190.5,5.8,125.0,12.8,339.0
Lajpat Nagar,28.5677,77.2433,2026-08-16 12:00:00,32.9,65,0.2,7.1,126.7,746.9,4.2,138.0,13.0,309.0
Lajpat Nagar,28.5677,77.2433,2026-08-16 13:00:00,33.3,65,0.1,5.4,95.5,495.5,3.6,146.0,13.2,305.0
Lajpat Nagar,28.5677,77.2433,2026-08-16 14:00:00,33.4,65,0.0,7.2,96.6,547.6,4.6,147.0,13.4,317.0
Lajpat Nagar,28.5677,77.2433,2026-08-16 15:00:00,33.4,65,0.1,10.1,90.3,484.3,7.7,140.0,13.4,337.0
Lajpat Nagar,28.5677,77.2433,2026-08-16 16:00:00,32.9,66,0.1,7.3,87.1,438.7,12.6,127.0,13.4,374.0
Lajpat Nagar,28.5677,77.2433,2026-08-16 17:00:00,32.2,72,0.0,4.4,152.3,998.4,16.7,95.0,11.6,447.0
Lajpat Nagar,28.5677,77.2433,2026-08-16 18:00:00,31.5,80,0.0,2.0,127.6,597.9,26.2,76.0,13.6,600.0
Lajpat Nagar,28.5677,77.2433,2026-08-16 19:00:00,30.4,85,0.1,5.9,115.7,440.5,39.1,50.0,16.4,788.0
Lajpat Nagar,28.5677,77.2433,2026-08-16 20:00:00,29.7,87,0.3,5.7,99.2,305.5,48.3,31.0,18.4,895.0
Lajpat Nagar,28.5677,77.2433,2026-08-16 21:00:00,29.3,87,0.1,6.0,80.3,204.9,50.1,24.0,18.6,845.0
Lajpat Nagar,28.5677,77.2433,2026-08-16 22:00:00,29.0,87,0.1,4.7,64.5,132.7,48.2,23.0,17.9,715.0
Lajpat Nagar,28.5677,77.2433,2026-08-16 23:00:00,29.4,84,0.1,6.6,64.5,120.1,45.7,24.0,17.8,616.0
Lajpat Nagar,28.5677,77.2433,2026-08-17 00:00:00,28.7,85,0.0,7.2,61.7,123.9,43.0,25.0,18.9,609.0
Lajpat Nagar,28.5677,77.2433,2026-08-17 01:00:00,28.5,85,0.0,7.3,63.1,124.3,39.8,28.0,20.4,634.0
Lajpat Nagar,28.5677,77.2433,2026-08-17 02:00:00,28.2,87,0.0,5.6,63.8,119.2,38.5,28.0,21.7,623.0
Lajpat Nagar,28.5677,77.2433,2026-08-17 03:00:00,28.0,86,0.0,8.0,65.7,115.0,41.6,20.0,22.5,517.0
Lajpat Nagar,28.5677,77.2433,2026-08-17 04:00:00,27.8,83,0.0,8.8,68.9,122.5,46.6,10.0,22.9,375.0
Lajpat Nagar,28.5677,77.2433,2026-08-17 05:00:00,28.5,81,0.0,10.4,39.9,115.9,21.8,33.0,10.9,307.0
Lajpat Nagar,28.5677,77.2433,2026-08-17 06:00:00,28.0,83,0.0,7.3,36.7,115.5,20.0,37.0,10.5,403.0
Lajpat Nagar,28.5677,77.2433,2026-08-17 07:00:00,28.7,79,0.0,9.7,32.0,88.7,17.4,44.0,10.0,572.0
Lajpat Nagar,28.5677,77.2433,2026-08-17 08:00:00,29.7,75,0.0,11.3,29.7,74.7,14.7,55.0,9.8,655.0
Lajpat Nagar,28.5677,77.2433,2026-08-17 09:00:00,30.4,74,0.0,8.4,36.1,91.5,11.7,73.0,10.2,550.0
Lajpat Nagar,28.5677,77.2433,2026-08-17 10:00:00,31.4,71,0.0,8.5,178.3,1527.4,8.5,96.0,10.8,357.0
Lajpat Nagar,28.5677,77.2433,2026-08-17 11:00:00,32.6,65,0.0,9.9,253.3,2123.4,6.1,115.0,11.3,219.0
Lajpat Nagar,28.5677,77.2433,2026-08-17 12:00:00,33.2,64,0.0,8.5,130.4,875.4,4.4,128.0,11.3,188.0
Lajpat Nagar,28.5677,77.2433,2026-08-17 13:00:00,33.2,64,0.0,8.3,85.4,463.8,3.5,138.0,11.2,212.0
Lajpat Nagar,28.5677,77.2433,2026-08-17 14:00:00,29.6,79,0.0,7.8,68.5,327.8,4.4,140.0,11.0,274.0
Lajpat Nagar,28.5677,77.2433,2026-08-17 15:00:00,30.4,75,0.1,7.4,58.9,251.5,6.7,133.0,10.6,357.0
Lajpat Nagar,28.5677,77.2433,2026-08-17 16:00:00,31.0,73,0.3,9.4,51.3,191.9,10.7,120.0,10.3,479.0
Lajpat Nagar,28.5677,77.2433,2026-08-17 17:00:00,29.7,80,0.6,5.7,44.9,124.8,18.5,101.0,10.9,678.0
Lajpat Nagar,28.5677,77.2433,2026-08-17 18:00:00,29.3,84,1.2,4.0,44.9,93.6,33.7,74.0,13.4,1074.0
Lajpat Nagar,28.5677,77.2433,2026-08-17 19:00:00,28.2,89,0.7,6.3,50.9,88.9,52.6,42.0,16.9,1548.0
Lajpat Nagar,28.5677,77.2433,2026-08-17 20:00:00,27.8,89,0.1,1.5,57.4,85.2,66.2,19.0,19.9,1775.0
Lajpat Nagar,28.5677,77.2433,2026-08-17 21:00:00,24.6,97,0.0,3.0,57.0,82.7,70.5,11.0,22.3,1537.0
Lajpat Nagar,28.5677,77.2433,2026-08-17 22:00:00,25.1,99,0.0,4.5,53.9,76.4,69.5,12.0,24.2,1052.0
Lajpat Nagar,28.5677,77.2433,2026-08-17 23:00:00,25.0,98,0.1,2.2,51.3,67.1,66.1,14.0,24.7,654.0
Lajpat Nagar,28.5677,77.2433,2026-08-18 00:00:00,25.2,97,0.0,9.9,44.9,56.7,60.2,17.0,22.7,469.0
Lajpat Nagar,28.5677,77.2433,2026-08-18 01:00:00,25.0,98,0.0,6.5,43.1,52.4,51.9,22.0,19.2,370.0
Lajpat Nagar,28.5677,77.2433,2026-08-18 02:00:00,25.2,98,0.1,5.3,39.7,47.7,44.3,26.0,16.5,315.0
Lajpat Nagar,28.5677,77.2433,2026-08-18 03:00:00,25.0,99,0.0,3.0,16.5,19.6,38.3,29.0,15.5,294.0
Lajpat Nagar,28.5677,77.2433,2026-08-18 04:00:00,25.0,98,0.0,2.1,16.0,20.4,33.0,31.0,15.2,316.0
Lajpat Nagar,28.5677,77.2433,2026-08-18 05:00:00,24.9,98,0.1,1.9,21.0,26.1,28.7,35.0,14.9,364.0
Lajpat Nagar,28.5677,77.2433,2026-08-18 06:00:00,25.0,99,0.8,0.9,24.4,29.8,26.0,39.0,14.4,463.0
Lajpat Nagar,28.5677,77.2433,2026-08-18 07:00:00,25.6,98,0.1,3.1,28.7,40.5,24.2,44.0,13.9,587.0
Lajpat Nagar,28.5677,77.2433,2026-08-18 08:00:00,26.5,93,0.0,3.7,32.0,63.6,21.6,56.0,13.7,641.0
Lajpat Nagar,28.5677,77.2433,2026-08-18 09:00:00,28.3,85,0.0,2.1,37.0,103.6,16.8,79.0,13.8,554.0
Lajpat Nagar,28.5677,77.2433,2026-08-18 10:00:00,29.9,78,0.0,4.4,46.0,157.9,11.3,109.0,14.1,395.0
Lajpat Nagar,28.5677,77.2433,2026-08-18 11:00:00,31.0,75,0.1,2.3,58.2,226.8,7.2,134.0,14.4,280.0
Lajpat Nagar,28.5677,77.2433,2026-08-18 12:00:00,31.6,72,0.2,0.8,64.3,249.6,5.4,151.0,14.8,246.0
Lajpat Nagar,28.5677,77.2433,2026-08-18 13:00:00,32.2,70,0.3,2.0,64.3,242.1,5.2,163.0,15.4,255.0
Lajpat Nagar,28.5677,77.2433,2026-08-18 14:00:00,32.5,68,0.2,2.6,63.1,231.9,6.3,167.0,15.6,304.0
Lajpat Nagar,28.5677,77.2433,2026-08-18 15:00:00,32.7,68,0.1,2.9,60.3,214.7,7.3,162.0,15.0,408.0
Lajpat Nagar,28.5677,77.2433,2026-08-18 16:00:00,32.3,68,0.1,3.6,58.7,204.0,9.7,150.0,14.1,553.0
Lajpat Nagar,28.5677,77.2433,2026-08-18 17:00:00,31.5,72,0.5,6.1,56.0,176.0,17.7,131.0,14.5,693.0
Lajpat Nagar,28.5677,77.2433,2026-08-18 18:00:00,27.3,92,0.0,6.7,62.2,143.4,36.8,99.0,17.2,841.0
Lajpat Nagar,28.5677,77.2433,2026-08-18 19:00:00,27.1,96,0.0,3.2,75.2,154.1,61.4,61.0,21.1,985.0
Lajpat Nagar,28.5677,77.2433,2026-08-18 20:00:00,27.2,95,0.0,3.5,79.9,161.6,79.3,32.0,25.1,1035.0
Lajpat Nagar,28.5677,77.2433,2026-08-18 21:00:00,27.1,96,0.0,4.9,85.0,156.5,84.9,21.0,29.2,913.0
Lajpat Nagar,28.5677,77.2433,2026-08-18 22:00:00,26.8,96,0.3,6.0,93.8,158.3,83.6,21.0,33.3,698.0
Lajpat Nagar,28.5677,77.2433,2026-08-18 23:00:00,26.5,97,0.3,5.7,84.1,133.6,79.6,22.0,35.6,543.0
Lajpat Nagar,28.5677,77.2433,2026-08-19 00:00:00,26.3,97,0.0,3.2,78.5,120.6,71.9,24.0,34.7,527.0
Lajpat Nagar,28.5677,77.2433,2026-08-19 01:00:00,26.1,98,0.0,4.0,76.1,114.8,61.5,27.0,32.1,570.0
Lajpat Nagar,28.5677,77.2433,2026-08-19 02:00:00,25.9,99,0.0,2.7,79.2,112.5,54.8,28.0,29.9,584.0
Lajpat Nagar,28.5677,77.2433,2026-08-19 03:00:00,25.9,99,0.0,3.8,84.5,117.8,56.9,20.0,29.3,509.0
Lajpat Nagar,28.5677,77.2433,2026-08-19 04:00:00,25.9,99,0.0,4.8,88.5,123.9,62.8,9.0,29.1,405.0
Lajpat Nagar,28.5677,77.2433,2026-08-19 05:00:00,25.9,99,0.0,5.2,89.9,123.9,63.8,6.0,28.4,364.0
Lajpat Nagar,28.5677,77.2433,2026-08-19 06:00:00,25.9,98,0.0,6.5,81.0,115.9,54.9,14.0,26.3,456.0
Lajpat Nagar,28.5677,77.2433,2026-08-19 07:00:00,26.8,93,0.0,5.2,61.0,102.9,41.2,30.0,23.7,610.0
Lajpat Nagar,28.5677,77.2433,2026-08-19 08:00:00,27.9,89,0.0,5.5,54.2,114.6,29.2,53.0,21.7,705.0
Lajpat Nagar,28.5677,77.2433,2026-08-19 09:00:00,29.4,82,0.0,5.3,54.0,149.0,20.9,89.0,20.9,673.0
Lajpat Nagar,28.5677,77.2433,2026-08-19 10:00:00,30.8,74,0.0,4.2,97.3,577.4,14.3,134.0,20.6,581.0
Lajpat Nagar,28.5677,77.2433,2026-08-19 11:00:00,31.8,71,0.0,2.0,116.6,720.8,9.5,170.0,20.5,509.0
Lajpat Nagar,28.5677,77.2433,2026-08-19 12:00:00,32.1,70,0.0,2.7,93.6,463.8,6.3,195.0,20.4,471.0
Lajpat Nagar,28.5677,77.2433,2026-08-19 13:00:00,32.6,71,0.1,2.5,82.4,350.2,4.8,213.0,20.4,453.0
Lajpat Nagar,28.5677,77.2433,2026-08-19 14:00:00,32.8,71,0.2,1.9,77.8,309.2,5.6,217.0,20.0,492.0
Lajpat Nagar,28.5677,77.2433,2026-08-19 15:00:00,32.5,73,0.0,3.1,90.3,438.7,9.0,202.0,18.7,603.0
Lajpat Nagar,28.5677,77.2433,2026-08-19 16:00:00,30.1,81,0.3,7.3,80.3,350.2,14.7,173.0,17.1,772.0
Lajpat Nagar,28.5677,77.2433,2026-08-19 17:00:00,28.0,89,0.2,8.9,64.7,208.6,22.3,144.0,16.5,987.0
Lajpat Nagar,28.5677,77.2433,2026-08-19 18:00:00,27.6,92,0.0,0.6,66.4,167.2,33.3,116.0,17.6,1323.0
Lajpat Nagar,28.5677,77.2433,2026-08-19 19:00:00,27.6,95,0.1,3.3,73.1,165.3,46.2,87.0,19.6,1706.0
Lajpat Nagar,28.5677,77.2433,2026-08-19 20:00:00,27.3,95,1.2,2.2,65.7,129.0,56.0,65.0,22.2,1904.0
Lajpat Nagar,28.5677,77.2433,2026-08-19 21:00:00,27.1,95,0.5,6.1,66.1,116.9,61.1,53.0,25.7,1764.0
Lajpat Nagar,28.5677,77.2433,2026-08-19 22:00:00,26.9,95,0.1,4.7,74.0,118.3,63.1,48.0,29.6,1438.0
Lajpat Nagar,28.5677,77.2433,2026-08-19 23:00:00,26.8,96,0.0,3.2,81.5,120.6,62.2,46.0,32.4,1159.0
Lajpat Nagar,28.5677,77.2433,2026-08-20 00:00:00,26.7,97,0.0,0.8,86.8,126.2,57.1,47.0,33.0,1008.0
Lajpat Nagar,28.5677,77.2433,2026-08-20 01:00:00,26.5,97,0.0,0.2,88.2,133.2,49.0,51.0,32.4,903.0
Lajpat Nagar,28.5677,77.2433,2026-08-20 02:00:00,26.5,97,0.0,1.4,85.9,121.5,42.4,54.0,32.0,826.0
Lajpat Nagar,28.5677,77.2433,2026-08-20 03:00:00,26.3,98,0.9,8.0,80.3,113.6,38.9,53.0,32.7,775.0
Lajpat Nagar,28.5677,77.2433,2026-08-20 04:00:00,25.7,99,2.6,4.4,71.7,99.7,36.8,51.0,33.7,751.0
Lajpat Nagar,28.5677,77.2433,2026-08-20 05:00:00,25.7,95,1.0,1.0,69.4,91.7,35.0,52.0,33.9,727.5
Lajpat Nagar,28.5677,77.2433,2026-08-20 06:00:00,25.6,94,1.1,0.9,68.9,91.3,33.7,56.0,32.6,682.5
Lajpat Nagar,28.5677,77.2433,2026-08-20 07:00:00,25.5,96,2.2,5.8,59.4,83.1,32.8,62.0,30.4,617.0
Lajpat Nagar,28.5677,77.2433,2026-08-20 08:00:00,26.1,97,0.2,3.2,41.3,66.6,30.6,75.0,28.8,525.0
Lajpat Nagar,28.5677,77.2433,2026-08-20 09:00:00,27.3,88,0.1,1.8,35.9,63.1,25.9,98.0,28.1,470.0
Lajpat Nagar,28.5677,77.2433,2026-08-20 10:00:00,28.1,85,0.0,1.5,35.6,68.2,19.9,126.0,27.9,416.0
Lajpat Nagar,28.5677,77.2433,2026-08-20 11:00:00,29.0,80,0.0,1.3,38.2,73.6,15.0,156.0,27.9,378.0
Lajpat Nagar,28.5677,77.2433,2026-08-20 12:00:00,30.4,74,0.0,0.3,36.7,66.4,11.5,188.0,28.0,364.0
Lajpat Nagar,28.5677,77.2433,2026-08-20 13:00:00,30.7,74,0.1,1.9,40.2,68.9,9.0,221.0,28.2,368.0
Lajpat Nagar,28.5677,77.2433,2026-08-20 14:00:00,31.5,72,0.1,0.4,42.1,69.4,8.5,242.0,28.4,380.0
Lajpat Nagar,28.5677,77.2433,2026-08-20 15:00:00,31.5,72,0.1,1.6,44.7,70.5,10.5,245.0,28.4,398.0
Lajpat Nagar,28.5677,77.2433,2026-08-20 16:00:00,31.0,73,0.1,0.5,46.4,71.0,14.6,236.0,28.3,425.0
Lajpat Nagar,28.5677,77.2433,2026-08-20 17:00:00,30.8,76,0.8,9.9,45.6,67.3,19.7,219.0,28.6,467.0
Lajpat Nagar,28.5677,77.2433,2026-08-20 18:00:00,29.4,82,0.3,6.4,46.7,61.9,26.6,190.0,29.5,535.0
Lajpat Nagar,28.5677,77.2433,2026-08-20 19:00:00,28.3,88,0.2,2.6,47.4,55.5,34.5,152.0,30.8,619.0
Lajpat Nagar,28.5677,77.2433,2026-08-20 20:00:00,28.0,91,0.2,2.5,50.5,57.9,41.0,120.0,32.2,693.0
Lajpat Nagar,28.5677,77.2433,2026-08-20 21:00:00,27.7,92,0.0,1.3,58.2,64.7,45.2,100.0,34.3,756.0
Lajpat Nagar,28.5677,77.2433,2026-08-20 22:00:00,27.5,92,0.0,0.4,65.7,71.7,47.8,86.0,36.6,810.0
Lajpat Nagar,28.5677,77.2433,2026-08-20 23:00:00,27.4,93,0.0,2.3,68.7,73.6,48.5,75.0,37.3,835.0
Lajpat Nagar,28.5677,77.2433,2026-08-21 00:00:00,27.2,95,0.0,3.5,66.1,71.2,46.0,67.0,35.0,813.0
Lajpat Nagar,28.5677,77.2433,2026-08-21 01:00:00,27.1,95,0.0,4.9,64.5,69.8,41.7,61.0,31.1,763.0
Lajpat Nagar,28.5677,77.2433,2026-08-21 02:00:00,26.9,97,0.0,4.9,65.7,70.8,38.7,56.0,28.5,724.0
Lajpat Nagar,28.5677,77.2433,2026-08-21 03:00:00,26.7,97,0.3,1.8,67.1,72.9,39.2,48.0,28.5,715.0
Lajpat Nagar,28.5677,77.2433,2026-08-21 04:00:00,26.7,95,0.3,2.8,68.9,75.9,41.2,41.0,29.7,717.0
Lajpat Nagar,28.5677,77.2433,2026-08-21 05:00:00,26.7,94,0.3,4.8,70.5,79.2,41.7,40.0,30.6,708.0
Lajpat Nagar,28.5677,77.2433,2026-08-21 06:00:00,26.5,95,1.0,1.5,73.3,82.9,39.7,46.0,30.7,679.0
Lajpat Nagar,28.5677,77.2433,2026-08-21 07:00:00,26.3,95,1.0,4.5,56.0,69.8,36.4,59.0,30.6,640.0
Lajpat Nagar,28.5677,77.2433,2026-08-21 08:00:00,26.6,94,1.0,8.0,45.6,60.3,32.0,78.0,30.6,593.0
Lajpat Nagar,28.5677,77.2433,2026-08-21 09:00:00,27.8,88,0.1,6.8,40.3,56.2,26.0,108.0,31.0,531.0
Lajpat Nagar,28.5677,77.2433,2026-08-21 10:00:00,29.4,80,0.1,4.0,33.1,51.1,19.1,144.0,31.5,462.0
Lajpat Nagar,28.5677,77.2433,2026-08-21 11:00:00,30.8,75,0.1,3.1,33.3,50.4,13.5,181.0,32.0,416.0
Lajpat Nagar,28.5677,77.2433,2026-08-21 12:00:00,31.8,71,0.1,2.4,39.5,55.5,10.0,221.0,33.0,411.0
Lajpat Nagar,28.5677,77.2433,2026-08-21 13:00:00,32.6,69,0.1,1.2,44.8,58.9,7.9,261.0,33.9,428.0
Lajpat Nagar,28.5677,77.2433,2026-08-21 14:00:00,32.5,71,0.1,0.9,48.8,61.7,7.1,284.0,33.7,442.0
Lajpat Nagar,28.5677,77.2433,2026-08-21 15:00:00,30.9,78,0.1,1.3,48.8,60.8,5.8,284.0,30.7,415.0
Lajpat Nagar,28.5677,77.2433,2026-08-21 16:00:00,28.4,90,0.1,1.8,45.3,56.6,5.8,268.0,26.5,386.0
Lajpat Nagar,28.5677,77.2433,2026-08-21 17:00:00,26.6,100,0.1,1.8,43.0,53.7,12.9,239.0,24.4,442.0
Lajpat Nagar,28.5677,77.2433,2026-08-21 18:00:00,26.2,100,3.0,0.8,49.2,57.4,35.1,189.0,26.9,688.0
Lajpat Nagar,28.5677,77.2433,2026-08-21 19:00:00,26.4,100,3.0,1.2,60.1,67.5,64.2,127.0,31.4,1019.0
Lajpat Nagar,28.5677,77.2433,2026-08-21 20:00:00,26.6,98,3.0,2.3,80.3,87.1,81.8,80.0,33.5,1213.0
Lajpat Nagar,28.5677,77.2433,2026-08-21 21:00:00,26.6,97,0.2,2.2,70.1,75.2,76.6,64.0,30.5,1138.0
Lajpat Nagar,28.5677,77.2433,2026-08-21 22:00:00,26.7,96,0.2,1.8,53.8,58.4,59.8,63.0,25.0,924.0
Lajpat Nagar,28.5677,77.2433,2026-08-21 23:00:00,26.6,96,0.2,1.1,47.6,52.2,46.1,63.0,20.5,744.0
Karol Bagh,28.6514,77.1907,2026-07-18 00:00:00,32.2,66,0.0,4.8,197.9,722.7,84.2,0.0,33.1,719.0
Karol Bagh,28.6514,77.1907,2026-07-18 01:00:00,31.5,67,0.0,3.7,191.4,646.3,81.2,0.0,32.9,564.0
Karol Bagh,28.6514,77.1907,2026-07-18 02:00:00,31.1,66,0.0,3.7,176.0,538.3,76.6,1.0,31.9,435.0
Karol Bagh,28.6514,77.1907,2026-07-18 03:00:00,31.0,64,0.0,4.3,155.1,434.0,70.9,3.0,30.0,353.0
Karol Bagh,28.6514,77.1907,2026-07-18 04:00:00,30.9,62,0.0,6.7,131.3,349.2,63.6,7.0,27.2,298.0
Karol Bagh,28.6514,77.1907,2026-07-18 05:00:00,31.3,66,0.0,10.3,141.6,372.5,70.4,4.0,35.5,278.0
Karol Bagh,28.6514,77.1907,2026-07-18 06:00:00,31.2,60,0.0,10.2,112.0,290.6,58.9,20.0,30.0,321.0
Karol Bagh,28.6514,77.1907,2026-07-18 07:00:00,32.0,56,0.0,9.8,98.3,282.2,42.8,43.0,22.4,400.0
Karol Bagh,28.6514,77.1907,2026-07-18 08:00:00,32.3,57,0.0,8.7,92.2,335.3,28.7,66.0,16.3,438.0
Karol Bagh,28.6514,77.1907,2026-07-18 09:00:00,33.1,57,0.0,9.8,98.0,459.1,18.8,89.0,13.2,390.0
Karol Bagh,28.6514,77.1907,2026-07-18 10:00:00,34.7,52,0.0,12.5,120.1,661.2,11.0,112.0,11.7,302.0
Karol Bagh,28.6514,77.1907,2026-07-18 11:00:00,35.4,49,0.0,13.9,156.5,938.8,5.6,129.0,10.7,234.0
Karol Bagh,28.6514,77.1907,2026-07-18 12:00:00,35.7,48,0.0,12.9,186.3,1158.6,3.2,136.0,10.2,212.0
Karol Bagh,28.6514,77.1907,2026-07-18 13:00:00,36.2,46,0.0,11.2,200.7,1251.7,3.2,137.0,10.2,211.0
Karol Bagh,28.6514,77.1907,2026-07-18 14:00:00,36.2,45,0.0,9.6,206.3,1292.7,4.6,134.0,10.3,217.0
Karol Bagh,28.6514,77.1907,2026-07-18 15:00:00,36.6,43,0.0,8.9,206.3,1277.8,6.7,130.0,10.1,215.0
Karol Bagh,28.6514,77.1907,2026-07-18 16:00:00,36.2,44,0.0,7.5,204.9,1214.4,10.2,122.0,10.0,220.0
Karol Bagh,28.6514,77.1907,2026-07-18 17:00:00,36.6,41,0.0,4.5,147.6,789.8,22.4,83.0,17.2,269.0
Karol Bagh,28.6514,77.1907,2026-07-18 18:00:00,36.0,44,0.0,4.8,148.5,672.4,39.8,62.0,20.9,410.0
Karol Bagh,28.6514,77.1907,2026-07-18 19:00:00,34.7,48,0.0,6.5,157.9,648.2,63.8,32.0,26.1,595.0
Karol Bagh,28.6514,77.1907,2026-07-18 20:00:00,34.2,50,0.0,5.3,170.9,694.8,81.2,10.0,30.4,718.0
Karol Bagh,28.6514,77.1907,2026-07-18 21:00:00,34.3,54,0.0,3.5,169.0,579.3,86.0,2.0,33.0,729.0
Karol Bagh,28.6514,77.1907,2026-07-18 22:00:00,34.0,55,0.0,1.2,152.7,510.4,84.3,2.0,34.7,677.0
Karol Bagh,28.6514,77.1907,2026-07-18 23:00:00,34.0,58,0.0,2.3,139.2,437.7,80.6,4.0,35.1,604.0
Karol Bagh,28.6514,77.1907,2026-07-19 00:00:00,32.9,58,0.0,3.8,126.7,376.3,75.9,6.0,33.7,504.0
Karol Bagh,28.6514,77.1907,2026-07-19 01:00:00,32.3,63,0.0,2.8,116.2,323.2,69.3,10.0,31.0,382.0
Karol Bagh,28.6514,77.1907,2026-07-19 02:00:00,31.5,67,0.0,4.4,106.6,275.7,62.9,14.0,28.4,296.0
Karol Bagh,28.6514,77.1907,2026-07-19 03:00:00,31.1,69,0.0,4.5,99.0,252.4,57.6,15.0,26.1,274.0
Karol Bagh,28.6514,77.1907,2026-07-19 04:00:00,30.6,70,0.0,4.7,94.8,252.4,52.5,16.0,23.9,288.0
Karol Bagh,28.6514,77.1907,2026-07-19 05:00:00,29.9,83,0.0,2.1,110.8,209.1,71.9,3.0,33.6,314.0
Karol Bagh,28.6514,77.1907,2026-07-19 06:00:00,30.6,77,0.0,6.4,105.7,181.1,65.1,18.0,33.8,360.0
Karol Bagh,28.6514,77.1907,2026-07-19 07:00:00,31.8,70,0.0,6.1,100.4,161.6,55.3,39.0,33.8,418.0
Karol Bagh,28.6514,77.1907,2026-07-19 08:00:00,32.7,61,0.0,7.6,81.5,146.2,44.5,64.0,32.2,437.0
Karol Bagh,28.6514,77.1907,2026-07-19 09:00:00,33.2,57,0.0,6.9,70.5,176.5,31.9,96.0,27.7,378.0
Karol Bagh,28.6514,77.1907,2026-07-19 10:00:00,34.4,52,0.0,7.9,75.7,285.9,18.4,131.0,21.6,279.0
Karol Bagh,28.6514,77.1907,2026-07-19 11:00:00,35.7,47,0.0,11.0,90.1,429.3,8.4,155.0,16.7,204.0
Karol Bagh,28.6514,77.1907,2026-07-19 12:00:00,36.1,46,0.0,11.1,97.6,499.2,4.1,160.0,13.9,181.0
Karol Bagh,28.6514,77.1907,2026-07-19 13:00:00,35.7,49,0.0,8.2,111.8,603.5,3.3,154.0,12.1,181.0
Karol Bagh,28.6514,77.1907,2026-07-19 14:00:00,36.2,47,0.0,5.3,118.7,666.8,4.3,144.0,11.2,190.0
Karol Bagh,28.6514,77.1907,2026-07-19 15:00:00,35.8,49,0.0,5.0,126.7,717.1,5.9,133.0,10.8,194.0
Karol Bagh,28.6514,77.1907,2026-07-19 16:00:00,34.1,58,1.0,5.9,131.3,752.5,9.1,118.0,11.2,205.0
Karol Bagh,28.6514,77.1907,2026-07-19 17:00:00,37.1,42,0.0,5.3,127.1,536.4,22.2,114.0,26.1,246.0
Karol Bagh,28.6514,77.1907,2026-07-19 18:00:00,35.2,50,0.4,8.1,121.5,445.2,27.0,101.0,28.8,345.0
Karol Bagh,28.6514,77.1907,2026-07-19 19:00:00,32.4,72,0.1,11.0,116.2,374.4,33.7,84.0,32.6,473.0
Karol Bagh,28.6514,77.1907,2026-07-19 20:00:00,31.8,77,0.0,8.1,108.7,305.5,38.7,69.0,35.4,562.0
Karol Bagh,28.6514,77.1907,2026-07-19 21:00:00,31.6,77,0.1,5.5,103.6,268.2,40.6,59.0,36.6,585.0
Karol Bagh,28.6514,77.1907,2026-07-19 22:00:00,31.0,80,0.6,5.8,98.3,238.4,40.8,52.0,36.8,569.0
Karol Bagh,28.6514,77.1907,2026-07-19 23:00:00,31.8,76,0.6,8.7,91.5,210.0,40.4,47.0,36.4,533.0
Karol Bagh,28.6514,77.1907,2026-07-20 00:00:00,30.4,83,0.0,6.8,89.6,210.0,39.7,43.0,35.4,468.0
Karol Bagh,28.6514,77.1907,2026-07-20 01:00:00,29.1,88,0.0,9.0,90.8,241.2,38.4,40.0,33.7,382.0
Karol Bagh,28.6514,77.1907,2026-07-20 02:00:00,28.4,88,0.0,7.0,92.4,269.2,36.7,39.0,31.3,318.0
Karol Bagh,28.6514,77.1907,2026-07-20 03:00:00,28.6,87,0.0,2.8,95.2,291.5,34.1,39.0,27.3,292.0
Karol Bagh,28.6514,77.1907,2026-07-20 04:00:00,27.2,93,3.8,10.4,92.9,275.7,31.2,39.0,22.5,289.0
Karol Bagh,28.6514,77.1907,2026-07-20 05:00:00,28.8,81,1.1,8.5,32.9,71.7,19.4,57.0,12.3,305.0
Karol Bagh,28.6514,77.1907,2026-07-20 06:00:00,28.9,83,0.1,6.6,31.3,58.0,24.0,54.0,14.7,349.0
Karol Bagh,28.6514,77.1907,2026-07-20 07:00:00,27.9,87,1.2,3.5,30.6,54.5,30.1,50.0,17.8,413.0
Karol Bagh,28.6514,77.1907,2026-07-20 08:00:00,27.4,94,5.8,3.9,33.5,53.8,32.8,50.0,19.7,472.0
Karol Bagh,28.6514,77.1907,2026-07-20 09:00:00,28.9,89,0.6,5.0,34.7,62.2,28.8,59.0,18.9,527.0
Karol Bagh,28.6514,77.1907,2026-07-20 10:00:00,29.5,86,0.7,1.8,36.8,90.8,21.3,72.0,16.7,575.0
Karol Bagh,28.6514,77.1907,2026-07-20 11:00:00,32.2,67,0.3,5.6,39.5,110.6,15.6,83.0,15.1,588.0
Karol Bagh,28.6514,77.1907,2026-07-20 12:00:00,30.7,75,2.0,6.7,42.3,126.2,13.3,88.0,14.5,532.0
Karol Bagh,28.6514,77.1907,2026-07-20 13:00:00,29.7,82,6.0,11.2,51.9,199.3,12.8,91.0,14.4,439.0
Karol Bagh,28.6514,77.1907,2026-07-20 14:00:00,29.9,81,0.4,8.6,61.0,265.4,13.8,92.0,15.4,377.0
Karol Bagh,28.6514,77.1907,2026-07-20 15:00:00,30.8,78,0.2,4.5,67.5,297.1,16.0,94.0,17.8,361.0
Karol Bagh,28.6514,77.1907,2026-07-20 16:00:00,31.0,77,0.0,3.8,73.6,320.4,19.7,94.0,21.2,375.0
Karol Bagh,28.6514,77.1907,2026-07-20 17:00:00,29.5,81,0.0,4.1,35.4,75.2,33.5,86.0,21.7,442.0
Karol Bagh,28.6514,77.1907,2026-07-20 18:00:00,27.5,92,6.3,3.8,41.2,76.1,47.4,64.0,26.8,614.0
Karol Bagh,28.6514,77.1907,2026-07-20 19:00:00,27.4,94,2.9,2.6,54.4,83.6,66.3,35.0,33.7,838.0
Karol Bagh,28.6514,77.1907,2026-07-20 20:00:00,27.6,94,1.0,1.7,63.6,86.4,78.4,15.0,38.3,984.0
Karol Bagh,28.6514,77.1907,2026-07-20 21:00:00,27.7,95,0.5,1.5,62.4,82.2,77.7,14.0,38.4,989.0
Karol Bagh,28.6514,77.1907,2026-07-20 22:00:00,27.6,94,0.1,1.8,59.5,77.8,70.1,22.0,36.1,915.0
Karol Bagh,28.6514,77.1907,2026-07-20 23:00:00,26.6,96,0.0,1.4,51.1,64.0,61.7,31.0,33.5,816.0
Karol Bagh,28.6514,77.1907,2026-07-21 00:00:00,26.8,96,0.2,3.1,42.3,51.3,53.7,38.0,31.1,689.0
Karol Bagh,28.6514,77.1907,2026-07-21 01:00:00,26.7,95,0.9,6.2,34.9,41.4,44.8,46.0,28.5,537.0
Karol Bagh,28.6514,77.1907,2026-07-21 02:00:00,26.5,95,0.3,7.2,31.4,36.2,37.6,51.0,26.4,418.0
Karol Bagh,28.6514,77.1907,2026-07-21 03:00:00,26.3,94,0.1,7.9,30.6,33.9,33.4,51.0,25.2,352.0
Karol Bagh,28.6514,77.1907,2026-07-21 04:00:00,26.2,92,0.1,6.1,27.8,29.3,30.8,48.0,24.5,318.0
Karol Bagh,28.6514,77.1907,2026-07-21 05:00:00,26.5,92,0.5,4.4,18.7,20.7,25.4,49.0,19.3,317.0
Karol Bagh,28.6514,77.1907,2026-07-21 06:00:00,26.0,93,3.7,6.2,20.3,21.3,25.0,54.0,21.3,370.0
Karol Bagh,28.6514,77.1907,2026-07-21 07:00:00,26.0,94,1.0,9.7,21.2,21.9,24.4,62.0,24.0,456.0
Karol Bagh,28.6514,77.1907,2026-07-21 08:00:00,26.6,91,0.2,9.9,22.3,22.8,22.9,71.0,25.3,502.0
Karol Bagh,28.6514,77.1907,2026-07-21 09:00:00,27.3,87,0.1,8.8,15.5,16.1,19.7,83.0,23.7,468.0
Karol Bagh,28.6514,77.1907,2026-07-21 10:00:00,28.3,82,0.2,9.4,13.0,13.5,15.5,96.0,20.8,395.0
Karol Bagh,28.6514,77.1907,2026-07-21 11:00:00,26.8,94,0.1,10.5,12.0,12.4,12.6,107.0,18.6,339.0
Karol Bagh,28.6514,77.1907,2026-07-21 12:00:00,28.0,92,0.9,6.9,11.7,12.0,11.8,115.0,18.2,320.0
Karol Bagh,28.6514,77.1907,2026-07-21 13:00:00,29.9,82,0.5,6.5,12.1,12.4,12.1,121.0,18.6,318.0
Karol Bagh,28.6514,77.1907,2026-07-21 14:00:00,28.7,84,1.5,7.9,13.6,13.8,12.9,126.0,19.2,332.0
Karol Bagh,28.6514,77.1907,2026-07-21 15:00:00,28.2,87,1.5,9.7,13.5,13.7,13.5,132.0,19.7,361.0
Karol Bagh,28.6514,77.1907,2026-07-21 16:00:00,28.8,85,0.6,5.8,15.1,15.3,14.6,136.0,20.3,406.0
Karol Bagh,28.6514,77.1907,2026-07-21 17:00:00,29.7,80,0.1,8.6,30.2,31.3,21.8,115.0,20.1,467.0
Karol Bagh,28.6514,77.1907,2026-07-21 18:00:00,29.3,79,0.3,6.0,36.4,37.1,26.4,101.0,20.5,569.0
Karol Bagh,28.6514,77.1907,2026-07-21 19:00:00,28.6,85,0.2,4.1,39.9,40.4,32.6,82.0,21.0,687.0
Karol Bagh,28.6514,77.1907,2026-07-21 20:00:00,28.5,85,0.0,6.9,35.2,35.4,36.0,68.0,21.1,749.0
Karol Bagh,28.6514,77.1907,2026-07-21 21:00:00,28.2,86,0.1,7.5,32.7,32.8,33.9,66.0,20.4,705.0
Karol Bagh,28.6514,77.1907,2026-07-21 22:00:00,27.9,87,0.0,9.7,32.2,32.4,29.0,70.0,19.2,605.0
Karol Bagh,28.6514,77.1907,2026-07-21 23:00:00,27.1,93,0.1,11.4,31.3,31.4,24.6,73.0,18.2,520.0
Karol Bagh,28.6514,77.1907,2026-07-22 00:00:00,26.8,93,0.1,10.6,30.3,30.3,22.0,73.0,17.5,479.0
Karol Bagh,28.6514,77.1907,2026-07-22 01:00:00,26.6,93,0.1,8.9,30.0,30.2,20.0,73.0,16.9,454.0
Karol Bagh,28.6514,77.1907,2026-07-22 02:00:00,26.6,94,0.0,8.0,29.3,29.3,18.5,72.0,16.6,434.0
Karol Bagh,28.6514,77.1907,2026-07-22 03:00:00,26.0,95,1.3,10.8,29.5,29.6,17.5,69.0,16.8,410.0
Karol Bagh,28.6514,77.1907,2026-07-22 04:00:00,25.8,95,0.5,10.6,29.6,29.8,17.0,65.0,17.3,392.0
Karol Bagh,28.6514,77.1907,2026-07-22 05:00:00,26.1,96,0.6,11.3,36.1,36.4,22.9,53.0,20.7,391.0
Karol Bagh,28.6514,77.1907,2026-07-22 06:00:00,26.1,96,0.8,12.3,35.2,35.6,22.6,58.0,20.1,427.0
Karol Bagh,28.6514,77.1907,2026-07-22 07:00:00,26.6,91,0.4,13.2,35.3,35.7,22.0,66.0,19.4,482.0
Karol Bagh,28.6514,77.1907,2026-07-22 08:00:00,27.1,84,0.9,15.4,36.7,37.1,20.3,81.0,18.9,512.0
Karol Bagh,28.6514,77.1907,2026-07-22 09:00:00,28.8,78,0.3,13.8,37.4,38.1,16.4,109.0,19.0,494.0
Karol Bagh,28.6514,77.1907,2026-07-22 10:00:00,30.2,70,0.3,13.6,33.8,34.5,11.5,143.0,19.5,452.0
Karol Bagh,28.6514,77.1907,2026-07-22 11:00:00,30.7,67,0.3,14.3,41.2,104.8,7.8,170.0,19.8,418.0
Karol Bagh,28.6514,77.1907,2026-07-22 12:00:00,31.6,64,0.2,14.4,42.3,125.3,5.8,184.0,19.7,401.0
Karol Bagh,28.6514,77.1907,2026-07-22 13:00:00,31.8,67,0.0,11.4,37.4,85.9,5.1,190.0,19.4,392.0
Karol Bagh,28.6514,77.1907,2026-07-22 14:00:00,32.0,66,0.2,10.7,39.5,95.5,7.0,187.0,19.4,391.0
Karol Bagh,28.6514,77.1907,2026-07-22 15:00:00,32.0,67,0.1,10.7,40.3,98.7,13.0,171.0,19.8,396.0
Karol Bagh,28.6514,77.1907,2026-07-22 16:00:00,31.7,66,0.5,9.1,35.3,71.9,21.7,146.0,20.6,410.0
Karol Bagh,28.6514,77.1907,2026-07-22 17:00:00,28.3,87,0.2,6.0,14.7,16.4,14.7,145.0,18.3,445.0
Karol Bagh,28.6514,77.1907,2026-07-22 18:00:00,28.9,86,0.0,3.9,17.3,18.2,24.3,121.0,20.7,526.0
Karol Bagh,28.6514,77.1907,2026-07-22 19:00:00,28.8,88,0.0,4.4,23.9,24.3,37.3,88.0,23.9,628.0
Karol Bagh,28.6514,77.1907,2026-07-22 20:00:00,29.0,88,0.0,6.9,25.4,25.6,45.1,65.0,25.8,687.0
Karol Bagh,28.6514,77.1907,2026-07-22 21:00:00,29.0,86,0.0,8.9,23.3,23.7,42.9,62.0,25.3,670.0
Karol Bagh,28.6514,77.1907,2026-07-22 22:00:00,28.9,82,0.1,8.9,21.0,21.2,35.6,68.0,23.6,611.0
Karol Bagh,28.6514,77.1907,2026-07-22 23:00:00,28.4,84,0.0,9.6,17.6,17.9,29.1,73.0,22.0,547.0
Karol Bagh,28.6514,77.1907,2026-07-23 00:00:00,28.3,83,0.0,11.0,14.9,15.1,25.2,73.0,20.9,482.0
Karol Bagh,28.6514,77.1907,2026-07-23 01:00:00,28.1,83,0.0,11.3,21.2,73.1,22.1,71.0,20.0,412.0
Karol Bagh,28.6514,77.1907,2026-07-23 02:00:00,27.8,84,0.0,11.4,24.9,88.7,20.0,68.0,19.4,360.0
Karol Bagh,28.6514,77.1907,2026-07-23 03:00:00,27.5,85,0.0,10.2,28.7,98.5,19.3,63.0,19.2,333.0
Karol Bagh,28.6514,77.1907,2026-07-23 04:00:00,27.3,85,0.0,10.0,34.2,127.1,19.7,58.0,19.3,323.0
Karol Bagh,28.6514,77.1907,2026-07-23 05:00:00,26.8,92,0.0,8.9,30.7,75.9,21.4,55.0,19.2,335.0
Karol Bagh,28.6514,77.1907,2026-07-23 06:00:00,26.4,94,0.9,9.3,33.5,88.2,20.4,63.0,20.3,388.0
Karol Bagh,28.6514,77.1907,2026-07-23 07:00:00,26.6,89,0.5,11.8,38.6,116.6,18.9,76.0,21.7,461.0
Karol Bagh,28.6514,77.1907,2026-07-23 08:00:00,28.1,82,0.3,10.8,28.3,43.4,16.8,92.0,22.3,501.0
Karol Bagh,28.6514,77.1907,2026-07-23 09:00:00,28.8,80,0.4,9.6,23.1,26.5,13.3,116.0,21.2,472.0
Karol Bagh,28.6514,77.1907,2026-07-23 10:00:00,30.5,72,0.1,12.1,21.5,22.1,9.2,144.0,19.2,409.0
Karol Bagh,28.6514,77.1907,2026-07-23 11:00:00,31.4,66,0.0,14.1,20.5,20.7,6.4,164.0,17.6,360.0
Karol Bagh,28.6514,77.1907,2026-07-23 12:00:00,31.8,64,0.1,14.0,20.4,20.7,5.6,170.0,16.5,341.0
Karol Bagh,28.6514,77.1907,2026-07-23 13:00:00,32.2,62,0.2,13.8,33.3,128.1,6.2,168.0,15.7,336.0
Karol Bagh,28.6514,77.1907,2026-07-23 14:00:00,32.6,62,0.1,12.5,28.2,74.7,7.6,163.0,15.7,344.0
Karol Bagh,28.6514,77.1907,2026-07-23 15:00:00,30.7,71,0.9,14.1,28.9,79.2,10.0,157.0,17.1,360.0
Karol Bagh,28.6514,77.1907,2026-07-23 16:00:00,30.4,75,0.7,4.5,31.0,73.8,13.3,148.0,19.3,389.0
Karol Bagh,28.6514,77.1907,2026-07-23 17:00:00,31.7,65,0.2,12.1,22.5,22.6,16.5,132.0,15.5,450.0
Karol Bagh,28.6514,77.1907,2026-07-23 18:00:00,30.7,70,0.2,10.1,27.6,27.7,21.0,119.0,17.4,584.0
Karol Bagh,28.6514,77.1907,2026-07-23 19:00:00,30.2,73,0.2,6.9,28.8,28.9,27.0,100.0,20.0,750.0
Karol Bagh,28.6514,77.1907,2026-07-23 20:00:00,28.8,81,1.0,4.9,28.8,28.8,30.6,87.0,21.8,842.0
Karol Bagh,28.6514,77.1907,2026-07-23 21:00:00,26.4,93,3.6,9.2,29.5,29.5,29.3,84.0,22.0,798.0
Karol Bagh,28.6514,77.1907,2026-07-23 22:00:00,26.6,93,0.4,11.6,30.0,30.2,25.5,86.0,21.3,679.0
Karol Bagh,28.6514,77.1907,2026-07-23 23:00:00,27.7,87,0.0,12.0,30.0,30.0,22.4,87.0,20.6,564.0
Karol Bagh,28.6514,77.1907,2026-07-24 00:00:00,27.3,87,0.0,10.3,30.5,30.6,21.1,83.0,20.1,469.0
Karol Bagh,28.6514,77.1907,2026-07-24 01:00:00,27.1,88,0.0,10.1,31.7,31.8,20.4,78.0,19.6,378.0
Karol Bagh,28.6514,77.1907,2026-07-24 02:00:00,27.0,89,0.0,8.8,33.5,33.6,19.9,74.0,19.2,314.0
Karol Bagh,28.6514,77.1907,2026-07-24 03:00:00,26.8,90,0.0,9.0,35.0,35.2,19.4,71.0,18.9,290.0
Karol Bagh,28.6514,77.1907,2026-07-24 04:00:00,26.7,90,0.0,9.6,35.6,35.6,19.0,68.0,18.8,293.0
Karol Bagh,28.6514,77.1907,2026-07-24 05:00:00,25.8,94,0.1,8.9,37.7,37.7,18.0,73.0,20.5,313.0
Karol Bagh,28.6514,77.1907,2026-07-24 06:00:00,25.9,94,0.2,11.4,37.7,37.7,17.8,77.0,20.3,360.0
Karol Bagh,28.6514,77.1907,2026-07-24 07:00:00,26.9,90,0.0,9.9,34.3,34.5,17.4,83.0,20.1,422.0
Karol Bagh,28.6514,77.1907,2026-07-24 08:00:00,28.4,82,0.0,14.2,31.5,31.5,16.3,94.0,19.8,457.0
Karol Bagh,28.6514,77.1907,2026-07-24 09:00:00,29.6,76,0.0,13.2,26.4,26.4,13.6,113.0,19.5,436.0
Karol Bagh,28.6514,77.1907,2026-07-24 10:00:00,30.5,71,0.2,12.7,24.1,24.2,10.2,136.0,19.2,388.0
Karol Bagh,28.6514,77.1907,2026-07-24 11:00:00,30.5,74,0.1,13.0,22.9,22.9,7.9,152.0,18.9,350.0
Karol Bagh,28.6514,77.1907,2026-07-24 12:00:00,31.3,71,0.7,12.9,21.4,21.4,7.4,153.0,18.5,334.0
Karol Bagh,28.6514,77.1907,2026-07-24 13:00:00,29.7,76,1.8,13.0,20.4,20.4,8.1,147.0,18.1,329.0
Karol Bagh,28.6514,77.1907,2026-07-24 14:00:00,29.0,81,4.0,8.9,17.7,17.7,9.4,140.0,18.1,342.0
Karol Bagh,28.6514,77.1907,2026-07-24 15:00:00,29.4,81,1.9,6.3,16.1,16.2,10.9,137.0,19.0,376.0
Karol Bagh,28.6514,77.1907,2026-07-24 16:00:00,30.5,75,0.1,7.3,16.5,16.6,13.2,133.0,20.3,428.0
Karol Bagh,28.6514,77.1907,2026-07-24 17:00:00,30.2,81,0.1,5.5,23.3,23.5,17.3,119.0,18.3,495.0
Karol Bagh,28.6514,77.1907,2026-07-24 18:00:00,30.2,82,0.0,7.4,29.5,29.6,26.2,98.0,19.7,609.0
Karol Bagh,28.6514,77.1907,2026-07-24 19:00:00,29.8,83,0.0,8.4,34.3,34.6,38.2,70.0,21.5,738.0
Karol Bagh,28.6514,77.1907,2026-07-24 20:00:00,29.7,83,0.0,9.0,34.3,34.7,45.1,50.0,22.5,784.0
Karol Bagh,28.6514,77.1907,2026-07-24 21:00:00,29.2,82,0.0,10.7,32.8,33.4,42.2,47.0,21.9,670.0
Karol Bagh,28.6514,77.1907,2026-07-24 22:00:00,28.8,83,0.0,10.3,31.9,33.2,34.3,52.0,20.5,473.0
Karol Bagh,28.6514,77.1907,2026-07-24 23:00:00,28.5,85,0.0,11.8,30.5,33.1,27.6,57.0,19.5,321.0
Karol Bagh,28.6514,77.1907,2026-07-25 00:00:00,28.4,84,0.0,12.1,28.0,31.8,24.1,58.0,19.6,269.0
Karol Bagh,28.6514,77.1907,2026-07-25 01:00:00,28.2,82,0.0,11.3,26.5,31.4,21.8,59.0,20.1,262.0
Karol Bagh,28.6514,77.1907,2026-07-25 02:00:00,27.9,84,0.1,10.6,26.3,31.5,20.4,58.0,20.6,265.0
Karol Bagh,28.6514,77.1907,2026-07-25 03:00:00,27.7,87,0.1,9.9,26.5,31.1,20.4,54.0,21.0,262.0
Karol Bagh,28.6514,77.1907,2026-07-25 04:00:00,27.6,87,0.0,9.7,27.1,30.5,21.3,50.0,21.3,269.0
Karol Bagh,28.6514,77.1907,2026-07-25 05:00:00,27.3,90,0.1,8.9,29.7,33.9,22.5,46.0,22.4,293.0
Karol Bagh,28.6514,77.1907,2026-07-25 06:00:00,27.6,89,0.0,7.5,29.8,32.8,21.9,52.0,22.5,356.0
Karol Bagh,28.6514,77.1907,2026-07-25 07:00:00,28.4,86,0.0,6.9,28.5,30.6,20.9,60.0,22.6,436.0
Karol Bagh,28.6514,77.1907,2026-07-25 08:00:00,28.6,80,0.6,12.0,29.0,31.1,19.0,72.0,22.1,482.0
Karol Bagh,28.6514,77.1907,2026-07-25 09:00:00,29.7,75,0.2,10.0,29.5,34.2,15.4,91.0,20.6,461.0
Karol Bagh,28.6514,77.1907,2026-07-25 10:00:00,30.4,75,0.4,10.4,26.8,32.8,11.0,113.0,18.6,406.0
Karol Bagh,28.6514,77.1907,2026-07-25 11:00:00,31.6,66,0.2,11.6,24.3,29.0,7.8,130.0,17.1,361.0
Karol Bagh,28.6514,77.1907,2026-07-25 12:00:00,31.9,65,0.1,12.3,25.8,29.6,6.4,140.0,16.5,341.0
Karol Bagh,28.6514,77.1907,2026-07-25 13:00:00,32.4,63,0.1,10.8,32.2,66.1,6.3,144.0,16.3,330.0
Karol Bagh,28.6514,77.1907,2026-07-25 14:00:00,32.8,60,0.2,12.0,26.4,39.3,7.7,143.0,16.4,331.0
Karol Bagh,28.6514,77.1907,2026-07-25 15:00:00,32.6,62,0.2,11.4,25.1,33.4,10.7,135.0,16.5,338.0
Karol Bagh,28.6514,77.1907,2026-07-25 16:00:00,31.7,66,0.1,11.2,24.9,32.1,15.2,120.0,16.8,356.0
Karol Bagh,28.6514,77.1907,2026-07-25 17:00:00,30.8,78,0.1,8.2,38.3,41.8,23.0,97.0,12.4,399.0
Karol Bagh,28.6514,77.1907,2026-07-25 18:00:00,29.9,79,0.0,10.5,44.2,46.1,29.1,80.0,13.7,495.0
Karol Bagh,28.6514,77.1907,2026-07-25 19:00:00,29.1,83,0.0,8.0,51.8,52.7,37.3,58.0,15.6,617.0
Karol Bagh,28.6514,77.1907,2026-07-25 20:00:00,28.7,85,0.0,9.4,50.3,50.9,42.5,42.0,17.3,697.0
Karol Bagh,28.6514,77.1907,2026-07-25 21:00:00,28.2,88,0.0,8.1,45.1,45.4,42.0,40.0,18.7,705.0
Karol Bagh,28.6514,77.1907,2026-07-25 22:00:00,27.9,88,0.0,8.0,46.8,47.0,38.4,45.0,19.9,671.0
Karol Bagh,28.6514,77.1907,2026-07-25 23:00:00,27.5,92,0.0,8.8,48.1,48.3,34.6,50.0,20.6,623.0
Karol Bagh,28.6514,77.1907,2026-07-26 00:00:00,27.5,93,0.1,9.8,48.5,48.7,31.2,53.0,20.3,555.0
Karol Bagh,28.6514,77.1907,2026-07-26 01:00:00,27.6,94,0.0,8.1,47.0,47.1,27.7,55.0,19.5,473.0
Karol Bagh,28.6514,77.1907,2026-07-26 02:00:00,27.6,94,0.0,7.5,45.4,45.6,25.2,56.0,18.9,415.0
Karol Bagh,28.6514,77.1907,2026-07-26 03:00:00,27.5,94,0.0,6.6,44.7,44.9,24.9,52.0,18.8,400.0
Karol Bagh,28.6514,77.1907,2026-07-26 04:00:00,27.4,94,0.0,5.9,44.9,46.3,25.7,47.0,19.0,410.0
Karol Bagh,28.6514,77.1907,2026-07-26 05:00:00,28.3,95,0.0,4.2,26.0,26.8,23.0,56.0,17.2,426.0
Karol Bagh,28.6514,77.1907,2026-07-26 06:00:00,27.8,95,0.6,5.8,27.8,28.6,22.2,64.0,19.6,451.0
Karol Bagh,28.6514,77.1907,2026-07-26 07:00:00,28.3,89,0.3,3.1,26.9,27.9,21.0,76.0,23.0,483.0
Karol Bagh,28.6514,77.1907,2026-07-26 08:00:00,29.7,81,0.3,2.4,28.9,31.4,19.1,94.0,26.1,495.0
Karol Bagh,28.6514,77.1907,2026-07-26 09:00:00,30.9,75,0.0,2.6,32.1,36.4,16.0,124.0,28.7,468.0
Karol Bagh,28.6514,77.1907,2026-07-26 10:00:00,31.8,71,0.1,3.3,34.7,41.6,12.2,160.0,30.9,421.0
Karol Bagh,28.6514,77.1907,2026-07-26 11:00:00,32.4,65,0.0,3.3,36.7,46.4,9.2,189.0,32.1,385.0
Karol Bagh,28.6514,77.1907,2026-07-26 12:00:00,33.3,61,0.2,2.9,36.8,49.0,7.3,207.0,31.3,369.0
Karol Bagh,28.6514,77.1907,2026-07-26 13:00:00,33.9,60,0.3,3.7,39.0,51.2,6.1,219.0,29.5,364.0
Karol Bagh,28.6514,77.1907,2026-07-26 14:00:00,34.0,60,0.2,3.7,39.3,51.3,6.1,224.0,28.4,369.0
Karol Bagh,28.6514,77.1907,2026-07-26 15:00:00,34.1,59,0.2,3.8,40.4,51.8,5.7,226.0,28.3,365.0
Karol Bagh,28.6514,77.1907,2026-07-26 16:00:00,33.9,59,0.1,3.6,40.2,54.1,6.5,221.0,28.8,371.0
Karol Bagh,28.6514,77.1907,2026-07-26 17:00:00,33.2,66,0.1,4.2,44.2,56.9,12.4,184.0,25.0,443.0
Karol Bagh,28.6514,77.1907,2026-07-26 18:00:00,32.5,71,0.0,4.1,51.0,61.0,33.2,148.0,30.9,645.0
Karol Bagh,28.6514,77.1907,2026-07-26 19:00:00,31.7,78,0.0,2.8,70.1,78.7,61.6,98.0,38.9,913.0
Karol Bagh,28.6514,77.1907,2026-07-26 20:00:00,31.7,78,0.0,0.4,86.1,94.5,81.2,59.0,44.5,1114.0
Karol Bagh,28.6514,77.1907,2026-07-26 21:00:00,31.5,81,0.0,0.2,91.3,99.0,83.0,43.0,45.3,1196.0
Karol Bagh,28.6514,77.1907,2026-07-26 22:00:00,31.3,81,0.0,1.2,89.4,96.2,76.1,38.0,43.7,1211.0
Karol Bagh,28.6514,77.1907,2026-07-26 23:00:00,31.1,84,0.0,1.2,85.2,91.5,70.5,33.0,42.2,1185.0
Karol Bagh,28.6514,77.1907,2026-07-27 00:00:00,30.6,85,0.0,1.9,86.4,92.9,70.7,25.0,41.7,1096.0
Karol Bagh,28.6514,77.1907,2026-07-27 01:00:00,30.3,86,0.0,0.8,89.6,95.9,72.4,17.0,41.4,966.0
Karol Bagh,28.6514,77.1907,2026-07-27 02:00:00,30.0,88,0.0,2.1,91.0,97.8,72.6,12.0,40.5,888.0
Karol Bagh,28.6514,77.1907,2026-07-27 03:00:00,29.8,87,0.0,1.7,92.2,98.7,70.5,8.0,38.3,926.0
Karol Bagh,28.6514,77.1907,2026-07-27 04:00:00,29.6,86,0.0,2.0,90.8,96.9,67.1,5.0,35.7,1016.0
Karol Bagh,28.6514,77.1907,2026-07-27 05:00:00,29.7,87,0.0,1.3,82.7,86.6,58.3,22.0,33.4,1062.0
Karol Bagh,28.6514,77.1907,2026-07-27 06:00:00,29.7,86,0.0,1.5,84.1,87.8,54.3,38.0,38.7,1023.0
Karol Bagh,28.6514,77.1907,2026-07-27 07:00:00,30.5,82,0.0,0.9,79.2,84.8,48.4,62.0,45.8,939.0
Karol Bagh,28.6514,77.1907,2026-07-27 08:00:00,31.6,75,0.0,1.5,65.2,73.6,41.4,93.0,49.8,836.0
Karol Bagh,28.6514,77.1907,2026-07-27 09:00:00,32.8,67,0.0,2.1,55.9,72.2,32.1,136.0,47.9,702.0
Karol Bagh,28.6514,77.1907,2026-07-27 10:00:00,33.6,62,0.2,1.9,50.3,66.4,21.7,187.0,42.9,549.0
Karol Bagh,28.6514,77.1907,2026-07-27 11:00:00,34.7,51,0.1,1.7,46.3,59.8,13.9,228.0,38.6,441.0
Karol Bagh,28.6514,77.1907,2026-07-27 12:00:00,35.6,49,0.0,3.5,47.5,60.3,10.6,256.0,36.3,404.0
Karol Bagh,28.6514,77.1907,2026-07-27 13:00:00,35.6,52,0.0,4.8,48.8,61.2,9.9,275.0,34.6,412.0
Karol Bagh,28.6514,77.1907,2026-07-27 14:00:00,35.3,53,0.0,6.2,50.6,62.6,10.4,283.0,33.2,451.0
Karol Bagh,28.6514,77.1907,2026-07-27 15:00:00,33.9,57,0.8,4.8,49.8,63.8,11.0,280.0,31.9,517.0
Karol Bagh,28.6514,77.1907,2026-07-27 16:00:00,34.1,56,0.1,2.4,47.7,63.3,12.7,267.0,31.0,614.0
Karol Bagh,28.6514,77.1907,2026-07-27 17:00:00,32.9,65,0.0,2.2,50.2,81.3,23.7,185.0,28.1,741.0
Karol Bagh,28.6514,77.1907,2026-07-27 18:00:00,32.3,72,0.0,0.7,58.7,87.3,33.3,156.0,31.3,957.0
Karol Bagh,28.6514,77.1907,2026-07-27 19:00:00,32.1,72,0.0,2.4,66.6,96.2,46.2,117.0,35.6,1204.0
Karol Bagh,28.6514,77.1907,2026-07-27 20:00:00,31.6,73,0.0,5.3,68.7,87.5,53.7,86.0,37.9,1304.0
Karol Bagh,28.6514,77.1907,2026-07-27 21:00:00,30.4,80,0.0,8.8,66.6,96.4,50.8,74.0,36.5,1125.0
Karol Bagh,28.6514,77.1907,2026-07-27 22:00:00,29.6,82,0.0,11.2,64.5,120.1,42.5,72.0,33.0,799.0
Karol Bagh,28.6514,77.1907,2026-07-27 23:00:00,30.2,85,0.1,9.3,61.2,135.0,35.3,70.0,29.5,546.0
Karol Bagh,28.6514,77.1907,2026-07-28 00:00:00,29.0,86,0.5,13.3,56.5,116.9,31.2,68.0,26.3,463.0
Karol Bagh,28.6514,77.1907,2026-07-28 01:00:00,27.8,90,0.2,7.8,51.6,90.1,28.1,66.0,23.1,452.0
Karol Bagh,28.6514,77.1907,2026-07-28 02:00:00,27.4,93,0.4,9.6,49.8,75.7,26.1,64.0,20.6,443.0
Karol Bagh,28.6514,77.1907,2026-07-28 03:00:00,26.6,95,0.2,7.9,49.4,68.0,25.4,58.0,19.1,399.0
Karol Bagh,28.6514,77.1907,2026-07-28 04:00:00,26.3,96,0.2,8.7,48.4,62.2,25.7,50.0,18.2,356.0
Karol Bagh,28.6514,77.1907,2026-07-28 05:00:00,28.7,91,0.1,8.3,55.8,113.6,32.3,39.0,22.6,349.0
Karol Bagh,28.6514,77.1907,2026-07-28 06:00:00,28.6,92,0.0,7.8,54.0,101.7,32.2,43.0,24.3,410.0
Karol Bagh,28.6514,77.1907,2026-07-28 07:00:00,29.0,91,0.2,8.3,48.4,83.4,31.8,51.0,26.7,507.0
Karol Bagh,28.6514,77.1907,2026-07-28 08:00:00,28.9,85,0.6,12.1,44.6,78.2,30.1,68.0,28.6,574.0
Karol Bagh,28.6514,77.1907,2026-07-28 09:00:00,28.6,86,0.5,5.9,47.5,100.4,25.9,101.0,29.4,581.0
Karol Bagh,28.6514,77.1907,2026-07-28 10:00:00,27.3,93,3.1,11.6,48.9,108.7,20.4,144.0,29.6,559.0
Karol Bagh,28.6514,77.1907,2026-07-28 11:00:00,27.3,94,1.2,9.2,44.1,90.3,15.8,182.0,29.9,534.0
Karol Bagh,28.6514,77.1907,2026-07-28 12:00:00,27.1,95,4.9,9.8,42.0,76.6,12.5,213.0,30.6,508.0
Karol Bagh,28.6514,77.1907,2026-07-28 13:00:00,27.1,94,2.4,7.5,43.3,70.3,10.1,239.0,31.4,479.0
Karol Bagh,28.6514,77.1907,2026-07-28 14:00:00,27.2,94,1.9,4.3,43.4,64.5,10.1,250.0,31.7,469.0
Karol Bagh,28.6514,77.1907,2026-07-28 15:00:00,27.7,88,0.5,5.1,43.5,61.0,12.7,241.0,30.5,462.0
Karol Bagh,28.6514,77.1907,2026-07-28 16:00:00,27.6,87,0.3,3.8,44.0,59.0,17.6,218.0,28.7,473.0
Karol Bagh,28.6514,77.1907,2026-07-28 17:00:00,30.8,73,0.0,2.4,34.7,47.7,49.5,86.0,34.5,572.0
Karol Bagh,28.6514,77.1907,2026-07-28 18:00:00,30.2,77,0.0,2.4,32.4,42.3,57.7,70.0,36.7,843.0
Karol Bagh,28.6514,77.1907,2026-07-28 19:00:00,29.5,83,0.0,2.3,39.8,46.7,69.0,47.0,39.9,1201.0
Karol Bagh,28.6514,77.1907,2026-07-28 20:00:00,29.0,84,0.0,3.4,47.6,54.5,77.7,29.0,43.0,1459.0
Karol Bagh,28.6514,77.1907,2026-07-28 21:00:00,28.7,86,0.0,4.9,52.7,59.5,81.5,19.0,46.4,1550.0
Karol Bagh,28.6514,77.1907,2026-07-28 22:00:00,28.2,87,0.1,6.0,51.3,56.8,82.8,13.0,49.7,1541.0
Karol Bagh,28.6514,77.1907,2026-07-28 23:00:00,27.9,89,0.5,1.9,47.4,51.5,82.9,9.0,51.0,1448.0
Karol Bagh,28.6514,77.1907,2026-07-29 00:00:00,27.7,91,0.1,1.8,43.8,47.1,82.6,6.0,48.6,1230.0
Karol Bagh,28.6514,77.1907,2026-07-29 01:00:00,27.4,94,0.6,3.1,42.1,45.4,81.2,5.0,44.2,928.0
Karol Bagh,28.6514,77.1907,2026-07-29 02:00:00,26.9,97,0.7,5.9,44.8,47.8,78.1,6.0,40.9,685.0
Karol Bagh,28.6514,77.1907,2026-07-29 03:00:00,26.6,97,0.3,4.4,47.8,51.2,72.3,10.0,39.7,553.0
Karol Bagh,28.6514,77.1907,2026-07-29 04:00:00,26.7,97,0.0,1.9,46.6,49.8,64.8,16.0,39.6,480.0
Karol Bagh,28.6514,77.1907,2026-07-29 05:00:00,26.8,97,0.0,1.3,47.8,51.3,57.6,24.0,43.8,446.0
Karol Bagh,28.6514,77.1907,2026-07-29 06:00:00,26.5,97,2.5,1.8,51.1,53.7,52.5,33.0,42.1,465.0
Karol Bagh,28.6514,77.1907,2026-07-29 07:00:00,26.5,97,2.3,4.0,43.9,47.3,45.4,46.0,39.9,524.0
Karol Bagh,28.6514,77.1907,2026-07-29 08:00:00,26.8,96,1.8,3.0,38.2,42.3,39.6,62.0,39.5,568.0
Karol Bagh,28.6514,77.1907,2026-07-29 09:00:00,28.1,87,1.0,2.0,35.5,39.8,36.7,80.0,42.5,573.0
Karol Bagh,28.6514,77.1907,2026-07-29 10:00:00,29.1,82,0.2,3.1,32.0,36.8,35.0,101.0,47.2,563.0
Karol Bagh,28.6514,77.1907,2026-07-29 11:00:00,31.0,74,0.1,2.0,31.5,36.6,33.3,122.0,51.0,559.0
Karol Bagh,28.6514,77.1907,2026-07-29 12:00:00,31.9,71,0.1,0.2,34.0,39.3,30.3,145.0,52.6,564.0
Karol Bagh,28.6514,77.1907,2026-07-29 13:00:00,32.1,69,0.1,0.9,36.8,43.1,27.3,168.0,53.2,574.0
Karol Bagh,28.6514,77.1907,2026-07-29 14:00:00,32.6,68,0.0,2.7,39.8,46.4,26.3,184.0,54.2,598.0
Karol Bagh,28.6514,77.1907,2026-07-29 15:00:00,32.9,65,0.1,1.5,43.5,52.4,26.5,194.0,55.9,615.0
Karol Bagh,28.6514,77.1907,2026-07-29 16:00:00,32.3,66,0.1,1.9,45.9,53.6,28.8,198.0,58.0,646.0
Karol Bagh,28.6514,77.1907,2026-07-29 17:00:00,33.3,62,0.0,3.8,59.6,70.3,20.4,226.0,43.4,755.0
Karol Bagh,28.6514,77.1907,2026-07-29 18:00:00,32.5,69,0.0,3.5,68.0,75.9,32.9,195.0,46.3,1021.0
Karol Bagh,28.6514,77.1907,2026-07-29 19:00:00,31.4,77,0.0,3.4,80.1,85.2,49.9,151.0,50.1,1366.0
Karol Bagh,28.6514,77.1907,2026-07-29 20:00:00,30.8,80,0.0,4.3,75.4,79.6,61.6,114.0,51.9,1624.0
Karol Bagh,28.6514,77.1907,2026-07-29 21:00:00,30.2,83,0.0,4.6,80.3,83.1,63.2,91.0,50.1,1725.0
Karol Bagh,28.6514,77.1907,2026-07-29 22:00:00,29.7,85,0.0,3.6,81.5,83.8,59.5,74.0,46.2,1739.0
Karol Bagh,28.6514,77.1907,2026-07-29 23:00:00,30.1,84,0.0,6.8,80.8,82.7,54.6,62.0,42.0,1714.0
Karol Bagh,28.6514,77.1907,2026-07-30 00:00:00,29.4,87,0.0,8.5,77.8,79.4,49.2,54.0,37.6,1667.0
Karol Bagh,28.6514,77.1907,2026-07-30 01:00:00,26.9,92,0.9,9.6,74.7,75.9,42.6,50.0,32.8,1580.0
Karol Bagh,28.6514,77.1907,2026-07-30 02:00:00,25.6,99,2.5,6.0,71.7,72.9,37.6,47.0,29.1,1451.0
Karol Bagh,28.6514,77.1907,2026-07-30 03:00:00,26.1,98,0.3,1.0,69.2,70.1,35.4,41.0,26.7,1238.0
Karol Bagh,28.6514,77.1907,2026-07-30 04:00:00,26.3,98,0.1,2.7,67.5,68.2,34.7,36.0,25.3,982.0
Karol Bagh,28.6514,77.1907,2026-07-30 05:00:00,28.5,92,0.0,2.8,70.5,70.8,38.8,44.0,25.6,803.0
Karol Bagh,28.6514,77.1907,2026-07-30 06:00:00,28.5,93,1.3,2.4,73.3,73.8,37.8,56.0,29.4,783.0
Karol Bagh,28.6514,77.1907,2026-07-30 07:00:00,28.8,87,1.0,9.9,68.2,68.7,36.3,75.0,34.6,839.0
Karol Bagh,28.6514,77.1907,2026-07-30 08:00:00,29.5,85,0.9,7.2,52.4,52.9,33.0,100.0,38.1,845.0
Karol Bagh,28.6514,77.1907,2026-07-30 09:00:00,30.8,76,0.2,6.4,47.0,47.5,26.6,138.0,38.3,728.0
Karol Bagh,28.6514,77.1907,2026-07-30 10:00:00,32.0,70,0.0,7.2,43.2,45.1,18.5,183.0,36.8,560.0
Karol Bagh,28.6514,77.1907,2026-07-30 11:00:00,32.8,63,0.0,4.8,41.8,42.8,12.3,219.0,35.2,437.0
Karol Bagh,28.6514,77.1907,2026-07-30 12:00:00,33.2,61,0.1,6.7,41.1,43.9,9.3,240.0,33.7,400.0
Karol Bagh,28.6514,77.1907,2026-07-30 13:00:00,32.5,64,0.7,7.6,41.9,52.2,8.2,252.0,32.1,406.0
Karol Bagh,28.6514,77.1907,2026-07-30 14:00:00,33.1,63,0.3,3.9,42.1,55.9,8.6,254.0,30.8,427.0
Karol Bagh,28.6514,77.1907,2026-07-30 15:00:00,33.5,60,0.1,4.3,41.2,55.2,10.6,244.0,30.1,462.0
Karol Bagh,28.6514,77.1907,2026-07-30 16:00:00,33.4,60,0.1,6.0,40.6,53.1,14.2,224.0,29.7,511.0
Karol Bagh,28.6514,77.1907,2026-07-30 17:00:00,32.3,69,0.0,11.6,40.9,42.7,20.0,164.0,23.4,543.0
Karol Bagh,28.6514,77.1907,2026-07-30 18:00:00,29.3,81,0.0,13.0,43.8,45.2,28.6,135.0,24.7,538.0
Karol Bagh,28.6514,77.1907,2026-07-30 19:00:00,28.8,85,0.0,6.9,46.4,47.5,40.3,96.0,26.5,516.0
Karol Bagh,28.6514,77.1907,2026-07-30 20:00:00,28.7,88,0.0,6.8,46.1,46.7,47.9,66.0,27.3,505.0
Karol Bagh,28.6514,77.1907,2026-07-30 21:00:00,28.5,89,0.0,7.5,45.5,45.9,47.7,54.0,26.3,526.0
Karol Bagh,28.6514,77.1907,2026-07-30 22:00:00,28.4,90,0.0,7.9,45.8,46.3,43.3,52.0,24.2,558.0
Karol Bagh,28.6514,77.1907,2026-07-30 23:00:00,29.1,88,0.0,10.9,45.4,46.6,38.4,52.0,22.2,570.0
Karol Bagh,28.6514,77.1907,2026-07-31 00:00:00,28.8,89,0.0,10.2,43.3,45.2,33.6,53.0,20.4,544.0
Karol Bagh,28.6514,77.1907,2026-07-31 01:00:00,28.7,89,0.0,9.9,39.3,41.2,28.3,57.0,18.6,497.0
Karol Bagh,28.6514,77.1907,2026-07-31 02:00:00,28.5,88,0.0,9.6,33.8,34.7,24.1,60.0,17.5,450.0
Karol Bagh,28.6514,77.1907,2026-07-31 03:00:00,28.3,87,0.0,9.4,29.0,29.5,21.7,60.0,17.5,401.0
Karol Bagh,28.6514,77.1907,2026-07-31 04:00:00,28.1,86,0.0,10.3,38.3,136.9,20.5,58.0,18.3,351.0
Karol Bagh,28.6514,77.1907,2026-07-31 05:00:00,28.3,82,0.0,11.5,37.7,146.2,19.9,59.0,18.9,325.0
Karol Bagh,28.6514,77.1907,2026-07-31 06:00:00,28.1,84,0.0,10.0,32.6,89.4,19.5,63.0,19.6,345.0
Karol Bagh,28.6514,77.1907,2026-07-31 07:00:00,28.7,81,0.0,9.9,27.4,47.5,18.8,69.0,20.6,388.0
Karol Bagh,28.6514,77.1907,2026-07-31 08:00:00,29.1,78,0.1,13.1,21.6,25.4,17.3,81.0,20.9,412.0
Karol Bagh,28.6514,77.1907,2026-07-31 09:00:00,29.6,76,0.2,13.2,20.5,21.8,14.3,103.0,20.1,392.0
Karol Bagh,28.6514,77.1907,2026-07-31 10:00:00,30.1,73,0.2,13.4,21.3,22.1,10.6,131.0,18.7,354.0
Karol Bagh,28.6514,77.1907,2026-07-31 11:00:00,30.6,72,0.4,11.3,22.8,23.3,7.9,150.0,17.4,325.0
Karol Bagh,28.6514,77.1907,2026-07-31 12:00:00,31.4,67,0.1,13.2,22.2,22.6,6.7,154.0,16.1,315.0
Karol Bagh,28.6514,77.1907,2026-07-31 13:00:00,31.9,65,0.1,12.3,20.8,28.2,6.6,149.0,14.8,315.0
Karol Bagh,28.6514,77.1907,2026-07-31 14:00:00,32.6,64,0.2,11.0,21.7,30.4,7.3,144.0,14.4,331.0
Karol Bagh,28.6514,77.1907,2026-07-31 15:00:00,32.7,63,0.3,11.6,20.7,23.7,8.9,142.0,15.5,377.0
Karol Bagh,28.6514,77.1907,2026-07-31 16:00:00,31.8,68,0.5,10.1,20.2,21.4,11.3,139.0,17.5,439.0
Karol Bagh,28.6514,77.1907,2026-07-31 17:00:00,31.6,70,1.1,7.2,31.5,32.0,19.2,125.0,19.1,485.0
Karol Bagh,28.6514,77.1907,2026-07-31 18:00:00,31.2,72,0.0,7.3,35.2,35.5,24.9,107.0,20.5,500.0
Karol Bagh,28.6514,77.1907,2026-07-31 19:00:00,30.4,77,0.0,7.7,36.7,37.0,32.5,83.0,22.4,499.0
Karol Bagh,28.6514,77.1907,2026-07-31 20:00:00,30.0,80,0.0,8.3,36.3,36.8,37.1,65.0,23.4,489.0
Karol Bagh,28.6514,77.1907,2026-07-31 21:00:00,29.6,81,0.3,10.9,34.9,35.6,36.0,58.0,22.9,471.0
Karol Bagh,28.6514,77.1907,2026-07-31 22:00:00,29.2,84,0.0,10.6,33.4,34.3,31.8,58.0,21.6,444.0
Karol Bagh,28.6514,77.1907,2026-07-31 23:00:00,28.5,85,0.0,9.4,31.2,32.1,27.7,58.0,20.3,414.0
Karol Bagh,28.6514,77.1907,2026-08-01 00:00:00,28.5,86,0.0,9.8,28.6,29.5,24.4,59.0,19.2,378.0
Karol Bagh,28.6514,77.1907,2026-08-01 01:00:00,27.3,93,1.3,8.6,41.2,157.9,21.2,61.0,18.2,338.0
Karol Bagh,28.6514,77.1907,2026-08-01 02:00:00,27.5,90,0.0,10.6,49.4,225.8,18.9,62.0,17.7,309.0
Karol Bagh,28.6514,77.1907,2026-08-01 03:00:00,27.4,89,0.0,10.2,52.9,252.4,18.2,59.0,17.9,295.0
Karol Bagh,28.6514,77.1907,2026-08-01 04:00:00,27.4,89,0.0,9.4,52.4,243.1,18.4,56.0,18.6,293.0
Karol Bagh,28.6514,77.1907,2026-08-01 05:00:00,27.1,92,0.1,9.9,25.5,26.5,18.9,55.0,19.4,304.0
Karol Bagh,28.6514,77.1907,2026-08-01 06:00:00,27.3,91,0.0,11.0,26.8,27.8,18.5,62.0,19.7,342.0
Karol Bagh,28.6514,77.1907,2026-08-01 07:00:00,27.4,87,0.1,11.7,27.5,28.6,17.8,73.0,20.0,393.0
Karol Bagh,28.6514,77.1907,2026-08-01 08:00:00,28.2,83,0.0,12.8,26.4,27.4,16.4,88.0,20.4,422.0
Karol Bagh,28.6514,77.1907,2026-08-01 09:00:00,29.7,76,0.0,11.1,25.3,26.0,13.7,112.0,20.8,407.0
Karol Bagh,28.6514,77.1907,2026-08-01 10:00:00,31.0,69,0.1,11.4,34.8,117.8,10.2,140.0,21.1,369.0
Karol Bagh,28.6514,77.1907,2026-08-01 11:00:00,32.1,65,0.2,10.8,27.6,44.8,7.8,162.0,21.4,339.0
Karol Bagh,28.6514,77.1907,2026-08-01 12:00:00,32.7,65,0.1,10.8,30.2,61.0,7.0,172.0,21.4,323.0
Karol Bagh,28.6514,77.1907,2026-08-01 13:00:00,33.2,63,0.2,11.8,30.5,38.1,7.2,175.0,21.4,315.0
Karol Bagh,28.6514,77.1907,2026-08-01 14:00:00,31.6,68,0.7,10.5,30.0,33.6,8.1,173.0,21.4,323.0
Karol Bagh,28.6514,77.1907,2026-08-01 15:00:00,31.2,74,0.4,8.6,29.5,31.3,9.5,168.0,21.6,358.0
Karol Bagh,28.6514,77.1907,2026-08-01 16:00:00,31.6,72,0.1,8.3,28.8,29.8,11.6,157.0,22.0,410.0
Karol Bagh,28.6514,77.1907,2026-08-01 17:00:00,30.8,77,0.5,9.9,36.6,55.9,14.6,159.0,21.9,454.0
Karol Bagh,28.6514,77.1907,2026-08-01 18:00:00,30.7,77,0.0,6.7,41.2,53.3,20.8,137.0,22.7,482.0
Karol Bagh,28.6514,77.1907,2026-08-01 19:00:00,30.2,81,0.0,5.9,44.9,51.5,29.2,107.0,23.8,502.0
Karol Bagh,28.6514,77.1907,2026-08-01 20:00:00,29.9,83,0.0,6.3,44.9,48.1,34.8,84.0,24.2,514.0
Karol Bagh,28.6514,77.1907,2026-08-01 21:00:00,29.6,85,0.0,8.1,43.2,44.4,35.2,75.0,23.5,520.0
Karol Bagh,28.6514,77.1907,2026-08-01 22:00:00,29.4,86,0.0,9.5,40.7,41.2,32.8,74.0,22.2,517.0
Karol Bagh,28.6514,77.1907,2026-08-01 23:00:00,27.2,89,0.0,11.4,40.3,40.4,29.7,75.0,20.9,500.0
Karol Bagh,28.6514,77.1907,2026-08-02 00:00:00,27.1,88,0.2,11.0,37.4,37.6,25.8,78.0,19.7,456.0
Karol Bagh,28.6514,77.1907,2026-08-02 01:00:00,27.1,90,0.3,8.0,35.0,35.5,21.1,83.0,18.6,398.0
Karol Bagh,28.6514,77.1907,2026-08-02 02:00:00,27.1,92,0.2,6.6,34.6,35.4,17.8,86.0,17.9,356.0
Karol Bagh,28.6514,77.1907,2026-08-02 03:00:00,27.0,93,0.0,6.0,35.3,36.6,17.0,82.0,17.8,340.0
Karol Bagh,28.6514,77.1907,2026-08-02 04:00:00,27.0,93,0.0,6.6,35.9,37.5,17.6,76.0,18.3,339.0
Karol Bagh,28.6514,77.1907,2026-08-02 05:00:00,27.4,96,0.0,7.9,44.2,45.3,22.8,62.0,22.8,353.0
Karol Bagh,28.6514,77.1907,2026-08-02 06:00:00,26.9,95,0.1,11.8,45.2,46.4,22.0,71.0,25.0,396.0
Karol Bagh,28.6514,77.1907,2026-08-02 07:00:00,27.3,93,0.2,7.5,43.0,44.9,20.7,85.0,27.9,454.0
Karol Bagh,28.6514,77.1907,2026-08-02 08:00:00,28.9,84,0.1,8.3,39.3,69.8,18.5,105.0,29.7,479.0
Karol Bagh,28.6514,77.1907,2026-08-02 09:00:00,30.6,76,0.0,8.3,39.9,79.6,14.7,135.0,29.5,441.0
Karol Bagh,28.6514,77.1907,2026-08-02 10:00:00,32.2,67,0.1,8.3,38.1,61.9,9.9,171.0,28.3,371.0
Karol Bagh,28.6514,77.1907,2026-08-02 11:00:00,33.8,57,0.1,8.6,37.7,53.8,6.5,197.0,26.7,316.0
Karol Bagh,28.6514,77.1907,2026-08-02 12:00:00,34.1,56,0.3,7.5,36.3,47.4,5.0,205.0,24.7,294.0
Karol Bagh,28.6514,77.1907,2026-08-02 13:00:00,33.3,60,0.7,10.1,34.5,42.0,4.9,203.0,22.3,287.0
Karol Bagh,28.6514,77.1907,2026-08-02 14:00:00,33.2,61,1.0,9.1,35.3,40.6,5.8,197.0,20.9,289.0
Karol Bagh,28.6514,77.1907,2026-08-02 15:00:00,33.3,63,0.1,7.0,36.9,40.5,7.7,189.0,21.0,290.0
Karol Bagh,28.6514,77.1907,2026-08-02 16:00:00,33.2,63,0.2,7.9,35.6,38.2,10.7,177.0,22.0,300.0
Karol Bagh,28.6514,77.1907,2026-08-02 17:00:00,28.9,83,0.2,7.1,29.8,30.6,16.0,139.0,21.2,344.0
Karol Bagh,28.6514,77.1907,2026-08-02 18:00:00,28.4,86,0.2,9.4,33.8,34.7,21.0,120.0,21.9,457.0
Karol Bagh,28.6514,77.1907,2026-08-02 19:00:00,27.3,94,2.2,4.3,37.7,38.4,27.9,94.0,22.9,603.0
Karol Bagh,28.6514,77.1907,2026-08-02 20:00:00,27.6,96,0.5,5.2,36.8,37.4,32.4,73.0,23.3,702.0
Karol Bagh,28.6514,77.1907,2026-08-02 21:00:00,27.9,96,0.1,4.9,37.0,37.7,32.4,64.0,22.7,718.0
Karol Bagh,28.6514,77.1907,2026-08-02 22:00:00,27.9,96,0.0,6.5,38.4,39.3,30.0,61.0,21.6,687.0
Karol Bagh,28.6514,77.1907,2026-08-02 23:00:00,29.0,93,0.0,5.5,37.4,38.5,27.4,60.0,20.5,635.0
Karol Bagh,28.6514,77.1907,2026-08-03 00:00:00,28.7,95,0.0,7.0,35.6,37.3,25.0,61.0,19.6,557.0
Karol Bagh,28.6514,77.1907,2026-08-03 01:00:00,28.5,95,0.0,6.8,34.5,36.6,22.4,64.0,18.7,458.0
Karol Bagh,28.6514,77.1907,2026-08-03 02:00:00,28.1,93,0.0,8.2,32.6,35.0,20.6,66.0,18.1,386.0
Karol Bagh,28.6514,77.1907,2026-08-03 03:00:00,27.7,92,0.0,7.5,28.8,31.5,20.0,64.0,17.7,352.0
Karol Bagh,28.6514,77.1907,2026-08-03 04:00:00,27.5,94,0.0,7.3,27.0,29.7,20.2,60.0,17.6,344.0
Karol Bagh,28.6514,77.1907,2026-08-03 05:00:00,27.1,95,0.0,7.8,25.8,27.9,21.2,52.0,18.8,371.0
Karol Bagh,28.6514,77.1907,2026-08-03 06:00:00,27.2,95,0.6,4.4,28.9,31.5,22.7,54.0,22.1,466.0
Karol Bagh,28.6514,77.1907,2026-08-03 07:00:00,27.5,94,0.2,4.7,31.3,34.3,24.5,58.0,26.6,597.0
Karol Bagh,28.6514,77.1907,2026-08-03 08:00:00,28.4,89,0.2,3.8,31.1,33.8,24.5,70.0,29.7,672.0
Karol Bagh,28.6514,77.1907,2026-08-03 09:00:00,29.8,82,0.1,3.6,30.9,32.9,20.8,97.0,30.3,639.0
Karol Bagh,28.6514,77.1907,2026-08-03 10:00:00,30.7,79,0.2,4.2,29.9,31.8,15.4,132.0,29.4,550.0
Karol Bagh,28.6514,77.1907,2026-08-03 11:00:00,31.8,71,0.1,6.4,31.7,33.5,11.3,158.0,28.2,475.0
Karol Bagh,28.6514,77.1907,2026-08-03 12:00:00,33.3,65,0.1,7.8,31.3,32.8,9.6,169.0,26.6,432.0
Karol Bagh,28.6514,77.1907,2026-08-03 13:00:00,34.2,62,0.0,6.0,30.7,32.0,9.4,171.0,24.6,401.0
Karol Bagh,28.6514,77.1907,2026-08-03 14:00:00,32.2,65,0.6,12.4,32.2,33.4,11.0,167.0,23.0,395.0
Karol Bagh,28.6514,77.1907,2026-08-03 15:00:00,31.1,75,1.4,1.2,31.9,32.8,14.6,155.0,21.7,408.0
Karol Bagh,28.6514,77.1907,2026-08-03 16:00:00,31.2,72,0.4,5.0,31.3,32.0,20.0,136.0,20.8,445.0
Karol Bagh,28.6514,77.1907,2026-08-03 17:00:00,33.2,68,0.1,8.5,44.6,45.8,22.0,140.0,20.1,535.0
Karol Bagh,28.6514,77.1907,2026-08-03 18:00:00,29.9,81,0.3,7.3,48.3,49.0,34.1,116.0,24.4,737.0
Karol Bagh,28.6514,77.1907,2026-08-03 19:00:00,27.8,94,5.9,6.6,57.0,57.4,50.9,82.0,30.4,990.0
Karol Bagh,28.6514,77.1907,2026-08-03 20:00:00,27.7,95,1.2,7.5,65.7,65.9,63.9,55.0,35.3,1144.0
Karol Bagh,28.6514,77.1907,2026-08-03 21:00:00,27.3,95,2.4,1.6,70.8,71.0,70.5,39.0,38.2,1111.0
Karol Bagh,28.6514,77.1907,2026-08-03 22:00:00,27.2,95,1.8,2.3,78.5,78.7,73.2,29.0,40.0,977.0
Karol Bagh,28.6514,77.1907,2026-08-03 23:00:00,26.7,95,0.5,3.9,76.4,76.6,71.6,25.0,40.3,851.0
Karol Bagh,28.6514,77.1907,2026-08-04 00:00:00,27.1,96,1.2,6.7,75.2,75.4,63.2,29.0,38.4,768.0
Karol Bagh,28.6514,77.1907,2026-08-04 01:00:00,27.0,97,0.5,7.7,63.6,63.8,50.4,39.0,35.1,693.0
Karol Bagh,28.6514,77.1907,2026-08-04 02:00:00,26.8,97,0.3,6.0,54.9,55.3,39.7,47.0,31.7,624.0
Karol Bagh,28.6514,77.1907,2026-08-04 03:00:00,26.7,98,0.1,4.6,45.4,45.6,33.2,51.0,28.5,553.0
Karol Bagh,28.6514,77.1907,2026-08-04 04:00:00,26.9,97,0.1,4.2,38.3,38.4,28.7,54.0,25.3,489.0
Karol Bagh,28.6514,77.1907,2026-08-04 05:00:00,27.0,97,0.1,6.0,36.2,36.4,23.9,61.0,22.1,459.0
Karol Bagh,28.6514,77.1907,2026-08-04 06:00:00,26.6,97,0.6,7.6,35.9,36.2,25.6,63.0,24.7,492.0
Karol Bagh,28.6514,77.1907,2026-08-04 07:00:00,26.9,95,0.5,1.9,31.5,32.0,27.8,66.0,28.3,559.0
Karol Bagh,28.6514,77.1907,2026-08-04 08:00:00,27.5,92,0.3,3.8,27.3,27.8,28.3,75.0,31.2,607.0
Karol Bagh,28.6514,77.1907,2026-08-04 09:00:00,28.9,84,0.2,3.5,26.3,27.0,25.7,96.0,32.9,602.0
Karol Bagh,28.6514,77.1907,2026-08-04 10:00:00,30.0,80,0.4,2.1,27.6,28.5,21.6,123.0,33.8,578.0
Karol Bagh,28.6514,77.1907,2026-08-04 11:00:00,27.6,94,0.7,5.6,28.4,29.3,18.1,143.0,34.0,576.0
Karol Bagh,28.6514,77.1907,2026-08-04 12:00:00,28.1,90,0.9,4.7,27.7,28.6,15.7,152.0,32.7,624.0
Karol Bagh,28.6514,77.1907,2026-08-04 13:00:00,28.5,88,0.8,7.4,27.1,28.1,14.0,155.0,30.7,694.0
Karol Bagh,28.6514,77.1907,2026-08-04 14:00:00,28.8,85,0.7,6.9,27.1,28.1,14.3,154.0,29.7,753.0
Karol Bagh,28.6514,77.1907,2026-08-04 15:00:00,29.3,84,0.2,4.3,27.8,28.8,16.8,152.0,30.9,783.0
Karol Bagh,28.6514,77.1907,2026-08-04 16:00:00,29.4,83,0.0,3.1,36.9,38.3,21.3,147.0,33.2,801.0
Karol Bagh,28.6514,77.1907,2026-08-04 17:00:00,27.6,93,0.0,2.9,33.1,33.8,46.4,101.0,46.8,822.0
Karol Bagh,28.6514,77.1907,2026-08-04 18:00:00,27.4,95,2.1,2.1,37.8,38.4,55.5,85.0,49.3,863.0
Karol Bagh,28.6514,77.1907,2026-08-04 19:00:00,27.5,95,1.0,0.9,51.9,52.4,68.0,62.0,52.6,907.0
Karol Bagh,28.6514,77.1907,2026-08-04 20:00:00,27.4,95,0.5,0.6,62.2,62.4,77.2,43.0,54.5,919.0
Karol Bagh,28.6514,77.1907,2026-08-04 21:00:00,27.4,96,0.5,1.0,68.5,68.7,80.4,31.0,54.0,867.0
Karol Bagh,28.6514,77.1907,2026-08-04 22:00:00,27.1,96,0.4,2.2,76.1,76.6,80.3,23.0,52.1,783.0
Karol Bagh,28.6514,77.1907,2026-08-04 23:00:00,27.5,97,0.3,2.3,75.2,75.4,78.2,19.0,49.8,729.0
Karol Bagh,28.6514,77.1907,2026-08-05 00:00:00,27.5,97,0.0,2.2,65.9,66.1,73.7,20.0,47.1,742.0
Karol Bagh,28.6514,77.1907,2026-08-05 01:00:00,27.4,97,0.0,2.1,60.1,60.3,67.2,24.0,43.9,784.0
Karol Bagh,28.6514,77.1907,2026-08-05 02:00:00,27.4,96,0.0,0.9,57.7,58.0,61.5,27.0,40.9,808.0
Karol Bagh,28.6514,77.1907,2026-08-05 03:00:00,27.2,93,0.0,1.7,56.6,56.8,57.8,24.0,37.9,781.0
Karol Bagh,28.6514,77.1907,2026-08-05 04:00:00,26.8,96,0.2,3.5,55.9,56.1,54.9,19.0,35.1,736.0
Karol Bagh,28.6514,77.1907,2026-08-05 05:00:00,26.1,99,0.1,3.7,71.9,72.4,59.6,18.0,41.7,717.0
Karol Bagh,28.6514,77.1907,2026-08-05 06:00:00,26.1,98,0.6,2.3,68.2,68.7,53.9,31.0,41.0,767.0
Karol Bagh,28.6514,77.1907,2026-08-05 07:00:00,27.0,94,0.0,0.7,57.9,58.3,45.8,51.0,40.1,844.0
Karol Bagh,28.6514,77.1907,2026-08-05 08:00:00,28.4,87,0.0,1.8,47.6,48.1,37.8,76.0,39.4,866.0
Karol Bagh,28.6514,77.1907,2026-08-05 09:00:00,30.2,76,0.0,3.7,37.6,38.4,30.4,113.0,39.8,778.0
Karol Bagh,28.6514,77.1907,2026-08-05 10:00:00,31.3,68,0.0,4.7,35.7,36.7,23.2,155.0,40.5,634.0
Karol Bagh,28.6514,77.1907,2026-08-05 11:00:00,31.9,68,0.1,4.0,37.6,38.8,17.4,188.0,39.7,522.0
Karol Bagh,28.6514,77.1907,2026-08-05 12:00:00,31.3,69,0.0,4.5,40.0,41.4,13.5,205.0,36.2,473.0
Karol Bagh,28.6514,77.1907,2026-08-05 13:00:00,31.9,67,0.0,5.6,43.0,44.4,11.1,212.0,31.3,455.0
Karol Bagh,28.6514,77.1907,2026-08-05 14:00:00,32.3,64,0.0,6.4,49.7,80.8,10.1,211.0,27.1,455.0
Karol Bagh,28.6514,77.1907,2026-08-05 15:00:00,33.1,61,0.0,6.0,42.8,52.5,9.3,204.0,24.0,451.0
Karol Bagh,28.6514,77.1907,2026-08-05 16:00:00,32.9,61,0.0,4.4,39.3,45.8,9.8,190.0,21.6,466.0
Karol Bagh,28.6514,77.1907,2026-08-05 17:00:00,29.8,83,0.0,7.0,46.1,54.0,18.9,160.0,21.2,556.0
Karol Bagh,28.6514,77.1907,2026-08-05 18:00:00,28.8,87,0.4,6.6,54.0,59.3,33.4,130.0,23.6,796.0
Karol Bagh,28.6514,77.1907,2026-08-05 19:00:00,28.4,87,0.1,6.3,64.5,67.8,53.4,89.0,27.1,1111.0
Karol Bagh,28.6514,77.1907,2026-08-05 20:00:00,28.3,88,0.0,6.5,65.2,68.0,68.4,56.0,30.3,1340.0
Karol Bagh,28.6514,77.1907,2026-08-05 21:00:00,28.3,88,0.0,4.1,65.7,69.2,74.3,40.0,33.5,1430.0
Karol Bagh,28.6514,77.1907,2026-08-05 22:00:00,28.1,90,0.0,3.6,70.1,74.3,75.2,32.0,36.3,1434.0
Karol Bagh,28.6514,77.1907,2026-08-05 23:00:00,27.4,99,0.0,4.2,74.7,79.6,72.5,29.0,37.1,1346.0
Karol Bagh,28.6514,77.1907,2026-08-06 00:00:00,27.8,98,3.5,3.2,70.5,74.7,64.9,33.0,33.8,1104.0
Karol Bagh,28.6514,77.1907,2026-08-06 01:00:00,27.2,97,1.2,5.5,61.2,64.5,53.7,42.0,28.3,771.0
Karol Bagh,28.6514,77.1907,2026-08-06 02:00:00,26.8,97,0.4,3.4,62.4,64.7,44.4,50.0,24.6,528.0
Karol Bagh,28.6514,77.1907,2026-08-06 03:00:00,27.0,95,0.0,4.3,60.5,62.9,38.5,55.0,24.1,456.0
Karol Bagh,28.6514,77.1907,2026-08-06 04:00:00,26.9,95,0.0,6.9,57.7,60.5,34.5,58.0,25.3,474.0
Karol Bagh,28.6514,77.1907,2026-08-06 05:00:00,27.1,95,0.0,5.7,68.7,71.7,47.3,47.0,44.8,517.0
Karol Bagh,28.6514,77.1907,2026-08-06 06:00:00,27.3,94,0.3,4.3,70.3,72.6,49.3,48.0,46.4,581.0
Karol Bagh,28.6514,77.1907,2026-08-06 07:00:00,27.9,89,0.0,5.5,75.0,76.4,51.7,50.0,48.6,669.0
Karol Bagh,28.6514,77.1907,2026-08-06 08:00:00,27.7,89,0.8,6.7,70.1,71.2,51.5,58.0,49.4,727.0
Karol Bagh,28.6514,77.1907,2026-08-06 09:00:00,27.3,90,1.4,4.7,54.6,55.3,45.9,78.0,47.6,726.0
Karol Bagh,28.6514,77.1907,2026-08-06 10:00:00,27.0,89,1.5,3.5,45.3,46.4,37.7,104.0,44.5,695.0
Karol Bagh,28.6514,77.1907,2026-08-06 11:00:00,27.1,83,1.3,4.7,44.6,46.7,31.8,123.0,42.2,662.0
Karol Bagh,28.6514,77.1907,2026-08-06 12:00:00,27.5,82,1.0,2.2,44.9,48.8,30.0,131.0,42.3,631.0
Karol Bagh,28.6514,77.1907,2026-08-06 13:00:00,27.3,83,0.5,3.7,47.4,52.7,30.5,133.0,43.2,599.0
Karol Bagh,28.6514,77.1907,2026-08-06 14:00:00,27.1,84,0.2,4.8,51.9,68.2,33.0,129.0,42.9,576.0
Karol Bagh,28.6514,77.1907,2026-08-06 15:00:00,27.2,85,0.3,4.2,50.9,62.2,38.8,116.0,40.0,562.0
Karol Bagh,28.6514,77.1907,2026-08-06 16:00:00,27.5,83,0.1,6.2,57.6,67.1,46.6,98.0,35.9,558.0
Karol Bagh,28.6514,77.1907,2026-08-06 17:00:00,27.9,86,0.0,7.9,31.8,33.3,51.4,62.0,24.6,583.0
Karol Bagh,28.6514,77.1907,2026-08-06 18:00:00,27.6,90,0.6,6.5,32.7,33.6,53.5,53.0,25.1,670.0
Karol Bagh,28.6514,77.1907,2026-08-06 19:00:00,27.3,92,0.1,5.2,34.8,35.6,56.4,41.0,25.9,785.0
Karol Bagh,28.6514,77.1907,2026-08-06 20:00:00,27.0,93,0.0,5.4,37.0,38.0,57.7,32.0,26.0,849.0
Karol Bagh,28.6514,77.1907,2026-08-06 21:00:00,27.0,94,0.0,5.5,37.6,38.5,56.7,27.0,25.3,814.0
Karol Bagh,28.6514,77.1907,2026-08-06 22:00:00,27.0,94,0.0,3.9,39.1,40.0,54.1,24.0,24.1,728.0
Karol Bagh,28.6514,77.1907,2026-08-06 23:00:00,26.8,93,0.0,8.1,39.9,41.0,50.3,24.0,22.4,651.0
Karol Bagh,28.6514,77.1907,2026-08-07 00:00:00,26.1,96,0.8,8.5,36.6,37.7,44.6,28.0,19.8,609.0
Karol Bagh,28.6514,77.1907,2026-08-07 01:00:00,26.0,97,1.2,4.4,34.7,35.9,37.6,34.0,16.8,576.0
Karol Bagh,28.6514,77.1907,2026-08-07 02:00:00,25.9,98,0.3,4.2,31.8,32.2,31.3,41.0,14.1,538.0
Karol Bagh,28.6514,77.1907,2026-08-07 03:00:00,25.9,99,0.0,5.4,28.5,28.7,25.6,48.0,11.9,473.0
Karol Bagh,28.6514,77.1907,2026-08-07 04:00:00,25.9,97,0.0,6.0,25.6,25.7,20.7,56.0,10.1,403.0
Karol Bagh,28.6514,77.1907,2026-08-07 05:00:00,26.6,97,2.1,5.3,35.0,35.2,23.4,50.0,16.3,375.0
Karol Bagh,28.6514,77.1907,2026-08-07 06:00:00,26.3,97,1.1,4.6,36.9,37.1,25.4,57.0,18.0,433.0
Karol Bagh,28.6514,77.1907,2026-08-07 07:00:00,26.0,96,2.5,6.3,38.4,38.6,28.0,67.0,20.3,534.0
Karol Bagh,28.6514,77.1907,2026-08-07 08:00:00,26.6,95,4.0,9.2,43.3,43.5,28.4,78.0,21.6,594.0
Karol Bagh,28.6514,77.1907,2026-08-07 09:00:00,26.7,95,4.0,10.2,49.0,49.1,24.4,91.0,21.0,569.0
Karol Bagh,28.6514,77.1907,2026-08-07 10:00:00,27.3,93,2.4,8.7,32.5,32.7,18.2,105.0,19.5,504.0
Karol Bagh,28.6514,77.1907,2026-08-07 11:00:00,28.3,86,3.2,12.0,26.7,27.0,14.1,116.0,18.2,448.0
Karol Bagh,28.6514,77.1907,2026-08-07 12:00:00,26.1,97,13.5,13.4,26.7,26.9,13.6,122.0,17.5,404.0
Karol Bagh,28.6514,77.1907,2026-08-07 13:00:00,26.8,96,3.1,12.6,25.8,26.0,15.2,124.0,16.9,370.0
Karol Bagh,28.6514,77.1907,2026-08-07 14:00:00,27.7,93,1.2,11.4,28.1,28.3,18.6,120.0,16.8,387.0
Karol Bagh,28.6514,77.1907,2026-08-07 15:00:00,28.6,87,0.3,11.4,29.2,29.4,24.3,107.0,17.0,510.0
Karol Bagh,28.6514,77.1907,2026-08-07 16:00:00,28.8,82,0.1,12.8,29.0,29.3,31.7,88.0,17.6,685.0
Karol Bagh,28.6514,77.1907,2026-08-07 17:00:00,26.9,94,4.7,10.4,34.6,35.2,31.1,86.0,15.9,786.0
Karol Bagh,28.6514,77.1907,2026-08-07 18:00:00,26.8,94,0.6,9.3,35.6,36.2,32.0,80.0,15.4,736.0
Karol Bagh,28.6514,77.1907,2026-08-07 19:00:00,26.5,96,1.1,6.5,36.0,36.4,33.1,73.0,14.8,612.0
Karol Bagh,28.6514,77.1907,2026-08-07 20:00:00,26.4,95,0.1,9.9,34.7,35.2,33.7,66.0,14.6,523.0
Karol Bagh,28.6514,77.1907,2026-08-07 21:00:00,25.7,97,2.9,11.8,35.2,35.5,33.2,62.0,15.3,523.0
Karol Bagh,28.6514,77.1907,2026-08-07 22:00:00,25.7,97,7.7,9.8,36.3,36.6,32.2,59.0,16.3,558.0
Karol Bagh,28.6514,77.1907,2026-08-07 23:00:00,26.0,97,6.0,6.4,37.7,38.0,30.8,57.0,17.1,575.0
Karol Bagh,28.6514,77.1907,2026-08-08 00:00:00,26.1,96,2.5,6.8,38.3,38.5,28.9,56.0,17.1,547.0
Karol Bagh,28.6514,77.1907,2026-08-08 01:00:00,26.0,96,0.3,10.9,39.6,39.7,26.7,55.0,16.9,501.0
Karol Bagh,28.6514,77.1907,2026-08-08 02:00:00,25.3,96,0.6,8.5,41.4,41.6,25.2,54.0,16.9,461.0
Karol Bagh,28.6514,77.1907,2026-08-08 03:00:00,24.9,98,8.5,7.6,41.9,42.1,25.4,49.0,17.4,424.0
Karol Bagh,28.6514,77.1907,2026-08-08 04:00:00,24.7,98,6.6,6.8,43.9,44.0,26.3,43.0,18.1,393.0
Karol Bagh,28.6514,77.1907,2026-08-08 05:00:00,25.7,96,0.4,8.0,44.9,45.5,23.6,50.0,20.5,403.0
Karol Bagh,28.6514,77.1907,2026-08-08 06:00:00,25.7,96,5.2,9.5,47.4,48.1,23.3,58.0,21.5,503.0
Karol Bagh,28.6514,77.1907,2026-08-08 07:00:00,25.8,96,1.2,8.0,47.5,48.7,22.8,70.0,22.9,643.0
Karol Bagh,28.6514,77.1907,2026-08-08 08:00:00,27.3,92,0.3,6.7,44.2,45.9,21.1,87.0,23.4,711.0
Karol Bagh,28.6514,77.1907,2026-08-08 09:00:00,29.4,85,0.1,7.4,39.0,41.4,16.9,113.0,22.2,630.0
Karol Bagh,28.6514,77.1907,2026-08-08 10:00:00,30.9,77,0.1,12.7,35.7,38.8,11.6,143.0,20.2,476.0
Karol Bagh,28.6514,77.1907,2026-08-08 11:00:00,29.9,79,0.4,15.5,37.8,41.3,8.0,165.0,18.9,368.0
Karol Bagh,28.6514,77.1907,2026-08-08 12:00:00,31.1,75,0.9,10.2,36.1,38.8,7.5,172.0,19.0,354.0
Karol Bagh,28.6514,77.1907,2026-08-08 13:00:00,31.1,73,0.2,11.3,43.4,45.9,8.7,171.0,19.8,386.0
Karol Bagh,28.6514,77.1907,2026-08-08 14:00:00,30.6,75,1.2,5.8,39.7,41.6,10.9,168.0,20.9,434.0
Karol Bagh,28.6514,77.1907,2026-08-08 15:00:00,32.2,68,0.1,6.7,37.1,38.4,12.6,167.0,22.0,479.0
Karol Bagh,28.6514,77.1907,2026-08-08 16:00:00,32.2,66,0.1,7.2,36.6,37.5,15.2,163.0,23.4,541.0
Karol Bagh,28.6514,77.1907,2026-08-08 17:00:00,31.2,73,0.6,8.4,36.3,49.4,21.2,145.0,20.7,649.0
Karol Bagh,28.6514,77.1907,2026-08-08 18:00:00,30.4,77,0.0,7.6,42.8,49.5,33.8,118.0,23.3,870.0
Karol Bagh,28.6514,77.1907,2026-08-08 19:00:00,29.5,82,0.0,4.9,48.3,52.7,50.9,80.0,26.7,1138.0
Karol Bagh,28.6514,77.1907,2026-08-08 20:00:00,29.1,85,0.0,3.2,56.5,60.8,61.0,54.0,28.7,1286.0
Karol Bagh,28.6514,77.1907,2026-08-08 21:00:00,28.9,86,0.0,5.3,56.7,61.5,57.5,51.0,28.0,1200.0
Karol Bagh,28.6514,77.1907,2026-08-08 22:00:00,28.6,88,0.0,3.6,49.4,56.1,47.1,59.0,25.9,994.0
Karol Bagh,28.6514,77.1907,2026-08-08 23:00:00,29.0,89,0.0,1.8,47.1,53.8,38.3,65.0,23.8,839.0
Karol Bagh,28.6514,77.1907,2026-08-09 00:00:00,28.5,88,0.1,2.9,48.4,53.3,34.1,64.0,22.1,820.0
Karol Bagh,28.6514,77.1907,2026-08-09 01:00:00,28.4,88,0.6,2.3,47.6,50.8,31.5,61.0,20.5,853.0
Karol Bagh,28.6514,77.1907,2026-08-09 02:00:00,27.9,90,0.1,4.3,45.4,47.0,29.6,58.0,19.6,852.0
Karol Bagh,28.6514,77.1907,2026-08-09 03:00:00,27.1,93,0.3,7.9,44.0,44.6,28.5,52.0,19.6,762.0
Karol Bagh,28.6514,77.1907,2026-08-09 04:00:00,26.7,94,0.2,6.7,43.8,43.9,28.0,46.0,20.3,639.0
Karol Bagh,28.6514,77.1907,2026-08-09 05:00:00,25.0,99,0.1,6.1,53.6,54.2,37.6,34.0,21.7,563.0
Karol Bagh,28.6514,77.1907,2026-08-09 06:00:00,25.7,96,0.0,5.3,50.8,51.1,33.2,51.0,24.1,591.0
Karol Bagh,28.6514,77.1907,2026-08-09 07:00:00,27.0,94,0.0,2.6,46.1,46.2,26.9,76.0,27.4,667.0
Karol Bagh,28.6514,77.1907,2026-08-09 08:00:00,28.9,87,0.0,3.5,42.1,42.3,20.9,105.0,29.5,700.0
Karol Bagh,28.6514,77.1907,2026-08-09 09:00:00,30.6,79,0.0,4.9,38.2,38.4,15.5,140.0,29.2,638.0
Karol Bagh,28.6514,77.1907,2026-08-09 10:00:00,31.6,74,0.1,6.9,37.5,37.7,10.3,179.0,27.6,533.0
Karol Bagh,28.6514,77.1907,2026-08-09 11:00:00,32.6,66,0.0,8.0,36.9,37.1,6.6,208.0,26.2,451.0
Karol Bagh,28.6514,77.1907,2026-08-09 12:00:00,32.6,68,0.5,6.5,36.6,37.0,5.0,221.0,25.1,418.0
Karol Bagh,28.6514,77.1907,2026-08-09 13:00:00,33.4,65,0.1,4.2,41.6,71.0,4.8,225.0,24.2,407.0
Karol Bagh,28.6514,77.1907,2026-08-09 14:00:00,33.7,64,0.1,3.7,42.0,65.2,5.6,228.0,24.5,405.0
Karol Bagh,28.6514,77.1907,2026-08-09 15:00:00,33.9,63,0.0,1.1,41.2,57.6,5.3,239.0,26.4,391.0
Karol Bagh,28.6514,77.1907,2026-08-09 16:00:00,33.7,63,0.0,2.6,41.3,54.6,5.8,248.0,29.4,386.0
Karol Bagh,28.6514,77.1907,2026-08-09 17:00:00,33.4,66,0.5,3.6,48.0,48.4,13.1,184.0,23.8,439.0
Karol Bagh,28.6514,77.1907,2026-08-09 18:00:00,31.8,74,0.3,3.3,60.5,61.0,39.8,143.0,32.0,591.0
Karol Bagh,28.6514,77.1907,2026-08-09 19:00:00,30.7,79,0.0,4.1,83.4,83.8,76.6,86.0,43.3,802.0
Karol Bagh,28.6514,77.1907,2026-08-09 20:00:00,30.4,81,0.0,4.5,107.8,108.0,103.6,41.0,51.8,999.0
Karol Bagh,28.6514,77.1907,2026-08-09 21:00:00,30.1,82,0.0,4.1,128.1,128.1,113.6,20.0,55.8,1176.0
Karol Bagh,28.6514,77.1907,2026-08-09 22:00:00,29.7,82,0.0,5.0,140.6,140.6,113.8,12.0,56.9,1339.0
Karol Bagh,28.6514,77.1907,2026-08-09 23:00:00,30.3,80,0.0,4.9,130.4,130.4,106.2,12.0,55.0,1437.0
Karol Bagh,28.6514,77.1907,2026-08-10 00:00:00,28.5,85,0.1,1.9,100.1,100.4,86.6,23.0,48.1,1436.0
Karol Bagh,28.6514,77.1907,2026-08-10 01:00:00,26.5,93,1.1,12.3,74.3,74.5,59.2,42.0,38.0,1369.0
Karol Bagh,28.6514,77.1907,2026-08-10 02:00:00,26.5,94,0.2,4.3,59.1,59.3,38.2,55.0,29.9,1288.0
Karol Bagh,28.6514,77.1907,2026-08-10 03:00:00,26.9,93,0.0,5.1,53.0,53.1,30.2,55.0,25.5,1204.0
Karol Bagh,28.6514,77.1907,2026-08-10 04:00:00,27.2,93,0.0,4.6,50.3,50.4,28.7,50.0,23.2,1106.0
Karol Bagh,28.6514,77.1907,2026-08-10 05:00:00,28.0,93,0.0,5.6,37.8,38.0,21.6,71.0,21.6,1009.0
Karol Bagh,28.6514,77.1907,2026-08-10 06:00:00,27.1,94,1.0,6.0,36.0,36.2,24.4,69.0,23.2,916.0
Karol Bagh,28.6514,77.1907,2026-08-10 07:00:00,27.3,92,0.2,6.3,32.4,32.6,28.0,68.0,25.5,824.0
Karol Bagh,28.6514,77.1907,2026-08-10 08:00:00,28.4,86,0.0,5.4,29.9,30.0,29.5,76.0,28.1,744.0
Karol Bagh,28.6514,77.1907,2026-08-10 09:00:00,29.7,81,0.0,6.7,28.9,29.1,26.8,103.0,31.2,678.0
Karol Bagh,28.6514,77.1907,2026-08-10 10:00:00,31.0,76,0.0,5.2,30.6,30.7,21.9,140.0,34.6,624.0
Karol Bagh,28.6514,77.1907,2026-08-10 11:00:00,33.0,65,0.0,5.4,31.5,33.1,18.2,168.0,37.1,581.0
Karol Bagh,28.6514,77.1907,2026-08-10 12:00:00,33.4,64,0.1,4.9,32.9,36.9,16.6,180.0,38.1,553.0
Karol Bagh,28.6514,77.1907,2026-08-10 13:00:00,32.2,69,0.1,8.1,36.2,60.8,16.1,184.0,38.3,536.0
Karol Bagh,28.6514,77.1907,2026-08-10 14:00:00,27.7,93,7.8,3.0,37.8,47.7,17.5,180.0,38.3,525.0
Karol Bagh,28.6514,77.1907,2026-08-10 15:00:00,28.2,90,1.3,2.9,39.6,47.5,21.0,168.0,38.1,501.0
Karol Bagh,28.6514,77.1907,2026-08-10 16:00:00,28.6,88,0.2,2.1,40.5,46.2,26.4,149.0,37.7,482.0
Karol Bagh,28.6514,77.1907,2026-08-10 17:00:00,29.7,84,0.0,7.6,52.5,54.4,27.9,144.0,27.2,518.0
Karol Bagh,28.6514,77.1907,2026-08-10 18:00:00,29.5,85,0.0,6.4,56.9,57.6,34.0,120.0,27.6,673.0
Karol Bagh,28.6514,77.1907,2026-08-10 19:00:00,29.0,87,0.0,6.3,58.8,59.0,42.4,88.0,28.1,882.0
Karol Bagh,28.6514,77.1907,2026-08-10 20:00:00,28.7,89,0.0,5.5,65.0,65.0,48.6,62.0,28.8,1005.0
Karol Bagh,28.6514,77.1907,2026-08-10 21:00:00,28.6,90,0.0,3.6,70.8,71.0,51.0,50.0,29.9,962.0
Karol Bagh,28.6514,77.1907,2026-08-10 22:00:00,28.4,91,0.0,3.3,77.1,77.5,51.2,45.0,31.1,831.0
Karol Bagh,28.6514,77.1907,2026-08-10 23:00:00,27.8,95,0.0,6.9,77.3,77.8,49.7,43.0,31.5,712.0
Karol Bagh,28.6514,77.1907,2026-08-11 00:00:00,27.6,96,0.3,9.5,77.3,77.8,45.7,43.0,30.3,635.0
Karol Bagh,28.6514,77.1907,2026-08-11 01:00:00,27.6,95,0.0,8.8,76.6,77.1,40.0,46.0,28.2,569.0
Karol Bagh,28.6514,77.1907,2026-08-11 02:00:00,27.4,95,0.0,9.1,74.5,75.2,34.9,49.0,26.4,516.0
Karol Bagh,28.6514,77.1907,2026-08-11 03:00:00,27.2,95,0.0,8.1,71.9,72.6,31.2,49.0,25.1,471.0
Karol Bagh,28.6514,77.1907,2026-08-11 04:00:00,27.0,94,0.0,7.4,65.4,65.9,28.1,49.0,24.0,438.0
Karol Bagh,28.6514,77.1907,2026-08-11 05:00:00,27.0,93,0.1,7.1,51.9,52.3,24.2,57.0,24.7,434.0
Karol Bagh,28.6514,77.1907,2026-08-11 06:00:00,27.1,93,0.0,7.2,47.4,47.6,26.4,57.0,25.2,480.0
Karol Bagh,28.6514,77.1907,2026-08-11 07:00:00,27.8,88,0.0,8.2,50.5,50.9,29.3,58.0,26.0,555.0
Karol Bagh,28.6514,77.1907,2026-08-11 08:00:00,28.8,85,0.0,6.6,44.9,45.3,30.0,70.0,27.3,611.0
Karol Bagh,28.6514,77.1907,2026-08-11 09:00:00,29.5,82,0.0,5.6,40.3,40.4,26.4,101.0,29.6,627.0
Karol Bagh,28.6514,77.1907,2026-08-11 10:00:00,30.4,80,0.1,4.3,37.5,37.7,20.7,143.0,32.5,624.0
Karol Bagh,28.6514,77.1907,2026-08-11 11:00:00,30.5,80,0.2,1.7,38.5,38.8,16.2,174.0,34.0,612.0
Karol Bagh,28.6514,77.1907,2026-08-11 12:00:00,28.4,87,4.2,8.2,39.8,40.3,13.8,187.0,33.3,588.0
Karol Bagh,28.6514,77.1907,2026-08-11 13:00:00,28.0,93,3.9,5.4,39.6,39.9,12.8,189.0,31.3,556.0
Karol Bagh,28.6514,77.1907,2026-08-11 14:00:00,28.6,90,1.1,3.3,38.0,38.3,14.1,184.0,29.4,538.0
Karol Bagh,28.6514,77.1907,2026-08-11 15:00:00,30.0,80,0.6,5.5,36.4,36.7,18.2,171.0,27.5,514.0
Karol Bagh,28.6514,77.1907,2026-08-11 16:00:00,30.5,76,0.3,4.8,37.0,37.3,24.7,151.0,25.6,505.0
Karol Bagh,28.6514,77.1907,2026-08-11 17:00:00,30.5,77,0.1,4.4,45.2,45.3,35.7,121.0,26.5,596.0
Karol Bagh,28.6514,77.1907,2026-08-11 18:00:00,30.2,79,0.0,2.3,47.4,47.5,48.4,99.0,29.8,890.0
Karol Bagh,28.6514,77.1907,2026-08-11 19:00:00,29.6,86,0.7,1.5,58.9,59.0,66.0,68.0,34.5,1284.0
Karol Bagh,28.6514,77.1907,2026-08-11 20:00:00,29.1,88,0.1,3.1,74.7,75.0,80.5,42.0,39.1,1551.0
Karol Bagh,28.6514,77.1907,2026-08-11 21:00:00,28.8,90,0.1,3.5,86.6,86.8,89.1,27.0,43.8,1582.0
Karol Bagh,28.6514,77.1907,2026-08-11 22:00:00,28.3,91,0.0,3.8,102.7,102.9,94.5,16.0,48.5,1486.0
Karol Bagh,28.6514,77.1907,2026-08-11 23:00:00,28.6,87,0.0,4.8,111.3,111.5,96.9,9.0,50.8,1366.0
Karol Bagh,28.6514,77.1907,2026-08-12 00:00:00,28.3,89,0.0,3.0,109.0,109.2,95.8,5.0,49.2,1242.0
Karol Bagh,28.6514,77.1907,2026-08-12 01:00:00,28.4,89,0.0,0.3,110.4,110.6,91.8,4.0,45.3,1095.0
Karol Bagh,28.6514,77.1907,2026-08-12 02:00:00,27.9,91,0.0,2.8,116.9,117.1,86.7,5.0,41.5,969.0
Karol Bagh,28.6514,77.1907,2026-08-12 03:00:00,27.6,91,0.0,3.8,122.0,122.0,81.1,3.0,38.2,880.0
Karol Bagh,28.6514,77.1907,2026-08-12 04:00:00,27.3,93,0.0,2.8,114.6,114.6,74.4,3.0,35.0,813.0
Karol Bagh,28.6514,77.1907,2026-08-12 05:00:00,27.8,95,0.0,1.5,92.2,92.2,66.0,13.0,39.0,765.0
Karol Bagh,28.6514,77.1907,2026-08-12 06:00:00,27.9,94,0.0,3.0,93.6,93.8,56.6,33.0,41.1,749.0
Karol Bagh,28.6514,77.1907,2026-08-12 07:00:00,28.6,92,0.0,2.9,75.0,75.2,43.6,63.0,44.1,752.0
Karol Bagh,28.6514,77.1907,2026-08-12 08:00:00,29.9,83,0.0,2.9,54.5,54.6,32.5,93.0,46.1,733.0
Karol Bagh,28.6514,77.1907,2026-08-12 09:00:00,31.1,75,0.0,3.2,40.4,40.6,25.7,123.0,46.6,659.0
Karol Bagh,28.6514,77.1907,2026-08-12 10:00:00,32.0,71,0.2,2.8,40.6,40.9,20.9,155.0,46.3,564.0
Karol Bagh,28.6514,77.1907,2026-08-12 11:00:00,33.0,64,0.3,3.6,42.8,43.2,17.0,184.0,44.9,501.0
Karol Bagh,28.6514,77.1907,2026-08-12 12:00:00,33.6,62,0.1,2.8,44.6,44.9,13.1,210.0,41.9,498.0
Karol Bagh,28.6514,77.1907,2026-08-12 13:00:00,34.1,60,0.1,2.1,46.4,46.9,10.1,234.0,37.9,527.0
Karol Bagh,28.6514,77.1907,2026-08-12 14:00:00,34.5,59,0.1,0.3,47.7,48.1,9.1,249.0,35.0,566.0
Karol Bagh,28.6514,77.1907,2026-08-12 15:00:00,34.7,58,0.0,0.7,47.7,48.1,7.7,258.0,33.4,570.0
Karol Bagh,28.6514,77.1907,2026-08-12 16:00:00,34.3,60,0.0,1.1,48.8,49.1,8.3,258.0,32.8,583.0
Karol Bagh,28.6514,77.1907,2026-08-12 17:00:00,34.4,61,0.3,1.9,43.9,46.7,20.2,219.0,33.2,713.0
Karol Bagh,28.6514,77.1907,2026-08-12 18:00:00,30.2,82,0.7,10.5,65.4,67.5,38.2,178.0,34.8,1121.0
Karol Bagh,28.6514,77.1907,2026-08-12 19:00:00,28.7,89,0.8,8.4,82.4,85.2,62.7,120.0,36.9,1646.0
Karol Bagh,28.6514,77.1907,2026-08-12 20:00:00,28.0,93,0.6,5.0,85.9,89.2,78.6,76.0,37.7,1917.0
Karol Bagh,28.6514,77.1907,2026-08-12 21:00:00,28.1,94,0.0,5.5,87.3,89.4,78.0,59.0,36.2,1691.0
Karol Bagh,28.6514,77.1907,2026-08-12 22:00:00,28.2,92,0.0,4.0,81.5,81.7,68.9,54.0,33.4,1212.0
Karol Bagh,28.6514,77.1907,2026-08-12 23:00:00,29.6,87,0.0,5.7,77.3,77.3,60.1,52.0,30.9,836.0
Karol Bagh,28.6514,77.1907,2026-08-13 00:00:00,29.1,89,0.0,3.8,66.8,66.8,54.7,48.0,29.1,712.0
Karol Bagh,28.6514,77.1907,2026-08-13 01:00:00,28.8,89,0.0,3.7,61.2,61.2,49.7,46.0,27.6,691.0
Karol Bagh,28.6514,77.1907,2026-08-13 02:00:00,28.5,90,0.0,5.1,55.4,55.4,44.8,45.0,26.0,692.0
Karol Bagh,28.6514,77.1907,2026-08-13 03:00:00,28.2,92,0.0,5.6,47.5,47.5,39.4,45.0,23.9,695.0
Karol Bagh,28.6514,77.1907,2026-08-13 04:00:00,27.9,94,0.0,3.6,41.1,41.2,34.1,46.0,21.8,718.0
Karol Bagh,28.6514,77.1907,2026-08-13 05:00:00,26.9,97,0.0,5.6,51.5,51.5,44.8,27.0,23.1,737.0
Karol Bagh,28.6514,77.1907,2026-08-13 06:00:00,26.7,95,0.7,9.3,50.3,50.9,40.4,47.0,22.8,750.0
Karol Bagh,28.6514,77.1907,2026-08-13 07:00:00,27.9,95,0.2,5.8,47.3,48.7,34.0,76.0,22.5,758.0
Karol Bagh,28.6514,77.1907,2026-08-13 08:00:00,30.1,81,0.0,3.1,44.2,47.8,27.6,108.0,23.4,741.0
Karol Bagh,28.6514,77.1907,2026-08-13 09:00:00,31.7,75,0.0,4.0,46.0,73.8,21.0,147.0,26.9,677.0
Karol Bagh,28.6514,77.1907,2026-08-13 10:00:00,32.6,71,0.0,2.1,44.4,53.9,14.4,188.0,31.6,587.0
Karol Bagh,28.6514,77.1907,2026-08-13 11:00:00,33.3,65,0.1,1.6,42.3,48.9,9.4,219.0,34.0,516.0
Karol Bagh,28.6514,77.1907,2026-08-13 12:00:00,33.8,60,0.0,5.0,41.8,46.7,6.9,232.0,31.9,476.0
Karol Bagh,28.6514,77.1907,2026-08-13 13:00:00,32.8,67,0.4,8.1,39.6,42.8,6.1,234.0,27.4,453.0
Karol Bagh,28.6514,77.1907,2026-08-13 14:00:00,33.2,68,0.2,3.2,37.5,39.6,6.7,228.0,23.6,455.0
Karol Bagh,28.6514,77.1907,2026-08-13 15:00:00,33.6,66,0.1,5.5,37.8,74.5,5.8,217.0,20.5,473.0
Karol Bagh,28.6514,77.1907,2026-08-13 16:00:00,33.7,65,0.0,4.5,41.7,110.8,6.4,198.0,18.0,514.0
Karol Bagh,28.6514,77.1907,2026-08-13 17:00:00,31.3,81,0.8,7.5,37.6,47.1,17.4,167.0,20.9,607.0
Karol Bagh,28.6514,77.1907,2026-08-13 18:00:00,31.1,80,0.1,0.3,46.0,52.7,33.9,132.0,23.6,774.0
Karol Bagh,28.6514,77.1907,2026-08-13 19:00:00,30.6,85,0.0,3.8,54.8,61.9,56.6,84.0,27.5,993.0
Karol Bagh,28.6514,77.1907,2026-08-13 20:00:00,30.4,86,0.0,2.4,63.6,71.7,73.2,48.0,31.0,1226.0
Karol Bagh,28.6514,77.1907,2026-08-13 21:00:00,30.5,85,0.0,2.4,76.8,86.6,77.9,35.0,33.7,1508.0
Karol Bagh,28.6514,77.1907,2026-08-13 22:00:00,30.1,85,0.0,3.6,83.6,90.8,76.6,34.0,36.2,1803.0
Karol Bagh,28.6514,77.1907,2026-08-13 23:00:00,30.4,87,0.0,2.2,74.0,78.5,73.8,34.0,38.3,1971.0
Karol Bagh,28.6514,77.1907,2026-08-14 00:00:00,30.0,88,0.0,3.1,73.6,75.4,70.6,34.0,40.4,1932.0
Karol Bagh,28.6514,77.1907,2026-08-14 01:00:00,29.5,89,0.0,2.9,72.6,74.0,65.9,36.0,42.1,1765.0
Karol Bagh,28.6514,77.1907,2026-08-14 02:00:00,29.2,89,0.0,3.6,72.4,73.8,62.0,36.0,43.0,1563.0
Karol Bagh,28.6514,77.1907,2026-08-14 03:00:00,29.0,90,0.0,3.9,71.5,73.3,60.1,31.0,42.4,1323.0
Karol Bagh,28.6514,77.1907,2026-08-14 04:00:00,28.7,90,0.0,4.3,71.7,73.6,58.8,24.0,40.9,1048.0
Karol Bagh,28.6514,77.1907,2026-08-14 05:00:00,27.5,97,0.0,2.5,61.2,65.9,55.8,20.0,33.4,843.0
Karol Bagh,28.6514,77.1907,2026-08-14 06:00:00,27.0,99,2.2,4.8,59.4,68.2,52.7,25.0,31.8,772.0
Karol Bagh,28.6514,77.1907,2026-08-14 07:00:00,27.5,95,0.8,2.6,51.3,62.9,48.4,33.0,29.8,772.0
Karol Bagh,28.6514,77.1907,2026-08-14 08:00:00,28.3,89,0.2,1.5,48.5,61.7,43.8,46.0,29.1,754.0
Karol Bagh,28.6514,77.1907,2026-08-14 09:00:00,28.8,84,0.1,2.6,43.5,64.5,38.8,67.0,30.8,671.0
Karol Bagh,28.6514,77.1907,2026-08-14 10:00:00,29.8,81,0.0,2.0,42.8,65.2,33.7,93.0,33.9,571.0
Karol Bagh,28.6514,77.1907,2026-08-14 11:00:00,30.3,80,0.0,4.7,40.3,59.8,30.2,116.0,37.3,507.0
Karol Bagh,28.6514,77.1907,2026-08-14 12:00:00,30.7,80,0.9,0.5,38.4,55.1,29.2,133.0,41.1,509.0
Karol Bagh,28.6514,77.1907,2026-08-14 13:00:00,31.4,78,0.4,1.0,38.8,53.8,29.8,146.0,45.3,547.0
Karol Bagh,28.6514,77.1907,2026-08-14 14:00:00,28.8,85,4.1,5.3,39.5,53.0,31.6,153.0,48.9,588.0
Karol Bagh,28.6514,77.1907,2026-08-14 15:00:00,28.3,91,4.6,1.5,39.2,50.6,33.5,155.0,51.4,601.0
Karol Bagh,28.6514,77.1907,2026-08-14 16:00:00,28.7,88,0.8,1.4,37.8,46.1,36.6,151.0,53.3,618.0
Karol Bagh,28.6514,77.1907,2026-08-14 17:00:00,30.3,78,0.3,4.0,46.2,60.3,34.6,135.0,43.1,695.0
Karol Bagh,28.6514,77.1907,2026-08-14 18:00:00,29.7,82,0.0,3.4,50.2,61.0,51.2,105.0,46.3,899.0
Karol Bagh,28.6514,77.1907,2026-08-14 19:00:00,29.0,87,0.0,4.0,66.4,75.0,74.0,63.0,50.7,1163.0
Karol Bagh,28.6514,77.1907,2026-08-14 20:00:00,28.6,88,0.0,6.0,79.2,87.1,90.9,31.0,54.4,1350.0
Karol Bagh,28.6514,77.1907,2026-08-14 21:00:00,28.3,89,0.0,3.3,89.4,96.9,96.0,18.0,56.9,1391.0
Karol Bagh,28.6514,77.1907,2026-08-14 22:00:00,28.0,91,0.0,3.2,91.7,97.8,95.2,14.0,58.6,1353.0
Karol Bagh,28.6514,77.1907,2026-08-14 23:00:00,28.2,88,0.0,3.5,93.6,98.7,93.6,11.0,59.2,1306.0
Karol Bagh,28.6514,77.1907,2026-08-15 00:00:00,28.0,90,0.0,1.7,95.2,99.9,92.7,8.0,58.0,1272.0
Karol Bagh,28.6514,77.1907,2026-08-15 01:00:00,27.7,92,0.0,1.5,93.6,97.8,91.0,6.0,55.7,1228.0
Karol Bagh,28.6514,77.1907,2026-08-15 02:00:00,27.5,93,0.0,2.0,94.1,97.6,88.8,4.0,53.3,1170.0
Karol Bagh,28.6514,77.1907,2026-08-15 03:00:00,27.4,94,0.0,2.9,94.5,98.0,86.7,0.0,50.6,1078.0
Karol Bagh,28.6514,77.1907,2026-08-15 04:00:00,27.3,94,0.0,1.0,95.7,99.0,84.2,0.0,47.9,973.0
Karol Bagh,28.6514,77.1907,2026-08-15 05:00:00,26.5,98,0.0,6.1,97.1,106.9,59.1,26.0,51.3,910.0
Karol Bagh,28.6514,77.1907,2026-08-15 06:00:00,26.5,96,3.3,1.3,93.4,102.7,51.6,42.0,46.9,939.0
Karol Bagh,28.6514,77.1907,2026-08-15 07:00:00,26.7,97,1.9,3.1,85.2,96.4,40.9,66.0,40.8,1012.0
Karol Bagh,28.6514,77.1907,2026-08-15 08:00:00,27.2,96,1.4,3.3,65.0,77.8,31.3,95.0,35.7,1035.0
Karol Bagh,28.6514,77.1907,2026-08-15 09:00:00,27.9,93,0.6,3.4,52.6,65.7,23.8,132.0,32.9,960.0
Karol Bagh,28.6514,77.1907,2026-08-15 10:00:00,29.3,86,0.1,0.9,51.0,63.3,17.2,173.0,31.1,837.0
Karol Bagh,28.6514,77.1907,2026-08-15 11:00:00,32.2,74,0.0,4.2,49.5,60.8,12.3,204.0,29.2,722.0
Karol Bagh,28.6514,77.1907,2026-08-15 12:00:00,31.4,78,1.4,7.8,48.8,59.0,9.3,218.0,26.6,627.0
Karol Bagh,28.6514,77.1907,2026-08-15 13:00:00,31.2,81,2.3,5.8,48.4,57.7,7.9,222.0,23.9,540.0
Karol Bagh,28.6514,77.1907,2026-08-15 14:00:00,32.6,70,0.2,4.9,44.9,53.0,8.4,219.0,22.4,488.0
Karol Bagh,28.6514,77.1907,2026-08-15 15:00:00,32.6,67,0.6,7.5,42.7,49.5,10.4,211.0,22.7,474.0
Karol Bagh,28.6514,77.1907,2026-08-15 16:00:00,32.5,67,0.0,6.1,41.0,47.5,14.3,196.0,24.1,494.0
Karol Bagh,28.6514,77.1907,2026-08-15 17:00:00,31.8,74,0.0,7.0,43.8,71.2,18.5,156.0,22.3,565.0
Karol Bagh,28.6514,77.1907,2026-08-15 18:00:00,31.4,78,0.0,4.3,56.5,83.8,39.6,120.0,26.1,732.0
Karol Bagh,28.6514,77.1907,2026-08-15 19:00:00,30.6,84,0.0,4.6,72.9,106.4,68.7,71.0,31.5,949.0
Karol Bagh,28.6514,77.1907,2026-08-15 20:00:00,30.2,86,0.0,4.4,83.1,120.6,91.7,32.0,36.2,1094.0
Karol Bagh,28.6514,77.1907,2026-08-15 21:00:00,29.9,87,0.0,4.0,90.6,133.6,103.2,13.0,40.0,1119.0
Karol Bagh,28.6514,77.1907,2026-08-15 22:00:00,29.5,88,0.0,3.6,103.6,152.3,108.6,5.0,43.1,1073.0
Karol Bagh,28.6514,77.1907,2026-08-15 23:00:00,29.2,85,0.0,8.2,110.6,162.5,108.9,1.0,43.9,980.0
Karol Bagh,28.6514,77.1907,2026-08-16 00:00:00,29.0,87,0.0,7.3,104.3,157.4,103.0,0.0,40.9,806.0
Karol Bagh,28.6514,77.1907,2026-08-16 01:00:00,28.7,89,0.1,5.6,94.1,154.6,92.1,4.0,35.7,586.0
Karol Bagh,28.6514,77.1907,2026-08-16 02:00:00,27.1,90,0.5,10.9,92.7,157.4,81.3,8.0,31.5,451.0
Karol Bagh,28.6514,77.1907,2026-08-16 03:00:00,25.7,96,3.3,4.8,91.5,144.4,72.1,12.0,29.5,483.0
Karol Bagh,28.6514,77.1907,2026-08-16 04:00:00,26.4,94,0.3,7.1,77.3,113.6,63.1,17.0,28.5,601.0
Karol Bagh,28.6514,77.1907,2026-08-16 05:00:00,28.1,85,0.0,9.9,65.4,269.2,17.6,48.0,9.4,687.0
Karol Bagh,28.6514,77.1907,2026-08-16 06:00:00,27.8,84,0.2,8.2,74.5,301.7,17.4,50.0,10.2,703.0
Karol Bagh,28.6514,77.1907,2026-08-16 07:00:00,28.4,82,0.2,9.2,82.4,312.0,16.9,53.0,11.3,688.0
Karol Bagh,28.6514,77.1907,2026-08-16 08:00:00,29.5,78,0.0,8.0,87.3,354.8,15.5,62.0,12.3,644.0
Karol Bagh,28.6514,77.1907,2026-08-16 09:00:00,30.7,74,0.0,7.3,96.2,476.8,12.4,82.0,13.1,554.0
Karol Bagh,28.6514,77.1907,2026-08-16 10:00:00,32.2,68,0.0,7.0,92.9,470.3,8.4,109.0,13.8,435.0
Karol Bagh,28.6514,77.1907,2026-08-16 11:00:00,32.8,66,0.0,7.8,75.7,299.9,5.4,130.0,14.2,346.0
Karol Bagh,28.6514,77.1907,2026-08-16 12:00:00,33.4,65,0.1,7.4,68.7,245.9,3.9,142.0,14.1,313.0
Karol Bagh,28.6514,77.1907,2026-08-16 13:00:00,33.6,64,0.1,6.2,66.1,244.9,3.5,149.0,13.7,310.0
Karol Bagh,28.6514,77.1907,2026-08-16 14:00:00,33.7,63,0.0,7.6,68.2,264.5,4.3,151.0,13.8,318.0
Karol Bagh,28.6514,77.1907,2026-08-16 15:00:00,33.6,64,0.1,8.8,68.5,274.7,6.1,150.0,14.2,327.0
Karol Bagh,28.6514,77.1907,2026-08-16 16:00:00,33.4,64,0.1,9.4,66.6,256.1,9.1,144.0,15.1,348.0
Karol Bagh,28.6514,77.1907,2026-08-16 17:00:00,31.5,75,0.2,4.2,91.3,440.5,16.1,101.0,13.0,395.0
Karol Bagh,28.6514,77.1907,2026-08-16 18:00:00,31.0,78,0.0,2.0,95.2,359.5,28.3,80.0,16.5,497.0
Karol Bagh,28.6514,77.1907,2026-08-16 19:00:00,30.3,81,0.0,4.2,106.4,370.7,44.9,52.0,21.3,625.0
Karol Bagh,28.6514,77.1907,2026-08-16 20:00:00,29.8,83,0.1,4.5,105.7,333.4,55.4,33.0,24.5,704.0
Karol Bagh,28.6514,77.1907,2026-08-16 21:00:00,29.5,86,0.0,5.4,92.0,252.4,53.8,33.0,24.5,685.0
Karol Bagh,28.6514,77.1907,2026-08-16 22:00:00,29.2,88,0.0,5.4,82.4,198.4,46.2,42.0,22.9,616.0
Karol Bagh,28.6514,77.1907,2026-08-16 23:00:00,29.6,84,0.0,5.6,71.9,191.9,40.2,48.0,22.1,570.0
Karol Bagh,28.6514,77.1907,2026-08-17 00:00:00,28.9,85,0.0,4.3,70.1,172.3,38.6,45.0,23.0,592.0
Karol Bagh,28.6514,77.1907,2026-08-17 01:00:00,28.2,89,0.3,5.4,70.3,149.9,38.7,39.0,24.6,636.0
Karol Bagh,28.6514,77.1907,2026-08-17 02:00:00,28.0,88,0.0,6.3,68.7,144.4,39.7,33.0,26.4,638.0
Karol Bagh,28.6514,77.1907,2026-08-17 03:00:00,28.0,86,0.0,7.2,73.3,156.9,42.8,25.0,28.7,541.0
Karol Bagh,28.6514,77.1907,2026-08-17 04:00:00,27.7,85,0.0,8.0,75.2,158.3,46.9,18.0,31.1,403.0
Karol Bagh,28.6514,77.1907,2026-08-17 05:00:00,28.6,79,0.0,9.2,64.3,173.7,31.9,23.0,15.7,329.0
Karol Bagh,28.6514,77.1907,2026-08-17 06:00:00,28.2,80,0.0,9.1,58.8,187.2,27.5,32.0,14.7,403.0
Karol Bagh,28.6514,77.1907,2026-08-17 07:00:00,28.8,78,0.0,9.6,53.4,172.8,21.4,45.0,13.3,541.0
Karol Bagh,28.6514,77.1907,2026-08-17 08:00:00,29.5,76,0.1,9.0,47.6,165.3,16.0,60.0,12.3,604.0
Karol Bagh,28.6514,77.1907,2026-08-17 09:00:00,30.4,74,0.0,7.8,42.7,143.9,12.0,80.0,12.1,502.0
Karol Bagh,28.6514,77.1907,2026-08-17 10:00:00,31.5,71,0.0,8.1,56.7,277.5,8.7,102.0,12.2,325.0
Karol Bagh,28.6514,77.1907,2026-08-17 11:00:00,32.7,65,0.0,9.6,71.7,402.3,6.3,120.0,12.4,199.0
Karol Bagh,28.6514,77.1907,2026-08-17 12:00:00,33.1,64,0.0,8.8,74.3,405.1,4.8,133.0,12.4,175.0
Karol Bagh,28.6514,77.1907,2026-08-17 13:00:00,30.4,74,0.1,8.9,65.0,292.4,4.2,141.0,12.4,201.0
Karol Bagh,28.6514,77.1907,2026-08-17 14:00:00,31.4,71,0.1,7.2,66.6,299.9,5.0,144.0,12.7,253.0
Karol Bagh,28.6514,77.1907,2026-08-17 15:00:00,32.3,70,0.1,7.0,67.5,299.9,6.3,140.0,13.1,316.0
Karol Bagh,28.6514,77.1907,2026-08-17 16:00:00,31.3,75,0.3,9.0,67.1,288.7,9.0,131.0,13.8,404.0
Karol Bagh,28.6514,77.1907,2026-08-17 17:00:00,28.4,86,0.4,7.1,58.4,201.2,16.6,114.0,15.6,535.0
Karol Bagh,28.6514,77.1907,2026-08-17 18:00:00,28.9,87,0.9,2.3,63.1,188.1,33.8,85.0,19.4,784.0
Karol Bagh,28.6514,77.1907,2026-08-17 19:00:00,28.1,90,0.9,2.4,74.3,170.0,55.8,49.0,24.3,1076.0
Karol Bagh,28.6514,77.1907,2026-08-17 20:00:00,26.9,90,0.0,6.9,77.1,154.1,71.7,23.0,28.2,1206.0
Karol Bagh,28.6514,77.1907,2026-08-17 21:00:00,24.7,99,0.0,6.5,73.3,140.6,76.5,13.0,30.6,1026.0
Karol Bagh,28.6514,77.1907,2026-08-17 22:00:00,25.2,98,0.0,4.1,76.6,135.5,75.2,13.0,32.0,684.0
Karol Bagh,28.6514,77.1907,2026-08-17 23:00:00,25.0,99,0.0,2.1,68.9,112.5,71.2,15.0,32.1,419.0
Karol Bagh,28.6514,77.1907,2026-08-18 00:00:00,25.1,97,0.0,7.7,56.1,94.5,64.2,20.0,29.9,332.0
Karol Bagh,28.6514,77.1907,2026-08-18 01:00:00,24.8,98,0.1,8.1,49.5,81.3,54.5,28.0,26.3,322.0
Karol Bagh,28.6514,77.1907,2026-08-18 02:00:00,25.1,97,0.3,5.0,44.4,67.8,46.5,34.0,23.9,329.0
Karol Bagh,28.6514,77.1907,2026-08-18 03:00:00,24.9,99,0.1,3.5,32.2,46.3,42.0,35.0,24.0,334.0
Karol Bagh,28.6514,77.1907,2026-08-18 04:00:00,25.0,97,0.3,3.2,27.4,38.0,39.2,33.0,25.4,356.0
Karol Bagh,28.6514,77.1907,2026-08-18 05:00:00,25.0,98,0.8,4.5,28.3,36.8,36.8,35.0,26.7,391.0
Karol Bagh,28.6514,77.1907,2026-08-18 06:00:00,25.1,98,1.0,2.3,30.6,38.1,35.0,39.0,27.9,459.0
Karol Bagh,28.6514,77.1907,2026-08-18 07:00:00,25.9,97,0.1,1.0,33.9,43.1,33.6,46.0,29.1,539.0
Karol Bagh,28.6514,77.1907,2026-08-18 08:00:00,27.0,92,0.0,3.0,35.5,63.6,30.5,62.0,29.0,565.0
Karol Bagh,28.6514,77.1907,2026-08-18 09:00:00,28.7,84,0.0,3.1,40.9,104.1,23.6,95.0,26.4,486.0
Karol Bagh,28.6514,77.1907,2026-08-18 10:00:00,30.2,75,0.1,5.0,51.8,165.3,15.0,136.0,22.5,353.0
Karol Bagh,28.6514,77.1907,2026-08-18 11:00:00,31.3,68,0.1,4.4,59.8,197.4,8.6,168.0,19.5,255.0
Karol Bagh,28.6514,77.1907,2026-08-18 12:00:00,32.0,65,0.1,4.0,63.6,210.0,5.9,184.0,18.3,223.0
Karol Bagh,28.6514,77.1907,2026-08-18 13:00:00,32.5,64,0.4,3.5,64.3,209.5,5.4,191.0,17.9,226.0
Karol Bagh,28.6514,77.1907,2026-08-18 14:00:00,32.9,64,0.2,2.7,64.5,207.2,6.6,189.0,17.8,262.0
Karol Bagh,28.6514,77.1907,2026-08-18 15:00:00,32.8,65,0.1,3.6,63.6,205.4,9.4,178.0,17.5,350.0
Karol Bagh,28.6514,77.1907,2026-08-18 16:00:00,32.6,67,0.4,5.0,62.6,205.8,13.8,158.0,17.4,472.0
Karol Bagh,28.6514,77.1907,2026-08-18 17:00:00,31.5,71,0.3,0.7,58.8,177.4,19.3,137.0,17.9,564.0
Karol Bagh,28.6514,77.1907,2026-08-18 18:00:00,27.0,92,0.0,5.5,65.0,153.2,26.2,116.0,19.2,604.0
Karol Bagh,28.6514,77.1907,2026-08-18 19:00:00,27.1,95,0.0,4.3,65.9,129.5,34.2,93.0,21.2,615.0
Karol Bagh,28.6514,77.1907,2026-08-18 20:00:00,27.1,96,0.0,3.9,58.4,117.8,41.4,73.0,23.6,605.0
Karol Bagh,28.6514,77.1907,2026-08-18 21:00:00,27.1,94,0.0,4.6,65.2,117.8,48.1,57.0,26.9,563.0
Karol Bagh,28.6514,77.1907,2026-08-18 22:00:00,26.9,96,0.6,5.7,69.4,114.3,54.1,44.0,30.7,499.0
Karol Bagh,28.6514,77.1907,2026-08-18 23:00:00,26.8,95,0.3,6.4,70.5,109.4,57.1,36.0,33.1,455.0
Karol Bagh,28.6514,77.1907,2026-08-19 00:00:00,26.7,95,0.0,3.5,64.7,110.1,54.7,35.0,33.0,456.0
Karol Bagh,28.6514,77.1907,2026-08-19 01:00:00,26.5,95,0.0,3.7,64.3,105.9,49.1,38.0,31.6,476.0
Karol Bagh,28.6514,77.1907,2026-08-19 02:00:00,26.3,96,0.0,2.2,67.3,104.3,45.3,40.0,30.8,475.0
Karol Bagh,28.6514,77.1907,2026-08-19 03:00:00,26.2,96,0.0,4.2,71.7,107.8,45.9,34.0,31.6,423.0
Karol Bagh,28.6514,77.1907,2026-08-19 04:00:00,26.2,97,0.0,5.6,72.2,112.9,48.1,27.0,33.0,350.0
Karol Bagh,28.6514,77.1907,2026-08-19 05:00:00,26.2,97,0.0,5.7,73.6,107.6,48.4,26.0,34.2,312.0
Karol Bagh,28.6514,77.1907,2026-08-19 06:00:00,26.3,97,0.0,7.0,76.1,109.7,45.5,35.0,35.5,348.0
Karol Bagh,28.6514,77.1907,2026-08-19 07:00:00,27.1,93,0.0,5.5,72.6,115.9,40.8,51.0,36.6,419.0
Karol Bagh,28.6514,77.1907,2026-08-19 08:00:00,28.3,86,0.0,4.8,69.2,138.3,34.7,73.0,36.0,460.0
Karol Bagh,28.6514,77.1907,2026-08-19 09:00:00,29.8,78,0.0,4.7,67.1,182.5,26.3,107.0,32.0,435.0
Karol Bagh,28.6514,77.1907,2026-08-19 10:00:00,31.0,72,0.0,4.5,68.2,213.3,16.5,147.0,26.3,381.0
Karol Bagh,28.6514,77.1907,2026-08-19 11:00:00,31.9,70,0.0,2.5,67.3,195.6,9.2,179.0,21.9,342.0
Karol Bagh,28.6514,77.1907,2026-08-19 12:00:00,32.3,69,0.2,2.7,60.3,145.3,5.8,198.0,20.4,330.0
Karol Bagh,28.6514,77.1907,2026-08-19 13:00:00,32.7,68,0.1,3.7,57.5,133.6,4.8,209.0,20.3,334.0
Karol Bagh,28.6514,77.1907,2026-08-19 14:00:00,33.1,67,0.1,3.0,56.7,134.6,5.9,210.0,20.4,368.0
Karol Bagh,28.6514,77.1907,2026-08-19 15:00:00,33.2,68,0.0,5.2,58.7,151.8,9.4,196.0,20.2,450.0
Karol Bagh,28.6514,77.1907,2026-08-19 16:00:00,32.4,70,0.9,7.1,56.8,141.1,15.0,172.0,20.3,561.0
Karol Bagh,28.6514,77.1907,2026-08-19 17:00:00,29.0,87,0.2,5.0,53.7,116.6,21.3,147.0,20.4,660.0
Karol Bagh,28.6514,77.1907,2026-08-19 18:00:00,27.8,94,0.0,2.3,55.4,96.4,28.6,122.0,20.3,734.0
Karol Bagh,28.6514,77.1907,2026-08-19 19:00:00,27.7,95,0.4,2.4,51.1,76.6,36.7,96.0,20.4,796.0
Karol Bagh,28.6514,77.1907,2026-08-19 20:00:00,27.5,96,4.4,4.1,51.3,69.6,43.3,75.0,21.5,838.0
Karol Bagh,28.6514,77.1907,2026-08-19 21:00:00,27.3,96,1.0,7.4,57.5,71.9,47.9,63.0,24.6,853.0
Karol Bagh,28.6514,77.1907,2026-08-19 22:00:00,27.2,95,0.3,5.5,65.9,78.2,51.0,56.0,28.7,849.0
Karol Bagh,28.6514,77.1907,2026-08-19 23:00:00,27.1,95,0.0,3.1,71.2,84.3,51.9,52.0,31.9,842.0
Karol Bagh,28.6514,77.1907,2026-08-20 00:00:00,27.1,95,0.0,0.8,74.5,89.4,49.4,51.0,33.4,839.0
Karol Bagh,28.6514,77.1907,2026-08-20 01:00:00,26.9,96,0.0,0.9,73.6,89.2,44.8,53.0,34.1,833.0
Karol Bagh,28.6514,77.1907,2026-08-20 02:00:00,26.8,97,0.0,0.4,72.4,86.6,40.7,54.0,34.3,818.0
Karol Bagh,28.6514,77.1907,2026-08-20 03:00:00,26.7,96,0.3,7.2,69.4,82.7,38.4,52.0,34.4,783.0
Karol Bagh,28.6514,77.1907,2026-08-20 04:00:00,26.0,97,2.0,5.6,65.2,79.4,36.7,50.0,34.2,740.0
Karol Bagh,28.6514,77.1907,2026-08-20 05:00:00,25.7,97,0.4,1.9,56.3,68.9,35.0,51.0,33.2,689.3
Karol Bagh,28.6514,77.1907,2026-08-20 06:00:00,25.9,95,0.3,2.3,45.4,56.3,33.5,55.0,30.9,637.0
Karol Bagh,28.6514,77.1907,2026-08-20 07:00:00,25.3,99,2.9,4.4,47.1,64.7,32.0,63.0,27.8,568.8
Karol Bagh,28.6514,77.1907,2026-08-20 08:00:00,26.1,96,0.4,4.0,35.7,60.8,29.4,76.0,25.7,479.0
Karol Bagh,28.6514,77.1907,2026-08-20 09:00:00,27.7,87,0.2,1.7,34.3,65.0,24.6,97.0,25.3,435.0
Karol Bagh,28.6514,77.1907,2026-08-20 10:00:00,29.4,78,0.0,1.7,33.4,67.1,18.6,124.0,25.8,390.0
Karol Bagh,28.6514,77.1907,2026-08-20 11:00:00,30.3,74,0.0,1.8,32.5,61.9,13.9,149.0,26.3,360.0
Karol Bagh,28.6514,77.1907,2026-08-20 12:00:00,31.2,71,0.1,0.7,33.8,59.8,10.9,174.0,26.3,349.0
Karol Bagh,28.6514,77.1907,2026-08-20 13:00:00,31.2,72,0.1,1.5,35.7,59.8,9.1,197.0,26.4,352.0
Karol Bagh,28.6514,77.1907,2026-08-20 14:00:00,31.8,69,0.0,1.3,37.4,59.6,9.2,212.0,26.8,365.0
Karol Bagh,28.6514,77.1907,2026-08-20 15:00:00,32.1,69,0.0,0.9,39.2,59.8,12.0,216.0,28.1,388.0
Karol Bagh,28.6514,77.1907,2026-08-20 16:00:00,31.5,70,0.0,1.5,40.6,59.6,16.6,210.0,29.8,421.0
Karol Bagh,28.6514,77.1907,2026-08-20 17:00:00,29.6,82,0.8,6.1,42.3,58.7,21.9,196.0,31.0,467.0
Karol Bagh,28.6514,77.1907,2026-08-20 18:00:00,27.1,95,1.4,7.3,43.0,51.8,27.6,167.0,30.5,532.0
Karol Bagh,28.6514,77.1907,2026-08-20 19:00:00,27.3,94,1.6,1.3,39.7,44.6,33.9,129.0,29.5,610.0
Karol Bagh,28.6514,77.1907,2026-08-20 20:00:00,27.2,95,0.2,2.3,45.2,48.9,39.7,97.0,30.1,684.0
Karol Bagh,28.6514,77.1907,2026-08-20 21:00:00,27.1,96,0.0,0.0,50.5,53.8,45.4,79.0,34.2,757.0
Karol Bagh,28.6514,77.1907,2026-08-20 22:00:00,27.1,97,0.0,1.5,58.4,61.2,50.6,68.0,39.9,826.0
Karol Bagh,28.6514,77.1907,2026-08-20 23:00:00,27.2,97,0.0,2.1,66.6,69.4,53.7,59.0,44.0,872.0
Karol Bagh,28.6514,77.1907,2026-08-21 00:00:00,27.1,97,0.0,2.2,70.1,72.9,53.0,52.0,44.5,876.0
Karol Bagh,28.6514,77.1907,2026-08-21 01:00:00,26.9,97,0.0,2.3,69.8,72.9,50.2,48.0,43.4,855.0
Karol Bagh,28.6514,77.1907,2026-08-21 02:00:00,26.8,97,0.0,2.4,73.3,76.4,48.3,44.0,42.8,843.0
Karol Bagh,28.6514,77.1907,2026-08-21 03:00:00,26.7,97,0.1,1.4,66.1,69.2,49.8,36.0,44.4,866.0
Karol Bagh,28.6514,77.1907,2026-08-21 04:00:00,26.6,96,0.1,0.3,75.2,78.9,52.3,28.0,46.7,898.0
Karol Bagh,28.6514,77.1907,2026-08-21 05:00:00,26.6,95,0.1,0.3,80.3,84.8,51.9,29.0,46.9,890.0
Karol Bagh,28.6514,77.1907,2026-08-21 06:00:00,26.3,96,1.1,2.7,79.9,84.5,46.0,44.0,43.3,806.0
Karol Bagh,28.6514,77.1907,2026-08-21 07:00:00,26.0,97,1.1,6.3,60.8,68.2,37.1,67.0,37.7,682.0
Karol Bagh,28.6514,77.1907,2026-08-21 08:00:00,26.3,95,1.1,8.3,41.0,51.3,28.9,93.0,33.1,576.0
Karol Bagh,28.6514,77.1907,2026-08-21 09:00:00,27.5,88,0.1,6.5,36.0,47.5,22.4,118.0,30.1,507.0
Karol Bagh,28.6514,77.1907,2026-08-21 10:00:00,29.3,79,0.1,3.1,31.7,44.0,16.5,145.0,28.1,455.0
Karol Bagh,28.6514,77.1907,2026-08-21 11:00:00,30.8,73,0.1,1.2,31.1,43.3,12.1,175.0,27.7,425.0
Karol Bagh,28.6514,77.1907,2026-08-21 12:00:00,31.8,70,0.0,1.1,35.4,46.8,9.4,214.0,30.2,424.0
Karol Bagh,28.6514,77.1907,2026-08-21 13:00:00,32.5,68,0.0,1.2,42.5,53.0,8.2,255.0,34.4,444.0
Karol Bagh,28.6514,77.1907,2026-08-21 14:00:00,32.5,69,0.0,1.4,48.2,57.9,8.3,284.0,37.6,464.0
Karol Bagh,28.6514,77.1907,2026-08-21 15:00:00,31.2,74,0.0,2.4,52.4,61.9,8.8,296.0,38.6,458.0
Karol Bagh,28.6514,77.1907,2026-08-21 16:00:00,29.2,82,0.0,4.7,51.9,61.5,10.6,296.0,38.5,452.0
Karol Bagh,28.6514,77.1907,2026-08-21 17:00:00,27.7,89,0.0,5.8,51.6,61.0,16.8,276.0,38.5,501.0
Karol Bagh,28.6514,77.1907,2026-08-21 18:00:00,27.1,93,2.0,4.9,56.8,64.3,31.4,225.0,38.9,659.0
Karol Bagh,28.6514,77.1907,2026-08-21 19:00:00,27.0,95,2.0,4.0,72.6,78.0,50.3,155.0,39.3,872.0
Karol Bagh,28.6514,77.1907,2026-08-21 20:00:00,27.0,96,2.0,4.2,69.8,74.0,64.2,99.0,39.2,1030.0
Karol Bagh,28.6514,77.1907,2026-08-21 21:00:00,26.9,96,0.0,3.8,74.0,78.5,68.4,73.0,38.3,1080.0
Karol Bagh,28.6514,77.1907,2026-08-21 22:00:00,26.9,96,0.0,2.8,76.4,80.8,67.7,61.0,37.0,1077.0
Karol Bagh,28.6514,77.1907,2026-08-21 23:00:00,26.9,96,0.0,1.5,79.2,83.6,67.1,51.0,35.6,1069.0
Anand Vihar,28.6469,77.3164,2026-07-18 00:00:00,32.6,66,0.0,4.5,197.9,722.7,84.2,0.0,33.1,847.0
Anand Vihar,28.6469,77.3164,2026-07-18 01:00:00,32.0,68,0.0,4.9,191.4,646.3,81.2,0.0,32.9,664.0
Anand Vihar,28.6469,77.3164,2026-07-18 02:00:00,31.6,65,0.0,4.9,176.0,538.3,76.6,1.0,31.9,508.0
Anand Vihar,28.6469,77.3164,2026-07-18 03:00:00,31.3,63,0.0,4.3,155.1,434.0,70.9,3.0,30.0,389.0
Anand Vihar,28.6469,77.3164,2026-07-18 04:00:00,31.4,60,0.0,6.5,131.3,349.2,63.6,7.0,27.2,297.0
Anand Vihar,28.6469,77.3164,2026-07-18 05:00:00,32.0,64,0.0,11.0,141.6,372.5,70.4,4.0,35.5,266.0
Anand Vihar,28.6469,77.3164,2026-07-18 06:00:00,31.9,57,0.0,11.3,112.0,290.6,58.9,20.0,30.0,350.0
Anand Vihar,28.6469,77.3164,2026-07-18 07:00:00,32.4,54,0.0,11.1,98.3,282.2,42.8,43.0,22.4,496.0
Anand Vihar,28.6469,77.3164,2026-07-18 08:00:00,32.6,55,0.0,9.2,92.2,335.3,28.7,66.0,16.3,573.0
Anand Vihar,28.6469,77.3164,2026-07-18 09:00:00,33.5,53,0.0,10.1,98.0,459.1,18.8,89.0,13.2,505.0
Anand Vihar,28.6469,77.3164,2026-07-18 10:00:00,35.4,48,0.0,13.5,120.1,661.2,11.0,112.0,11.7,369.0
Anand Vihar,28.6469,77.3164,2026-07-18 11:00:00,35.8,47,0.0,14.2,156.5,938.8,5.6,129.0,10.7,267.0
Anand Vihar,28.6469,77.3164,2026-07-18 12:00:00,35.9,46,0.0,13.0,186.3,1158.6,3.2,136.0,10.2,243.0
Anand Vihar,28.6469,77.3164,2026-07-18 13:00:00,36.6,44,0.0,11.4,200.7,1251.7,3.2,137.0,10.2,253.0
Anand Vihar,28.6469,77.3164,2026-07-18 14:00:00,36.8,42,0.0,9.6,206.3,1292.7,4.6,134.0,10.3,271.0
Anand Vihar,28.6469,77.3164,2026-07-18 15:00:00,37.1,40,0.0,9.1,206.3,1277.8,6.7,130.0,10.1,264.0
Anand Vihar,28.6469,77.3164,2026-07-18 16:00:00,36.5,41,0.0,8.2,204.9,1214.4,10.2,122.0,10.0,264.0
Anand Vihar,28.6469,77.3164,2026-07-18 17:00:00,37.0,38,0.0,4.9,147.6,789.8,22.4,83.0,17.2,343.0
Anand Vihar,28.6469,77.3164,2026-07-18 18:00:00,36.9,38,0.0,4.7,148.5,672.4,39.8,62.0,20.9,598.0
Anand Vihar,28.6469,77.3164,2026-07-18 19:00:00,35.6,44,0.0,7.8,157.9,648.2,63.8,32.0,26.1,931.0
Anand Vihar,28.6469,77.3164,2026-07-18 20:00:00,35.2,44,0.0,8.0,170.9,694.8,81.2,10.0,30.4,1124.0
Anand Vihar,28.6469,77.3164,2026-07-18 21:00:00,34.7,52,0.0,2.1,169.0,579.3,86.0,2.0,33.0,1050.0
Anand Vihar,28.6469,77.3164,2026-07-18 22:00:00,33.6,53,0.0,4.0,152.7,510.4,84.3,2.0,34.7,835.0
Anand Vihar,28.6469,77.3164,2026-07-18 23:00:00,34.0,56,0.0,2.4,139.2,437.7,80.6,4.0,35.1,637.0
Anand Vihar,28.6469,77.3164,2026-07-19 00:00:00,32.8,60,0.1,4.9,126.7,376.3,75.9,6.0,33.7,499.0
Anand Vihar,28.6469,77.3164,2026-07-19 01:00:00,32.2,64,0.1,4.3,116.2,323.2,69.3,10.0,31.0,378.0
Anand Vihar,28.6469,77.3164,2026-07-19 02:00:00,31.6,67,0.0,7.0,106.6,275.7,62.9,14.0,28.4,298.0
Anand Vihar,28.6469,77.3164,2026-07-19 03:00:00,31.5,66,0.0,6.0,99.0,252.4,57.6,15.0,26.1,272.0
Anand Vihar,28.6469,77.3164,2026-07-19 04:00:00,31.0,67,0.0,5.8,94.8,252.4,52.5,16.0,23.9,288.0
Anand Vihar,28.6469,77.3164,2026-07-19 05:00:00,30.8,73,0.0,3.6,110.8,209.1,71.9,3.0,33.6,334.0
Anand Vihar,28.6469,77.3164,2026-07-19 06:00:00,30.9,74,0.0,5.2,105.7,181.1,65.1,18.0,33.8,440.0
Anand Vihar,28.6469,77.3164,2026-07-19 07:00:00,31.7,73,0.0,4.7,100.4,161.6,55.3,39.0,33.8,576.0
Anand Vihar,28.6469,77.3164,2026-07-19 08:00:00,33.2,59,0.0,6.7,81.5,146.2,44.5,64.0,32.2,636.0
Anand Vihar,28.6469,77.3164,2026-07-19 09:00:00,33.7,54,0.0,7.8,70.5,176.5,31.9,96.0,27.7,546.0
Anand Vihar,28.6469,77.3164,2026-07-19 10:00:00,34.8,49,0.0,7.9,75.7,285.9,18.4,131.0,21.6,379.0
Anand Vihar,28.6469,77.3164,2026-07-19 11:00:00,36.4,43,0.0,11.8,90.1,429.3,8.4,155.0,16.7,253.0
Anand Vihar,28.6469,77.3164,2026-07-19 12:00:00,36.5,44,0.1,11.1,97.6,499.2,4.1,160.0,13.9,212.0
Anand Vihar,28.6469,77.3164,2026-07-19 13:00:00,35.9,47,0.0,10.2,111.8,603.5,3.3,154.0,12.1,212.0
Anand Vihar,28.6469,77.3164,2026-07-19 14:00:00,36.4,46,0.0,6.0,118.7,666.8,4.3,144.0,11.2,235.0
Anand Vihar,28.6469,77.3164,2026-07-19 15:00:00,34.5,53,0.3,6.3,126.7,717.1,5.9,133.0,10.8,282.0
Anand Vihar,28.6469,77.3164,2026-07-19 16:00:00,33.8,59,0.8,5.7,131.3,752.5,9.1,118.0,11.2,351.0
Anand Vihar,28.6469,77.3164,2026-07-19 17:00:00,36.7,42,0.0,6.3,127.1,536.4,22.2,114.0,26.1,423.0
Anand Vihar,28.6469,77.3164,2026-07-19 18:00:00,33.3,66,0.0,12.6,121.5,445.2,27.0,101.0,28.8,502.0
Anand Vihar,28.6469,77.3164,2026-07-19 19:00:00,32.2,73,0.1,9.3,116.2,374.4,33.7,84.0,32.6,584.0
Anand Vihar,28.6469,77.3164,2026-07-19 20:00:00,31.7,79,0.0,7.9,108.7,305.5,38.7,69.0,35.4,633.0
Anand Vihar,28.6469,77.3164,2026-07-19 21:00:00,31.6,78,0.0,6.3,103.6,268.2,40.6,59.0,36.6,634.0
Anand Vihar,28.6469,77.3164,2026-07-19 22:00:00,31.2,80,0.3,5.0,98.3,238.4,40.8,52.0,36.8,603.0
Anand Vihar,28.6469,77.3164,2026-07-19 23:00:00,30.9,82,0.3,9.4,91.5,210.0,40.4,47.0,36.4,554.0
Anand Vihar,28.6469,77.3164,2026-07-20 00:00:00,28.7,89,1.4,10.4,89.6,210.0,39.7,43.0,35.4,477.0
Anand Vihar,28.6469,77.3164,2026-07-20 01:00:00,27.8,89,0.1,8.0,90.8,241.2,38.4,40.0,33.7,381.0
Anand Vihar,28.6469,77.3164,2026-07-20 02:00:00,27.6,88,0.0,6.5,92.4,269.2,36.7,39.0,31.3,311.0
Anand Vihar,28.6469,77.3164,2026-07-20 03:00:00,27.7,89,0.0,3.9,95.2,291.5,34.1,39.0,27.3,277.0
Anand Vihar,28.6469,77.3164,2026-07-20 04:00:00,27.2,94,3.6,10.3,92.9,275.7,31.2,39.0,22.5,268.0
Anand Vihar,28.6469,77.3164,2026-07-20 05:00:00,29.5,77,0.9,9.4,32.9,71.7,19.4,57.0,12.3,299.0
Anand Vihar,28.6469,77.3164,2026-07-20 06:00:00,29.4,78,0.0,6.2,31.3,58.0,24.0,54.0,14.7,394.0
Anand Vihar,28.6469,77.3164,2026-07-20 07:00:00,28.7,83,2.1,5.0,30.6,54.5,30.1,50.0,17.8,527.0
Anand Vihar,28.6469,77.3164,2026-07-20 08:00:00,27.5,92,5.1,4.9,33.5,53.8,32.8,50.0,19.7,641.0
Anand Vihar,28.6469,77.3164,2026-07-20 09:00:00,28.6,89,0.6,3.6,34.7,62.2,28.8,59.0,18.9,723.0
Anand Vihar,28.6469,77.3164,2026-07-20 10:00:00,28.3,89,1.0,5.5,36.8,90.8,21.3,72.0,16.7,785.0
Anand Vihar,28.6469,77.3164,2026-07-20 11:00:00,32.2,70,0.7,6.1,39.5,110.6,15.6,83.0,15.1,801.0
Anand Vihar,28.6469,77.3164,2026-07-20 12:00:00,30.0,79,2.3,9.5,42.3,126.2,13.3,88.0,14.5,738.0
Anand Vihar,28.6469,77.3164,2026-07-20 13:00:00,30.6,77,0.9,10.0,51.9,199.3,12.8,91.0,14.4,630.0
Anand Vihar,28.6469,77.3164,2026-07-20 14:00:00,30.0,80,0.5,7.7,61.0,265.4,13.8,92.0,15.4,550.0
Anand Vihar,28.6469,77.3164,2026-07-20 15:00:00,30.6,79,0.2,3.8,67.5,297.1,16.0,94.0,17.8,504.0
Anand Vihar,28.6469,77.3164,2026-07-20 16:00:00,31.1,77,0.0,3.0,73.6,320.4,19.7,94.0,21.2,486.0
Anand Vihar,28.6469,77.3164,2026-07-20 17:00:00,30.0,79,0.1,3.3,35.4,75.2,33.5,86.0,21.7,556.0
Anand Vihar,28.6469,77.3164,2026-07-20 18:00:00,27.2,93,7.7,2.1,41.2,76.1,47.4,64.0,26.8,812.0
Anand Vihar,28.6469,77.3164,2026-07-20 19:00:00,27.2,95,2.8,1.6,54.4,83.6,66.3,35.0,33.7,1157.0
Anand Vihar,28.6469,77.3164,2026-07-20 20:00:00,27.5,94,1.3,2.7,63.6,86.4,78.4,15.0,38.3,1354.0
Anand Vihar,28.6469,77.3164,2026-07-20 21:00:00,27.7,94,0.4,1.9,62.4,82.2,77.7,14.0,38.4,1276.0
Anand Vihar,28.6469,77.3164,2026-07-20 22:00:00,27.7,91,0.1,1.4,59.5,77.8,70.1,22.0,36.1,1052.0
Anand Vihar,28.6469,77.3164,2026-07-20 23:00:00,27.0,95,0.2,2.0,51.1,64.0,61.7,31.0,33.5,831.0
Anand Vihar,28.6469,77.3164,2026-07-21 00:00:00,27.1,91,0.4,3.3,42.3,51.3,53.7,38.0,31.1,648.0
Anand Vihar,28.6469,77.3164,2026-07-21 01:00:00,26.7,93,0.3,5.1,34.9,41.4,44.8,46.0,28.5,468.0
Anand Vihar,28.6469,77.3164,2026-07-21 02:00:00,26.6,92,0.0,6.7,31.4,36.2,37.6,51.0,26.4,340.0
Anand Vihar,28.6469,77.3164,2026-07-21 03:00:00,26.4,93,0.0,7.4,30.6,33.9,33.4,51.0,25.2,285.0
Anand Vihar,28.6469,77.3164,2026-07-21 04:00:00,26.1,93,0.6,7.4,27.8,29.3,30.8,48.0,24.5,283.0
Anand Vihar,28.6469,77.3164,2026-07-21 05:00:00,26.2,93,0.8,6.9,18.7,20.7,25.4,49.0,19.3,317.0
Anand Vihar,28.6469,77.3164,2026-07-21 06:00:00,26.1,92,2.6,8.8,20.3,21.3,25.0,54.0,21.3,417.0
Anand Vihar,28.6469,77.3164,2026-07-21 07:00:00,26.1,93,0.5,11.5,21.2,21.9,24.4,62.0,24.0,554.0
Anand Vihar,28.6469,77.3164,2026-07-21 08:00:00,26.6,91,0.2,10.9,22.3,22.8,22.9,71.0,25.3,626.0
Anand Vihar,28.6469,77.3164,2026-07-21 09:00:00,27.5,85,0.1,9.0,15.5,16.1,19.7,83.0,23.7,567.0
Anand Vihar,28.6469,77.3164,2026-07-21 10:00:00,28.5,80,0.1,10.3,13.0,13.5,15.5,96.0,20.8,443.0
Anand Vihar,28.6469,77.3164,2026-07-21 11:00:00,27.5,91,0.1,11.1,12.0,12.4,12.6,107.0,18.6,348.0
Anand Vihar,28.6469,77.3164,2026-07-21 12:00:00,28.7,89,0.7,6.6,11.7,12.0,11.8,115.0,18.2,318.0
Anand Vihar,28.6469,77.3164,2026-07-21 13:00:00,30.3,80,0.5,7.9,12.1,12.4,12.1,121.0,18.6,317.0
Anand Vihar,28.6469,77.3164,2026-07-21 14:00:00,28.7,83,2.1,8.8,13.6,13.8,12.9,126.0,19.2,338.0
Anand Vihar,28.6469,77.3164,2026-07-21 15:00:00,28.4,87,1.7,7.9,13.5,13.7,13.5,132.0,19.7,381.0
Anand Vihar,28.6469,77.3164,2026-07-21 16:00:00,29.2,83,0.4,3.9,15.1,15.3,14.6,136.0,20.3,445.0
Anand Vihar,28.6469,77.3164,2026-07-21 17:00:00,29.7,80,0.1,7.9,30.2,31.3,21.8,115.0,20.1,523.0
Anand Vihar,28.6469,77.3164,2026-07-21 18:00:00,29.5,77,0.2,7.6,36.4,37.1,26.4,101.0,20.5,640.0
Anand Vihar,28.6469,77.3164,2026-07-21 19:00:00,28.8,84,0.1,5.4,39.9,40.4,32.6,82.0,21.0,771.0
Anand Vihar,28.6469,77.3164,2026-07-21 20:00:00,28.4,85,0.1,6.7,35.2,35.4,36.0,68.0,21.1,835.0
Anand Vihar,28.6469,77.3164,2026-07-21 21:00:00,28.1,87,0.1,8.0,32.7,32.8,33.9,66.0,20.4,777.0
Anand Vihar,28.6469,77.3164,2026-07-21 22:00:00,27.7,87,0.1,10.5,32.2,32.4,29.0,70.0,19.2,652.0
Anand Vihar,28.6469,77.3164,2026-07-21 23:00:00,27.1,93,0.3,11.5,31.3,31.4,24.6,73.0,18.2,546.0
Anand Vihar,28.6469,77.3164,2026-07-22 00:00:00,26.8,92,0.2,10.3,30.3,30.3,22.0,73.0,17.5,492.0
Anand Vihar,28.6469,77.3164,2026-07-22 01:00:00,26.5,94,0.1,8.8,30.0,30.2,20.0,73.0,16.9,458.0
Anand Vihar,28.6469,77.3164,2026-07-22 02:00:00,26.7,95,0.0,8.6,29.3,29.3,18.5,72.0,16.6,431.0
Anand Vihar,28.6469,77.3164,2026-07-22 03:00:00,25.9,96,1.9,10.2,29.5,29.6,17.5,69.0,16.8,402.0
Anand Vihar,28.6469,77.3164,2026-07-22 04:00:00,25.6,96,0.3,11.4,29.6,29.8,17.0,65.0,17.3,380.0
Anand Vihar,28.6469,77.3164,2026-07-22 05:00:00,26.2,94,0.6,10.3,36.1,36.4,22.9,53.0,20.7,387.0
Anand Vihar,28.6469,77.3164,2026-07-22 06:00:00,26.1,95,0.8,12.9,35.2,35.6,22.6,58.0,20.1,453.0
Anand Vihar,28.6469,77.3164,2026-07-22 07:00:00,26.8,90,0.4,14.5,35.3,35.7,22.0,66.0,19.4,548.0
Anand Vihar,28.6469,77.3164,2026-07-22 08:00:00,27.2,86,1.1,13.4,36.7,37.1,20.3,81.0,18.9,601.0
Anand Vihar,28.6469,77.3164,2026-07-22 09:00:00,29.0,76,0.2,14.1,37.4,38.1,16.4,109.0,19.0,571.0
Anand Vihar,28.6469,77.3164,2026-07-22 10:00:00,30.0,73,0.4,13.3,33.8,34.5,11.5,143.0,19.5,499.0
Anand Vihar,28.6469,77.3164,2026-07-22 11:00:00,30.9,66,0.4,15.4,41.2,104.8,7.8,170.0,19.8,437.0
Anand Vihar,28.6469,77.3164,2026-07-22 12:00:00,31.5,66,0.3,14.2,42.3,125.3,5.8,184.0,19.7,394.0
Anand Vihar,28.6469,77.3164,2026-07-22 13:00:00,31.6,67,0.0,11.4,37.4,85.9,5.1,190.0,19.4,361.0
Anand Vihar,28.6469,77.3164,2026-07-22 14:00:00,32.0,66,0.0,11.5,39.5,95.5,7.0,187.0,19.4,357.0
Anand Vihar,28.6469,77.3164,2026-07-22 15:00:00,32.0,66,0.1,11.0,40.3,98.7,13.0,171.0,19.8,387.0
Anand Vihar,28.6469,77.3164,2026-07-22 16:00:00,31.7,66,0.1,9.4,35.3,71.9,21.7,146.0,20.6,447.0
Anand Vihar,28.6469,77.3164,2026-07-22 17:00:00,28.3,88,0.5,4.6,14.7,16.4,14.7,145.0,18.3,544.0
Anand Vihar,28.6469,77.3164,2026-07-22 18:00:00,28.9,87,0.0,3.5,17.3,18.2,24.3,121.0,20.7,728.0
Anand Vihar,28.6469,77.3164,2026-07-22 19:00:00,28.8,90,0.0,4.8,23.9,24.3,37.3,88.0,23.9,949.0
Anand Vihar,28.6469,77.3164,2026-07-22 20:00:00,29.1,90,0.0,6.9,25.4,25.6,45.1,65.0,25.8,1066.0
Anand Vihar,28.6469,77.3164,2026-07-22 21:00:00,29.1,84,0.0,9.4,23.3,23.7,42.9,62.0,25.3,993.0
Anand Vihar,28.6469,77.3164,2026-07-22 22:00:00,28.6,83,0.1,9.1,21.0,21.2,35.6,68.0,23.6,817.0
Anand Vihar,28.6469,77.3164,2026-07-22 23:00:00,28.5,83,0.0,10.3,17.6,17.9,29.1,73.0,22.0,653.0
Anand Vihar,28.6469,77.3164,2026-07-23 00:00:00,28.4,83,0.0,11.4,14.9,15.1,25.2,73.0,20.9,535.0
Anand Vihar,28.6469,77.3164,2026-07-23 01:00:00,28.0,84,0.0,10.8,21.2,73.1,22.1,71.0,20.0,430.0
Anand Vihar,28.6469,77.3164,2026-07-23 02:00:00,27.8,85,0.0,10.9,24.9,88.7,20.0,68.0,19.4,356.0
Anand Vihar,28.6469,77.3164,2026-07-23 03:00:00,27.5,85,0.0,10.1,28.7,98.5,19.3,63.0,19.2,321.0
Anand Vihar,28.6469,77.3164,2026-07-23 04:00:00,27.3,85,0.0,9.9,34.2,127.1,19.7,58.0,19.3,316.0
Anand Vihar,28.6469,77.3164,2026-07-23 05:00:00,26.9,92,0.0,8.7,30.7,75.9,21.4,55.0,19.2,335.0
Anand Vihar,28.6469,77.3164,2026-07-23 06:00:00,26.6,92,0.6,7.9,33.5,88.2,20.4,63.0,20.3,394.0
Anand Vihar,28.6469,77.3164,2026-07-23 07:00:00,26.8,88,0.5,11.4,38.6,116.6,18.9,76.0,21.7,477.0
Anand Vihar,28.6469,77.3164,2026-07-23 08:00:00,28.0,81,0.3,12.2,28.3,43.4,16.8,92.0,22.3,522.0
Anand Vihar,28.6469,77.3164,2026-07-23 09:00:00,29.0,79,0.3,10.0,23.1,26.5,13.3,116.0,21.2,493.0
Anand Vihar,28.6469,77.3164,2026-07-23 10:00:00,30.6,73,0.1,11.9,21.5,22.1,9.2,144.0,19.2,426.0
Anand Vihar,28.6469,77.3164,2026-07-23 11:00:00,31.2,66,0.0,14.1,20.5,20.7,6.4,164.0,17.6,375.0
Anand Vihar,28.6469,77.3164,2026-07-23 12:00:00,31.9,63,0.1,14.0,20.4,20.7,5.6,170.0,16.5,354.0
Anand Vihar,28.6469,77.3164,2026-07-23 13:00:00,32.3,62,0.2,13.5,33.3,128.1,6.2,168.0,15.7,348.0
Anand Vihar,28.6469,77.3164,2026-07-23 14:00:00,32.5,62,0.1,12.7,28.2,74.7,7.6,163.0,15.7,369.0
Anand Vihar,28.6469,77.3164,2026-07-23 15:00:00,30.4,74,1.5,12.3,28.9,79.2,10.0,157.0,17.1,426.0
Anand Vihar,28.6469,77.3164,2026-07-23 16:00:00,31.0,74,0.5,5.2,31.0,73.8,13.3,148.0,19.3,510.0
Anand Vihar,28.6469,77.3164,2026-07-23 17:00:00,31.9,65,0.2,12.8,22.5,22.6,16.5,132.0,15.5,606.0
Anand Vihar,28.6469,77.3164,2026-07-23 18:00:00,30.8,70,0.1,9.1,27.6,27.7,21.0,119.0,17.4,741.0
Anand Vihar,28.6469,77.3164,2026-07-23 19:00:00,30.2,74,0.0,8.0,28.8,28.9,27.0,100.0,20.0,888.0
Anand Vihar,28.6469,77.3164,2026-07-23 20:00:00,29.6,78,0.0,7.4,28.8,28.8,30.6,87.0,21.8,954.0
Anand Vihar,28.6469,77.3164,2026-07-23 21:00:00,26.6,93,2.8,8.3,29.5,29.5,29.3,84.0,22.0,876.0
Anand Vihar,28.6469,77.3164,2026-07-23 22:00:00,26.9,91,0.1,12.0,30.0,30.2,25.5,86.0,21.3,717.0
Anand Vihar,28.6469,77.3164,2026-07-23 23:00:00,27.6,87,0.0,12.7,30.0,30.0,22.4,87.0,20.6,571.0
Anand Vihar,28.6469,77.3164,2026-07-24 00:00:00,27.2,87,0.0,10.3,30.5,30.6,21.1,83.0,20.1,465.0
Anand Vihar,28.6469,77.3164,2026-07-24 01:00:00,27.1,88,0.0,10.1,31.7,31.8,20.4,78.0,19.6,372.0
Anand Vihar,28.6469,77.3164,2026-07-24 02:00:00,27.0,89,0.0,8.7,33.5,33.6,19.9,74.0,19.2,309.0
Anand Vihar,28.6469,77.3164,2026-07-24 03:00:00,26.8,90,0.0,8.9,35.0,35.2,19.4,71.0,18.9,283.0
Anand Vihar,28.6469,77.3164,2026-07-24 04:00:00,26.6,90,0.0,9.6,35.6,35.6,19.0,68.0,18.8,285.0
Anand Vihar,28.6469,77.3164,2026-07-24 05:00:00,25.8,94,0.0,8.5,37.7,37.7,18.0,73.0,20.5,309.0
Anand Vihar,28.6469,77.3164,2026-07-24 06:00:00,26.0,94,0.3,10.5,37.7,37.7,17.8,77.0,20.3,371.0
Anand Vihar,28.6469,77.3164,2026-07-24 07:00:00,26.9,90,0.0,9.4,34.3,34.5,17.4,83.0,20.1,454.0
Anand Vihar,28.6469,77.3164,2026-07-24 08:00:00,28.4,82,0.0,14.0,31.5,31.5,16.3,94.0,19.8,499.0
Anand Vihar,28.6469,77.3164,2026-07-24 09:00:00,29.6,75,0.1,13.8,26.4,26.4,13.6,113.0,19.5,468.0
Anand Vihar,28.6469,77.3164,2026-07-24 10:00:00,30.4,72,0.3,13.5,24.1,24.2,10.2,136.0,19.2,398.0
Anand Vihar,28.6469,77.3164,2026-07-24 11:00:00,31.0,73,0.2,13.2,22.9,22.9,7.9,152.0,18.9,344.0
Anand Vihar,28.6469,77.3164,2026-07-24 12:00:00,31.6,70,0.3,12.6,21.4,21.4,7.4,153.0,18.5,320.0
Anand Vihar,28.6469,77.3164,2026-07-24 13:00:00,31.5,70,0.5,12.7,20.4,20.4,8.1,147.0,18.1,312.0
Anand Vihar,28.6469,77.3164,2026-07-24 14:00:00,29.0,80,3.5,11.6,17.7,17.7,9.4,140.0,18.1,330.0
Anand Vihar,28.6469,77.3164,2026-07-24 15:00:00,29.5,81,0.6,5.8,16.1,16.2,10.9,137.0,19.0,374.0
Anand Vihar,28.6469,77.3164,2026-07-24 16:00:00,30.7,73,0.1,7.9,16.5,16.6,13.2,133.0,20.3,445.0
Anand Vihar,28.6469,77.3164,2026-07-24 17:00:00,30.4,80,0.1,6.5,23.3,23.5,17.3,119.0,18.3,551.0
Anand Vihar,28.6469,77.3164,2026-07-24 18:00:00,30.4,81,0.0,7.4,29.5,29.6,26.2,98.0,19.7,755.0
Anand Vihar,28.6469,77.3164,2026-07-24 19:00:00,29.9,83,0.0,8.9,34.3,34.6,38.2,70.0,21.5,993.0
Anand Vihar,28.6469,77.3164,2026-07-24 20:00:00,29.5,83,0.0,9.7,34.3,34.7,45.1,50.0,22.5,1090.0
Anand Vihar,28.6469,77.3164,2026-07-24 21:00:00,29.0,83,0.0,10.2,32.8,33.4,42.2,47.0,21.9,913.0
Anand Vihar,28.6469,77.3164,2026-07-24 22:00:00,28.8,83,0.0,10.3,31.9,33.2,34.3,52.0,20.5,593.0
Anand Vihar,28.6469,77.3164,2026-07-24 23:00:00,28.6,85,0.0,12.5,30.5,33.1,27.6,57.0,19.5,348.0
Anand Vihar,28.6469,77.3164,2026-07-25 00:00:00,28.5,83,0.0,12.2,28.0,31.8,24.1,58.0,19.6,271.0
Anand Vihar,28.6469,77.3164,2026-07-25 01:00:00,28.2,83,0.0,11.3,26.5,31.4,21.8,59.0,20.1,268.0
Anand Vihar,28.6469,77.3164,2026-07-25 02:00:00,27.9,86,0.1,10.0,26.3,31.5,20.4,58.0,20.6,276.0
Anand Vihar,28.6469,77.3164,2026-07-25 03:00:00,27.8,88,0.1,10.3,26.5,31.1,20.4,54.0,21.0,269.0
Anand Vihar,28.6469,77.3164,2026-07-25 04:00:00,27.6,89,0.1,9.4,27.1,30.5,21.3,50.0,21.3,272.0
Anand Vihar,28.6469,77.3164,2026-07-25 05:00:00,27.2,92,0.2,9.7,29.7,33.9,22.5,46.0,22.4,295.0
Anand Vihar,28.6469,77.3164,2026-07-25 06:00:00,27.5,91,0.0,8.1,29.8,32.8,21.9,52.0,22.5,361.0
Anand Vihar,28.6469,77.3164,2026-07-25 07:00:00,28.7,81,0.2,8.4,28.5,30.6,20.9,60.0,22.6,447.0
Anand Vihar,28.6469,77.3164,2026-07-25 08:00:00,28.6,82,0.6,11.2,29.0,31.1,19.0,72.0,22.1,496.0
Anand Vihar,28.6469,77.3164,2026-07-25 09:00:00,29.5,81,0.1,9.3,29.5,34.2,15.4,91.0,20.6,472.0
Anand Vihar,28.6469,77.3164,2026-07-25 10:00:00,30.0,77,0.2,10.2,26.8,32.8,11.0,113.0,18.6,411.0
Anand Vihar,28.6469,77.3164,2026-07-25 11:00:00,31.5,67,0.3,11.0,24.3,29.0,7.8,130.0,17.1,361.0
Anand Vihar,28.6469,77.3164,2026-07-25 12:00:00,31.5,66,0.2,11.4,25.8,29.6,6.4,140.0,16.5,334.0
Anand Vihar,28.6469,77.3164,2026-07-25 13:00:00,32.4,63,0.1,11.2,32.2,66.1,6.3,144.0,16.3,319.0
Anand Vihar,28.6469,77.3164,2026-07-25 14:00:00,32.6,61,0.2,12.3,26.4,39.3,7.7,143.0,16.4,327.0
Anand Vihar,28.6469,77.3164,2026-07-25 15:00:00,32.5,62,0.4,10.7,25.1,33.4,10.7,135.0,16.5,367.0
Anand Vihar,28.6469,77.3164,2026-07-25 16:00:00,31.2,70,0.2,11.0,24.9,32.1,15.2,120.0,16.8,431.0
Anand Vihar,28.6469,77.3164,2026-07-25 17:00:00,30.0,75,0.0,8.0,38.3,41.8,23.0,97.0,12.4,501.0
Anand Vihar,28.6469,77.3164,2026-07-25 18:00:00,29.4,83,1.3,9.5,44.2,46.1,29.1,80.0,13.7,584.0
Anand Vihar,28.6469,77.3164,2026-07-25 19:00:00,28.8,86,0.1,8.2,51.8,52.7,37.3,58.0,15.6,674.0
Anand Vihar,28.6469,77.3164,2026-07-25 20:00:00,28.3,88,0.0,8.8,50.3,50.9,42.5,42.0,17.3,734.0
Anand Vihar,28.6469,77.3164,2026-07-25 21:00:00,27.9,89,0.0,7.4,45.1,45.4,42.0,40.0,18.7,750.0
Anand Vihar,28.6469,77.3164,2026-07-25 22:00:00,27.7,89,0.0,7.8,46.8,47.0,38.4,45.0,19.9,737.0
Anand Vihar,28.6469,77.3164,2026-07-25 23:00:00,27.3,94,0.0,8.2,48.1,48.3,34.6,50.0,20.6,697.0
Anand Vihar,28.6469,77.3164,2026-07-26 00:00:00,27.4,96,0.1,9.6,48.5,48.7,31.2,53.0,20.3,612.0
Anand Vihar,28.6469,77.3164,2026-07-26 01:00:00,27.6,95,0.0,7.9,47.0,47.1,27.7,55.0,19.5,501.0
Anand Vihar,28.6469,77.3164,2026-07-26 02:00:00,27.5,95,0.0,7.3,45.4,45.6,25.2,56.0,18.9,422.0
Anand Vihar,28.6469,77.3164,2026-07-26 03:00:00,27.4,95,0.0,5.9,44.7,44.9,24.9,52.0,18.8,400.0
Anand Vihar,28.6469,77.3164,2026-07-26 04:00:00,27.3,95,0.0,5.9,44.9,46.3,25.7,47.0,19.0,409.0
Anand Vihar,28.6469,77.3164,2026-07-26 05:00:00,28.1,95,0.0,4.2,26.0,26.8,23.0,56.0,17.2,431.0
Anand Vihar,28.6469,77.3164,2026-07-26 06:00:00,28.0,93,0.2,4.5,27.8,28.6,22.2,64.0,19.6,475.0
Anand Vihar,28.6469,77.3164,2026-07-26 07:00:00,28.7,87,0.3,5.0,26.9,27.9,21.0,76.0,23.0,533.0
Anand Vihar,28.6469,77.3164,2026-07-26 08:00:00,29.1,87,0.3,2.3,28.9,31.4,19.1,94.0,26.1,556.0
Anand Vihar,28.6469,77.3164,2026-07-26 09:00:00,30.5,80,0.0,2.5,32.1,36.4,16.0,124.0,28.7,513.0
Anand Vihar,28.6469,77.3164,2026-07-26 10:00:00,31.5,74,0.1,2.7,34.7,41.6,12.2,160.0,30.9,437.0
Anand Vihar,28.6469,77.3164,2026-07-26 11:00:00,32.5,71,0.0,2.8,36.7,46.4,9.2,189.0,32.1,377.0
Anand Vihar,28.6469,77.3164,2026-07-26 12:00:00,33.0,69,0.2,3.0,36.8,49.0,7.3,207.0,31.3,349.0
Anand Vihar,28.6469,77.3164,2026-07-26 13:00:00,33.6,68,0.0,2.7,39.0,51.2,6.1,219.0,29.5,338.0
Anand Vihar,28.6469,77.3164,2026-07-26 14:00:00,33.4,68,0.1,2.6,39.3,51.3,6.1,224.0,28.4,343.0
Anand Vihar,28.6469,77.3164,2026-07-26 15:00:00,33.5,68,0.1,2.8,40.4,51.8,5.7,226.0,28.3,333.0
Anand Vihar,28.6469,77.3164,2026-07-26 16:00:00,33.2,70,0.1,3.1,40.2,54.1,6.5,221.0,28.8,341.0
Anand Vihar,28.6469,77.3164,2026-07-26 17:00:00,33.3,64,0.1,2.2,44.2,56.9,12.4,184.0,25.0,461.0
Anand Vihar,28.6469,77.3164,2026-07-26 18:00:00,32.7,69,0.0,2.7,51.0,61.0,33.2,148.0,30.9,822.0
Anand Vihar,28.6469,77.3164,2026-07-26 19:00:00,31.8,78,0.0,2.1,70.1,78.7,61.6,98.0,38.9,1296.0
Anand Vihar,28.6469,77.3164,2026-07-26 20:00:00,31.5,81,0.0,0.6,86.1,94.5,81.2,59.0,44.5,1597.0
Anand Vihar,28.6469,77.3164,2026-07-26 21:00:00,31.4,82,0.0,1.5,91.3,99.0,83.0,43.0,45.3,1560.0
Anand Vihar,28.6469,77.3164,2026-07-26 22:00:00,31.0,83,0.0,2.2,89.4,96.2,76.1,38.0,43.7,1350.0
Anand Vihar,28.6469,77.3164,2026-07-26 23:00:00,30.8,86,0.0,1.8,85.2,91.5,70.5,33.0,42.2,1170.0
Anand Vihar,28.6469,77.3164,2026-07-27 00:00:00,30.3,86,0.0,1.8,86.4,92.9,70.7,25.0,41.7,1085.0
Anand Vihar,28.6469,77.3164,2026-07-27 01:00:00,29.9,89,0.0,1.5,89.6,95.9,72.4,17.0,41.4,1031.0
Anand Vihar,28.6469,77.3164,2026-07-27 02:00:00,29.7,90,0.0,2.2,91.0,97.8,72.6,12.0,40.5,1016.0
Anand Vihar,28.6469,77.3164,2026-07-27 03:00:00,29.6,89,0.0,2.1,92.2,98.7,70.5,8.0,38.3,1071.0
Anand Vihar,28.6469,77.3164,2026-07-27 04:00:00,29.4,89,0.0,2.1,90.8,96.9,67.1,5.0,35.7,1166.0
Anand Vihar,28.6469,77.3164,2026-07-27 05:00:00,29.3,90,0.0,2.2,82.7,86.6,58.3,22.0,33.4,1216.0
Anand Vihar,28.6469,77.3164,2026-07-27 06:00:00,29.3,90,0.1,1.6,84.1,87.8,54.3,38.0,38.7,1187.0
Anand Vihar,28.6469,77.3164,2026-07-27 07:00:00,30.2,85,0.0,1.1,79.2,84.8,48.4,62.0,45.8,1114.0
Anand Vihar,28.6469,77.3164,2026-07-27 08:00:00,31.6,75,0.0,1.0,65.2,73.6,41.4,93.0,49.8,1017.0
Anand Vihar,28.6469,77.3164,2026-07-27 09:00:00,32.6,69,0.1,1.3,55.9,72.2,32.1,136.0,47.9,879.0
Anand Vihar,28.6469,77.3164,2026-07-27 10:00:00,33.4,65,0.1,2.0,50.3,66.4,21.7,187.0,42.9,718.0
Anand Vihar,28.6469,77.3164,2026-07-27 11:00:00,34.5,52,0.1,2.4,46.3,59.8,13.9,228.0,38.6,606.0
Anand Vihar,28.6469,77.3164,2026-07-27 12:00:00,35.3,50,0.0,3.0,47.5,60.3,10.6,256.0,36.3,580.0
Anand Vihar,28.6469,77.3164,2026-07-27 13:00:00,35.7,50,0.0,4.1,48.8,61.2,9.9,275.0,34.6,602.0
Anand Vihar,28.6469,77.3164,2026-07-27 14:00:00,35.4,52,0.1,5.2,50.6,62.6,10.4,283.0,33.2,638.0
Anand Vihar,28.6469,77.3164,2026-07-27 15:00:00,33.6,56,0.1,4.3,49.8,63.8,11.0,280.0,31.9,657.0
Anand Vihar,28.6469,77.3164,2026-07-27 16:00:00,34.0,56,0.2,3.8,47.7,63.3,12.7,267.0,31.0,688.0
Anand Vihar,28.6469,77.3164,2026-07-27 17:00:00,33.4,58,0.0,0.9,50.2,81.3,23.7,185.0,28.1,787.0
Anand Vihar,28.6469,77.3164,2026-07-27 18:00:00,32.6,65,0.0,2.4,58.7,87.3,33.3,156.0,31.3,1059.0
Anand Vihar,28.6469,77.3164,2026-07-27 19:00:00,31.8,71,0.0,4.2,66.6,96.2,46.2,117.0,35.6,1398.0
Anand Vihar,28.6469,77.3164,2026-07-27 20:00:00,30.8,79,0.0,8.9,68.7,87.5,53.7,86.0,37.9,1543.0
Anand Vihar,28.6469,77.3164,2026-07-27 21:00:00,29.7,84,0.0,9.0,66.6,96.4,50.8,74.0,36.5,1313.0
Anand Vihar,28.6469,77.3164,2026-07-27 22:00:00,29.3,84,0.0,10.8,64.5,120.1,42.5,72.0,33.0,889.0
Anand Vihar,28.6469,77.3164,2026-07-27 23:00:00,30.3,85,0.1,10.3,61.2,135.0,35.3,70.0,29.5,557.0
Anand Vihar,28.6469,77.3164,2026-07-28 00:00:00,28.6,89,0.1,12.2,56.5,116.9,31.2,68.0,26.3,439.0
Anand Vihar,28.6469,77.3164,2026-07-28 01:00:00,26.9,95,1.3,8.5,51.6,90.1,28.1,66.0,23.1,414.0
Anand Vihar,28.6469,77.3164,2026-07-28 02:00:00,26.7,95,0.5,10.6,49.8,75.7,26.1,64.0,20.6,402.0
Anand Vihar,28.6469,77.3164,2026-07-28 03:00:00,26.0,96,0.2,7.7,49.4,68.0,25.4,58.0,19.1,373.0
Anand Vihar,28.6469,77.3164,2026-07-28 04:00:00,25.9,97,0.3,8.9,48.4,62.2,25.7,50.0,18.2,357.0
Anand Vihar,28.6469,77.3164,2026-07-28 05:00:00,28.8,92,0.1,7.5,55.8,113.6,32.3,39.0,22.6,369.0
Anand Vihar,28.6469,77.3164,2026-07-28 06:00:00,28.6,93,0.0,7.8,54.0,101.7,32.2,43.0,24.3,433.0
Anand Vihar,28.6469,77.3164,2026-07-28 07:00:00,28.9,90,0.1,7.4,48.4,83.4,31.8,51.0,26.7,524.0
Anand Vihar,28.6469,77.3164,2026-07-28 08:00:00,27.9,88,1.2,13.1,44.6,78.2,30.1,68.0,28.6,589.0
Anand Vihar,28.6469,77.3164,2026-07-28 09:00:00,27.6,91,0.7,8.6,47.5,100.4,25.9,101.0,29.4,601.0
Anand Vihar,28.6469,77.3164,2026-07-28 10:00:00,27.2,93,4.6,8.9,48.9,108.7,20.4,144.0,29.6,586.0
Anand Vihar,28.6469,77.3164,2026-07-28 11:00:00,27.3,93,0.8,7.7,44.1,90.3,15.8,182.0,29.9,568.0
Anand Vihar,28.6469,77.3164,2026-07-28 12:00:00,27.1,94,2.1,9.0,42.0,76.6,12.5,213.0,30.6,544.0
Anand Vihar,28.6469,77.3164,2026-07-28 13:00:00,26.9,93,1.6,7.0,43.3,70.3,10.1,239.0,31.4,517.0
Anand Vihar,28.6469,77.3164,2026-07-28 14:00:00,27.4,90,0.9,3.9,43.4,64.5,10.1,250.0,31.7,518.0
Anand Vihar,28.6469,77.3164,2026-07-28 15:00:00,27.9,85,0.2,4.9,43.5,61.0,12.7,241.0,30.5,531.0
Anand Vihar,28.6469,77.3164,2026-07-28 16:00:00,27.7,86,0.4,3.6,44.0,59.0,17.6,218.0,28.7,571.0
Anand Vihar,28.6469,77.3164,2026-07-28 17:00:00,30.5,74,0.0,2.8,34.7,47.7,49.5,86.0,34.5,716.0
Anand Vihar,28.6469,77.3164,2026-07-28 18:00:00,29.9,77,0.0,3.4,32.4,42.3,57.7,70.0,36.7,1079.0
Anand Vihar,28.6469,77.3164,2026-07-28 19:00:00,29.0,83,0.0,3.2,39.8,46.7,69.0,47.0,39.9,1546.0
Anand Vihar,28.6469,77.3164,2026-07-28 20:00:00,28.5,85,0.0,4.2,47.6,54.5,77.7,29.0,43.0,1857.0
Anand Vihar,28.6469,77.3164,2026-07-28 21:00:00,28.3,87,0.0,4.5,52.7,59.5,81.5,19.0,46.4,1892.0
Anand Vihar,28.6469,77.3164,2026-07-28 22:00:00,28.0,89,0.2,4.6,51.3,56.8,82.8,13.0,49.7,1769.0
Anand Vihar,28.6469,77.3164,2026-07-28 23:00:00,27.6,90,0.2,1.9,47.4,51.5,82.9,9.0,51.0,1586.0
Anand Vihar,28.6469,77.3164,2026-07-29 00:00:00,27.4,92,0.4,1.5,43.8,47.1,82.6,6.0,48.6,1335.0
Anand Vihar,28.6469,77.3164,2026-07-29 01:00:00,26.9,96,0.8,5.2,42.1,45.4,81.2,5.0,44.2,1024.0
Anand Vihar,28.6469,77.3164,2026-07-29 02:00:00,26.7,97,0.7,4.7,44.8,47.8,78.1,6.0,40.9,765.0
Anand Vihar,28.6469,77.3164,2026-07-29 03:00:00,26.6,97,0.2,3.0,47.8,51.2,72.3,10.0,39.7,594.0
Anand Vihar,28.6469,77.3164,2026-07-29 04:00:00,26.6,98,0.0,1.5,46.6,49.8,64.8,16.0,39.6,475.0
Anand Vihar,28.6469,77.3164,2026-07-29 05:00:00,27.0,96,0.1,1.6,47.8,51.3,57.6,24.0,43.8,422.0
Anand Vihar,28.6469,77.3164,2026-07-29 06:00:00,26.3,98,1.4,1.4,51.1,53.7,52.5,33.0,42.1,471.0
Anand Vihar,28.6469,77.3164,2026-07-29 07:00:00,26.5,99,1.5,3.0,43.9,47.3,45.4,46.0,39.9,584.0
Anand Vihar,28.6469,77.3164,2026-07-29 08:00:00,27.0,95,0.7,1.5,38.2,42.3,39.6,62.0,39.5,663.0
Anand Vihar,28.6469,77.3164,2026-07-29 09:00:00,28.3,85,0.5,2.3,35.5,39.8,36.7,80.0,42.5,659.0
Anand Vihar,28.6469,77.3164,2026-07-29 10:00:00,28.9,82,0.1,3.5,32.0,36.8,35.0,101.0,47.2,620.0
Anand Vihar,28.6469,77.3164,2026-07-29 11:00:00,30.5,76,0.1,2.4,31.5,36.6,33.3,122.0,51.0,595.0
Anand Vihar,28.6469,77.3164,2026-07-29 12:00:00,31.9,71,0.1,2.3,34.0,39.3,30.3,145.0,52.6,594.0
Anand Vihar,28.6469,77.3164,2026-07-29 13:00:00,32.3,69,0.1,4.3,36.8,43.1,27.3,168.0,53.2,606.0
Anand Vihar,28.6469,77.3164,2026-07-29 14:00:00,32.6,68,0.1,5.6,39.8,46.4,26.3,184.0,54.2,644.0
Anand Vihar,28.6469,77.3164,2026-07-29 15:00:00,32.1,70,0.2,2.7,43.5,52.4,26.5,194.0,55.9,659.0
Anand Vihar,28.6469,77.3164,2026-07-29 16:00:00,31.1,78,0.3,5.7,45.9,53.6,28.8,198.0,58.0,700.0
Anand Vihar,28.6469,77.3164,2026-07-29 17:00:00,33.0,64,0.0,3.5,59.6,70.3,20.4,226.0,43.4,927.0
Anand Vihar,28.6469,77.3164,2026-07-29 18:00:00,32.2,69,0.0,3.9,68.0,75.9,32.9,195.0,46.3,1556.0
Anand Vihar,28.6469,77.3164,2026-07-29 19:00:00,31.1,78,0.0,3.9,80.1,85.2,49.9,151.0,50.1,2372.0
Anand Vihar,28.6469,77.3164,2026-07-29 20:00:00,30.5,82,0.0,5.3,75.4,79.6,61.6,114.0,51.9,2885.0
Anand Vihar,28.6469,77.3164,2026-07-29 21:00:00,30.0,84,0.0,5.1,80.3,83.1,63.2,91.0,50.1,2834.0
Anand Vihar,28.6469,77.3164,2026-07-29 22:00:00,29.5,88,0.0,3.5,81.5,83.8,59.5,74.0,46.2,2481.0
Anand Vihar,28.6469,77.3164,2026-07-29 23:00:00,29.9,85,0.0,6.4,80.8,82.7,54.6,62.0,42.0,2124.0
Anand Vihar,28.6469,77.3164,2026-07-30 00:00:00,29.2,89,0.0,7.5,77.8,79.4,49.2,54.0,37.6,1850.0
Anand Vihar,28.6469,77.3164,2026-07-30 01:00:00,28.9,88,0.0,0.5,74.7,75.9,42.6,50.0,32.8,1573.0
Anand Vihar,28.6469,77.3164,2026-07-30 02:00:00,25.9,96,1.5,4.3,71.7,72.9,37.6,47.0,29.1,1329.0
Anand Vihar,28.6469,77.3164,2026-07-30 03:00:00,26.1,97,0.4,2.3,69.2,70.1,35.4,41.0,26.7,1126.0
Anand Vihar,28.6469,77.3164,2026-07-30 04:00:00,26.4,99,0.1,1.8,67.5,68.2,34.7,36.0,25.3,956.0
Anand Vihar,28.6469,77.3164,2026-07-30 05:00:00,28.9,92,0.0,2.8,70.5,70.8,38.8,44.0,25.6,834.0
Anand Vihar,28.6469,77.3164,2026-07-30 06:00:00,28.6,94,1.0,1.3,73.3,73.8,37.8,56.0,29.4,789.0
Anand Vihar,28.6469,77.3164,2026-07-30 07:00:00,28.8,85,0.4,8.8,68.2,68.7,36.3,75.0,34.6,791.0
Anand Vihar,28.6469,77.3164,2026-07-30 08:00:00,29.3,83,0.4,7.4,52.4,52.9,33.0,100.0,38.1,764.0
Anand Vihar,28.6469,77.3164,2026-07-30 09:00:00,30.9,75,0.1,5.0,47.0,47.5,26.6,138.0,38.3,658.0
Anand Vihar,28.6469,77.3164,2026-07-30 10:00:00,32.1,70,0.0,7.1,43.2,45.1,18.5,183.0,36.8,524.0
Anand Vihar,28.6469,77.3164,2026-07-30 11:00:00,32.6,67,0.0,5.6,41.8,42.8,12.3,219.0,35.2,433.0
Anand Vihar,28.6469,77.3164,2026-07-30 12:00:00,32.8,65,0.2,6.5,41.1,43.9,9.3,240.0,33.7,420.0
Anand Vihar,28.6469,77.3164,2026-07-30 13:00:00,33.0,66,0.1,6.5,41.9,52.2,8.2,252.0,32.1,451.0
Anand Vihar,28.6469,77.3164,2026-07-30 14:00:00,33.2,66,0.0,4.1,42.1,55.9,8.6,254.0,30.8,494.0
Anand Vihar,28.6469,77.3164,2026-07-30 15:00:00,33.5,63,0.1,4.7,41.2,55.2,10.6,244.0,30.1,550.0
Anand Vihar,28.6469,77.3164,2026-07-30 16:00:00,33.7,57,0.1,6.1,40.6,53.1,14.2,224.0,29.7,618.0
Anand Vihar,28.6469,77.3164,2026-07-30 17:00:00,31.3,74,0.0,13.1,40.9,42.7,20.0,164.0,23.4,666.0
Anand Vihar,28.6469,77.3164,2026-07-30 18:00:00,28.8,84,0.1,10.1,43.8,45.2,28.6,135.0,24.7,676.0
Anand Vihar,28.6469,77.3164,2026-07-30 19:00:00,28.8,86,0.0,6.9,46.4,47.5,40.3,96.0,26.5,665.0
Anand Vihar,28.6469,77.3164,2026-07-30 20:00:00,28.7,90,0.0,6.7,46.1,46.7,47.9,66.0,27.3,659.0
Anand Vihar,28.6469,77.3164,2026-07-30 21:00:00,28.4,91,0.0,7.1,45.5,45.9,47.7,54.0,26.3,675.0
Anand Vihar,28.6469,77.3164,2026-07-30 22:00:00,28.4,90,0.0,7.4,45.8,46.3,43.3,52.0,24.2,695.0
Anand Vihar,28.6469,77.3164,2026-07-30 23:00:00,29.1,89,0.0,10.3,45.4,46.6,38.4,52.0,22.2,688.0
Anand Vihar,28.6469,77.3164,2026-07-31 00:00:00,28.8,90,0.0,10.2,43.3,45.2,33.6,53.0,20.4,631.0
Anand Vihar,28.6469,77.3164,2026-07-31 01:00:00,28.7,88,0.0,9.9,39.3,41.2,28.3,57.0,18.6,546.0
Anand Vihar,28.6469,77.3164,2026-07-31 02:00:00,28.5,87,0.0,9.8,33.8,34.7,24.1,60.0,17.5,469.0
Anand Vihar,28.6469,77.3164,2026-07-31 03:00:00,28.3,87,0.0,9.9,29.0,29.5,21.7,60.0,17.5,404.0
Anand Vihar,28.6469,77.3164,2026-07-31 04:00:00,28.0,86,0.0,10.5,38.3,136.9,20.5,58.0,18.3,347.0
Anand Vihar,28.6469,77.3164,2026-07-31 05:00:00,28.3,83,0.0,11.6,37.7,146.2,19.9,59.0,18.9,321.0
Anand Vihar,28.6469,77.3164,2026-07-31 06:00:00,28.1,84,0.1,9.7,32.6,89.4,19.5,63.0,19.6,351.0
Anand Vihar,28.6469,77.3164,2026-07-31 07:00:00,28.7,81,0.0,9.2,27.4,47.5,18.8,69.0,20.6,412.0
Anand Vihar,28.6469,77.3164,2026-07-31 08:00:00,29.0,79,0.2,13.1,21.6,25.4,17.3,81.0,20.9,447.0
Anand Vihar,28.6469,77.3164,2026-07-31 09:00:00,29.7,75,0.2,13.3,20.5,21.8,14.3,103.0,20.1,423.0
Anand Vihar,28.6469,77.3164,2026-07-31 10:00:00,30.2,72,0.3,13.7,21.3,22.1,10.6,131.0,18.7,374.0
Anand Vihar,28.6469,77.3164,2026-07-31 11:00:00,30.9,70,0.6,12.4,22.8,23.3,7.9,150.0,17.4,339.0
Anand Vihar,28.6469,77.3164,2026-07-31 12:00:00,31.3,66,0.1,14.5,22.2,22.6,6.7,154.0,16.1,332.0
Anand Vihar,28.6469,77.3164,2026-07-31 13:00:00,31.6,67,0.2,10.8,20.8,28.2,6.6,149.0,14.8,341.0
Anand Vihar,28.6469,77.3164,2026-07-31 14:00:00,32.4,67,0.1,10.6,21.7,30.4,7.3,144.0,14.4,363.0
Anand Vihar,28.6469,77.3164,2026-07-31 15:00:00,32.6,66,0.1,11.5,20.7,23.7,8.9,142.0,15.5,409.0
Anand Vihar,28.6469,77.3164,2026-07-31 16:00:00,31.8,69,0.5,10.7,20.2,21.4,11.3,139.0,17.5,469.0
Anand Vihar,28.6469,77.3164,2026-07-31 17:00:00,31.8,69,0.9,6.7,31.5,32.0,19.2,125.0,19.1,516.0
Anand Vihar,28.6469,77.3164,2026-07-31 18:00:00,31.2,73,0.0,7.2,35.2,35.5,24.9,107.0,20.5,542.0
Anand Vihar,28.6469,77.3164,2026-07-31 19:00:00,30.3,79,0.0,7.4,36.7,37.0,32.5,83.0,22.4,555.0
Anand Vihar,28.6469,77.3164,2026-07-31 20:00:00,29.9,82,0.0,8.1,36.3,36.8,37.1,65.0,23.4,553.0
Anand Vihar,28.6469,77.3164,2026-07-31 21:00:00,29.7,82,0.1,10.6,34.9,35.6,36.0,58.0,22.9,531.0
Anand Vihar,28.6469,77.3164,2026-07-31 22:00:00,29.2,84,0.0,10.3,33.4,34.3,31.8,58.0,21.6,493.0
Anand Vihar,28.6469,77.3164,2026-07-31 23:00:00,28.4,86,0.0,9.2,31.2,32.1,27.7,58.0,20.3,451.0
Anand Vihar,28.6469,77.3164,2026-08-01 00:00:00,28.7,86,0.0,10.7,28.6,29.5,24.4,59.0,19.2,403.0
Anand Vihar,28.6469,77.3164,2026-08-01 01:00:00,27.8,90,1.0,8.7,41.2,157.9,21.2,61.0,18.2,352.0
Anand Vihar,28.6469,77.3164,2026-08-01 02:00:00,27.7,87,0.0,10.1,49.4,225.8,18.9,62.0,17.7,315.0
Anand Vihar,28.6469,77.3164,2026-08-01 03:00:00,27.6,88,0.0,9.3,52.9,252.4,18.2,59.0,17.9,296.0
Anand Vihar,28.6469,77.3164,2026-08-01 04:00:00,27.6,89,0.0,9.0,52.4,243.1,18.4,56.0,18.6,292.0
Anand Vihar,28.6469,77.3164,2026-08-01 05:00:00,27.0,93,0.1,10.0,25.5,26.5,18.9,55.0,19.4,307.0
Anand Vihar,28.6469,77.3164,2026-08-01 06:00:00,26.8,92,0.0,12.3,26.8,27.8,18.5,62.0,19.7,361.0
Anand Vihar,28.6469,77.3164,2026-08-01 07:00:00,27.1,88,0.2,11.6,27.5,28.6,17.8,73.0,20.0,435.0
Anand Vihar,28.6469,77.3164,2026-08-01 08:00:00,27.9,83,0.0,12.1,26.4,27.4,16.4,88.0,20.4,478.0
Anand Vihar,28.6469,77.3164,2026-08-01 09:00:00,29.7,76,0.1,11.4,25.3,26.0,13.7,112.0,20.8,458.0
Anand Vihar,28.6469,77.3164,2026-08-01 10:00:00,31.0,70,0.2,11.7,34.8,117.8,10.2,140.0,21.1,407.0
Anand Vihar,28.6469,77.3164,2026-08-01 11:00:00,32.0,66,0.3,11.4,27.6,44.8,7.8,162.0,21.4,366.0
Anand Vihar,28.6469,77.3164,2026-08-01 12:00:00,32.6,66,0.2,10.3,30.2,61.0,7.0,172.0,21.4,341.0
Anand Vihar,28.6469,77.3164,2026-08-01 13:00:00,32.4,67,0.2,12.1,30.5,38.1,7.2,175.0,21.4,327.0
Anand Vihar,28.6469,77.3164,2026-08-01 14:00:00,31.1,73,0.7,9.0,30.0,33.6,8.1,173.0,21.4,348.0
Anand Vihar,28.6469,77.3164,2026-08-01 15:00:00,31.3,74,0.1,8.1,29.5,31.3,9.5,168.0,21.6,430.0
Anand Vihar,28.6469,77.3164,2026-08-01 16:00:00,31.8,71,0.1,8.0,28.8,29.8,11.6,157.0,22.0,548.0
Anand Vihar,28.6469,77.3164,2026-08-01 17:00:00,30.4,80,0.5,8.2,36.6,55.9,14.6,159.0,21.9,648.0
Anand Vihar,28.6469,77.3164,2026-08-01 18:00:00,30.7,78,0.0,6.4,41.2,53.3,20.8,137.0,22.7,720.0
Anand Vihar,28.6469,77.3164,2026-08-01 19:00:00,30.2,82,0.0,6.7,44.9,51.5,29.2,107.0,23.8,775.0
Anand Vihar,28.6469,77.3164,2026-08-01 20:00:00,29.9,84,0.0,6.5,44.9,48.1,34.8,84.0,24.2,789.0
Anand Vihar,28.6469,77.3164,2026-08-01 21:00:00,29.6,85,0.0,8.8,43.2,44.4,35.2,75.0,23.5,742.0
Anand Vihar,28.6469,77.3164,2026-08-01 22:00:00,29.4,85,0.0,9.3,40.7,41.2,32.8,74.0,22.2,655.0
Anand Vihar,28.6469,77.3164,2026-08-01 23:00:00,26.7,90,0.0,11.0,40.3,40.4,29.7,75.0,20.9,569.0
Anand Vihar,28.6469,77.3164,2026-08-02 00:00:00,26.9,91,0.8,11.2,37.4,37.6,25.8,78.0,19.7,493.0
Anand Vihar,28.6469,77.3164,2026-08-02 01:00:00,27.0,92,0.4,9.0,35.0,35.5,21.1,83.0,18.6,418.0
Anand Vihar,28.6469,77.3164,2026-08-02 02:00:00,27.0,93,0.2,6.6,34.6,35.4,17.8,86.0,17.9,365.0
Anand Vihar,28.6469,77.3164,2026-08-02 03:00:00,26.9,94,0.0,6.2,35.3,36.6,17.0,82.0,17.8,338.0
Anand Vihar,28.6469,77.3164,2026-08-02 04:00:00,26.9,94,0.0,6.8,35.9,37.5,17.6,76.0,18.3,332.0
Anand Vihar,28.6469,77.3164,2026-08-02 05:00:00,27.1,96,0.0,9.2,44.2,45.3,22.8,62.0,22.8,353.0
Anand Vihar,28.6469,77.3164,2026-08-02 06:00:00,26.5,96,0.3,10.0,45.2,46.4,22.0,71.0,25.0,430.0
Anand Vihar,28.6469,77.3164,2026-08-02 07:00:00,27.1,94,0.4,6.3,43.0,44.9,20.7,85.0,27.9,534.0
Anand Vihar,28.6469,77.3164,2026-08-02 08:00:00,28.8,85,0.1,7.9,39.3,69.8,18.5,105.0,29.7,584.0
Anand Vihar,28.6469,77.3164,2026-08-02 09:00:00,30.6,76,0.0,8.6,39.9,79.6,14.7,135.0,29.5,526.0
Anand Vihar,28.6469,77.3164,2026-08-02 10:00:00,32.0,68,0.1,8.3,38.1,61.9,9.9,171.0,28.3,413.0
Anand Vihar,28.6469,77.3164,2026-08-02 11:00:00,33.7,59,0.1,7.5,37.7,53.8,6.5,197.0,26.7,327.0
Anand Vihar,28.6469,77.3164,2026-08-02 12:00:00,33.4,61,0.4,7.4,36.3,47.4,5.0,205.0,24.7,298.0
Anand Vihar,28.6469,77.3164,2026-08-02 13:00:00,32.4,65,1.0,8.3,34.5,42.0,4.9,203.0,22.3,296.0
Anand Vihar,28.6469,77.3164,2026-08-02 14:00:00,32.5,68,0.4,7.5,35.3,40.6,5.8,197.0,20.9,306.0
Anand Vihar,28.6469,77.3164,2026-08-02 15:00:00,33.0,65,0.1,6.7,36.9,40.5,7.7,189.0,21.0,309.0
Anand Vihar,28.6469,77.3164,2026-08-02 16:00:00,33.0,64,0.3,7.5,35.6,38.2,10.7,177.0,22.0,325.0
Anand Vihar,28.6469,77.3164,2026-08-02 17:00:00,29.2,84,0.2,3.6,29.8,30.6,16.0,139.0,21.2,397.0
Anand Vihar,28.6469,77.3164,2026-08-02 18:00:00,27.9,90,2.0,10.0,33.8,34.7,21.0,120.0,21.9,586.0
Anand Vihar,28.6469,77.3164,2026-08-02 19:00:00,27.5,94,1.8,3.1,37.7,38.4,27.9,94.0,22.9,831.0
Anand Vihar,28.6469,77.3164,2026-08-02 20:00:00,27.7,95,0.4,5.2,36.8,37.4,32.4,73.0,23.3,994.0
Anand Vihar,28.6469,77.3164,2026-08-02 21:00:00,27.9,96,0.1,4.7,37.0,37.7,32.4,64.0,22.7,1014.0
Anand Vihar,28.6469,77.3164,2026-08-02 22:00:00,27.9,97,0.0,6.8,38.4,39.3,30.0,61.0,21.6,952.0
Anand Vihar,28.6469,77.3164,2026-08-02 23:00:00,28.8,96,0.0,6.8,37.4,38.5,27.4,60.0,20.5,856.0
Anand Vihar,28.6469,77.3164,2026-08-03 00:00:00,28.5,97,0.0,7.2,35.6,37.3,25.0,61.0,19.6,713.0
Anand Vihar,28.6469,77.3164,2026-08-03 01:00:00,28.3,96,0.0,7.7,34.5,36.6,22.4,64.0,18.7,536.0
Anand Vihar,28.6469,77.3164,2026-08-03 02:00:00,27.7,94,0.0,8.4,32.6,35.0,20.6,66.0,18.1,406.0
Anand Vihar,28.6469,77.3164,2026-08-03 03:00:00,27.4,94,0.0,7.6,28.8,31.5,20.0,64.0,17.7,355.0
Anand Vihar,28.6469,77.3164,2026-08-03 04:00:00,27.3,95,0.0,7.7,27.0,29.7,20.2,60.0,17.6,352.0
Anand Vihar,28.6469,77.3164,2026-08-03 05:00:00,27.7,95,0.0,8.3,25.8,27.9,21.2,52.0,18.8,380.0
Anand Vihar,28.6469,77.3164,2026-08-03 06:00:00,27.1,97,0.1,2.3,28.9,31.5,22.7,54.0,22.1,462.0
Anand Vihar,28.6469,77.3164,2026-08-03 07:00:00,27.7,93,0.1,7.3,31.3,34.3,24.5,58.0,26.6,575.0
Anand Vihar,28.6469,77.3164,2026-08-03 08:00:00,28.7,87,0.1,4.2,31.1,33.8,24.5,70.0,29.7,638.0
Anand Vihar,28.6469,77.3164,2026-08-03 09:00:00,29.6,81,0.0,2.7,30.9,32.9,20.8,97.0,30.3,600.0
Anand Vihar,28.6469,77.3164,2026-08-03 10:00:00,30.8,77,0.0,4.7,29.9,31.8,15.4,132.0,29.4,512.0
Anand Vihar,28.6469,77.3164,2026-08-03 11:00:00,31.7,71,0.1,5.4,31.7,33.5,11.3,158.0,28.2,442.0
Anand Vihar,28.6469,77.3164,2026-08-03 12:00:00,33.3,65,0.2,6.7,31.3,32.8,9.6,169.0,26.6,408.0
Anand Vihar,28.6469,77.3164,2026-08-03 13:00:00,34.1,62,0.0,7.5,30.7,32.0,9.4,171.0,24.6,393.0
Anand Vihar,28.6469,77.3164,2026-08-03 14:00:00,31.9,68,1.0,12.5,32.2,33.4,11.0,167.0,23.0,408.0
Anand Vihar,28.6469,77.3164,2026-08-03 15:00:00,31.6,74,0.5,2.4,31.9,32.8,14.6,155.0,21.7,464.0
Anand Vihar,28.6469,77.3164,2026-08-03 16:00:00,31.3,74,0.1,6.0,31.3,32.0,20.0,136.0,20.8,551.0
Anand Vihar,28.6469,77.3164,2026-08-03 17:00:00,33.3,67,0.2,9.3,44.6,45.8,22.0,140.0,20.1,655.0
Anand Vihar,28.6469,77.3164,2026-08-03 18:00:00,30.6,75,0.0,7.7,48.3,49.0,34.1,116.0,24.4,800.0
Anand Vihar,28.6469,77.3164,2026-08-03 19:00:00,27.4,93,7.7,4.0,57.0,57.4,50.9,82.0,30.4,963.0
Anand Vihar,28.6469,77.3164,2026-08-03 20:00:00,27.4,95,1.6,6.5,65.7,65.9,63.9,55.0,35.3,1060.0
Anand Vihar,28.6469,77.3164,2026-08-03 21:00:00,27.4,94,1.2,2.3,70.8,71.0,70.5,39.0,38.2,1047.0
Anand Vihar,28.6469,77.3164,2026-08-03 22:00:00,27.2,94,0.9,2.4,78.5,78.7,73.2,29.0,40.0,969.0
Anand Vihar,28.6469,77.3164,2026-08-03 23:00:00,26.7,97,0.4,4.1,76.4,76.6,71.6,25.0,40.3,873.0
Anand Vihar,28.6469,77.3164,2026-08-04 00:00:00,27.1,96,1.5,6.4,75.2,75.4,63.2,29.0,38.4,761.0
Anand Vihar,28.6469,77.3164,2026-08-04 01:00:00,27.0,97,0.4,7.2,63.6,63.8,50.4,39.0,35.1,632.0
Anand Vihar,28.6469,77.3164,2026-08-04 02:00:00,26.7,98,0.2,5.8,54.9,55.3,39.7,47.0,31.7,528.0
Anand Vihar,28.6469,77.3164,2026-08-04 03:00:00,26.7,97,0.1,4.9,45.4,45.6,33.2,51.0,28.5,458.0
Anand Vihar,28.6469,77.3164,2026-08-04 04:00:00,26.7,97,0.0,3.6,38.3,38.4,28.7,54.0,25.3,413.0
Anand Vihar,28.6469,77.3164,2026-08-04 05:00:00,27.0,96,0.0,8.4,36.2,36.4,23.9,61.0,22.1,415.0
Anand Vihar,28.6469,77.3164,2026-08-04 06:00:00,26.6,97,0.3,8.5,35.9,36.2,25.6,63.0,24.7,507.0
Anand Vihar,28.6469,77.3164,2026-08-04 07:00:00,27.1,93,0.2,1.9,31.5,32.0,27.8,66.0,28.3,645.0
Anand Vihar,28.6469,77.3164,2026-08-04 08:00:00,28.0,88,0.0,2.9,27.3,27.8,28.3,75.0,31.2,720.0
Anand Vihar,28.6469,77.3164,2026-08-04 09:00:00,29.7,79,0.0,4.7,26.3,27.0,25.7,96.0,32.9,646.0
Anand Vihar,28.6469,77.3164,2026-08-04 10:00:00,30.6,77,0.1,3.2,27.6,28.5,21.6,123.0,33.8,509.0
Anand Vihar,28.6469,77.3164,2026-08-04 11:00:00,28.9,85,0.4,5.4,28.4,29.3,18.1,143.0,34.0,456.0
Anand Vihar,28.6469,77.3164,2026-08-04 12:00:00,28.2,91,2.8,4.4,27.7,28.6,15.7,152.0,32.7,577.0
Anand Vihar,28.6469,77.3164,2026-08-04 13:00:00,28.8,85,0.6,7.1,27.1,28.1,14.0,155.0,30.7,783.0
Anand Vihar,28.6469,77.3164,2026-08-04 14:00:00,29.1,84,0.3,7.6,27.1,28.1,14.3,154.0,29.7,948.0
Anand Vihar,28.6469,77.3164,2026-08-04 15:00:00,29.5,82,0.2,5.5,27.8,28.8,16.8,152.0,30.9,1027.0
Anand Vihar,28.6469,77.3164,2026-08-04 16:00:00,29.1,83,0.1,3.7,36.9,38.3,21.3,147.0,33.2,1066.0
Anand Vihar,28.6469,77.3164,2026-08-04 17:00:00,27.5,92,0.0,1.5,33.1,33.8,46.4,101.0,46.8,1078.0
Anand Vihar,28.6469,77.3164,2026-08-04 18:00:00,27.3,94,1.8,1.9,37.8,38.4,55.5,85.0,49.3,1056.0
Anand Vihar,28.6469,77.3164,2026-08-04 19:00:00,27.2,95,0.9,1.0,51.9,52.4,68.0,62.0,52.6,1007.0
Anand Vihar,28.6469,77.3164,2026-08-04 20:00:00,27.3,96,0.6,1.5,62.2,62.4,77.2,43.0,54.5,969.0
Anand Vihar,28.6469,77.3164,2026-08-04 21:00:00,27.3,96,0.6,1.6,68.5,68.7,80.4,31.0,54.0,960.0
Anand Vihar,28.6469,77.3164,2026-08-04 22:00:00,27.1,96,0.9,1.1,76.1,76.6,80.3,23.0,52.1,963.0
Anand Vihar,28.6469,77.3164,2026-08-04 23:00:00,27.7,96,0.5,2.2,75.2,75.4,78.2,19.0,49.8,961.0
Anand Vihar,28.6469,77.3164,2026-08-05 00:00:00,27.5,97,0.0,2.7,65.9,66.1,73.7,20.0,47.1,949.0
Anand Vihar,28.6469,77.3164,2026-08-05 01:00:00,27.4,99,0.0,1.8,60.1,60.3,67.2,24.0,43.9,933.0
Anand Vihar,28.6469,77.3164,2026-08-05 02:00:00,27.4,93,0.1,1.5,57.7,58.0,61.5,27.0,40.9,918.0
Anand Vihar,28.6469,77.3164,2026-08-05 03:00:00,27.0,92,0.1,2.6,56.6,56.8,57.8,24.0,37.9,900.0
Anand Vihar,28.6469,77.3164,2026-08-05 04:00:00,26.4,96,1.0,3.3,55.9,56.1,54.9,19.0,35.1,884.0
Anand Vihar,28.6469,77.3164,2026-08-05 05:00:00,26.1,95,0.1,2.2,71.9,72.4,59.6,18.0,41.7,889.0
Anand Vihar,28.6469,77.3164,2026-08-05 06:00:00,25.7,95,2.4,2.0,68.2,68.7,53.9,31.0,41.0,949.0
Anand Vihar,28.6469,77.3164,2026-08-05 07:00:00,26.8,94,0.1,2.8,57.9,58.3,45.8,51.0,40.1,1030.0
Anand Vihar,28.6469,77.3164,2026-08-05 08:00:00,28.5,85,0.0,2.2,47.6,48.1,37.8,76.0,39.4,1048.0
Anand Vihar,28.6469,77.3164,2026-08-05 09:00:00,30.0,77,0.0,3.7,37.6,38.4,30.4,113.0,39.8,943.0
Anand Vihar,28.6469,77.3164,2026-08-05 10:00:00,31.3,69,0.0,4.7,35.7,36.7,23.2,155.0,40.5,776.0
Anand Vihar,28.6469,77.3164,2026-08-05 11:00:00,31.6,71,0.1,3.6,37.6,38.8,17.4,188.0,39.7,644.0
Anand Vihar,28.6469,77.3164,2026-08-05 12:00:00,31.1,72,0.1,4.4,40.0,41.4,13.5,205.0,36.2,582.0
Anand Vihar,28.6469,77.3164,2026-08-05 13:00:00,31.9,69,0.0,5.0,43.0,44.4,11.1,212.0,31.3,555.0
Anand Vihar,28.6469,77.3164,2026-08-05 14:00:00,31.8,68,0.0,5.7,49.7,80.8,10.1,211.0,27.1,558.0
Anand Vihar,28.6469,77.3164,2026-08-05 15:00:00,33.0,62,0.0,6.9,42.8,52.5,9.3,204.0,24.0,549.0
Anand Vihar,28.6469,77.3164,2026-08-05 16:00:00,32.7,63,0.0,4.5,39.3,45.8,9.8,190.0,21.6,570.0
Anand Vihar,28.6469,77.3164,2026-08-05 17:00:00,28.3,94,0.0,5.3,46.1,54.0,18.9,160.0,21.2,740.0
Anand Vihar,28.6469,77.3164,2026-08-05 18:00:00,28.4,88,0.9,4.6,54.0,59.3,33.4,130.0,23.6,1242.0
Anand Vihar,28.6469,77.3164,2026-08-05 19:00:00,28.1,90,0.5,7.0,64.5,67.8,53.4,89.0,27.1,1894.0
Anand Vihar,28.6469,77.3164,2026-08-05 20:00:00,27.6,92,0.9,6.7,65.2,68.0,68.4,56.0,30.3,2264.0
Anand Vihar,28.6469,77.3164,2026-08-05 21:00:00,27.8,93,0.0,5.3,65.7,69.2,74.3,40.0,33.5,2102.0
Anand Vihar,28.6469,77.3164,2026-08-05 22:00:00,27.8,95,0.0,4.4,70.1,74.3,75.2,32.0,36.3,1658.0
Anand Vihar,28.6469,77.3164,2026-08-05 23:00:00,27.3,100,0.1,5.4,74.7,79.6,72.5,29.0,37.1,1253.0
Anand Vihar,28.6469,77.3164,2026-08-06 00:00:00,27.3,96,2.8,2.6,70.5,74.7,64.9,33.0,33.8,989.0
Anand Vihar,28.6469,77.3164,2026-08-06 01:00:00,26.4,95,2.1,5.6,61.2,64.5,53.7,42.0,28.3,764.0
Anand Vihar,28.6469,77.3164,2026-08-06 02:00:00,26.5,96,2.5,3.8,62.4,64.7,44.4,50.0,24.6,598.0
Anand Vihar,28.6469,77.3164,2026-08-06 03:00:00,26.8,95,0.1,4.4,60.5,62.9,38.5,55.0,24.1,495.0
Anand Vihar,28.6469,77.3164,2026-08-06 04:00:00,26.9,97,0.0,5.4,57.7,60.5,34.5,58.0,25.3,452.0
Anand Vihar,28.6469,77.3164,2026-08-06 05:00:00,27.4,95,0.0,3.5,68.7,71.7,47.3,47.0,44.8,476.0
Anand Vihar,28.6469,77.3164,2026-08-06 06:00:00,27.5,94,0.2,2.7,70.3,72.6,49.3,48.0,46.4,618.0
Anand Vihar,28.6469,77.3164,2026-08-06 07:00:00,27.7,92,0.3,6.7,75.0,76.4,51.7,50.0,48.6,827.0
Anand Vihar,28.6469,77.3164,2026-08-06 08:00:00,27.3,90,0.7,7.0,70.1,71.2,51.5,58.0,49.4,962.0
Anand Vihar,28.6469,77.3164,2026-08-06 09:00:00,27.0,88,1.8,3.6,54.6,55.3,45.9,78.0,47.6,950.0
Anand Vihar,28.6469,77.3164,2026-08-06 10:00:00,26.7,87,1.5,1.6,45.3,46.4,37.7,104.0,44.5,863.0
Anand Vihar,28.6469,77.3164,2026-08-06 11:00:00,26.8,85,1.0,1.8,44.6,46.7,31.8,123.0,42.2,775.0
Anand Vihar,28.6469,77.3164,2026-08-06 12:00:00,28.0,80,1.0,3.0,44.9,48.8,30.0,131.0,42.3,695.0
Anand Vihar,28.6469,77.3164,2026-08-06 13:00:00,27.5,84,0.6,4.6,47.4,52.7,30.5,133.0,43.2,615.0
Anand Vihar,28.6469,77.3164,2026-08-06 14:00:00,27.3,85,0.3,5.5,51.9,68.2,33.0,129.0,42.9,582.0
Anand Vihar,28.6469,77.3164,2026-08-06 15:00:00,27.2,87,0.4,5.5,50.9,62.2,38.8,116.0,40.0,613.0
Anand Vihar,28.6469,77.3164,2026-08-06 16:00:00,27.8,84,0.0,6.9,57.6,67.1,46.6,98.0,35.9,692.0
Anand Vihar,28.6469,77.3164,2026-08-06 17:00:00,27.7,90,0.0,8.9,31.8,33.3,51.4,62.0,24.6,814.0
Anand Vihar,28.6469,77.3164,2026-08-06 18:00:00,27.5,91,0.4,7.4,32.7,33.6,53.5,53.0,25.1,1037.0
Anand Vihar,28.6469,77.3164,2026-08-06 19:00:00,27.3,92,0.1,5.2,34.8,35.6,56.4,41.0,25.9,1303.0
Anand Vihar,28.6469,77.3164,2026-08-06 20:00:00,27.1,93,0.0,4.7,37.0,38.0,57.7,32.0,26.0,1435.0
Anand Vihar,28.6469,77.3164,2026-08-06 21:00:00,27.0,94,0.0,5.7,37.6,38.5,56.7,27.0,25.3,1315.0
Anand Vihar,28.6469,77.3164,2026-08-06 22:00:00,26.9,94,0.0,5.9,39.1,40.0,54.1,24.0,24.1,1061.0
Anand Vihar,28.6469,77.3164,2026-08-06 23:00:00,26.7,93,0.0,8.7,39.9,41.0,50.3,24.0,22.4,844.0
Anand Vihar,28.6469,77.3164,2026-08-07 00:00:00,26.0,97,1.7,8.0,36.6,37.7,44.6,28.0,19.8,732.0
Anand Vihar,28.6469,77.3164,2026-08-07 01:00:00,26.0,97,1.2,3.3,34.7,35.9,37.6,34.0,16.8,658.0
Anand Vihar,28.6469,77.3164,2026-08-07 02:00:00,26.0,98,0.2,4.2,31.8,32.2,31.3,41.0,14.1,588.0
Anand Vihar,28.6469,77.3164,2026-08-07 03:00:00,25.9,99,0.0,6.0,28.5,28.7,25.6,48.0,11.9,490.0
Anand Vihar,28.6469,77.3164,2026-08-07 04:00:00,25.9,95,0.2,6.9,25.6,25.7,20.7,56.0,10.1,397.0
Anand Vihar,28.6469,77.3164,2026-08-07 05:00:00,26.3,97,2.8,3.9,35.0,35.2,23.4,50.0,16.3,374.0
Anand Vihar,28.6469,77.3164,2026-08-07 06:00:00,26.2,98,0.8,6.1,36.9,37.1,25.4,57.0,18.0,494.0
Anand Vihar,28.6469,77.3164,2026-08-07 07:00:00,25.9,96,4.2,7.8,38.4,38.6,28.0,67.0,20.3,684.0
Anand Vihar,28.6469,77.3164,2026-08-07 08:00:00,26.5,94,2.8,9.7,43.3,43.5,28.4,78.0,21.6,798.0
Anand Vihar,28.6469,77.3164,2026-08-07 09:00:00,26.6,92,3.4,12.4,49.0,49.1,24.4,91.0,21.0,751.0
Anand Vihar,28.6469,77.3164,2026-08-07 10:00:00,27.0,92,1.6,11.1,32.5,32.7,18.2,105.0,19.5,627.0
Anand Vihar,28.6469,77.3164,2026-08-07 11:00:00,27.3,90,2.4,14.6,26.7,27.0,14.1,116.0,18.2,528.0
Anand Vihar,28.6469,77.3164,2026-08-07 12:00:00,26.4,96,7.6,11.8,26.7,26.9,13.6,122.0,17.5,476.0
Anand Vihar,28.6469,77.3164,2026-08-07 13:00:00,27.2,95,1.9,12.0,25.8,26.0,15.2,124.0,16.9,450.0
Anand Vihar,28.6469,77.3164,2026-08-07 14:00:00,28.4,89,0.6,10.5,28.1,28.3,18.6,120.0,16.8,486.0
Anand Vihar,28.6469,77.3164,2026-08-07 15:00:00,29.5,82,0.1,11.1,29.2,29.4,24.3,107.0,17.0,653.0
Anand Vihar,28.6469,77.3164,2026-08-07 16:00:00,28.6,79,0.8,12.6,29.0,29.3,31.7,88.0,17.6,882.0
Anand Vihar,28.6469,77.3164,2026-08-07 17:00:00,27.2,92,9.6,9.8,34.6,35.2,31.1,86.0,15.9,1010.0
Anand Vihar,28.6469,77.3164,2026-08-07 18:00:00,27.0,93,1.1,8.2,35.6,36.2,32.0,80.0,15.4,922.0
Anand Vihar,28.6469,77.3164,2026-08-07 19:00:00,26.7,95,1.1,7.7,36.0,36.4,33.1,73.0,14.8,732.0
Anand Vihar,28.6469,77.3164,2026-08-07 20:00:00,26.4,95,0.2,12.1,34.7,35.2,33.7,66.0,14.6,618.0
Anand Vihar,28.6469,77.3164,2026-08-07 21:00:00,25.7,97,3.0,11.7,35.2,35.5,33.2,62.0,15.3,690.0
Anand Vihar,28.6469,77.3164,2026-08-07 22:00:00,25.7,96,8.3,9.3,36.3,36.6,32.2,59.0,16.3,838.0
Anand Vihar,28.6469,77.3164,2026-08-07 23:00:00,25.9,97,11.9,2.3,37.7,38.0,30.8,57.0,17.1,908.0
Anand Vihar,28.6469,77.3164,2026-08-08 00:00:00,26.0,98,1.4,7.2,38.3,38.5,28.9,56.0,17.1,810.0
Anand Vihar,28.6469,77.3164,2026-08-08 01:00:00,25.8,96,0.3,10.3,39.6,39.7,26.7,55.0,16.9,634.0
Anand Vihar,28.6469,77.3164,2026-08-08 02:00:00,25.3,96,1.8,6.8,41.4,41.6,25.2,54.0,16.9,496.0
Anand Vihar,28.6469,77.3164,2026-08-08 03:00:00,24.9,99,5.7,7.6,41.9,42.1,25.4,49.0,17.4,425.0
Anand Vihar,28.6469,77.3164,2026-08-08 04:00:00,24.8,99,5.8,6.5,43.9,44.0,26.3,43.0,18.1,392.0
Anand Vihar,28.6469,77.3164,2026-08-08 05:00:00,25.5,96,0.5,2.2,44.9,45.5,23.6,50.0,20.5,428.0
Anand Vihar,28.6469,77.3164,2026-08-08 06:00:00,25.6,96,5.8,10.5,47.4,48.1,23.3,58.0,21.5,607.0
Anand Vihar,28.6469,77.3164,2026-08-08 07:00:00,26.0,95,1.3,6.9,47.5,48.7,22.8,70.0,22.9,855.0
Anand Vihar,28.6469,77.3164,2026-08-08 08:00:00,27.3,93,0.3,4.8,44.2,45.9,21.1,87.0,23.4,978.0
Anand Vihar,28.6469,77.3164,2026-08-08 09:00:00,29.6,85,0.1,6.5,39.0,41.4,16.9,113.0,22.2,848.0
Anand Vihar,28.6469,77.3164,2026-08-08 10:00:00,31.1,77,0.1,12.6,35.7,38.8,11.6,143.0,20.2,593.0
Anand Vihar,28.6469,77.3164,2026-08-08 11:00:00,29.6,80,0.8,13.3,37.8,41.3,8.0,165.0,18.9,402.0
Anand Vihar,28.6469,77.3164,2026-08-08 12:00:00,31.2,74,0.5,12.4,36.1,38.8,7.5,172.0,19.0,346.0
Anand Vihar,28.6469,77.3164,2026-08-08 13:00:00,30.8,73,0.5,12.9,43.4,45.9,8.7,171.0,19.8,354.0
Anand Vihar,28.6469,77.3164,2026-08-08 14:00:00,30.7,76,1.0,7.0,39.7,41.6,10.9,168.0,20.9,407.0
Anand Vihar,28.6469,77.3164,2026-08-08 15:00:00,32.3,66,0.1,8.1,37.1,38.4,12.6,167.0,22.0,491.0
Anand Vihar,28.6469,77.3164,2026-08-08 16:00:00,32.2,66,0.1,7.4,36.6,37.5,15.2,163.0,23.4,620.0
Anand Vihar,28.6469,77.3164,2026-08-08 17:00:00,31.1,73,0.8,8.6,36.3,49.4,21.2,145.0,20.7,812.0
Anand Vihar,28.6469,77.3164,2026-08-08 18:00:00,30.3,78,0.0,6.5,42.8,49.5,33.8,118.0,23.3,1150.0
Anand Vihar,28.6469,77.3164,2026-08-08 19:00:00,29.4,82,0.0,5.9,48.3,52.7,50.9,80.0,26.7,1551.0
Anand Vihar,28.6469,77.3164,2026-08-08 20:00:00,29.1,85,0.0,4.0,56.5,60.8,61.0,54.0,28.7,1781.0
Anand Vihar,28.6469,77.3164,2026-08-08 21:00:00,28.9,87,0.0,6.4,56.7,61.5,57.5,51.0,28.0,1702.0
Anand Vihar,28.6469,77.3164,2026-08-08 22:00:00,28.6,87,0.0,5.4,49.4,56.1,47.1,59.0,25.9,1452.0
Anand Vihar,28.6469,77.3164,2026-08-08 23:00:00,29.1,89,0.0,2.6,47.1,53.8,38.3,65.0,23.8,1214.0
Anand Vihar,28.6469,77.3164,2026-08-09 00:00:00,28.5,90,0.1,3.1,48.4,53.3,34.1,64.0,22.1,1046.0
Anand Vihar,28.6469,77.3164,2026-08-09 01:00:00,28.2,90,0.4,2.9,47.6,50.8,31.5,61.0,20.5,889.0
Anand Vihar,28.6469,77.3164,2026-08-09 02:00:00,27.2,92,0.3,5.8,45.4,47.0,29.6,58.0,19.6,755.0
Anand Vihar,28.6469,77.3164,2026-08-09 03:00:00,26.9,94,0.6,5.2,44.0,44.6,28.5,52.0,19.6,632.0
Anand Vihar,28.6469,77.3164,2026-08-09 04:00:00,26.6,95,0.2,4.8,43.8,43.9,28.0,46.0,20.3,531.0
Anand Vihar,28.6469,77.3164,2026-08-09 05:00:00,25.3,97,0.1,4.7,53.6,54.2,37.6,34.0,21.7,492.0
Anand Vihar,28.6469,77.3164,2026-08-09 06:00:00,26.0,96,0.0,3.5,50.8,51.1,33.2,51.0,24.1,576.0
Anand Vihar,28.6469,77.3164,2026-08-09 07:00:00,27.3,93,0.0,1.8,46.1,46.2,26.9,76.0,27.4,723.0
Anand Vihar,28.6469,77.3164,2026-08-09 08:00:00,29.2,85,0.0,3.1,42.1,42.3,20.9,105.0,29.5,794.0
Anand Vihar,28.6469,77.3164,2026-08-09 09:00:00,30.8,79,0.0,5.1,38.2,38.4,15.5,140.0,29.2,703.0
Anand Vihar,28.6469,77.3164,2026-08-09 10:00:00,31.7,74,0.1,6.5,37.5,37.7,10.3,179.0,27.6,536.0
Anand Vihar,28.6469,77.3164,2026-08-09 11:00:00,32.6,68,0.0,8.9,36.9,37.1,6.6,208.0,26.2,417.0
Anand Vihar,28.6469,77.3164,2026-08-09 12:00:00,32.9,66,0.2,6.1,36.6,37.0,5.0,221.0,25.1,398.0
Anand Vihar,28.6469,77.3164,2026-08-09 13:00:00,33.6,62,0.0,4.8,41.6,71.0,4.8,225.0,24.2,426.0
Anand Vihar,28.6469,77.3164,2026-08-09 14:00:00,33.9,61,0.0,4.4,42.0,65.2,5.6,228.0,24.5,465.0
Anand Vihar,28.6469,77.3164,2026-08-09 15:00:00,34.1,61,0.0,2.2,41.2,57.6,5.3,239.0,26.4,471.0
Anand Vihar,28.6469,77.3164,2026-08-09 16:00:00,33.8,61,0.0,3.3,41.3,54.6,5.8,248.0,29.4,487.0
Anand Vihar,28.6469,77.3164,2026-08-09 17:00:00,34.0,60,0.0,3.3,48.0,48.4,13.1,184.0,23.8,612.0
Anand Vihar,28.6469,77.3164,2026-08-09 18:00:00,32.0,71,0.5,4.4,60.5,61.0,39.8,143.0,32.0,951.0
Anand Vihar,28.6469,77.3164,2026-08-09 19:00:00,30.9,80,0.0,4.4,83.4,83.8,76.6,86.0,43.3,1398.0
Anand Vihar,28.6469,77.3164,2026-08-09 20:00:00,30.4,82,0.0,4.7,107.8,108.0,103.6,41.0,51.8,1733.0
Anand Vihar,28.6469,77.3164,2026-08-09 21:00:00,30.0,83,0.0,4.0,128.1,128.1,113.6,20.0,55.8,1852.0
Anand Vihar,28.6469,77.3164,2026-08-09 22:00:00,29.6,85,0.0,3.7,140.6,140.6,113.8,12.0,56.9,1859.0
Anand Vihar,28.6469,77.3164,2026-08-09 23:00:00,30.3,80,0.0,7.4,130.4,130.4,106.2,12.0,55.0,1839.0
Anand Vihar,28.6469,77.3164,2026-08-10 00:00:00,29.3,85,0.0,3.1,100.1,100.4,86.6,23.0,48.1,1828.0
Anand Vihar,28.6469,77.3164,2026-08-10 01:00:00,27.4,92,0.2,9.0,74.3,74.5,59.2,42.0,38.0,1790.0
Anand Vihar,28.6469,77.3164,2026-08-10 02:00:00,27.1,92,0.1,4.4,59.1,59.3,38.2,55.0,29.9,1704.0
Anand Vihar,28.6469,77.3164,2026-08-10 03:00:00,27.4,93,0.0,4.1,53.0,53.1,30.2,55.0,25.5,1538.0
Anand Vihar,28.6469,77.3164,2026-08-10 04:00:00,27.7,93,0.0,4.6,50.3,50.4,28.7,50.0,23.2,1324.0
Anand Vihar,28.6469,77.3164,2026-08-10 05:00:00,27.8,90,0.0,8.1,37.8,38.0,21.6,71.0,21.6,1138.0
Anand Vihar,28.6469,77.3164,2026-08-10 06:00:00,27.4,91,0.1,6.6,36.0,36.2,24.4,69.0,23.2,1015.0
Anand Vihar,28.6469,77.3164,2026-08-10 07:00:00,27.5,89,0.1,5.0,32.4,32.6,28.0,68.0,25.5,920.0
Anand Vihar,28.6469,77.3164,2026-08-10 08:00:00,28.5,85,0.0,6.0,29.9,30.0,29.5,76.0,28.1,824.0
Anand Vihar,28.6469,77.3164,2026-08-10 09:00:00,29.7,80,0.0,7.6,28.9,29.1,26.8,103.0,31.2,701.0
Anand Vihar,28.6469,77.3164,2026-08-10 10:00:00,31.1,74,0.0,5.5,30.6,30.7,21.9,140.0,34.6,577.0
Anand Vihar,28.6469,77.3164,2026-08-10 11:00:00,33.0,64,0.0,6.2,31.5,33.1,18.2,168.0,37.1,497.0
Anand Vihar,28.6469,77.3164,2026-08-10 12:00:00,33.0,66,0.0,4.9,32.9,36.9,16.6,180.0,38.1,487.0
Anand Vihar,28.6469,77.3164,2026-08-10 13:00:00,29.5,81,3.0,13.6,36.2,60.8,16.1,184.0,38.3,521.0
Anand Vihar,28.6469,77.3164,2026-08-10 14:00:00,28.4,89,3.2,2.0,37.8,47.7,17.5,180.0,38.3,568.0
Anand Vihar,28.6469,77.3164,2026-08-10 15:00:00,29.2,86,1.1,1.9,39.6,47.5,21.0,168.0,38.1,603.0
Anand Vihar,28.6469,77.3164,2026-08-10 16:00:00,29.6,83,0.0,2.7,40.5,46.2,26.4,149.0,37.7,651.0
Anand Vihar,28.6469,77.3164,2026-08-10 17:00:00,29.9,82,0.0,8.5,52.5,54.4,27.9,144.0,27.2,749.0
Anand Vihar,28.6469,77.3164,2026-08-10 18:00:00,29.4,85,0.0,6.2,56.9,57.6,34.0,120.0,27.6,974.0
Anand Vihar,28.6469,77.3164,2026-08-10 19:00:00,28.9,88,0.0,6.0,58.8,59.0,42.4,88.0,28.1,1250.0
Anand Vihar,28.6469,77.3164,2026-08-10 20:00:00,28.6,90,0.0,5.3,65.0,65.0,48.6,62.0,28.8,1388.0
Anand Vihar,28.6469,77.3164,2026-08-10 21:00:00,28.6,91,0.0,3.4,70.8,71.0,51.0,50.0,29.9,1267.0
Anand Vihar,28.6469,77.3164,2026-08-10 22:00:00,28.5,92,0.0,3.2,77.1,77.5,51.2,45.0,31.1,1009.0
Anand Vihar,28.6469,77.3164,2026-08-10 23:00:00,27.9,95,0.0,6.0,77.3,77.8,49.7,43.0,31.5,788.0
Anand Vihar,28.6469,77.3164,2026-08-11 00:00:00,27.7,95,0.2,9.6,77.3,77.8,45.7,43.0,30.3,670.0
Anand Vihar,28.6469,77.3164,2026-08-11 01:00:00,27.5,94,0.0,8.5,76.6,77.1,40.0,46.0,28.2,589.0
Anand Vihar,28.6469,77.3164,2026-08-11 02:00:00,27.3,95,0.0,8.8,74.5,75.2,34.9,49.0,26.4,524.0
Anand Vihar,28.6469,77.3164,2026-08-11 03:00:00,27.1,96,0.1,7.6,71.9,72.6,31.2,49.0,25.1,456.0
Anand Vihar,28.6469,77.3164,2026-08-11 04:00:00,27.3,90,0.1,7.8,65.4,65.9,28.1,49.0,24.0,404.0
Anand Vihar,28.6469,77.3164,2026-08-11 05:00:00,26.8,94,0.8,7.2,51.9,52.3,24.2,57.0,24.7,397.0
Anand Vihar,28.6469,77.3164,2026-08-11 06:00:00,27.0,93,0.1,7.3,47.4,47.6,26.4,57.0,25.2,474.0
Anand Vihar,28.6469,77.3164,2026-08-11 07:00:00,27.6,90,0.0,8.1,50.5,50.9,29.3,58.0,26.0,595.0
Anand Vihar,28.6469,77.3164,2026-08-11 08:00:00,28.5,87,0.0,5.7,44.9,45.3,30.0,70.0,27.3,677.0
Anand Vihar,28.6469,77.3164,2026-08-11 09:00:00,29.0,85,0.0,5.6,40.3,40.4,26.4,101.0,29.6,676.0
Anand Vihar,28.6469,77.3164,2026-08-11 10:00:00,30.1,81,0.1,4.3,37.5,37.7,20.7,143.0,32.5,634.0
Anand Vihar,28.6469,77.3164,2026-08-11 11:00:00,30.0,81,0.9,4.0,38.5,38.8,16.2,174.0,34.0,597.0
Anand Vihar,28.6469,77.3164,2026-08-11 12:00:00,28.2,88,4.5,7.7,39.8,40.3,13.8,187.0,33.3,574.0
Anand Vihar,28.6469,77.3164,2026-08-11 13:00:00,28.3,92,2.1,5.4,39.6,39.9,12.8,189.0,31.3,555.0
Anand Vihar,28.6469,77.3164,2026-08-11 14:00:00,29.2,89,0.6,4.8,38.0,38.3,14.1,184.0,29.4,556.0
Anand Vihar,28.6469,77.3164,2026-08-11 15:00:00,30.3,83,0.2,5.5,36.4,36.7,18.2,171.0,27.5,522.0
Anand Vihar,28.6469,77.3164,2026-08-11 16:00:00,30.5,79,0.0,5.0,37.0,37.3,24.7,151.0,25.6,509.0
Anand Vihar,28.6469,77.3164,2026-08-11 17:00:00,30.4,79,0.2,3.8,45.2,45.3,35.7,121.0,26.5,696.0
Anand Vihar,28.6469,77.3164,2026-08-11 18:00:00,30.2,80,0.1,2.7,47.4,47.5,48.4,99.0,29.8,1296.0
Anand Vihar,28.6469,77.3164,2026-08-11 19:00:00,29.3,87,0.2,3.1,58.9,59.0,66.0,68.0,34.5,2097.0
Anand Vihar,28.6469,77.3164,2026-08-11 20:00:00,28.9,89,0.2,4.4,74.7,75.0,80.5,42.0,39.1,2639.0
Anand Vihar,28.6469,77.3164,2026-08-11 21:00:00,28.7,89,0.1,3.6,86.6,86.8,89.1,27.0,43.8,2712.0
Anand Vihar,28.6469,77.3164,2026-08-11 22:00:00,28.3,90,0.0,4.4,102.7,102.9,94.5,16.0,48.5,2526.0
Anand Vihar,28.6469,77.3164,2026-08-11 23:00:00,28.7,87,0.0,4.9,111.3,111.5,96.9,9.0,50.8,2254.0
Anand Vihar,28.6469,77.3164,2026-08-12 00:00:00,28.4,88,0.0,3.1,109.0,109.2,95.8,5.0,49.2,1890.0
Anand Vihar,28.6469,77.3164,2026-08-12 01:00:00,28.3,89,0.0,0.5,110.4,110.6,91.8,4.0,45.3,1439.0
Anand Vihar,28.6469,77.3164,2026-08-12 02:00:00,27.8,91,0.0,2.8,116.9,117.1,86.7,5.0,41.5,1089.0
Anand Vihar,28.6469,77.3164,2026-08-12 03:00:00,27.4,93,0.0,3.6,122.0,122.0,81.1,3.0,38.2,919.0
Anand Vihar,28.6469,77.3164,2026-08-12 04:00:00,27.1,95,0.0,2.4,114.6,114.6,74.4,3.0,35.0,850.0
Anand Vihar,28.6469,77.3164,2026-08-12 05:00:00,27.5,97,0.0,2.2,92.2,92.2,66.0,13.0,39.0,827.0
Anand Vihar,28.6469,77.3164,2026-08-12 06:00:00,27.4,97,0.0,2.9,93.6,93.8,56.6,33.0,41.1,869.0
Anand Vihar,28.6469,77.3164,2026-08-12 07:00:00,28.5,92,0.0,2.7,75.0,75.2,43.6,63.0,44.1,956.0
Anand Vihar,28.6469,77.3164,2026-08-12 08:00:00,30.0,82,0.0,3.1,54.5,54.6,32.5,93.0,46.1,982.0
Anand Vihar,28.6469,77.3164,2026-08-12 09:00:00,31.2,74,0.0,3.4,40.4,40.6,25.7,123.0,46.6,871.0
Anand Vihar,28.6469,77.3164,2026-08-12 10:00:00,32.1,69,0.1,2.7,40.6,40.9,20.9,155.0,46.3,697.0
Anand Vihar,28.6469,77.3164,2026-08-12 11:00:00,33.0,64,0.1,3.5,42.8,43.2,17.0,184.0,44.9,577.0
Anand Vihar,28.6469,77.3164,2026-08-12 12:00:00,33.6,63,0.1,2.3,44.6,44.9,13.1,210.0,41.9,561.0
Anand Vihar,28.6469,77.3164,2026-08-12 13:00:00,34.1,60,0.1,1.9,46.4,46.9,10.1,234.0,37.9,599.0
Anand Vihar,28.6469,77.3164,2026-08-12 14:00:00,34.5,59,0.1,0.2,47.7,48.1,9.1,249.0,35.0,657.0
Anand Vihar,28.6469,77.3164,2026-08-12 15:00:00,34.7,59,0.0,0.2,47.7,48.1,7.7,258.0,33.4,670.0
Anand Vihar,28.6469,77.3164,2026-08-12 16:00:00,34.4,60,0.0,0.0,48.8,49.1,8.3,258.0,32.8,703.0
Anand Vihar,28.6469,77.3164,2026-08-12 17:00:00,34.3,61,0.2,3.5,43.9,46.7,20.2,219.0,33.2,918.0
Anand Vihar,28.6469,77.3164,2026-08-12 18:00:00,31.9,73,0.5,5.8,65.4,67.5,38.2,178.0,34.8,1573.0
Anand Vihar,28.6469,77.3164,2026-08-12 19:00:00,30.0,83,0.3,8.1,82.4,85.2,62.7,120.0,36.9,2410.0
Anand Vihar,28.6469,77.3164,2026-08-12 20:00:00,28.7,87,0.0,5.9,85.9,89.2,78.6,76.0,37.7,2815.0
Anand Vihar,28.6469,77.3164,2026-08-12 21:00:00,28.6,91,0.0,6.3,87.3,89.4,78.0,59.0,36.2,2371.0
Anand Vihar,28.6469,77.3164,2026-08-12 22:00:00,28.5,92,0.0,5.0,81.5,81.7,68.9,54.0,33.4,1495.0
Anand Vihar,28.6469,77.3164,2026-08-12 23:00:00,30.0,84,0.0,5.8,77.3,77.3,60.1,52.0,30.9,826.0
Anand Vihar,28.6469,77.3164,2026-08-13 00:00:00,29.3,87,0.0,3.8,66.8,66.8,54.7,48.0,29.1,638.0
Anand Vihar,28.6469,77.3164,2026-08-13 01:00:00,29.0,88,0.0,4.2,61.2,61.2,49.7,46.0,27.6,656.0
Anand Vihar,28.6469,77.3164,2026-08-13 02:00:00,28.8,88,0.0,4.3,55.4,55.4,44.8,45.0,26.0,703.0
Anand Vihar,28.6469,77.3164,2026-08-13 03:00:00,28.5,89,0.0,5.6,47.5,47.5,39.4,45.0,23.9,725.0
Anand Vihar,28.6469,77.3164,2026-08-13 04:00:00,28.1,92,0.0,3.1,41.1,41.2,34.1,46.0,21.8,775.0
Anand Vihar,28.6469,77.3164,2026-08-13 05:00:00,27.3,95,0.0,5.1,51.5,51.5,44.8,27.0,23.1,830.0
Anand Vihar,28.6469,77.3164,2026-08-13 06:00:00,26.9,94,0.2,10.1,50.3,50.9,40.4,47.0,22.8,904.0
Anand Vihar,28.6469,77.3164,2026-08-13 07:00:00,28.1,90,0.0,6.3,47.3,48.7,34.0,76.0,22.5,983.0
Anand Vihar,28.6469,77.3164,2026-08-13 08:00:00,30.1,80,0.0,3.8,44.2,47.8,27.6,108.0,23.4,1000.0
Anand Vihar,28.6469,77.3164,2026-08-13 09:00:00,31.6,75,0.0,4.1,46.0,73.8,21.0,147.0,26.9,899.0
Anand Vihar,28.6469,77.3164,2026-08-13 10:00:00,32.6,71,0.0,2.7,44.4,53.9,14.4,188.0,31.6,736.0
Anand Vihar,28.6469,77.3164,2026-08-13 11:00:00,33.3,67,0.1,3.1,42.3,48.9,9.4,219.0,34.0,609.0
Anand Vihar,28.6469,77.3164,2026-08-13 12:00:00,34.2,64,0.0,3.5,41.8,46.7,6.9,232.0,31.9,550.0
Anand Vihar,28.6469,77.3164,2026-08-13 13:00:00,33.5,63,0.2,8.2,39.6,42.8,6.1,234.0,27.4,527.0
Anand Vihar,28.6469,77.3164,2026-08-13 14:00:00,32.8,68,0.8,3.9,37.5,39.6,6.7,228.0,23.6,537.0
Anand Vihar,28.6469,77.3164,2026-08-13 15:00:00,33.7,66,0.0,5.1,37.8,74.5,5.8,217.0,20.5,564.0
Anand Vihar,28.6469,77.3164,2026-08-13 16:00:00,33.5,67,0.0,4.8,41.7,110.8,6.4,198.0,18.0,624.0
Anand Vihar,28.6469,77.3164,2026-08-13 17:00:00,30.2,87,0.7,3.8,37.6,47.1,17.4,167.0,20.9,762.0
Anand Vihar,28.6469,77.3164,2026-08-13 18:00:00,30.3,85,0.2,1.8,46.0,52.7,33.9,132.0,23.6,1024.0
Anand Vihar,28.6469,77.3164,2026-08-13 19:00:00,29.9,89,0.0,3.8,54.8,61.9,56.6,84.0,27.5,1365.0
Anand Vihar,28.6469,77.3164,2026-08-13 20:00:00,30.0,89,0.0,2.7,63.6,71.7,73.2,48.0,31.0,1695.0
Anand Vihar,28.6469,77.3164,2026-08-13 21:00:00,30.1,88,0.0,2.5,76.8,86.6,77.9,35.0,33.7,2046.0
Anand Vihar,28.6469,77.3164,2026-08-13 22:00:00,29.9,88,0.0,3.3,83.6,90.8,76.6,34.0,36.2,2385.0
Anand Vihar,28.6469,77.3164,2026-08-13 23:00:00,30.5,88,0.0,2.1,74.0,78.5,73.8,34.0,38.3,2528.0
Anand Vihar,28.6469,77.3164,2026-08-14 00:00:00,30.0,88,0.0,3.1,73.6,75.4,70.6,34.0,40.4,2330.0
Anand Vihar,28.6469,77.3164,2026-08-14 01:00:00,29.6,89,0.0,4.2,72.6,74.0,65.9,36.0,42.1,1935.0
Anand Vihar,28.6469,77.3164,2026-08-14 02:00:00,29.4,89,0.0,3.9,72.4,73.8,62.0,36.0,43.0,1593.0
Anand Vihar,28.6469,77.3164,2026-08-14 03:00:00,29.2,89,0.0,4.0,71.5,73.3,60.1,31.0,42.4,1392.0
Anand Vihar,28.6469,77.3164,2026-08-14 04:00:00,28.9,90,0.0,4.6,71.7,73.6,58.8,24.0,40.9,1244.0
Anand Vihar,28.6469,77.3164,2026-08-14 05:00:00,27.5,96,0.0,0.7,61.2,65.9,55.8,20.0,33.4,1130.0
Anand Vihar,28.6469,77.3164,2026-08-14 06:00:00,26.8,98,2.9,3.8,59.4,68.2,52.7,25.0,31.8,1060.0
Anand Vihar,28.6469,77.3164,2026-08-14 07:00:00,27.2,96,0.8,4.1,51.3,62.9,48.4,33.0,29.8,1025.0
Anand Vihar,28.6469,77.3164,2026-08-14 08:00:00,28.2,91,0.2,2.8,48.5,61.7,43.8,46.0,29.1,982.0
Anand Vihar,28.6469,77.3164,2026-08-14 09:00:00,28.8,85,0.2,3.7,43.5,64.5,38.8,67.0,30.8,905.0
Anand Vihar,28.6469,77.3164,2026-08-14 10:00:00,29.8,81,0.1,1.2,42.8,65.2,33.7,93.0,33.9,819.0
Anand Vihar,28.6469,77.3164,2026-08-14 11:00:00,30.4,79,0.1,2.4,40.3,59.8,30.2,116.0,37.3,760.0
Anand Vihar,28.6469,77.3164,2026-08-14 12:00:00,30.6,80,0.7,1.5,38.4,55.1,29.2,133.0,41.1,739.0
Anand Vihar,28.6469,77.3164,2026-08-14 13:00:00,31.2,78,0.3,2.6,38.8,53.8,29.8,146.0,45.3,745.0
Anand Vihar,28.6469,77.3164,2026-08-14 14:00:00,30.3,80,0.3,5.4,39.5,53.0,31.6,153.0,48.9,774.0
Anand Vihar,28.6469,77.3164,2026-08-14 15:00:00,29.1,85,0.8,1.5,39.2,50.6,33.5,155.0,51.4,828.0
Anand Vihar,28.6469,77.3164,2026-08-14 16:00:00,29.4,84,0.4,0.9,37.8,46.1,36.6,151.0,53.3,906.0
Anand Vihar,28.6469,77.3164,2026-08-14 17:00:00,29.9,80,0.1,4.1,46.2,60.3,34.6,135.0,43.1,1005.0
Anand Vihar,28.6469,77.3164,2026-08-14 18:00:00,29.3,83,0.0,3.6,50.2,61.0,51.2,105.0,46.3,1151.0
Anand Vihar,28.6469,77.3164,2026-08-14 19:00:00,28.7,87,0.0,4.2,66.4,75.0,74.0,63.0,50.7,1318.0
Anand Vihar,28.6469,77.3164,2026-08-14 20:00:00,28.3,89,0.0,4.5,79.2,87.1,90.9,31.0,54.4,1426.0
Anand Vihar,28.6469,77.3164,2026-08-14 21:00:00,28.2,89,0.0,1.7,89.4,96.9,96.0,18.0,56.9,1433.0
Anand Vihar,28.6469,77.3164,2026-08-14 22:00:00,28.1,90,0.0,2.7,91.7,97.8,95.2,14.0,58.6,1380.0
Anand Vihar,28.6469,77.3164,2026-08-14 23:00:00,28.3,88,0.0,3.3,93.6,98.7,93.6,11.0,59.2,1309.0
Anand Vihar,28.6469,77.3164,2026-08-15 00:00:00,28.0,90,0.0,1.8,95.2,99.9,92.7,8.0,58.0,1220.0
Anand Vihar,28.6469,77.3164,2026-08-15 01:00:00,27.7,92,0.0,2.4,93.6,97.8,91.0,6.0,55.7,1112.0
Anand Vihar,28.6469,77.3164,2026-08-15 02:00:00,27.5,93,0.0,1.9,94.1,97.6,88.8,4.0,53.3,1023.0
Anand Vihar,28.6469,77.3164,2026-08-15 03:00:00,27.3,93,0.0,2.2,94.5,98.0,86.7,0.0,50.6,953.0
Anand Vihar,28.6469,77.3164,2026-08-15 04:00:00,27.2,94,0.0,0.2,95.7,99.0,84.2,0.0,47.9,901.0
Anand Vihar,28.6469,77.3164,2026-08-15 05:00:00,26.7,95,0.0,4.7,97.1,106.9,59.1,26.0,51.3,903.0
Anand Vihar,28.6469,77.3164,2026-08-15 06:00:00,26.5,99,1.2,3.1,93.4,102.7,51.6,42.0,46.9,1020.0
Anand Vihar,28.6469,77.3164,2026-08-15 07:00:00,26.5,98,1.6,2.1,85.2,96.4,40.9,66.0,40.8,1191.0
Anand Vihar,28.6469,77.3164,2026-08-15 08:00:00,27.5,93,0.6,2.7,65.0,77.8,31.3,95.0,35.7,1264.0
Anand Vihar,28.6469,77.3164,2026-08-15 09:00:00,28.0,89,0.3,2.4,52.6,65.7,23.8,132.0,32.9,1145.0
Anand Vihar,28.6469,77.3164,2026-08-15 10:00:00,29.6,82,0.1,0.8,51.0,63.3,17.2,173.0,31.1,929.0
Anand Vihar,28.6469,77.3164,2026-08-15 11:00:00,32.3,71,0.0,5.5,49.5,60.8,12.3,204.0,29.2,749.0
Anand Vihar,28.6469,77.3164,2026-08-15 12:00:00,31.8,70,0.1,8.7,48.8,59.0,9.3,218.0,26.6,651.0
Anand Vihar,28.6469,77.3164,2026-08-15 13:00:00,30.6,80,2.3,5.5,48.4,57.7,7.9,222.0,23.9,590.0
Anand Vihar,28.6469,77.3164,2026-08-15 14:00:00,32.3,71,0.3,4.6,44.9,53.0,8.4,219.0,22.4,559.0
Anand Vihar,28.6469,77.3164,2026-08-15 15:00:00,32.7,64,0.3,8.3,42.7,49.5,10.4,211.0,22.7,534.0
Anand Vihar,28.6469,77.3164,2026-08-15 16:00:00,32.5,67,0.1,6.4,41.0,47.5,14.3,196.0,24.1,540.0
Anand Vihar,28.6469,77.3164,2026-08-15 17:00:00,31.9,73,0.0,9.6,43.8,71.2,18.5,156.0,22.3,647.0
Anand Vihar,28.6469,77.3164,2026-08-15 18:00:00,31.3,78,0.0,4.8,56.5,83.8,39.6,120.0,26.1,962.0
Anand Vihar,28.6469,77.3164,2026-08-15 19:00:00,30.7,82,0.0,4.9,72.9,106.4,68.7,71.0,31.5,1379.0
Anand Vihar,28.6469,77.3164,2026-08-15 20:00:00,30.3,85,0.0,5.0,83.1,120.6,91.7,32.0,36.2,1644.0
Anand Vihar,28.6469,77.3164,2026-08-15 21:00:00,30.0,87,0.0,3.8,90.6,133.6,103.2,13.0,40.0,1640.0
Anand Vihar,28.6469,77.3164,2026-08-15 22:00:00,29.7,88,0.0,3.1,103.6,152.3,108.6,5.0,43.1,1486.0
Anand Vihar,28.6469,77.3164,2026-08-15 23:00:00,29.6,83,0.0,8.4,110.6,162.5,108.9,1.0,43.9,1284.0
Anand Vihar,28.6469,77.3164,2026-08-16 00:00:00,29.1,86,0.0,7.0,104.3,157.4,103.0,0.0,40.9,1013.0
Anand Vihar,28.6469,77.3164,2026-08-16 01:00:00,28.8,88,0.1,4.9,94.1,154.6,92.1,4.0,35.7,694.0
Anand Vihar,28.6469,77.3164,2026-08-16 02:00:00,28.6,88,0.4,9.0,92.7,157.4,81.3,8.0,31.5,496.0
Anand Vihar,28.6469,77.3164,2026-08-16 03:00:00,26.1,93,2.2,8.0,91.5,144.4,72.1,12.0,29.5,526.0
Anand Vihar,28.6469,77.3164,2026-08-16 04:00:00,26.4,92,0.3,8.0,77.3,113.6,63.1,17.0,28.5,677.0
Anand Vihar,28.6469,77.3164,2026-08-16 05:00:00,28.0,86,0.0,10.3,65.4,269.2,17.6,48.0,9.4,797.0
Anand Vihar,28.6469,77.3164,2026-08-16 06:00:00,27.7,85,0.2,10.6,74.5,301.7,17.4,50.0,10.2,840.0
Anand Vihar,28.6469,77.3164,2026-08-16 07:00:00,28.7,80,0.1,10.7,82.4,312.0,16.9,53.0,11.3,852.0
Anand Vihar,28.6469,77.3164,2026-08-16 08:00:00,29.5,78,0.0,8.8,87.3,354.8,15.5,62.0,12.3,816.0
Anand Vihar,28.6469,77.3164,2026-08-16 09:00:00,30.2,76,0.0,6.5,96.2,476.8,12.4,82.0,13.1,694.0
Anand Vihar,28.6469,77.3164,2026-08-16 10:00:00,31.9,70,0.0,6.1,92.9,470.3,8.4,109.0,13.8,524.0
Anand Vihar,28.6469,77.3164,2026-08-16 11:00:00,32.6,67,0.0,7.2,75.7,299.9,5.4,130.0,14.2,399.0
Anand Vihar,28.6469,77.3164,2026-08-16 12:00:00,33.3,65,0.1,7.2,68.7,245.9,3.9,142.0,14.1,358.0
Anand Vihar,28.6469,77.3164,2026-08-16 13:00:00,33.5,65,0.0,5.7,66.1,244.9,3.5,149.0,13.7,363.0
Anand Vihar,28.6469,77.3164,2026-08-16 14:00:00,33.6,65,0.0,7.2,68.2,264.5,4.3,151.0,13.8,392.0
Anand Vihar,28.6469,77.3164,2026-08-16 15:00:00,33.5,64,0.1,10.4,68.5,274.7,6.1,150.0,14.2,437.0
Anand Vihar,28.6469,77.3164,2026-08-16 16:00:00,33.2,65,0.1,6.7,66.6,256.1,9.1,144.0,15.1,506.0
Anand Vihar,28.6469,77.3164,2026-08-16 17:00:00,31.6,74,0.1,4.5,91.3,440.5,16.1,101.0,13.0,600.0
Anand Vihar,28.6469,77.3164,2026-08-16 18:00:00,31.2,78,0.0,2.2,95.2,359.5,28.3,80.0,16.5,755.0
Anand Vihar,28.6469,77.3164,2026-08-16 19:00:00,30.6,81,0.2,4.3,106.4,370.7,44.9,52.0,21.3,935.0
Anand Vihar,28.6469,77.3164,2026-08-16 20:00:00,29.9,84,0.5,7.0,105.7,333.4,55.4,33.0,24.5,1034.0
Anand Vihar,28.6469,77.3164,2026-08-16 21:00:00,29.5,87,0.0,5.7,92.0,252.4,53.8,33.0,24.5,986.0
Anand Vihar,28.6469,77.3164,2026-08-16 22:00:00,29.1,88,0.1,6.6,82.4,198.4,46.2,42.0,22.9,858.0
Anand Vihar,28.6469,77.3164,2026-08-16 23:00:00,29.5,84,0.0,5.5,71.9,191.9,40.2,48.0,22.1,744.0
Anand Vihar,28.6469,77.3164,2026-08-17 00:00:00,29.0,84,0.0,4.8,70.1,172.3,38.6,45.0,23.0,684.0
Anand Vihar,28.6469,77.3164,2026-08-17 01:00:00,28.5,87,0.1,7.7,70.3,149.9,38.7,39.0,24.6,638.0
Anand Vihar,28.6469,77.3164,2026-08-17 02:00:00,28.2,87,0.0,6.0,68.7,144.4,39.7,33.0,26.4,579.0
Anand Vihar,28.6469,77.3164,2026-08-17 03:00:00,28.2,85,0.0,7.4,73.3,156.9,42.8,25.0,28.7,465.0
Anand Vihar,28.6469,77.3164,2026-08-17 04:00:00,28.0,84,0.0,8.3,75.2,158.3,46.9,18.0,31.1,338.0
Anand Vihar,28.6469,77.3164,2026-08-17 05:00:00,28.4,82,0.0,7.6,64.3,173.7,31.9,23.0,15.7,300.0
Anand Vihar,28.6469,77.3164,2026-08-17 06:00:00,28.0,84,0.2,7.3,58.8,187.2,27.5,32.0,14.7,456.0
Anand Vihar,28.6469,77.3164,2026-08-17 07:00:00,28.8,79,0.0,9.6,53.4,172.8,21.4,45.0,13.3,702.0
Anand Vihar,28.6469,77.3164,2026-08-17 08:00:00,29.4,76,0.0,10.0,47.6,165.3,16.0,60.0,12.3,826.0
Anand Vihar,28.6469,77.3164,2026-08-17 09:00:00,30.3,74,0.0,7.7,42.7,143.9,12.0,80.0,12.1,695.0
Anand Vihar,28.6469,77.3164,2026-08-17 10:00:00,31.4,71,0.0,8.3,56.7,277.5,8.7,102.0,12.2,443.0
Anand Vihar,28.6469,77.3164,2026-08-17 11:00:00,32.7,65,0.0,9.6,71.7,402.3,6.3,120.0,12.4,261.0
Anand Vihar,28.6469,77.3164,2026-08-17 12:00:00,33.2,64,0.0,8.2,74.3,405.1,4.8,133.0,12.4,223.0
Anand Vihar,28.6469,77.3164,2026-08-17 13:00:00,32.0,67,0.1,8.1,65.0,292.4,4.2,141.0,12.4,254.0
Anand Vihar,28.6469,77.3164,2026-08-17 14:00:00,31.3,71,0.1,9.1,66.6,299.9,5.0,144.0,12.7,325.0
Anand Vihar,28.6469,77.3164,2026-08-17 15:00:00,31.9,70,0.1,7.8,67.5,299.9,6.3,140.0,13.1,411.0
Anand Vihar,28.6469,77.3164,2026-08-17 16:00:00,31.8,73,0.1,9.1,67.1,288.7,9.0,131.0,13.8,536.0
Anand Vihar,28.6469,77.3164,2026-08-17 17:00:00,28.9,83,0.5,4.0,58.4,201.2,16.6,114.0,15.6,746.0
Anand Vihar,28.6469,77.3164,2026-08-17 18:00:00,29.0,83,1.4,1.6,63.1,188.1,33.8,85.0,19.4,1178.0
Anand Vihar,28.6469,77.3164,2026-08-17 19:00:00,27.2,88,0.8,3.5,74.3,170.0,55.8,49.0,24.3,1693.0
Anand Vihar,28.6469,77.3164,2026-08-17 20:00:00,26.4,91,0.6,6.4,77.1,154.1,71.7,23.0,28.2,1923.0
Anand Vihar,28.6469,77.3164,2026-08-17 21:00:00,24.7,98,0.0,6.3,73.3,140.6,76.5,13.0,30.6,1603.0
Anand Vihar,28.6469,77.3164,2026-08-17 22:00:00,25.3,97,0.0,4.0,76.6,135.5,75.2,13.0,32.0,997.0
Anand Vihar,28.6469,77.3164,2026-08-17 23:00:00,24.8,98,0.0,4.6,68.9,112.5,71.2,15.0,32.1,524.0
Anand Vihar,28.6469,77.3164,2026-08-18 00:00:00,25.0,96,0.1,8.7,56.1,94.5,64.2,20.0,29.9,356.0
Anand Vihar,28.6469,77.3164,2026-08-18 01:00:00,24.8,98,0.2,7.2,49.5,81.3,54.5,28.0,26.3,320.0
Anand Vihar,28.6469,77.3164,2026-08-18 02:00:00,25.1,98,0.2,4.3,44.4,67.8,46.5,34.0,23.9,317.0
Anand Vihar,28.6469,77.3164,2026-08-18 03:00:00,24.9,98,0.0,2.5,32.2,46.3,42.0,35.0,24.0,309.0
Anand Vihar,28.6469,77.3164,2026-08-18 04:00:00,24.9,98,0.1,2.8,27.4,38.0,39.2,33.0,25.4,334.0
Anand Vihar,28.6469,77.3164,2026-08-18 05:00:00,24.9,98,0.4,1.9,28.3,36.8,36.8,35.0,26.7,409.0
Anand Vihar,28.6469,77.3164,2026-08-18 06:00:00,25.0,98,0.7,2.7,30.6,38.1,35.0,39.0,27.9,597.0
Anand Vihar,28.6469,77.3164,2026-08-18 07:00:00,25.6,96,0.2,3.4,33.9,43.1,33.6,46.0,29.1,835.0
Anand Vihar,28.6469,77.3164,2026-08-18 08:00:00,26.7,91,0.1,3.1,35.5,63.6,30.5,62.0,29.0,944.0
Anand Vihar,28.6469,77.3164,2026-08-18 09:00:00,28.4,84,0.0,1.7,40.9,104.1,23.6,95.0,26.4,798.0
Anand Vihar,28.6469,77.3164,2026-08-18 10:00:00,29.9,78,0.0,4.0,51.8,165.3,15.0,136.0,22.5,524.0
Anand Vihar,28.6469,77.3164,2026-08-18 11:00:00,31.0,74,0.1,3.0,59.8,197.4,8.6,168.0,19.5,320.0
Anand Vihar,28.6469,77.3164,2026-08-18 12:00:00,31.6,71,0.3,1.4,63.6,210.0,5.9,184.0,18.3,262.0
Anand Vihar,28.6469,77.3164,2026-08-18 13:00:00,32.2,69,0.3,2.3,64.3,209.5,5.4,191.0,17.9,275.0
Anand Vihar,28.6469,77.3164,2026-08-18 14:00:00,32.6,67,0.2,2.6,64.5,207.2,6.6,189.0,17.8,332.0
Anand Vihar,28.6469,77.3164,2026-08-18 15:00:00,32.7,65,0.1,3.1,63.6,205.4,9.4,178.0,17.5,456.0
Anand Vihar,28.6469,77.3164,2026-08-18 16:00:00,32.6,67,0.1,4.1,62.6,205.8,13.8,158.0,17.4,626.0
Anand Vihar,28.6469,77.3164,2026-08-18 17:00:00,30.9,74,0.8,4.5,58.8,177.4,19.3,137.0,17.9,747.0
Anand Vihar,28.6469,77.3164,2026-08-18 18:00:00,27.4,92,0.0,0.6,65.0,153.2,26.2,116.0,19.2,778.0
Anand Vihar,28.6469,77.3164,2026-08-18 19:00:00,27.5,96,0.0,5.4,65.9,129.5,34.2,93.0,21.2,761.0
Anand Vihar,28.6469,77.3164,2026-08-18 20:00:00,27.5,93,0.0,3.2,58.4,117.8,41.4,73.0,23.6,731.0
Anand Vihar,28.6469,77.3164,2026-08-18 21:00:00,27.2,96,0.0,4.9,65.2,117.8,48.1,57.0,26.9,692.0
Anand Vihar,28.6469,77.3164,2026-08-18 22:00:00,27.0,97,0.4,6.7,69.4,114.3,54.1,44.0,30.7,640.0
Anand Vihar,28.6469,77.3164,2026-08-18 23:00:00,26.8,97,0.2,4.6,70.5,109.4,57.1,36.0,33.1,602.0
Anand Vihar,28.6469,77.3164,2026-08-19 00:00:00,26.6,97,0.0,3.2,64.7,110.1,54.7,35.0,33.0,599.0
Anand Vihar,28.6469,77.3164,2026-08-19 01:00:00,26.4,97,0.0,4.7,64.3,105.9,49.1,38.0,31.6,609.0
Anand Vihar,28.6469,77.3164,2026-08-19 02:00:00,26.2,97,0.0,2.8,67.3,104.3,45.3,40.0,30.8,592.0
Anand Vihar,28.6469,77.3164,2026-08-19 03:00:00,26.2,96,0.0,3.0,71.7,107.8,45.9,34.0,31.6,500.0
Anand Vihar,28.6469,77.3164,2026-08-19 04:00:00,26.2,97,0.0,3.7,72.2,112.9,48.1,27.0,33.0,381.0
Anand Vihar,28.6469,77.3164,2026-08-19 05:00:00,26.2,97,0.0,4.6,73.6,107.6,48.4,26.0,34.2,338.0
Anand Vihar,28.6469,77.3164,2026-08-19 06:00:00,26.2,97,0.0,6.6,76.1,109.7,45.5,35.0,35.5,457.0
Anand Vihar,28.6469,77.3164,2026-08-19 07:00:00,27.0,92,0.0,5.6,72.6,115.9,40.8,51.0,36.6,652.0
Anand Vihar,28.6469,77.3164,2026-08-19 08:00:00,28.0,88,0.0,5.7,69.2,138.3,34.7,73.0,36.0,773.0
Anand Vihar,28.6469,77.3164,2026-08-19 09:00:00,29.5,81,0.0,5.2,67.1,182.5,26.3,107.0,32.0,736.0
Anand Vihar,28.6469,77.3164,2026-08-19 10:00:00,30.7,74,0.0,4.3,68.2,213.3,16.5,147.0,26.3,625.0
Anand Vihar,28.6469,77.3164,2026-08-19 11:00:00,31.7,71,0.0,2.5,67.3,195.6,9.2,179.0,21.9,538.0
Anand Vihar,28.6469,77.3164,2026-08-19 12:00:00,32.0,70,0.1,2.8,60.3,145.3,5.8,198.0,20.4,500.0
Anand Vihar,28.6469,77.3164,2026-08-19 13:00:00,32.5,70,0.1,2.9,57.5,133.6,4.8,209.0,20.3,486.0
Anand Vihar,28.6469,77.3164,2026-08-19 14:00:00,32.8,70,0.2,2.0,56.7,134.6,5.9,210.0,20.4,526.0
Anand Vihar,28.6469,77.3164,2026-08-19 15:00:00,33.0,70,0.0,3.0,58.7,151.8,9.4,196.0,20.2,642.0
Anand Vihar,28.6469,77.3164,2026-08-19 16:00:00,31.1,78,0.2,7.9,56.8,141.1,15.0,172.0,20.3,811.0
Anand Vihar,28.6469,77.3164,2026-08-19 17:00:00,28.4,88,0.2,6.1,53.7,116.6,21.3,147.0,20.4,999.0
Anand Vihar,28.6469,77.3164,2026-08-19 18:00:00,27.9,91,0.4,1.8,55.4,96.4,28.6,122.0,20.3,1245.0
Anand Vihar,28.6469,77.3164,2026-08-19 19:00:00,27.8,93,0.1,2.3,51.1,76.6,36.7,96.0,20.4,1509.0
Anand Vihar,28.6469,77.3164,2026-08-19 20:00:00,27.6,94,2.8,1.5,51.3,69.6,43.3,75.0,21.5,1634.0
Anand Vihar,28.6469,77.3164,2026-08-19 21:00:00,27.4,95,0.6,5.6,57.5,71.9,47.9,63.0,24.6,1504.0
Anand Vihar,28.6469,77.3164,2026-08-19 22:00:00,27.2,95,0.1,4.8,65.9,78.2,51.0,56.0,28.7,1235.0
Anand Vihar,28.6469,77.3164,2026-08-19 23:00:00,27.1,95,0.0,3.5,71.2,84.3,51.9,52.0,31.9,1016.0
Anand Vihar,28.6469,77.3164,2026-08-20 00:00:00,26.9,96,0.0,0.6,74.5,89.4,49.4,51.0,33.4,928.0
Anand Vihar,28.6469,77.3164,2026-08-20 01:00:00,26.8,97,0.0,0.8,73.6,89.2,44.8,53.0,34.1,890.0
Anand Vihar,28.6469,77.3164,2026-08-20 02:00:00,26.7,97,0.0,1.3,72.4,86.6,40.7,54.0,34.3,852.0
Anand Vihar,28.6469,77.3164,2026-08-20 03:00:00,26.6,97,1.7,8.5,69.4,82.7,38.4,52.0,34.4,783.0
Anand Vihar,28.6469,77.3164,2026-08-20 04:00:00,25.9,98,3.1,6.0,65.2,79.4,36.7,50.0,34.2,714.0
Anand Vihar,28.6469,77.3164,2026-08-20 05:00:00,25.8,94,0.8,0.4,56.3,68.9,35.0,51.0,33.2,661.5
Anand Vihar,28.6469,77.3164,2026-08-20 06:00:00,25.7,93,0.4,0.6,45.4,56.3,33.5,55.0,30.9,615.5
Anand Vihar,28.6469,77.3164,2026-08-20 07:00:00,25.4,96,1.9,6.5,47.1,64.7,32.0,63.0,27.8,559.0
Anand Vihar,28.6469,77.3164,2026-08-20 08:00:00,26.0,95,0.3,3.1,35.7,60.8,29.4,76.0,25.7,479.0
Anand Vihar,28.6469,77.3164,2026-08-20 09:00:00,27.8,86,0.1,1.9,34.3,65.0,24.6,97.0,25.3,435.0
Anand Vihar,28.6469,77.3164,2026-08-20 10:00:00,29.0,80,0.0,1.9,33.4,67.1,18.6,124.0,25.8,390.0
Anand Vihar,28.6469,77.3164,2026-08-20 11:00:00,30.0,76,0.0,1.1,32.5,61.9,13.9,149.0,26.3,360.0
Anand Vihar,28.6469,77.3164,2026-08-20 12:00:00,30.9,73,0.0,0.5,33.8,59.8,10.9,174.0,26.3,349.0
Anand Vihar,28.6469,77.3164,2026-08-20 13:00:00,31.0,74,0.1,1.8,35.7,59.8,9.1,197.0,26.4,352.0
Anand Vihar,28.6469,77.3164,2026-08-20 14:00:00,31.8,70,0.2,1.4,37.4,59.6,9.2,212.0,26.8,365.0
Anand Vihar,28.6469,77.3164,2026-08-20 15:00:00,31.8,71,0.1,1.9,39.2,59.8,12.0,216.0,28.1,388.0
Anand Vihar,28.6469,77.3164,2026-08-20 16:00:00,31.0,74,0.1,0.8,40.6,59.6,16.6,210.0,29.8,421.0
Anand Vihar,28.6469,77.3164,2026-08-20 17:00:00,30.7,77,2.4,8.6,42.3,58.7,21.9,196.0,31.0,467.0
Anand Vihar,28.6469,77.3164,2026-08-20 18:00:00,28.5,87,0.4,7.4,43.0,51.8,27.6,167.0,30.5,532.0
Anand Vihar,28.6469,77.3164,2026-08-20 19:00:00,28.1,90,0.4,1.2,39.7,44.6,33.9,129.0,29.5,610.0
Anand Vihar,28.6469,77.3164,2026-08-20 20:00:00,27.7,92,0.3,3.2,45.2,48.9,39.7,97.0,30.1,684.0
Anand Vihar,28.6469,77.3164,2026-08-20 21:00:00,27.5,93,0.0,0.4,50.5,53.8,45.4,79.0,34.2,757.0
Anand Vihar,28.6469,77.3164,2026-08-20 22:00:00,27.4,94,0.0,0.5,58.4,61.2,50.6,68.0,39.9,826.0
Anand Vihar,28.6469,77.3164,2026-08-20 23:00:00,27.4,95,0.0,1.5,66.6,69.4,53.7,59.0,44.0,872.0
Anand Vihar,28.6469,77.3164,2026-08-21 00:00:00,27.2,96,0.0,2.4,70.1,72.9,53.0,52.0,44.5,876.0
Anand Vihar,28.6469,77.3164,2026-08-21 01:00:00,27.1,97,0.0,3.6,69.8,72.9,50.2,48.0,43.4,855.0
Anand Vihar,28.6469,77.3164,2026-08-21 02:00:00,26.9,97,0.0,3.8,73.3,76.4,48.3,44.0,42.8,843.0
Anand Vihar,28.6469,77.3164,2026-08-21 03:00:00,26.8,96,0.1,1.6,66.1,69.2,49.8,36.0,44.4,866.0
Anand Vihar,28.6469,77.3164,2026-08-21 04:00:00,26.7,94,0.1,1.8,75.2,78.9,52.3,28.0,46.7,898.0
Anand Vihar,28.6469,77.3164,2026-08-21 05:00:00,26.6,93,0.1,3.0,80.3,84.8,51.9,29.0,46.9,890.0
Anand Vihar,28.6469,77.3164,2026-08-21 06:00:00,26.5,93,1.3,0.2,79.9,84.5,46.0,44.0,43.3,806.0
Anand Vihar,28.6469,77.3164,2026-08-21 07:00:00,26.3,95,1.3,4.6,60.8,68.2,37.1,67.0,37.7,682.0
Anand Vihar,28.6469,77.3164,2026-08-21 08:00:00,26.6,93,1.3,7.6,41.0,51.3,28.9,93.0,33.1,576.0
Anand Vihar,28.6469,77.3164,2026-08-21 09:00:00,27.8,87,0.1,6.3,36.0,47.5,22.4,118.0,30.1,507.0
Anand Vihar,28.6469,77.3164,2026-08-21 10:00:00,29.4,80,0.1,3.4,31.7,44.0,16.5,145.0,28.1,455.0
Anand Vihar,28.6469,77.3164,2026-08-21 11:00:00,30.7,74,0.1,2.1,31.1,43.3,12.1,175.0,27.7,425.0
Anand Vihar,28.6469,77.3164,2026-08-21 12:00:00,31.7,71,0.1,1.8,35.4,46.8,9.4,214.0,30.2,424.0
Anand Vihar,28.6469,77.3164,2026-08-21 13:00:00,32.5,69,0.1,1.7,42.5,53.0,8.2,255.0,34.4,444.0
Anand Vihar,28.6469,77.3164,2026-08-21 14:00:00,32.4,70,0.1,1.6,48.2,57.9,8.3,284.0,37.6,464.0
Anand Vihar,28.6469,77.3164,2026-08-21 15:00:00,31.0,77,0.1,3.1,52.4,61.9,8.8,296.0,38.6,458.0
Anand Vihar,28.6469,77.3164,2026-08-21 16:00:00,28.8,87,0.1,5.6,51.9,61.5,10.6,296.0,38.5,452.0
Anand Vihar,28.6469,77.3164,2026-08-21 17:00:00,27.1,96,0.1,6.9,51.6,61.0,16.8,276.0,38.5,501.0
Anand Vihar,28.6469,77.3164,2026-08-21 18:00:00,26.7,98,2.5,5.4,56.8,64.3,31.4,225.0,38.9,659.0
Anand Vihar,28.6469,77.3164,2026-08-21 19:00:00,26.7,97,2.5,3.1,72.6,78.0,50.3,155.0,39.3,872.0
Anand Vihar,28.6469,77.3164,2026-08-21 20:00:00,26.8,95,2.5,2.7,69.8,74.0,64.2,99.0,39.2,1030.0
Anand Vihar,28.6469,77.3164,2026-08-21 21:00:00,26.8,95,0.2,2.7,74.0,78.5,68.4,73.0,38.3,1080.0
Anand Vihar,28.6469,77.3164,2026-08-21 22:00:00,26.7,96,0.2,2.2,76.4,80.8,67.7,61.0,37.0,1077.0
Anand Vihar,28.6469,77.3164,2026-08-21 23:00:00,26.6,97,0.2,1.5,79.2,83.6,67.1,51.0,35.6,1069.0
Vasant Kunj,28.52,77.1577,2026-07-18 00:00:00,31.4,68,0.0,6.1,124.8,447.0,63.8,7.0,19.8,646.0
Vasant Kunj,28.52,77.1577,2026-07-18 01:00:00,31.0,67,0.0,3.1,126.2,486.2,58.7,9.0,18.1,513.0
Vasant Kunj,28.52,77.1577,2026-07-18 02:00:00,30.8,66,0.0,3.5,122.5,470.3,52.9,12.0,16.4,403.0
Vasant Kunj,28.52,77.1577,2026-07-18 03:00:00,30.8,63,0.0,4.5,113.2,423.8,45.6,16.0,14.9,316.0
Vasant Kunj,28.52,77.1577,2026-07-18 04:00:00,30.7,61,0.0,7.7,102.0,374.4,37.7,22.0,13.4,251.0
Vasant Kunj,28.52,77.1577,2026-07-18 05:00:00,30.9,64,0.0,12.2,52.7,90.3,38.3,24.0,16.3,230.0
Vasant Kunj,28.52,77.1577,2026-07-18 06:00:00,30.7,61,0.0,12.3,51.1,146.7,33.6,30.0,14.8,293.0
Vasant Kunj,28.52,77.1577,2026-07-18 07:00:00,31.6,58,0.0,12.5,82.2,374.4,27.0,40.0,12.6,401.0
Vasant Kunj,28.52,77.1577,2026-07-18 08:00:00,32.0,58,0.0,12.0,136.4,767.4,20.6,55.0,10.9,456.0
Vasant Kunj,28.52,77.1577,2026-07-18 09:00:00,33.4,54,0.0,13.6,156.0,897.8,14.8,80.0,10.0,400.0
Vasant Kunj,28.52,77.1577,2026-07-18 10:00:00,34.9,50,0.0,15.1,169.0,1009.6,9.2,110.0,9.5,291.0
Vasant Kunj,28.52,77.1577,2026-07-18 11:00:00,35.8,47,0.0,16.1,181.6,1117.6,5.2,131.0,9.2,211.0
Vasant Kunj,28.52,77.1577,2026-07-18 12:00:00,35.5,48,0.0,15.0,184.9,1154.8,3.4,138.0,8.9,192.0
Vasant Kunj,28.52,77.1577,2026-07-18 13:00:00,35.8,47,0.0,13.0,175.1,1084.1,3.2,136.0,8.8,201.0
Vasant Kunj,28.52,77.1577,2026-07-18 14:00:00,35.8,47,0.0,10.7,164.4,1017.0,4.5,131.0,8.6,218.0
Vasant Kunj,28.52,77.1577,2026-07-18 15:00:00,35.9,45,0.0,9.9,160.7,990.9,7.7,123.0,8.1,223.0
Vasant Kunj,28.52,77.1577,2026-07-18 16:00:00,35.4,46,0.0,8.4,154.6,905.2,12.4,112.0,7.6,236.0
Vasant Kunj,28.52,77.1577,2026-07-18 17:00:00,36.1,42,0.0,7.5,119.7,614.7,28.5,85.0,17.6,298.0
Vasant Kunj,28.52,77.1577,2026-07-18 18:00:00,35.0,55,0.0,2.9,123.4,525.3,47.4,60.0,19.8,469.0
Vasant Kunj,28.52,77.1577,2026-07-18 19:00:00,34.1,56,0.0,3.6,133.2,484.3,72.9,25.0,22.6,688.0
Vasant Kunj,28.52,77.1577,2026-07-18 20:00:00,34.1,55,0.0,2.7,136.4,454.5,88.4,2.0,24.0,812.0
Vasant Kunj,28.52,77.1577,2026-07-18 21:00:00,33.2,55,0.0,3.7,127.6,371.6,84.5,1.0,22.6,758.0
Vasant Kunj,28.52,77.1577,2026-07-18 22:00:00,32.7,56,0.0,7.6,116.6,374.4,70.5,11.0,19.7,610.0
Vasant Kunj,28.52,77.1577,2026-07-18 23:00:00,32.2,64,0.1,10.0,106.2,335.3,57.5,21.0,17.1,474.0
Vasant Kunj,28.52,77.1577,2026-07-19 00:00:00,31.2,70,0.0,5.7,98.0,308.3,49.0,26.0,15.3,381.0
Vasant Kunj,28.52,77.1577,2026-07-19 01:00:00,30.6,72,0.0,7.0,93.8,307.3,41.6,31.0,13.7,301.0
Vasant Kunj,28.52,77.1577,2026-07-19 02:00:00,30.3,71,0.0,7.4,91.5,294.3,35.8,34.0,12.4,247.0
Vasant Kunj,28.52,77.1577,2026-07-19 03:00:00,29.9,71,0.0,8.1,94.5,333.4,32.2,34.0,11.1,227.0
Vasant Kunj,28.52,77.1577,2026-07-19 04:00:00,29.5,71,0.0,8.4,98.3,363.2,30.2,33.0,10.1,234.0
Vasant Kunj,28.52,77.1577,2026-07-19 05:00:00,30.2,77,0.0,2.4,68.0,83.6,49.7,14.0,15.2,260.0
Vasant Kunj,28.52,77.1577,2026-07-19 06:00:00,30.4,79,0.0,3.6,71.2,104.1,43.9,29.0,14.6,323.0
Vasant Kunj,28.52,77.1577,2026-07-19 07:00:00,31.4,71,0.0,7.5,71.0,113.4,35.6,51.0,13.8,406.0
Vasant Kunj,28.52,77.1577,2026-07-19 08:00:00,32.4,61,0.0,9.0,58.8,136.0,27.5,73.0,13.3,444.0
Vasant Kunj,28.52,77.1577,2026-07-19 09:00:00,33.0,57,0.0,8.6,62.6,253.3,20.0,98.0,13.4,396.0
Vasant Kunj,28.52,77.1577,2026-07-19 10:00:00,33.8,55,0.0,8.4,84.3,446.1,12.8,123.0,13.7,305.0
Vasant Kunj,28.52,77.1577,2026-07-19 11:00:00,35.4,47,0.0,11.4,104.8,612.8,7.5,139.0,13.6,233.0
Vasant Kunj,28.52,77.1577,2026-07-19 12:00:00,35.5,47,0.0,10.5,107.3,640.7,4.8,140.0,12.5,204.0
Vasant Kunj,28.52,77.1577,2026-07-19 13:00:00,34.1,53,0.0,8.7,108.5,657.5,4.0,132.0,10.9,194.0
Vasant Kunj,28.52,77.1577,2026-07-19 14:00:00,33.6,58,0.0,6.5,112.0,689.2,4.9,122.0,9.7,200.0
Vasant Kunj,28.52,77.1577,2026-07-19 15:00:00,33.3,61,0.1,8.5,108.5,618.4,7.0,114.0,9.1,217.0
Vasant Kunj,28.52,77.1577,2026-07-19 16:00:00,33.1,63,0.1,4.0,111.8,651.9,10.7,105.0,9.0,250.0
Vasant Kunj,28.52,77.1577,2026-07-19 17:00:00,35.8,45,0.1,1.5,94.8,428.4,15.1,99.0,14.8,307.0
Vasant Kunj,28.52,77.1577,2026-07-19 18:00:00,33.2,63,0.0,12.0,105.2,491.7,19.3,84.0,16.1,422.0
Vasant Kunj,28.52,77.1577,2026-07-19 19:00:00,31.0,82,0.0,11.1,105.7,454.5,25.1,64.0,17.9,561.0
Vasant Kunj,28.52,77.1577,2026-07-19 20:00:00,30.9,82,0.0,10.3,104.1,408.9,29.3,48.0,19.1,637.0
Vasant Kunj,28.52,77.1577,2026-07-19 21:00:00,30.7,83,0.0,7.6,103.6,387.4,30.5,41.0,19.3,595.0
Vasant Kunj,28.52,77.1577,2026-07-19 22:00:00,30.5,85,0.2,6.7,107.8,417.2,30.1,40.0,19.0,489.0
Vasant Kunj,28.52,77.1577,2026-07-19 23:00:00,31.3,78,0.2,9.4,116.4,476.8,28.6,41.0,18.1,394.0
Vasant Kunj,28.52,77.1577,2026-07-20 00:00:00,30.1,85,0.0,10.2,128.1,581.1,25.6,46.0,16.3,335.0
Vasant Kunj,28.52,77.1577,2026-07-20 01:00:00,28.3,91,0.2,8.4,139.2,665.0,21.5,54.0,13.9,288.0
Vasant Kunj,28.52,77.1577,2026-07-20 02:00:00,27.8,93,0.1,9.1,144.4,702.2,18.5,59.0,12.0,255.0
Vasant Kunj,28.52,77.1577,2026-07-20 03:00:00,28.2,94,0.1,8.0,141.1,665.0,17.1,59.0,10.8,234.0
Vasant Kunj,28.52,77.1577,2026-07-20 04:00:00,26.7,96,1.7,9.3,127.6,549.5,16.8,56.0,10.0,227.0
Vasant Kunj,28.52,77.1577,2026-07-20 05:00:00,28.1,86,0.9,9.9,31.7,80.6,14.2,64.0,6.5,243.0
Vasant Kunj,28.52,77.1577,2026-07-20 06:00:00,28.3,87,0.1,8.2,27.5,58.6,17.5,58.0,7.5,302.0
Vasant Kunj,28.52,77.1577,2026-07-20 07:00:00,28.3,88,0.4,10.2,25.4,44.6,21.9,51.0,8.9,384.0
Vasant Kunj,28.52,77.1577,2026-07-20 08:00:00,28.1,91,1.5,1.0,26.5,39.1,23.9,48.0,9.8,441.0
Vasant Kunj,28.52,77.1577,2026-07-20 09:00:00,28.4,91,1.1,8.8,26.4,48.1,21.1,54.0,9.7,452.0
Vasant Kunj,28.52,77.1577,2026-07-20 10:00:00,29.2,86,0.5,1.0,29.1,75.9,15.8,65.0,9.1,438.0
Vasant Kunj,28.52,77.1577,2026-07-20 11:00:00,31.6,71,0.4,5.1,31.1,88.5,11.8,75.0,8.8,411.0
Vasant Kunj,28.52,77.1577,2026-07-20 12:00:00,31.9,72,0.5,5.7,33.2,97.8,10.3,82.0,9.1,361.0
Vasant Kunj,28.52,77.1577,2026-07-20 13:00:00,28.1,89,6.8,11.7,39.1,133.6,10.0,87.0,9.7,299.0
Vasant Kunj,28.52,77.1577,2026-07-20 14:00:00,28.4,89,1.0,7.2,42.7,153.2,10.8,89.0,10.4,268.0
Vasant Kunj,28.52,77.1577,2026-07-20 15:00:00,29.8,83,0.2,4.3,43.9,150.4,12.4,88.0,11.2,271.0
Vasant Kunj,28.52,77.1577,2026-07-20 16:00:00,30.3,79,0.0,4.4,44.7,146.2,14.9,85.0,12.0,305.0
Vasant Kunj,28.52,77.1577,2026-07-20 17:00:00,29.8,76,0.0,7.6,29.3,65.0,18.0,87.0,10.2,411.0
Vasant Kunj,28.52,77.1577,2026-07-20 18:00:00,27.7,93,1.3,4.6,32.5,59.6,36.7,61.0,14.7,675.0
Vasant Kunj,28.52,77.1577,2026-07-20 19:00:00,27.3,95,2.8,3.8,48.0,77.3,62.1,26.0,20.9,1010.0
Vasant Kunj,28.52,77.1577,2026-07-20 20:00:00,27.2,95,1.2,6.0,63.8,91.3,79.3,1.0,25.1,1196.0
Vasant Kunj,28.52,77.1577,2026-07-20 21:00:00,26.9,95,0.7,4.4,62.6,88.5,81.2,0.0,25.5,1103.0
Vasant Kunj,28.52,77.1577,2026-07-20 22:00:00,26.9,95,0.3,3.8,64.7,91.7,74.7,3.0,23.8,861.0
Vasant Kunj,28.52,77.1577,2026-07-20 23:00:00,26.2,98,0.1,1.3,54.9,78.5,66.0,12.0,21.9,642.0
Vasant Kunj,28.52,77.1577,2026-07-21 00:00:00,26.4,98,0.3,5.3,43.1,65.2,55.2,24.0,19.9,499.0
Vasant Kunj,28.52,77.1577,2026-07-21 01:00:00,26.3,97,0.5,8.9,36.4,55.6,42.2,39.0,17.5,380.0
Vasant Kunj,28.52,77.1577,2026-07-21 02:00:00,26.2,96,0.1,8.0,31.8,49.9,32.2,50.0,16.0,297.0
Vasant Kunj,28.52,77.1577,2026-07-21 03:00:00,26.0,95,0.3,7.5,29.5,45.4,27.7,53.0,15.7,259.0
Vasant Kunj,28.52,77.1577,2026-07-21 04:00:00,25.9,95,0.3,6.4,27.1,37.3,26.1,53.0,16.3,258.0
Vasant Kunj,28.52,77.1577,2026-07-21 05:00:00,26.1,93,0.2,6.4,10.8,16.0,18.6,65.0,12.0,286.0
Vasant Kunj,28.52,77.1577,2026-07-21 06:00:00,25.4,97,2.9,7.9,13.4,16.9,21.6,63.0,16.3,365.0
Vasant Kunj,28.52,77.1577,2026-07-21 07:00:00,25.6,97,0.8,9.3,18.0,20.7,25.5,60.0,22.0,473.0
Vasant Kunj,28.52,77.1577,2026-07-21 08:00:00,26.1,94,0.2,9.0,22.2,23.6,26.7,63.0,25.2,530.0
Vasant Kunj,28.52,77.1577,2026-07-21 09:00:00,26.6,91,0.2,9.6,16.8,17.5,22.5,76.0,23.5,484.0
Vasant Kunj,28.52,77.1577,2026-07-21 10:00:00,27.5,87,0.3,9.1,14.2,14.8,15.6,95.0,19.3,388.0
Vasant Kunj,28.52,77.1577,2026-07-21 11:00:00,26.7,95,0.1,12.6,12.6,13.2,10.6,109.0,15.9,317.0
Vasant Kunj,28.52,77.1577,2026-07-21 12:00:00,27.5,95,1.0,8.3,11.3,11.8,9.5,115.0,14.5,300.0
Vasant Kunj,28.52,77.1577,2026-07-21 13:00:00,28.8,91,0.7,7.7,10.7,11.1,10.3,117.0,13.9,309.0
Vasant Kunj,28.52,77.1577,2026-07-21 14:00:00,28.7,86,0.5,9.6,11.9,12.3,11.4,119.0,13.6,333.0
Vasant Kunj,28.52,77.1577,2026-07-21 15:00:00,27.0,96,1.9,9.6,12.1,12.5,11.6,126.0,13.7,375.0
Vasant Kunj,28.52,77.1577,2026-07-21 16:00:00,28.0,90,0.5,6.8,12.9,13.2,12.1,133.0,14.1,432.0
Vasant Kunj,28.52,77.1577,2026-07-21 17:00:00,29.0,78,0.0,5.5,26.1,28.3,18.7,110.0,11.8,489.0
Vasant Kunj,28.52,77.1577,2026-07-21 18:00:00,28.3,87,0.8,6.2,31.7,33.1,23.8,98.0,13.2,553.0
Vasant Kunj,28.52,77.1577,2026-07-21 19:00:00,28.1,90,0.1,5.4,35.3,36.4,30.6,82.0,15.2,617.0
Vasant Kunj,28.52,77.1577,2026-07-21 20:00:00,27.9,90,0.0,7.6,34.5,35.3,34.2,71.0,16.2,648.0
Vasant Kunj,28.52,77.1577,2026-07-21 21:00:00,27.7,90,0.0,8.1,31.7,32.1,31.4,70.0,15.4,622.0
Vasant Kunj,28.52,77.1577,2026-07-21 22:00:00,27.4,90,0.1,11.1,29.8,30.0,25.4,75.0,13.8,562.0
Vasant Kunj,28.52,77.1577,2026-07-21 23:00:00,26.3,97,0.1,12.6,28.6,28.9,20.3,79.0,12.5,509.0
Vasant Kunj,28.52,77.1577,2026-07-22 00:00:00,26.2,96,0.1,11.2,27.2,27.5,17.7,80.0,12.0,476.0
Vasant Kunj,28.52,77.1577,2026-07-22 01:00:00,26.1,96,0.0,10.0,26.3,26.5,16.1,80.0,11.9,450.0
Vasant Kunj,28.52,77.1577,2026-07-22 02:00:00,26.1,96,0.0,9.5,26.4,26.5,14.9,79.0,12.1,425.0
Vasant Kunj,28.52,77.1577,2026-07-22 03:00:00,25.8,96,0.7,12.0,26.7,26.8,14.1,77.0,12.7,394.0
Vasant Kunj,28.52,77.1577,2026-07-22 04:00:00,25.8,95,0.2,12.9,25.3,25.4,13.8,75.0,13.7,365.0
Vasant Kunj,28.52,77.1577,2026-07-22 05:00:00,25.5,98,0.8,12.4,38.2,38.6,19.9,59.0,19.0,358.0
Vasant Kunj,28.52,77.1577,2026-07-22 06:00:00,25.7,96,0.4,14.4,37.6,38.0,20.7,60.0,18.0,396.0
Vasant Kunj,28.52,77.1577,2026-07-22 07:00:00,26.5,90,0.1,17.0,36.3,36.9,21.5,62.0,16.7,456.0
Vasant Kunj,28.52,77.1577,2026-07-22 08:00:00,26.7,88,0.6,16.2,36.3,36.7,20.7,71.0,15.4,490.0
Vasant Kunj,28.52,77.1577,2026-07-22 09:00:00,28.5,82,0.1,15.3,34.9,35.5,16.6,95.0,14.4,471.0
Vasant Kunj,28.52,77.1577,2026-07-22 10:00:00,29.7,77,0.1,14.3,31.9,32.6,10.8,127.0,13.5,426.0
Vasant Kunj,28.52,77.1577,2026-07-22 11:00:00,30.6,67,0.2,16.5,36.2,74.7,6.5,151.0,12.9,388.0
Vasant Kunj,28.52,77.1577,2026-07-22 12:00:00,31.2,67,0.1,15.4,48.4,194.6,4.4,163.0,12.4,361.0
Vasant Kunj,28.52,77.1577,2026-07-22 13:00:00,31.8,67,0.0,13.0,48.0,199.3,3.8,168.0,12.2,340.0
Vasant Kunj,28.52,77.1577,2026-07-22 14:00:00,31.6,67,0.1,12.4,47.4,187.2,5.7,166.0,12.6,347.0
Vasant Kunj,28.52,77.1577,2026-07-22 15:00:00,31.3,70,0.2,10.4,48.1,186.3,11.5,155.0,13.6,385.0
Vasant Kunj,28.52,77.1577,2026-07-22 16:00:00,31.4,69,0.1,9.0,56.2,271.9,19.8,138.0,15.2,450.0
Vasant Kunj,28.52,77.1577,2026-07-22 17:00:00,28.2,89,0.2,6.4,13.8,20.4,12.6,133.0,11.5,552.0
Vasant Kunj,28.52,77.1577,2026-07-22 18:00:00,28.9,86,0.1,3.4,15.1,17.9,22.3,112.0,14.1,744.0
Vasant Kunj,28.52,77.1577,2026-07-22 19:00:00,28.5,90,0.1,5.1,20.9,21.9,35.5,84.0,17.6,972.0
Vasant Kunj,28.52,77.1577,2026-07-22 20:00:00,28.5,91,0.0,7.1,22.6,22.9,43.5,65.0,20.1,1082.0
Vasant Kunj,28.52,77.1577,2026-07-22 21:00:00,28.7,87,0.0,10.2,20.3,20.4,41.5,63.0,20.3,967.0
Vasant Kunj,28.52,77.1577,2026-07-22 22:00:00,28.3,85,0.1,10.3,18.7,18.7,34.3,71.0,19.5,734.0
Vasant Kunj,28.52,77.1577,2026-07-22 23:00:00,28.0,86,0.1,10.9,15.9,15.9,27.8,76.0,18.8,544.0
Vasant Kunj,28.52,77.1577,2026-07-23 00:00:00,28.0,85,0.0,12.1,13.8,13.8,24.0,75.0,18.8,462.0
Vasant Kunj,28.52,77.1577,2026-07-23 01:00:00,27.8,85,0.0,12.4,18.3,49.7,21.0,72.0,18.9,422.0
Vasant Kunj,28.52,77.1577,2026-07-23 02:00:00,27.6,85,0.0,12.5,21.9,59.6,18.8,69.0,18.9,392.0
Vasant Kunj,28.52,77.1577,2026-07-23 03:00:00,27.3,85,0.0,11.4,25.8,67.1,17.8,65.0,18.5,353.0
Vasant Kunj,28.52,77.1577,2026-07-23 04:00:00,27.0,85,0.0,11.7,31.7,95.0,17.5,61.0,18.0,323.0
Vasant Kunj,28.52,77.1577,2026-07-23 05:00:00,26.3,94,0.0,10.6,29.6,58.2,19.0,58.0,18.3,322.0
Vasant Kunj,28.52,77.1577,2026-07-23 06:00:00,26.2,95,0.8,9.4,31.8,65.9,18.0,65.0,18.2,377.0
Vasant Kunj,28.52,77.1577,2026-07-23 07:00:00,26.3,91,0.7,13.7,35.6,91.5,16.6,75.0,18.1,460.0
Vasant Kunj,28.52,77.1577,2026-07-23 08:00:00,27.1,89,0.4,13.6,27.0,38.4,14.6,90.0,17.6,506.0
Vasant Kunj,28.52,77.1577,2026-07-23 09:00:00,28.3,83,0.2,11.0,22.3,25.4,11.5,113.0,16.5,474.0
Vasant Kunj,28.52,77.1577,2026-07-23 10:00:00,30.3,75,0.1,13.6,19.8,20.5,7.8,140.0,15.0,404.0
Vasant Kunj,28.52,77.1577,2026-07-23 11:00:00,30.8,68,0.0,15.3,18.5,18.6,5.3,158.0,13.7,351.0
Vasant Kunj,28.52,77.1577,2026-07-23 12:00:00,31.3,65,0.2,16.2,73.3,558.8,4.7,161.0,12.6,325.0
Vasant Kunj,28.52,77.1577,2026-07-23 13:00:00,31.8,65,0.2,14.0,63.6,420.0,5.2,156.0,11.8,315.0
Vasant Kunj,28.52,77.1577,2026-07-23 14:00:00,32.0,65,0.1,14.0,51.1,279.4,6.5,151.0,11.9,341.0
Vasant Kunj,28.52,77.1577,2026-07-23 15:00:00,29.6,75,0.6,15.1,46.8,250.5,8.4,151.0,13.6,429.0
Vasant Kunj,28.52,77.1577,2026-07-23 16:00:00,30.1,77,0.3,6.5,42.1,195.6,11.0,151.0,16.3,552.0
Vasant Kunj,28.52,77.1577,2026-07-23 17:00:00,30.9,76,0.1,9.3,24.4,24.4,21.3,119.0,12.5,655.0
Vasant Kunj,28.52,77.1577,2026-07-23 18:00:00,29.9,78,0.3,8.3,26.8,26.8,24.1,110.0,14.1,727.0
Vasant Kunj,28.52,77.1577,2026-07-23 19:00:00,29.4,79,0.0,7.8,28.3,28.3,27.9,98.0,16.4,779.0
Vasant Kunj,28.52,77.1577,2026-07-23 20:00:00,27.6,88,1.1,10.5,29.9,30.0,29.7,90.0,18.0,782.0
Vasant Kunj,28.52,77.1577,2026-07-23 21:00:00,26.4,95,2.1,9.1,31.7,31.8,27.9,89.0,18.7,707.0
Vasant Kunj,28.52,77.1577,2026-07-23 22:00:00,26.5,95,1.5,11.5,33.1,33.2,24.2,91.0,18.7,583.0
Vasant Kunj,28.52,77.1577,2026-07-23 23:00:00,27.2,90,0.0,13.9,34.0,34.5,20.9,92.0,18.1,475.0
Vasant Kunj,28.52,77.1577,2026-07-24 00:00:00,26.9,90,0.0,11.7,33.2,33.9,18.9,88.0,16.3,402.0
Vasant Kunj,28.52,77.1577,2026-07-24 01:00:00,26.7,91,0.0,12.1,33.4,34.0,17.2,83.0,13.8,344.0
Vasant Kunj,28.52,77.1577,2026-07-24 02:00:00,26.6,91,0.0,10.6,34.5,34.8,16.1,78.0,12.3,303.0
Vasant Kunj,28.52,77.1577,2026-07-24 03:00:00,26.5,90,0.0,10.6,35.6,35.7,15.5,75.0,12.6,277.0
Vasant Kunj,28.52,77.1577,2026-07-24 04:00:00,26.3,91,0.0,11.0,35.9,35.9,15.4,74.0,13.8,268.0
Vasant Kunj,28.52,77.1577,2026-07-24 05:00:00,25.7,96,0.1,10.5,42.4,42.5,16.6,73.0,19.4,281.0
Vasant Kunj,28.52,77.1577,2026-07-24 06:00:00,25.9,95,0.1,13.0,41.0,41.0,16.6,74.0,18.3,336.0
Vasant Kunj,28.52,77.1577,2026-07-24 07:00:00,26.8,90,0.0,11.9,35.5,35.5,16.4,77.0,16.6,413.0
Vasant Kunj,28.52,77.1577,2026-07-24 08:00:00,28.1,82,0.0,16.0,29.5,29.5,15.4,84.0,15.1,454.0
Vasant Kunj,28.52,77.1577,2026-07-24 09:00:00,28.9,78,0.1,15.7,23.7,23.7,12.7,99.0,13.7,422.0
Vasant Kunj,28.52,77.1577,2026-07-24 10:00:00,30.1,74,0.2,14.0,20.0,20.0,9.1,119.0,12.4,353.0
Vasant Kunj,28.52,77.1577,2026-07-24 11:00:00,30.5,74,0.2,13.8,18.1,18.2,6.5,133.0,11.4,300.0
Vasant Kunj,28.52,77.1577,2026-07-24 12:00:00,30.9,74,0.4,12.7,16.5,16.6,5.6,137.0,10.7,278.0
Vasant Kunj,28.52,77.1577,2026-07-24 13:00:00,29.1,84,2.1,10.8,16.1,16.2,5.7,135.0,10.4,271.0
Vasant Kunj,28.52,77.1577,2026-07-24 14:00:00,29.2,83,0.6,5.2,14.3,14.3,6.4,133.0,10.3,285.0
Vasant Kunj,28.52,77.1577,2026-07-24 15:00:00,30.2,78,0.3,8.9,13.8,13.9,7.1,133.0,10.6,327.0
Vasant Kunj,28.52,77.1577,2026-07-24 16:00:00,30.6,75,0.1,8.1,13.6,13.8,8.4,133.0,11.3,390.0
Vasant Kunj,28.52,77.1577,2026-07-24 17:00:00,29.9,83,0.1,6.9,19.8,20.2,11.7,114.0,10.5,460.0
Vasant Kunj,28.52,77.1577,2026-07-24 18:00:00,29.7,84,0.0,8.1,25.3,25.6,23.3,92.0,12.9,554.0
Vasant Kunj,28.52,77.1577,2026-07-24 19:00:00,29.1,88,0.2,6.9,32.1,32.4,39.0,63.0,16.3,656.0
Vasant Kunj,28.52,77.1577,2026-07-24 20:00:00,29.0,87,0.1,10.3,36.0,36.4,48.4,42.0,18.5,699.0
Vasant Kunj,28.52,77.1577,2026-07-24 21:00:00,28.7,87,0.0,11.4,35.6,36.7,45.6,39.0,18.4,637.0
Vasant Kunj,28.52,77.1577,2026-07-24 22:00:00,28.3,87,0.0,11.6,33.9,36.2,36.6,45.0,17.2,517.0
Vasant Kunj,28.52,77.1577,2026-07-24 23:00:00,28.0,87,0.0,13.5,31.1,35.0,28.8,50.0,16.4,414.0
Vasant Kunj,28.52,77.1577,2026-07-25 00:00:00,28.0,85,0.0,13.4,27.0,32.5,24.8,51.0,16.9,355.0
Vasant Kunj,28.52,77.1577,2026-07-25 01:00:00,27.9,83,0.0,13.0,25.4,32.2,21.9,52.0,17.9,314.0
Vasant Kunj,28.52,77.1577,2026-07-25 02:00:00,27.5,84,0.1,11.9,24.9,31.2,20.1,51.0,18.4,285.0
Vasant Kunj,28.52,77.1577,2026-07-25 03:00:00,27.3,86,0.1,11.4,24.9,31.3,19.7,47.0,18.0,265.0
Vasant Kunj,28.52,77.1577,2026-07-25 04:00:00,27.1,86,0.1,11.4,25.6,34.6,20.4,43.0,17.2,257.0
Vasant Kunj,28.52,77.1577,2026-07-25 05:00:00,27.2,88,0.1,10.3,26.0,31.9,19.7,42.0,14.7,267.0
Vasant Kunj,28.52,77.1577,2026-07-25 06:00:00,27.3,89,0.0,8.0,26.4,31.1,18.8,48.0,14.5,310.0
Vasant Kunj,28.52,77.1577,2026-07-25 07:00:00,28.0,87,0.0,8.5,26.7,31.0,17.5,56.0,14.3,369.0
Vasant Kunj,28.52,77.1577,2026-07-25 08:00:00,29.0,80,0.1,12.1,26.6,31.7,15.5,68.0,13.7,403.0
Vasant Kunj,28.52,77.1577,2026-07-25 09:00:00,29.9,72,0.1,11.4,25.7,33.6,12.3,86.0,12.6,384.0
Vasant Kunj,28.52,77.1577,2026-07-25 10:00:00,30.5,69,0.1,11.5,24.8,35.4,8.4,106.0,11.2,338.0
Vasant Kunj,28.52,77.1577,2026-07-25 11:00:00,31.4,65,0.4,14.2,22.1,32.6,5.6,122.0,10.2,304.0
Vasant Kunj,28.52,77.1577,2026-07-25 12:00:00,31.1,67,0.2,12.6,21.1,30.7,4.3,130.0,9.9,290.0
Vasant Kunj,28.52,77.1577,2026-07-25 13:00:00,31.9,66,0.0,11.1,26.4,63.1,4.2,133.0,9.9,288.0
Vasant Kunj,28.52,77.1577,2026-07-25 14:00:00,31.7,69,0.4,12.5,23.9,39.2,5.7,131.0,10.1,310.0
Vasant Kunj,28.52,77.1577,2026-07-25 15:00:00,32.2,66,0.1,12.2,23.1,33.5,9.2,122.0,10.2,372.0
Vasant Kunj,28.52,77.1577,2026-07-25 16:00:00,31.2,68,0.0,12.8,23.7,32.5,14.4,108.0,10.5,457.0
Vasant Kunj,28.52,77.1577,2026-07-25 17:00:00,30.1,82,0.0,10.8,31.0,37.0,20.8,94.0,8.8,528.0
Vasant Kunj,28.52,77.1577,2026-07-25 18:00:00,29.6,82,0.0,10.7,37.3,41.3,26.7,83.0,11.0,572.0
Vasant Kunj,28.52,77.1577,2026-07-25 19:00:00,28.9,83,0.0,9.5,42.1,45.1,34.7,67.0,14.0,601.0
Vasant Kunj,28.52,77.1577,2026-07-25 20:00:00,28.4,87,0.0,10.0,39.9,41.9,39.5,56.0,16.2,613.0
Vasant Kunj,28.52,77.1577,2026-07-25 21:00:00,27.9,89,0.0,8.6,38.2,39.3,38.3,53.0,16.7,605.0
Vasant Kunj,28.52,77.1577,2026-07-25 22:00:00,27.6,89,0.0,9.2,37.7,38.4,34.0,54.0,16.3,581.0
Vasant Kunj,28.52,77.1577,2026-07-25 23:00:00,27.4,94,0.0,9.2,36.9,37.4,29.7,56.0,15.8,547.0
Vasant Kunj,28.52,77.1577,2026-07-26 00:00:00,27.5,93,0.0,10.2,35.7,36.1,26.1,58.0,15.1,498.0
Vasant Kunj,28.52,77.1577,2026-07-26 01:00:00,27.5,94,0.0,8.9,34.3,34.7,22.5,61.0,14.2,440.0
Vasant Kunj,28.52,77.1577,2026-07-26 02:00:00,27.3,95,0.0,8.5,33.9,34.1,20.2,62.0,13.7,396.0
Vasant Kunj,28.52,77.1577,2026-07-26 03:00:00,27.1,95,0.0,7.8,34.5,34.8,20.3,58.0,14.0,376.0
Vasant Kunj,28.52,77.1577,2026-07-26 04:00:00,27.1,95,0.0,6.2,36.2,37.6,21.7,52.0,14.7,370.0
Vasant Kunj,28.52,77.1577,2026-07-26 05:00:00,27.8,92,0.0,5.2,26.7,27.8,19.6,59.0,13.7,370.0
Vasant Kunj,28.52,77.1577,2026-07-26 06:00:00,27.3,96,0.8,4.2,29.7,30.6,18.5,66.0,14.8,381.0
Vasant Kunj,28.52,77.1577,2026-07-26 07:00:00,28.1,92,0.1,5.2,30.5,31.9,17.0,77.0,16.2,398.0
Vasant Kunj,28.52,77.1577,2026-07-26 08:00:00,29.3,86,0.0,2.7,31.0,33.2,14.9,92.0,17.3,398.0
Vasant Kunj,28.52,77.1577,2026-07-26 09:00:00,30.6,77,0.0,4.0,31.7,36.0,11.9,113.0,17.6,365.0
Vasant Kunj,28.52,77.1577,2026-07-26 10:00:00,31.4,71,0.3,5.0,31.1,38.2,8.5,138.0,17.4,315.0
Vasant Kunj,28.52,77.1577,2026-07-26 11:00:00,32.4,67,0.4,4.9,29.3,39.3,5.9,158.0,17.2,277.0
Vasant Kunj,28.52,77.1577,2026-07-26 12:00:00,32.6,67,0.2,5.2,28.7,39.8,4.6,170.0,17.0,261.0
Vasant Kunj,28.52,77.1577,2026-07-26 13:00:00,33.3,62,0.1,5.2,29.4,40.6,4.2,178.0,16.8,258.0
Vasant Kunj,28.52,77.1577,2026-07-26 14:00:00,33.4,61,0.0,4.3,29.6,41.0,4.6,181.0,16.8,264.0
Vasant Kunj,28.52,77.1577,2026-07-26 15:00:00,33.5,61,0.0,3.0,29.6,41.0,3.6,181.0,16.5,253.0
Vasant Kunj,28.52,77.1577,2026-07-26 16:00:00,33.3,61,0.0,3.8,32.9,69.6,3.4,176.0,16.5,251.0
Vasant Kunj,28.52,77.1577,2026-07-26 17:00:00,33.7,61,0.0,4.2,32.6,45.8,9.3,142.0,13.5,343.0
Vasant Kunj,28.52,77.1577,2026-07-26 18:00:00,32.6,72,0.0,3.4,40.0,50.1,29.0,111.0,18.3,639.0
Vasant Kunj,28.52,77.1577,2026-07-26 19:00:00,31.5,78,0.0,2.7,55.3,65.0,56.1,68.0,24.9,1029.0
Vasant Kunj,28.52,77.1577,2026-07-26 20:00:00,31.1,81,0.0,2.0,67.8,77.3,75.8,34.0,29.4,1258.0
Vasant Kunj,28.52,77.1577,2026-07-26 21:00:00,30.7,84,0.0,1.6,75.0,84.1,80.7,20.0,30.0,1172.0
Vasant Kunj,28.52,77.1577,2026-07-26 22:00:00,30.3,84,0.0,1.9,75.4,83.6,78.2,15.0,28.6,926.0
Vasant Kunj,28.52,77.1577,2026-07-26 23:00:00,30.4,81,0.0,1.5,78.9,86.8,75.1,12.0,26.8,735.0
Vasant Kunj,28.52,77.1577,2026-07-27 00:00:00,30.2,79,0.0,1.5,80.3,87.5,73.6,8.0,25.1,683.0
Vasant Kunj,28.52,77.1577,2026-07-27 01:00:00,29.8,80,0.0,1.9,79.6,86.6,71.6,6.0,23.0,687.0
Vasant Kunj,28.52,77.1577,2026-07-27 02:00:00,29.3,80,0.0,3.1,81.0,88.0,69.5,5.0,21.4,703.0
Vasant Kunj,28.52,77.1577,2026-07-27 03:00:00,29.0,81,0.0,3.2,83.4,91.0,68.4,2.0,20.5,731.0
Vasant Kunj,28.52,77.1577,2026-07-27 04:00:00,28.8,82,0.0,2.6,86.1,94.3,67.2,0.0,20.0,773.0
Vasant Kunj,28.52,77.1577,2026-07-27 05:00:00,29.4,83,0.0,3.3,75.2,82.4,67.7,2.0,22.2,792.0
Vasant Kunj,28.52,77.1577,2026-07-27 06:00:00,29.5,82,0.0,3.7,78.9,86.1,59.3,21.0,25.3,774.0
Vasant Kunj,28.52,77.1577,2026-07-27 07:00:00,30.3,79,0.0,2.6,62.9,69.6,47.4,48.0,29.4,733.0
Vasant Kunj,28.52,77.1577,2026-07-27 08:00:00,31.3,75,0.0,3.0,47.0,58.1,36.0,78.0,31.2,673.0
Vasant Kunj,28.52,77.1577,2026-07-27 09:00:00,32.3,68,0.1,3.1,38.4,66.1,25.8,111.0,28.6,578.0
Vasant Kunj,28.52,77.1577,2026-07-27 10:00:00,33.2,62,0.1,3.2,33.2,64.7,16.2,147.0,23.8,463.0
Vasant Kunj,28.52,77.1577,2026-07-27 11:00:00,34.3,55,0.1,2.0,32.2,75.4,9.3,174.0,20.0,379.0
Vasant Kunj,28.52,77.1577,2026-07-27 12:00:00,34.9,54,0.0,4.8,29.8,58.4,6.4,189.0,18.5,344.0
Vasant Kunj,28.52,77.1577,2026-07-27 13:00:00,35.0,53,0.0,4.0,29.2,54.9,6.1,196.0,17.9,341.0
Vasant Kunj,28.52,77.1577,2026-07-27 14:00:00,35.3,51,0.0,4.9,28.8,53.1,6.8,197.0,17.4,367.0
Vasant Kunj,28.52,77.1577,2026-07-27 15:00:00,34.3,54,0.1,4.5,27.7,52.4,5.9,194.0,16.3,421.0
Vasant Kunj,28.52,77.1577,2026-07-27 16:00:00,33.6,56,0.1,0.4,26.8,52.2,5.9,186.0,15.4,505.0
Vasant Kunj,28.52,77.1577,2026-07-27 17:00:00,33.0,63,0.0,2.9,38.4,109.4,21.3,119.0,13.8,616.0
Vasant Kunj,28.52,77.1577,2026-07-27 18:00:00,32.0,75,0.0,2.1,44.4,100.1,33.7,95.0,16.4,808.0
Vasant Kunj,28.52,77.1577,2026-07-27 19:00:00,31.4,78,0.0,3.6,54.9,98.0,50.4,63.0,19.9,1028.0
Vasant Kunj,28.52,77.1577,2026-07-27 20:00:00,30.7,78,0.0,7.1,76.8,286.8,59.5,42.0,22.1,1119.0
Vasant Kunj,28.52,77.1577,2026-07-27 21:00:00,29.7,83,0.0,9.9,132.2,789.8,53.7,44.0,21.8,966.0
Vasant Kunj,28.52,77.1577,2026-07-27 22:00:00,28.6,88,0.5,12.9,81.0,282.2,40.4,58.0,20.1,684.0
Vasant Kunj,28.52,77.1577,2026-07-27 23:00:00,29.4,86,0.3,14.0,61.0,158.8,29.6,68.0,18.3,463.0
Vasant Kunj,28.52,77.1577,2026-07-28 00:00:00,27.1,92,3.1,12.8,53.0,114.1,25.2,68.0,16.6,382.0
Vasant Kunj,28.52,77.1577,2026-07-28 01:00:00,26.8,96,1.9,6.0,48.2,86.8,23.2,65.0,14.8,361.0
Vasant Kunj,28.52,77.1577,2026-07-28 02:00:00,26.5,98,0.5,11.3,45.4,71.5,22.3,60.0,13.6,351.0
Vasant Kunj,28.52,77.1577,2026-07-28 03:00:00,25.9,98,0.5,8.3,43.3,62.2,22.2,54.0,13.3,330.0
Vasant Kunj,28.52,77.1577,2026-07-28 04:00:00,26.0,99,0.6,9.8,41.8,56.0,23.1,47.0,13.6,319.0
Vasant Kunj,28.52,77.1577,2026-07-28 05:00:00,28.3,93,0.3,7.2,43.1,101.3,24.9,41.0,12.8,330.0
Vasant Kunj,28.52,77.1577,2026-07-28 06:00:00,28.4,94,0.2,9.1,40.9,89.2,24.2,44.0,12.5,383.0
Vasant Kunj,28.52,77.1577,2026-07-28 07:00:00,28.7,93,0.4,7.2,37.6,73.6,23.0,50.0,12.1,458.0
Vasant Kunj,28.52,77.1577,2026-07-28 08:00:00,27.9,91,0.5,10.8,34.5,68.0,21.1,62.0,12.0,502.0
Vasant Kunj,28.52,77.1577,2026-07-28 09:00:00,27.5,92,0.7,13.3,33.2,65.9,17.7,87.0,12.7,486.0
Vasant Kunj,28.52,77.1577,2026-07-28 10:00:00,27.4,95,4.7,7.7,32.7,64.7,13.4,119.0,13.7,440.0
Vasant Kunj,28.52,77.1577,2026-07-28 11:00:00,27.4,93,1.1,8.8,29.9,53.6,10.0,145.0,14.4,400.0
Vasant Kunj,28.52,77.1577,2026-07-28 12:00:00,26.3,97,3.7,7.8,27.4,44.7,7.6,160.0,14.3,375.0
Vasant Kunj,28.52,77.1577,2026-07-28 13:00:00,26.6,94,2.5,7.3,25.8,43.4,6.0,168.0,14.0,357.0
Vasant Kunj,28.52,77.1577,2026-07-28 14:00:00,26.7,95,1.8,3.2,24.9,41.9,6.5,171.0,14.1,356.0
Vasant Kunj,28.52,77.1577,2026-07-28 15:00:00,26.9,95,2.2,5.6,24.7,40.2,8.3,171.0,14.4,374.0
Vasant Kunj,28.52,77.1577,2026-07-28 16:00:00,26.8,96,1.1,5.3,25.4,39.9,12.1,165.0,15.3,411.0
Vasant Kunj,28.52,77.1577,2026-07-28 17:00:00,31.0,71,0.2,5.1,17.6,21.8,35.9,72.0,17.5,474.0
Vasant Kunj,28.52,77.1577,2026-07-28 18:00:00,30.2,78,0.1,5.3,16.7,19.9,42.4,61.0,19.4,595.0
Vasant Kunj,28.52,77.1577,2026-07-28 19:00:00,29.3,86,0.0,1.9,21.0,23.3,51.4,45.0,21.9,743.0
Vasant Kunj,28.52,77.1577,2026-07-28 20:00:00,28.8,87,0.0,3.6,25.4,27.3,57.9,32.0,23.7,831.0
Vasant Kunj,28.52,77.1577,2026-07-28 21:00:00,28.5,89,0.0,4.6,31.8,33.5,59.7,24.0,24.0,806.0
Vasant Kunj,28.52,77.1577,2026-07-28 22:00:00,28.3,88,0.0,6.5,32.0,33.4,59.0,19.0,23.6,721.0
Vasant Kunj,28.52,77.1577,2026-07-28 23:00:00,27.8,90,0.0,2.5,31.5,32.7,58.0,15.0,23.1,654.0
Vasant Kunj,28.52,77.1577,2026-07-29 00:00:00,27.6,91,0.0,2.0,29.2,30.3,57.5,12.0,22.3,643.0
Vasant Kunj,28.52,77.1577,2026-07-29 01:00:00,27.6,91,0.0,1.4,30.3,31.4,56.8,10.0,21.4,650.0
Vasant Kunj,28.52,77.1577,2026-07-29 02:00:00,27.3,90,0.0,5.0,31.1,32.4,55.5,10.0,21.5,636.0
Vasant Kunj,28.52,77.1577,2026-07-29 03:00:00,26.7,93,0.3,4.8,31.2,32.8,53.6,13.0,23.0,572.0
Vasant Kunj,28.52,77.1577,2026-07-29 04:00:00,26.6,93,0.0,3.5,31.7,33.6,51.1,17.0,25.4,487.0
Vasant Kunj,28.52,77.1577,2026-07-29 05:00:00,26.3,97,0.1,3.3,34.5,36.9,45.1,21.0,27.7,433.0
Vasant Kunj,28.52,77.1577,2026-07-29 06:00:00,26.1,96,0.5,2.5,39.2,40.9,44.8,25.0,29.5,442.0
Vasant Kunj,28.52,77.1577,2026-07-29 07:00:00,26.0,97,2.0,5.8,38.1,39.8,44.1,31.0,31.9,482.0
Vasant Kunj,28.52,77.1577,2026-07-29 08:00:00,26.6,93,0.3,3.6,33.2,35.3,42.1,42.0,33.9,511.0
Vasant Kunj,28.52,77.1577,2026-07-29 09:00:00,27.8,86,0.4,1.9,30.6,32.6,37.6,62.0,34.9,507.0
Vasant Kunj,28.52,77.1577,2026-07-29 10:00:00,28.4,86,1.3,3.2,26.1,28.1,31.6,87.0,35.5,491.0
Vasant Kunj,28.52,77.1577,2026-07-29 11:00:00,31.1,73,0.3,0.9,24.4,26.8,26.5,112.0,36.0,486.0
Vasant Kunj,28.52,77.1577,2026-07-29 12:00:00,31.7,72,0.2,1.7,25.8,28.8,22.6,136.0,36.3,494.0
Vasant Kunj,28.52,77.1577,2026-07-29 13:00:00,32.1,72,0.1,3.1,28.3,32.0,19.5,159.0,36.5,513.0
Vasant Kunj,28.52,77.1577,2026-07-29 14:00:00,31.8,73,0.0,3.1,31.2,35.3,18.4,177.0,37.2,551.0
Vasant Kunj,28.52,77.1577,2026-07-29 15:00:00,32.3,71,0.0,1.7,34.7,40.6,17.7,191.0,38.6,563.0
Vasant Kunj,28.52,77.1577,2026-07-29 16:00:00,31.7,74,0.2,1.4,36.9,42.5,19.0,200.0,40.5,595.0
Vasant Kunj,28.52,77.1577,2026-07-29 17:00:00,31.8,76,0.3,6.0,43.1,54.0,12.3,161.0,17.1,797.0
Vasant Kunj,28.52,77.1577,2026-07-29 18:00:00,31.2,79,0.0,4.6,51.6,60.1,29.8,129.0,20.9,1384.0
Vasant Kunj,28.52,77.1577,2026-07-29 19:00:00,30.4,83,0.0,3.7,61.2,67.3,53.7,85.0,26.1,2142.0
Vasant Kunj,28.52,77.1577,2026-07-29 20:00:00,29.9,84,0.0,5.0,68.5,73.1,70.5,52.0,29.9,2574.0
Vasant Kunj,28.52,77.1577,2026-07-29 21:00:00,29.4,86,0.0,4.7,75.4,78.9,74.1,39.0,31.3,2383.0
Vasant Kunj,28.52,77.1577,2026-07-29 22:00:00,29.0,90,0.0,3.5,79.6,82.4,70.6,36.0,31.4,1866.0
Vasant Kunj,28.52,77.1577,2026-07-29 23:00:00,29.5,90,0.0,7.1,80.1,82.4,64.6,36.0,30.6,1421.0
Vasant Kunj,28.52,77.1577,2026-07-30 00:00:00,29.2,92,0.0,8.1,76.8,78.7,56.0,40.0,28.5,1194.0
Vasant Kunj,28.52,77.1577,2026-07-30 01:00:00,28.9,93,0.0,6.0,74.0,75.7,44.9,47.0,25.4,1039.0
Vasant Kunj,28.52,77.1577,2026-07-30 02:00:00,26.0,97,1.5,7.0,72.2,73.3,36.2,51.0,23.0,918.0
Vasant Kunj,28.52,77.1577,2026-07-30 03:00:00,26.3,99,0.6,4.5,70.3,71.2,32.2,48.0,21.7,829.0
Vasant Kunj,28.52,77.1577,2026-07-30 04:00:00,26.5,99,0.2,1.7,68.9,69.8,30.6,42.0,20.9,774.0
Vasant Kunj,28.52,77.1577,2026-07-30 05:00:00,28.3,95,0.0,0.4,69.2,69.6,35.1,57.0,20.7,724.0
Vasant Kunj,28.52,77.1577,2026-07-30 06:00:00,28.4,95,0.4,3.9,68.0,68.5,32.3,71.0,22.1,672.0
Vasant Kunj,28.52,77.1577,2026-07-30 07:00:00,27.9,93,0.7,11.3,57.4,58.0,28.2,91.0,23.8,623.0
Vasant Kunj,28.52,77.1577,2026-07-30 08:00:00,29.0,85,0.3,9.5,43.2,43.9,23.6,113.0,24.4,567.0
Vasant Kunj,28.52,77.1577,2026-07-30 09:00:00,30.3,78,0.1,6.5,46.7,48.1,18.1,137.0,22.6,485.0
Vasant Kunj,28.52,77.1577,2026-07-30 10:00:00,31.5,72,0.0,7.5,33.6,35.7,12.0,162.0,19.7,395.0
Vasant Kunj,28.52,77.1577,2026-07-30 11:00:00,32.7,63,0.0,7.4,31.3,32.7,7.6,182.0,17.3,336.0
Vasant Kunj,28.52,77.1577,2026-07-30 12:00:00,32.8,60,0.2,9.7,56.3,295.2,5.5,194.0,15.9,322.0
Vasant Kunj,28.52,77.1577,2026-07-30 13:00:00,31.9,67,0.9,7.5,46.3,178.3,5.0,201.0,15.1,340.0
Vasant Kunj,28.52,77.1577,2026-07-30 14:00:00,32.8,63,0.1,6.1,44.4,148.5,6.0,203.0,15.3,388.0
Vasant Kunj,28.52,77.1577,2026-07-30 15:00:00,33.1,61,0.1,6.3,40.3,108.7,8.4,201.0,17.1,490.0
Vasant Kunj,28.52,77.1577,2026-07-30 16:00:00,33.0,60,0.0,7.2,36.4,74.5,12.3,195.0,20.0,623.0
Vasant Kunj,28.52,77.1577,2026-07-30 17:00:00,30.2,79,0.0,7.6,34.8,40.9,16.3,150.0,15.3,711.0
Vasant Kunj,28.52,77.1577,2026-07-30 18:00:00,28.9,85,0.4,13.7,37.8,42.4,27.5,124.0,18.7,713.0
Vasant Kunj,28.52,77.1577,2026-07-30 19:00:00,28.5,86,0.0,7.5,43.1,48.3,42.5,89.0,23.2,671.0
Vasant Kunj,28.52,77.1577,2026-07-30 20:00:00,28.4,88,0.0,8.4,46.4,70.3,51.4,63.0,25.7,633.0
Vasant Kunj,28.52,77.1577,2026-07-30 21:00:00,28.4,89,0.0,8.4,48.5,88.5,48.3,57.0,24.3,621.0
Vasant Kunj,28.52,77.1577,2026-07-30 22:00:00,28.2,91,0.0,8.7,43.7,74.7,39.0,61.0,21.0,613.0
Vasant Kunj,28.52,77.1577,2026-07-30 23:00:00,28.5,91,0.0,11.2,38.9,61.2,30.6,65.0,18.1,594.0
Vasant Kunj,28.52,77.1577,2026-07-31 00:00:00,28.3,90,0.0,12.6,33.8,46.7,25.4,67.0,16.4,557.0
Vasant Kunj,28.52,77.1577,2026-07-31 01:00:00,28.2,89,0.0,11.9,29.2,34.9,21.2,69.0,15.1,509.0
Vasant Kunj,28.52,77.1577,2026-07-31 02:00:00,28.1,88,0.0,11.6,25.8,27.7,18.2,70.0,14.6,460.0
Vasant Kunj,28.52,77.1577,2026-07-31 03:00:00,28.0,87,0.0,12.3,23.4,24.1,17.0,67.0,15.3,403.0
Vasant Kunj,28.52,77.1577,2026-07-31 04:00:00,27.8,86,0.0,12.3,30.7,98.7,17.1,63.0,16.7,344.0
Vasant Kunj,28.52,77.1577,2026-07-31 05:00:00,28.0,84,0.0,14.0,30.9,107.1,17.4,61.0,17.4,311.0
Vasant Kunj,28.52,77.1577,2026-07-31 06:00:00,27.9,84,0.0,12.0,27.0,67.5,17.2,64.0,17.6,329.0
Vasant Kunj,28.52,77.1577,2026-07-31 07:00:00,28.5,82,0.0,12.3,52.2,281.3,16.9,68.0,17.8,373.0
Vasant Kunj,28.52,77.1577,2026-07-31 08:00:00,28.9,79,0.1,16.0,24.9,53.0,15.7,78.0,17.7,398.0
Vasant Kunj,28.52,77.1577,2026-07-31 09:00:00,29.5,77,0.2,16.0,19.6,27.1,12.9,98.0,16.9,379.0
Vasant Kunj,28.52,77.1577,2026-07-31 10:00:00,29.9,75,0.1,15.2,19.9,22.9,9.2,124.0,15.7,342.0
Vasant Kunj,28.52,77.1577,2026-07-31 11:00:00,30.6,71,0.1,13.7,20.5,21.4,6.6,143.0,14.6,316.0
Vasant Kunj,28.52,77.1577,2026-07-31 12:00:00,31.4,67,0.1,15.2,20.6,20.8,5.5,151.0,13.7,311.0
Vasant Kunj,28.52,77.1577,2026-07-31 13:00:00,31.8,64,0.3,15.3,20.3,27.6,5.5,151.0,12.9,316.0
Vasant Kunj,28.52,77.1577,2026-07-31 14:00:00,32.2,65,0.3,13.7,22.3,31.4,6.6,149.0,12.7,336.0
Vasant Kunj,28.52,77.1577,2026-07-31 15:00:00,32.0,66,0.2,13.4,20.4,26.4,9.2,144.0,13.5,377.0
Vasant Kunj,28.52,77.1577,2026-07-31 16:00:00,30.2,80,1.1,10.7,20.0,25.4,13.0,136.0,14.9,433.0
Vasant Kunj,28.52,77.1577,2026-07-31 17:00:00,31.1,74,0.1,7.1,31.2,31.7,17.0,127.0,15.1,479.0
Vasant Kunj,28.52,77.1577,2026-07-31 18:00:00,30.6,78,0.1,8.3,34.0,34.5,23.8,109.0,17.5,514.0
Vasant Kunj,28.52,77.1577,2026-07-31 19:00:00,29.7,82,0.0,8.9,35.9,36.2,32.9,85.0,20.6,539.0
Vasant Kunj,28.52,77.1577,2026-07-31 20:00:00,29.3,85,0.0,8.6,35.9,36.3,38.1,68.0,22.4,543.0
Vasant Kunj,28.52,77.1577,2026-07-31 21:00:00,28.8,84,0.3,11.7,34.2,34.8,35.8,64.0,21.3,511.0
Vasant Kunj,28.52,77.1577,2026-07-31 22:00:00,28.5,86,0.0,11.6,32.1,32.9,29.6,67.0,18.8,456.0
Vasant Kunj,28.52,77.1577,2026-07-31 23:00:00,27.7,92,0.0,9.8,30.2,31.0,24.1,69.0,17.0,406.0
Vasant Kunj,28.52,77.1577,2026-08-01 00:00:00,27.4,92,0.7,12.0,27.8,28.5,20.9,69.0,16.9,368.0
Vasant Kunj,28.52,77.1577,2026-08-01 01:00:00,27.0,94,0.4,10.5,35.0,107.1,18.5,68.0,17.5,334.0
Vasant Kunj,28.52,77.1577,2026-08-01 02:00:00,26.9,93,0.0,11.3,41.0,159.7,16.9,67.0,18.0,309.0
Vasant Kunj,28.52,77.1577,2026-08-01 03:00:00,26.9,92,0.0,11.6,44.7,190.9,16.4,64.0,18.0,290.0
Vasant Kunj,28.52,77.1577,2026-08-01 04:00:00,27.0,92,0.0,11.7,48.5,209.1,16.6,60.0,17.8,280.0
Vasant Kunj,28.52,77.1577,2026-08-01 05:00:00,26.5,97,0.1,9.6,27.0,27.9,17.4,59.0,18.1,292.0
Vasant Kunj,28.52,77.1577,2026-08-01 06:00:00,26.7,94,0.0,10.8,27.9,28.8,17.2,66.0,18.2,349.0
Vasant Kunj,28.52,77.1577,2026-08-01 07:00:00,26.8,93,0.3,13.3,28.7,29.6,16.7,76.0,18.3,427.0
Vasant Kunj,28.52,77.1577,2026-08-01 08:00:00,27.5,88,0.1,13.1,27.6,28.5,15.5,90.0,18.2,469.0
Vasant Kunj,28.52,77.1577,2026-08-01 09:00:00,29.3,78,0.2,14.3,25.3,25.9,12.6,111.0,17.8,440.0
Vasant Kunj,28.52,77.1577,2026-08-01 10:00:00,30.1,76,0.4,13.4,30.3,81.7,9.0,136.0,17.2,376.0
Vasant Kunj,28.52,77.1577,2026-08-01 11:00:00,31.3,71,0.1,12.6,26.1,39.0,6.4,155.0,16.8,325.0
Vasant Kunj,28.52,77.1577,2026-08-01 12:00:00,31.9,68,0.1,12.0,28.1,58.0,5.6,163.0,16.6,299.0
Vasant Kunj,28.52,77.1577,2026-08-01 13:00:00,32.0,68,0.2,13.2,26.8,34.3,5.9,166.0,16.6,287.0
Vasant Kunj,28.52,77.1577,2026-08-01 14:00:00,31.8,71,0.1,11.0,26.5,30.3,6.9,165.0,16.7,303.0
Vasant Kunj,28.52,77.1577,2026-08-01 15:00:00,31.1,76,0.3,10.2,26.1,28.1,8.2,164.0,17.0,357.0
Vasant Kunj,28.52,77.1577,2026-08-01 16:00:00,29.9,82,0.2,8.9,26.5,27.6,10.2,159.0,17.4,440.0
Vasant Kunj,28.52,77.1577,2026-08-01 17:00:00,30.3,77,1.6,11.0,39.2,84.8,15.9,143.0,15.2,539.0
Vasant Kunj,28.52,77.1577,2026-08-01 18:00:00,29.8,80,0.1,7.3,41.2,64.0,21.8,125.0,16.1,684.0
Vasant Kunj,28.52,77.1577,2026-08-01 19:00:00,29.2,85,0.0,8.5,39.8,48.5,29.7,101.0,17.4,845.0
Vasant Kunj,28.52,77.1577,2026-08-01 20:00:00,29.0,87,0.0,8.2,40.6,44.4,34.9,82.0,18.1,924.0
Vasant Kunj,28.52,77.1577,2026-08-01 21:00:00,29.0,88,0.0,9.0,41.9,43.2,34.9,74.0,17.9,856.0
Vasant Kunj,28.52,77.1577,2026-08-01 22:00:00,28.7,88,0.1,10.8,39.7,40.2,32.1,72.0,17.2,705.0
Vasant Kunj,28.52,77.1577,2026-08-01 23:00:00,27.2,90,0.0,13.9,36.7,36.8,28.9,71.0,16.6,570.0
Vasant Kunj,28.52,77.1577,2026-08-02 00:00:00,26.4,93,0.3,11.8,35.6,36.0,25.4,72.0,16.2,480.0
Vasant Kunj,28.52,77.1577,2026-08-02 01:00:00,26.3,95,0.4,9.7,36.0,36.4,21.5,74.0,15.9,406.0
Vasant Kunj,28.52,77.1577,2026-08-02 02:00:00,26.5,95,0.3,9.7,36.9,37.8,18.7,75.0,16.1,353.0
Vasant Kunj,28.52,77.1577,2026-08-02 03:00:00,26.4,96,0.1,7.6,38.1,39.6,18.1,71.0,17.2,325.0
Vasant Kunj,28.52,77.1577,2026-08-02 04:00:00,26.4,96,0.0,7.3,39.1,40.9,18.7,66.0,18.8,318.0
Vasant Kunj,28.52,77.1577,2026-08-02 05:00:00,26.8,97,0.0,10.8,43.3,44.8,22.0,58.0,20.2,333.0
Vasant Kunj,28.52,77.1577,2026-08-02 06:00:00,26.2,98,0.4,11.8,44.2,46.0,20.8,67.0,21.9,391.0
Vasant Kunj,28.52,77.1577,2026-08-02 07:00:00,26.6,97,0.3,7.6,43.0,45.4,19.0,81.0,24.2,471.0
Vasant Kunj,28.52,77.1577,2026-08-02 08:00:00,28.2,90,0.0,9.2,38.3,58.6,16.6,100.0,25.3,508.0
Vasant Kunj,28.52,77.1577,2026-08-02 09:00:00,30.0,79,0.0,10.1,38.2,62.9,12.9,128.0,24.2,458.0
Vasant Kunj,28.52,77.1577,2026-08-02 10:00:00,31.3,72,0.1,9.2,36.2,50.3,8.5,162.0,21.8,363.0
Vasant Kunj,28.52,77.1577,2026-08-02 11:00:00,32.5,65,0.1,7.6,35.5,44.8,5.3,185.0,19.5,291.0
Vasant Kunj,28.52,77.1577,2026-08-02 12:00:00,33.5,58,0.1,8.2,33.3,39.8,3.9,192.0,17.5,265.0
Vasant Kunj,28.52,77.1577,2026-08-02 13:00:00,32.6,61,0.5,12.4,32.5,37.4,3.6,190.0,15.6,261.0
Vasant Kunj,28.52,77.1577,2026-08-02 14:00:00,31.7,69,0.6,10.1,32.5,36.0,4.5,183.0,14.2,268.0
Vasant Kunj,28.52,77.1577,2026-08-02 15:00:00,32.1,69,0.0,8.8,32.0,34.3,6.4,171.0,13.6,272.0
Vasant Kunj,28.52,77.1577,2026-08-02 16:00:00,31.8,71,0.0,9.6,29.6,31.3,9.4,154.0,13.6,286.0
Vasant Kunj,28.52,77.1577,2026-08-02 17:00:00,27.4,96,0.0,3.6,23.5,24.5,13.0,121.0,12.3,341.0
Vasant Kunj,28.52,77.1577,2026-08-02 18:00:00,28.0,95,0.8,8.1,28.8,29.7,18.2,106.0,13.6,476.0
Vasant Kunj,28.52,77.1577,2026-08-02 19:00:00,27.4,95,0.3,7.1,32.4,33.2,25.4,85.0,15.4,652.0
Vasant Kunj,28.52,77.1577,2026-08-02 20:00:00,27.4,95,0.1,6.9,32.7,33.5,30.1,69.0,16.7,778.0
Vasant Kunj,28.52,77.1577,2026-08-02 21:00:00,27.5,95,0.0,7.2,32.7,33.9,30.5,63.0,17.4,821.0
Vasant Kunj,28.52,77.1577,2026-08-02 22:00:00,27.5,96,0.0,8.2,34.0,35.6,28.4,62.0,17.7,814.0
Vasant Kunj,28.52,77.1577,2026-08-02 23:00:00,28.2,96,0.0,7.0,32.5,34.7,25.5,63.0,17.3,767.0
Vasant Kunj,28.52,77.1577,2026-08-03 00:00:00,28.1,95,0.0,6.6,27.9,30.5,21.4,67.0,15.5,659.0
Vasant Kunj,28.52,77.1577,2026-08-03 01:00:00,28.0,94,0.0,7.6,24.3,28.2,16.4,74.0,12.9,510.0
Vasant Kunj,28.52,77.1577,2026-08-03 02:00:00,27.5,94,0.0,9.7,21.0,24.3,13.0,77.0,11.1,396.0
Vasant Kunj,28.52,77.1577,2026-08-03 03:00:00,27.1,96,0.0,8.5,18.7,21.9,12.5,73.0,10.6,344.0
Vasant Kunj,28.52,77.1577,2026-08-03 04:00:00,27.0,97,0.0,8.2,17.8,20.6,13.6,66.0,10.9,326.0
Vasant Kunj,28.52,77.1577,2026-08-03 05:00:00,27.1,97,0.4,8.1,31.4,32.8,22.4,39.0,13.2,330.0
Vasant Kunj,28.52,77.1577,2026-08-03 06:00:00,27.4,97,0.1,7.3,34.5,36.0,21.8,47.0,14.6,370.0
Vasant Kunj,28.52,77.1577,2026-08-03 07:00:00,27.9,94,0.0,7.6,35.0,36.6,20.8,58.0,16.4,434.0
Vasant Kunj,28.52,77.1577,2026-08-03 08:00:00,28.3,88,0.2,4.2,31.0,32.1,18.9,74.0,17.5,468.0
Vasant Kunj,28.52,77.1577,2026-08-03 09:00:00,29.3,85,0.1,4.2,28.3,29.0,15.3,98.0,17.3,443.0
Vasant Kunj,28.52,77.1577,2026-08-03 10:00:00,30.2,82,0.1,5.6,26.0,26.4,10.8,126.0,16.4,389.0
Vasant Kunj,28.52,77.1577,2026-08-03 11:00:00,31.3,75,0.2,8.0,25.5,25.7,7.7,146.0,15.4,347.0
Vasant Kunj,28.52,77.1577,2026-08-03 12:00:00,31.9,74,0.3,8.7,25.3,25.5,6.6,153.0,14.3,322.0
Vasant Kunj,28.52,77.1577,2026-08-03 13:00:00,31.9,72,0.0,8.0,24.2,24.3,6.8,153.0,13.0,310.0
Vasant Kunj,28.52,77.1577,2026-08-03 14:00:00,30.4,80,1.1,9.3,24.4,24.4,8.4,147.0,12.0,334.0
Vasant Kunj,28.52,77.1577,2026-08-03 15:00:00,29.7,84,0.7,6.8,24.4,24.5,11.0,136.0,11.0,416.0
Vasant Kunj,28.52,77.1577,2026-08-03 16:00:00,29.3,86,0.3,7.2,22.8,22.9,15.0,120.0,10.3,535.0
Vasant Kunj,28.52,77.1577,2026-08-03 17:00:00,31.7,77,0.0,8.3,37.1,37.6,18.3,113.0,10.6,651.0
Vasant Kunj,28.52,77.1577,2026-08-03 18:00:00,28.9,88,0.0,8.8,38.5,38.9,28.8,94.0,13.0,766.0
Vasant Kunj,28.52,77.1577,2026-08-03 19:00:00,27.4,96,4.0,6.2,46.7,47.0,43.2,68.0,16.4,877.0
Vasant Kunj,28.52,77.1577,2026-08-03 20:00:00,26.9,97,2.9,8.1,50.4,50.6,53.0,48.0,18.9,939.0
Vasant Kunj,28.52,77.1577,2026-08-03 21:00:00,27.2,96,1.5,1.4,53.4,53.7,54.4,41.0,19.8,927.0
Vasant Kunj,28.52,77.1577,2026-08-03 22:00:00,27.0,96,1.5,4.8,54.1,54.2,51.3,41.0,19.8,866.0
Vasant Kunj,28.52,77.1577,2026-08-03 23:00:00,26.9,98,0.4,6.4,48.0,48.3,46.5,43.0,19.3,784.0
Vasant Kunj,28.52,77.1577,2026-08-04 00:00:00,26.5,98,1.8,8.5,42.1,42.4,39.9,47.0,18.1,676.0
Vasant Kunj,28.52,77.1577,2026-08-04 01:00:00,26.3,99,0.8,7.3,35.7,36.0,31.6,54.0,16.4,548.0
Vasant Kunj,28.52,77.1577,2026-08-04 02:00:00,26.4,98,0.3,8.2,26.5,26.7,25.3,58.0,15.0,442.0
Vasant Kunj,28.52,77.1577,2026-08-04 03:00:00,26.4,99,0.1,8.2,20.6,20.7,22.4,58.0,14.4,365.0
Vasant Kunj,28.52,77.1577,2026-08-04 04:00:00,26.4,98,0.1,5.4,21.8,22.1,21.3,55.0,14.1,311.0
Vasant Kunj,28.52,77.1577,2026-08-04 05:00:00,26.3,98,0.0,11.0,19.3,19.6,16.4,67.0,10.9,302.0
Vasant Kunj,28.52,77.1577,2026-08-04 06:00:00,26.1,99,2.0,7.4,14.5,15.0,17.6,68.0,11.9,378.0
Vasant Kunj,28.52,77.1577,2026-08-04 07:00:00,26.5,97,1.4,3.9,13.9,14.3,19.1,71.0,13.3,499.0
Vasant Kunj,28.52,77.1577,2026-08-04 08:00:00,26.9,95,1.0,5.7,13.4,13.7,19.5,77.0,14.6,574.0
Vasant Kunj,28.52,77.1577,2026-08-04 09:00:00,28.0,90,0.4,3.7,14.4,14.8,17.9,90.0,15.9,531.0
Vasant Kunj,28.52,77.1577,2026-08-04 10:00:00,29.0,86,0.3,2.1,15.1,15.7,15.2,106.0,17.1,443.0
Vasant Kunj,28.52,77.1577,2026-08-04 11:00:00,27.8,92,0.7,6.0,15.6,16.3,13.0,120.0,17.9,428.0
Vasant Kunj,28.52,77.1577,2026-08-04 12:00:00,27.4,96,0.9,4.9,16.1,16.9,11.4,129.0,17.6,570.0
Vasant Kunj,28.52,77.1577,2026-08-04 13:00:00,28.2,92,0.5,5.8,17.2,18.1,10.3,135.0,16.9,787.0
Vasant Kunj,28.52,77.1577,2026-08-04 14:00:00,28.8,89,0.5,5.5,18.0,18.9,11.3,137.0,17.0,952.0
Vasant Kunj,28.52,77.1577,2026-08-04 15:00:00,29.2,84,0.3,5.9,19.7,20.5,14.4,134.0,18.7,976.0
Vasant Kunj,28.52,77.1577,2026-08-04 16:00:00,29.4,83,0.0,5.7,24.2,25.1,19.5,126.0,21.2,948.0
Vasant Kunj,28.52,77.1577,2026-08-04 17:00:00,27.3,97,0.0,3.2,24.7,25.0,37.2,105.0,33.3,1005.0
Vasant Kunj,28.52,77.1577,2026-08-04 18:00:00,27.2,97,1.4,3.7,30.4,30.7,48.7,86.0,35.9,1288.0
Vasant Kunj,28.52,77.1577,2026-08-04 19:00:00,27.1,97,0.9,1.8,39.8,40.0,64.6,59.0,39.6,1655.0
Vasant Kunj,28.52,77.1577,2026-08-04 20:00:00,26.9,98,0.5,3.6,49.7,49.9,76.4,38.0,42.2,1820.0
Vasant Kunj,28.52,77.1577,2026-08-04 21:00:00,26.9,98,0.5,1.8,57.3,57.4,80.9,27.0,43.0,1584.0
Vasant Kunj,28.52,77.1577,2026-08-04 22:00:00,26.7,98,0.4,2.7,63.1,63.3,81.3,22.0,42.8,1146.0
Vasant Kunj,28.52,77.1577,2026-08-04 23:00:00,27.2,99,0.2,1.5,62.9,63.3,79.1,19.0,41.9,815.0
Vasant Kunj,28.52,77.1577,2026-08-05 00:00:00,27.1,99,0.0,0.7,59.0,59.3,72.9,20.0,39.6,727.0
Vasant Kunj,28.52,77.1577,2026-08-05 01:00:00,27.1,99,0.0,1.5,54.5,54.7,64.1,24.0,36.6,746.0
Vasant Kunj,28.52,77.1577,2026-08-05 02:00:00,26.8,96,0.2,3.4,52.4,52.5,58.3,26.0,35.3,773.0
Vasant Kunj,28.52,77.1577,2026-08-05 03:00:00,26.6,98,0.1,3.6,51.3,51.5,58.9,23.0,37.2,769.0
Vasant Kunj,28.52,77.1577,2026-08-05 04:00:00,26.6,94,0.0,3.1,53.0,53.2,62.4,18.0,40.8,772.0
Vasant Kunj,28.52,77.1577,2026-08-05 05:00:00,26.7,96,0.1,3.8,78.0,78.2,78.4,10.0,62.6,800.0
Vasant Kunj,28.52,77.1577,2026-08-05 06:00:00,26.3,96,0.7,5.4,80.3,80.6,71.4,20.0,60.5,893.0
Vasant Kunj,28.52,77.1577,2026-08-05 07:00:00,26.9,95,0.0,3.8,64.7,65.2,61.3,37.0,57.3,1012.0
Vasant Kunj,28.52,77.1577,2026-08-05 08:00:00,27.8,89,0.0,2.9,58.2,59.1,50.6,65.0,53.8,1052.0
Vasant Kunj,28.52,77.1577,2026-08-05 09:00:00,29.6,79,0.0,4.5,48.3,49.7,38.8,116.0,50.0,943.0
Vasant Kunj,28.52,77.1577,2026-08-05 10:00:00,31.0,71,0.0,5.5,41.3,43.3,26.3,178.0,45.8,756.0
Vasant Kunj,28.52,77.1577,2026-08-05 11:00:00,30.6,74,0.0,5.3,43.7,45.9,16.7,224.0,41.1,604.0
Vasant Kunj,28.52,77.1577,2026-08-05 12:00:00,30.1,76,0.0,6.1,46.0,48.2,11.6,240.0,35.3,522.0
Vasant Kunj,28.52,77.1577,2026-08-05 13:00:00,31.0,69,0.0,6.7,47.3,49.2,9.3,239.0,29.0,474.0
Vasant Kunj,28.52,77.1577,2026-08-05 14:00:00,31.4,67,0.0,7.9,50.8,71.0,8.9,230.0,24.2,471.0
Vasant Kunj,28.52,77.1577,2026-08-05 15:00:00,32.0,64,0.0,7.2,43.5,50.9,10.0,215.0,21.9,527.0
Vasant Kunj,28.52,77.1577,2026-08-05 16:00:00,31.9,66,0.0,5.0,40.0,45.5,12.9,193.0,21.0,628.0
Vasant Kunj,28.52,77.1577,2026-08-05 17:00:00,29.6,84,0.0,7.8,47.7,97.1,23.0,138.0,18.5,736.0
Vasant Kunj,28.52,77.1577,2026-08-05 18:00:00,28.6,88,0.3,5.4,54.1,85.0,32.6,112.0,18.6,837.0
Vasant Kunj,28.52,77.1577,2026-08-05 19:00:00,28.2,90,0.3,5.6,56.7,75.9,45.8,77.0,18.8,945.0
Vasant Kunj,28.52,77.1577,2026-08-05 20:00:00,27.6,94,0.3,8.5,53.0,67.3,55.9,48.0,19.2,1065.0
Vasant Kunj,28.52,77.1577,2026-08-05 21:00:00,27.3,95,0.0,3.6,51.3,64.7,60.7,32.0,20.3,1232.0
Vasant Kunj,28.52,77.1577,2026-08-05 22:00:00,27.2,98,0.0,4.8,53.1,67.1,62.4,22.0,21.6,1411.0
Vasant Kunj,28.52,77.1577,2026-08-05 23:00:00,27.3,99,0.1,3.2,59.4,75.0,60.7,19.0,21.9,1506.0
Vasant Kunj,28.52,77.1577,2026-08-06 00:00:00,27.5,97,3.1,3.5,61.7,76.4,53.7,24.0,20.2,1464.0
Vasant Kunj,28.52,77.1577,2026-08-06 01:00:00,27.0,99,1.0,1.4,50.5,64.5,43.4,36.0,17.4,1337.0
Vasant Kunj,28.52,77.1577,2026-08-06 02:00:00,26.9,99,0.3,2.5,44.7,56.2,35.1,44.0,15.4,1189.0
Vasant Kunj,28.52,77.1577,2026-08-06 03:00:00,26.9,99,0.0,4.6,42.5,55.3,30.8,45.0,14.5,1007.0
Vasant Kunj,28.52,77.1577,2026-08-06 04:00:00,26.7,98,0.0,8.8,42.4,55.3,28.5,43.0,14.3,804.0
Vasant Kunj,28.52,77.1577,2026-08-06 05:00:00,27.0,95,0.0,6.0,47.5,60.5,35.6,35.0,23.3,678.0
Vasant Kunj,28.52,77.1577,2026-08-06 06:00:00,27.3,94,0.5,2.7,50.1,62.2,39.8,36.0,29.1,697.0
Vasant Kunj,28.52,77.1577,2026-08-06 07:00:00,27.3,92,0.3,7.3,56.8,67.8,45.4,38.0,37.1,794.0
Vasant Kunj,28.52,77.1577,2026-08-06 08:00:00,27.0,93,1.3,6.9,58.2,65.0,47.9,48.0,42.8,865.0
Vasant Kunj,28.52,77.1577,2026-08-06 09:00:00,26.8,90,1.0,4.2,56.2,59.8,44.1,72.0,44.0,872.0
Vasant Kunj,28.52,77.1577,2026-08-06 10:00:00,26.9,88,1.4,1.0,56.1,59.8,37.2,102.0,42.9,852.0
Vasant Kunj,28.52,77.1577,2026-08-06 11:00:00,26.8,87,0.4,4.1,48.4,52.3,32.1,126.0,42.4,816.0
Vasant Kunj,28.52,77.1577,2026-08-06 12:00:00,27.6,82,0.4,3.7,42.7,46.8,29.9,138.0,43.5,750.0
Vasant Kunj,28.52,77.1577,2026-08-06 13:00:00,27.5,82,0.3,6.6,46.0,51.7,29.5,143.0,45.1,667.0
Vasant Kunj,28.52,77.1577,2026-08-06 14:00:00,27.4,82,0.2,7.4,50.6,65.9,33.1,139.0,46.7,618.0
Vasant Kunj,28.52,77.1577,2026-08-06 15:00:00,27.2,82,0.2,6.0,51.3,66.6,43.1,124.0,48.3,614.0
Vasant Kunj,28.52,77.1577,2026-08-06 16:00:00,27.5,81,0.0,6.4,57.4,73.1,57.1,100.0,49.8,645.0
Vasant Kunj,28.52,77.1577,2026-08-06 17:00:00,27.4,88,0.0,8.0,43.8,47.0,66.8,67.0,36.8,726.0
Vasant Kunj,28.52,77.1577,2026-08-06 18:00:00,27.2,91,0.4,7.6,43.4,45.1,73.6,53.0,38.9,918.0
Vasant Kunj,28.52,77.1577,2026-08-06 19:00:00,26.9,93,0.1,6.2,43.9,44.8,82.8,35.0,41.7,1160.0
Vasant Kunj,28.52,77.1577,2026-08-06 20:00:00,26.8,93,0.0,5.8,46.3,47.1,88.6,20.0,43.5,1291.0
Vasant Kunj,28.52,77.1577,2026-08-06 21:00:00,26.7,94,0.0,6.3,47.3,48.0,88.9,12.0,43.8,1214.0
Vasant Kunj,28.52,77.1577,2026-08-06 22:00:00,26.6,94,0.0,5.1,46.9,48.0,85.8,8.0,43.1,1027.0
Vasant Kunj,28.52,77.1577,2026-08-06 23:00:00,26.5,95,0.0,9.5,45.5,47.0,79.6,9.0,40.8,856.0
Vasant Kunj,28.52,77.1577,2026-08-07 00:00:00,25.8,98,0.8,8.3,41.4,43.1,69.1,16.0,36.0,748.0
Vasant Kunj,28.52,77.1577,2026-08-07 01:00:00,25.5,98,1.7,3.8,36.2,37.6,55.5,28.0,29.6,657.0
Vasant Kunj,28.52,77.1577,2026-08-07 02:00:00,25.5,99,0.7,4.9,32.0,32.4,43.4,39.0,24.0,574.0
Vasant Kunj,28.52,77.1577,2026-08-07 03:00:00,25.7,98,0.0,5.2,28.4,28.6,33.1,49.0,19.5,480.0
Vasant Kunj,28.52,77.1577,2026-08-07 04:00:00,25.7,95,0.0,6.1,24.9,24.9,24.2,59.0,15.8,395.0
Vasant Kunj,28.52,77.1577,2026-08-07 05:00:00,25.6,96,1.7,9.3,24.7,24.7,21.5,60.0,18.5,369.0
Vasant Kunj,28.52,77.1577,2026-08-07 06:00:00,25.3,96,1.4,5.0,26.0,26.1,25.3,60.0,20.8,457.0
Vasant Kunj,28.52,77.1577,2026-08-07 07:00:00,25.6,95,3.9,7.0,30.2,30.3,30.2,62.0,23.8,604.0
Vasant Kunj,28.52,77.1577,2026-08-07 08:00:00,26.2,96,1.8,8.5,36.3,36.4,32.0,69.0,25.6,699.0
Vasant Kunj,28.52,77.1577,2026-08-07 09:00:00,26.3,97,2.2,10.0,48.7,48.8,27.4,88.0,24.9,685.0
Vasant Kunj,28.52,77.1577,2026-08-07 10:00:00,26.6,95,4.3,12.1,30.7,31.0,19.8,112.0,23.0,620.0
Vasant Kunj,28.52,77.1577,2026-08-07 11:00:00,27.4,92,0.8,10.1,23.6,23.9,14.5,129.0,21.2,563.0
Vasant Kunj,28.52,77.1577,2026-08-07 12:00:00,26.0,96,14.3,14.8,21.9,22.2,13.4,133.0,19.8,520.0
Vasant Kunj,28.52,77.1577,2026-08-07 13:00:00,26.9,95,2.9,15.4,20.8,21.2,14.7,130.0,18.5,486.0
Vasant Kunj,28.52,77.1577,2026-08-07 14:00:00,27.7,93,1.2,12.8,23.9,24.2,18.7,123.0,18.1,508.0
Vasant Kunj,28.52,77.1577,2026-08-07 15:00:00,29.1,85,0.2,12.3,26.3,26.6,26.3,112.0,19.0,645.0
Vasant Kunj,28.52,77.1577,2026-08-07 16:00:00,27.9,89,1.3,12.1,28.8,29.1,36.6,97.0,20.8,838.0
Vasant Kunj,28.52,77.1577,2026-08-07 17:00:00,27.0,93,7.3,10.8,41.9,42.7,40.0,81.0,19.0,953.0
Vasant Kunj,28.52,77.1577,2026-08-07 18:00:00,26.4,94,1.7,10.2,43.8,44.5,43.0,75.0,19.4,916.0
Vasant Kunj,28.52,77.1577,2026-08-07 19:00:00,26.0,96,0.6,11.4,42.3,43.1,46.9,66.0,20.1,801.0
Vasant Kunj,28.52,77.1577,2026-08-07 20:00:00,26.2,95,0.2,11.1,42.5,43.3,48.8,59.0,20.8,701.0
Vasant Kunj,28.52,77.1577,2026-08-07 21:00:00,25.6,97,0.7,14.0,43.4,44.1,47.1,56.0,21.8,650.0
Vasant Kunj,28.52,77.1577,2026-08-07 22:00:00,25.2,97,2.0,11.1,44.2,44.8,43.4,54.0,22.9,613.0
Vasant Kunj,28.52,77.1577,2026-08-07 23:00:00,25.2,97,9.9,12.2,44.6,45.2,39.3,53.0,23.2,578.0
Vasant Kunj,28.52,77.1577,2026-08-08 00:00:00,25.5,96,1.3,9.3,43.2,43.9,34.9,53.0,22.1,542.0
Vasant Kunj,28.52,77.1577,2026-08-08 01:00:00,25.7,96,0.2,11.9,42.5,43.2,30.1,55.0,20.2,508.0
Vasant Kunj,28.52,77.1577,2026-08-08 02:00:00,25.1,97,0.9,9.7,42.6,43.4,26.5,55.0,19.0,475.0
Vasant Kunj,28.52,77.1577,2026-08-08 03:00:00,24.6,99,2.1,8.5,43.2,44.0,25.3,51.0,19.1,428.0
Vasant Kunj,28.52,77.1577,2026-08-08 04:00:00,24.6,99,4.3,8.3,44.2,44.9,25.4,46.0,19.9,383.0
Vasant Kunj,28.52,77.1577,2026-08-08 05:00:00,25.5,97,0.3,9.7,36.4,38.0,20.6,54.0,17.4,386.0
Vasant Kunj,28.52,77.1577,2026-08-08 06:00:00,25.2,97,2.4,12.1,37.0,38.5,20.7,60.0,18.3,494.0
Vasant Kunj,28.52,77.1577,2026-08-08 07:00:00,25.5,96,0.9,11.0,38.1,40.2,20.7,69.0,19.5,650.0
Vasant Kunj,28.52,77.1577,2026-08-08 08:00:00,27.0,93,0.3,7.2,35.7,38.0,19.4,82.0,19.5,729.0
Vasant Kunj,28.52,77.1577,2026-08-08 09:00:00,29.1,86,0.2,9.0,27.4,30.9,15.4,102.0,17.3,651.0
Vasant Kunj,28.52,77.1577,2026-08-08 10:00:00,30.5,79,0.1,13.4,23.9,27.4,10.1,125.0,14.0,496.0
Vasant Kunj,28.52,77.1577,2026-08-08 11:00:00,28.9,82,0.7,15.7,25.8,29.6,6.4,142.0,11.6,379.0
Vasant Kunj,28.52,77.1577,2026-08-08 12:00:00,31.3,75,0.2,12.6,24.9,27.9,5.5,149.0,11.1,341.0
Vasant Kunj,28.52,77.1577,2026-08-08 13:00:00,29.3,80,1.2,16.2,27.6,30.2,6.3,150.0,11.6,340.0
Vasant Kunj,28.52,77.1577,2026-08-08 14:00:00,30.9,74,0.2,8.6,29.3,31.8,7.9,149.0,12.3,368.0
Vasant Kunj,28.52,77.1577,2026-08-08 15:00:00,32.0,68,0.1,9.1,26.9,28.5,9.0,150.0,12.7,422.0
Vasant Kunj,28.52,77.1577,2026-08-08 16:00:00,30.1,78,0.6,11.5,27.9,29.3,11.0,150.0,13.3,505.0
Vasant Kunj,28.52,77.1577,2026-08-08 17:00:00,30.3,79,1.0,8.7,35.0,44.0,17.9,135.0,13.1,615.0
Vasant Kunj,28.52,77.1577,2026-08-08 18:00:00,29.4,84,0.2,6.0,41.6,52.4,29.1,112.0,15.5,782.0
Vasant Kunj,28.52,77.1577,2026-08-08 19:00:00,28.7,87,0.1,6.9,46.7,61.7,44.2,81.0,18.7,978.0
Vasant Kunj,28.52,77.1577,2026-08-08 20:00:00,28.5,89,0.0,5.5,52.5,70.3,53.3,60.0,20.8,1111.0
Vasant Kunj,28.52,77.1577,2026-08-08 21:00:00,28.3,91,0.0,7.7,53.2,71.7,50.7,58.0,20.8,1151.0
Vasant Kunj,28.52,77.1577,2026-08-08 22:00:00,28.1,91,0.0,6.3,49.2,66.1,42.1,65.0,19.8,1130.0
Vasant Kunj,28.52,77.1577,2026-08-08 23:00:00,28.7,90,0.0,2.3,46.9,58.4,34.7,70.0,18.7,1051.0
Vasant Kunj,28.52,77.1577,2026-08-09 00:00:00,28.4,89,0.3,3.6,46.8,53.9,31.3,68.0,17.8,881.0
Vasant Kunj,28.52,77.1577,2026-08-09 01:00:00,27.9,91,0.3,4.1,47.0,51.1,29.1,63.0,16.9,654.0
Vasant Kunj,28.52,77.1577,2026-08-09 02:00:00,27.7,89,0.2,3.1,45.5,47.5,27.3,59.0,16.4,478.0
Vasant Kunj,28.52,77.1577,2026-08-09 03:00:00,25.9,96,1.4,8.2,43.4,44.2,25.8,55.0,16.4,394.0
Vasant Kunj,28.52,77.1577,2026-08-09 04:00:00,25.5,96,0.6,9.2,42.8,43.3,24.7,51.0,16.9,362.0
Vasant Kunj,28.52,77.1577,2026-08-09 05:00:00,25.5,98,0.1,2.1,52.6,54.0,31.8,45.0,17.3,367.0
Vasant Kunj,28.52,77.1577,2026-08-09 06:00:00,25.9,98,0.3,3.0,50.8,51.6,27.8,60.0,18.7,434.0
Vasant Kunj,28.52,77.1577,2026-08-09 07:00:00,27.2,94,0.0,2.8,49.5,49.7,22.1,83.0,20.6,540.0
Vasant Kunj,28.52,77.1577,2026-08-09 08:00:00,28.9,87,0.0,5.2,37.5,37.6,16.8,107.0,21.5,595.0
Vasant Kunj,28.52,77.1577,2026-08-09 09:00:00,30.4,79,0.1,7.9,33.8,34.0,12.2,134.0,20.4,548.0
Vasant Kunj,28.52,77.1577,2026-08-09 10:00:00,31.3,76,0.1,8.6,32.0,32.1,8.1,163.0,18.4,451.0
Vasant Kunj,28.52,77.1577,2026-08-09 11:00:00,31.5,72,0.0,9.4,31.3,31.5,5.1,185.0,16.7,375.0
Vasant Kunj,28.52,77.1577,2026-08-09 12:00:00,32.5,66,0.3,8.0,31.1,31.3,3.8,195.0,15.8,342.0
Vasant Kunj,28.52,77.1577,2026-08-09 13:00:00,33.1,63,0.0,6.8,36.1,57.4,3.8,197.0,15.3,329.0
Vasant Kunj,28.52,77.1577,2026-08-09 14:00:00,33.7,60,0.0,6.3,35.5,51.9,4.4,198.0,15.4,342.0
Vasant Kunj,28.52,77.1577,2026-08-09 15:00:00,33.8,60,0.0,2.7,33.3,43.5,3.2,203.0,15.9,355.0
Vasant Kunj,28.52,77.1577,2026-08-09 16:00:00,33.6,60,0.0,3.6,31.5,39.1,2.7,206.0,16.9,393.0
Vasant Kunj,28.52,77.1577,2026-08-09 17:00:00,32.3,68,0.3,4.2,40.4,40.6,10.7,170.0,16.2,533.0
Vasant Kunj,28.52,77.1577,2026-08-09 18:00:00,31.3,78,0.0,2.4,49.9,50.2,34.4,134.0,22.8,884.0
Vasant Kunj,28.52,77.1577,2026-08-09 19:00:00,30.3,84,0.0,4.5,67.8,68.0,67.1,85.0,31.8,1336.0
Vasant Kunj,28.52,77.1577,2026-08-09 20:00:00,29.8,85,0.0,4.7,86.4,86.6,91.9,45.0,38.7,1638.0
Vasant Kunj,28.52,77.1577,2026-08-09 21:00:00,29.5,84,0.0,4.9,104.1,104.3,103.7,24.0,42.0,1656.0
Vasant Kunj,28.52,77.1577,2026-08-09 22:00:00,29.3,82,0.0,5.6,115.5,115.7,107.6,12.0,43.0,1525.0
Vasant Kunj,28.52,77.1577,2026-08-09 23:00:00,28.7,82,0.0,6.7,114.6,114.6,102.1,11.0,41.3,1393.0
Vasant Kunj,28.52,77.1577,2026-08-10 00:00:00,28.8,85,0.1,3.4,95.2,95.2,81.1,25.0,34.9,1312.0
Vasant Kunj,28.52,77.1577,2026-08-10 01:00:00,28.6,84,0.4,3.0,67.5,67.8,50.9,49.0,25.7,1231.0
Vasant Kunj,28.52,77.1577,2026-08-10 02:00:00,26.7,93,0.5,8.7,54.7,54.8,28.3,65.0,18.7,1145.0
Vasant Kunj,28.52,77.1577,2026-08-10 03:00:00,26.9,94,0.0,3.8,49.6,49.7,21.8,64.0,15.9,1041.0
Vasant Kunj,28.52,77.1577,2026-08-10 04:00:00,27.0,95,0.0,6.5,47.3,47.4,22.9,56.0,15.4,930.0
Vasant Kunj,28.52,77.1577,2026-08-10 05:00:00,26.9,93,0.0,10.7,32.8,33.1,16.8,75.0,14.5,847.0
Vasant Kunj,28.52,77.1577,2026-08-10 06:00:00,26.3,94,0.1,10.5,28.9,29.0,18.8,74.0,15.1,818.0
Vasant Kunj,28.52,77.1577,2026-08-10 07:00:00,26.7,94,0.4,6.3,26.1,26.3,21.4,74.0,15.9,816.0
Vasant Kunj,28.52,77.1577,2026-08-10 08:00:00,28.0,88,0.0,7.6,25.5,25.7,22.3,83.0,17.2,788.0
Vasant Kunj,28.52,77.1577,2026-08-10 09:00:00,29.6,82,0.0,7.7,24.1,24.3,19.8,109.0,19.1,700.0
Vasant Kunj,28.52,77.1577,2026-08-10 10:00:00,31.0,76,0.0,5.7,26.4,26.5,15.5,144.0,21.4,588.0
Vasant Kunj,28.52,77.1577,2026-08-10 11:00:00,32.8,65,0.0,6.8,28.2,29.8,12.6,171.0,23.9,503.0
Vasant Kunj,28.52,77.1577,2026-08-10 12:00:00,33.0,64,0.1,6.1,29.3,32.6,11.8,184.0,26.6,459.0
Vasant Kunj,28.52,77.1577,2026-08-10 13:00:00,32.2,69,0.0,7.8,33.1,49.5,12.3,190.0,29.4,442.0
Vasant Kunj,28.52,77.1577,2026-08-10 14:00:00,27.5,96,5.5,6.6,36.1,43.0,14.6,187.0,31.7,470.0
Vasant Kunj,28.52,77.1577,2026-08-10 15:00:00,28.9,87,0.6,1.0,37.6,43.1,18.9,175.0,33.3,557.0
Vasant Kunj,28.52,77.1577,2026-08-10 16:00:00,29.1,84,0.2,2.1,41.1,45.1,25.0,156.0,34.4,687.0
Vasant Kunj,28.52,77.1577,2026-08-10 17:00:00,29.1,91,0.1,6.2,54.9,58.3,31.7,140.0,25.6,834.0
Vasant Kunj,28.52,77.1577,2026-08-10 18:00:00,28.9,93,0.9,6.9,63.6,64.0,39.1,119.0,28.3,1029.0
Vasant Kunj,28.52,77.1577,2026-08-10 19:00:00,28.5,94,0.1,7.2,66.6,66.8,49.2,91.0,31.9,1241.0
Vasant Kunj,28.52,77.1577,2026-08-10 20:00:00,28.2,94,0.0,5.4,72.2,72.2,55.7,68.0,34.0,1341.0
Vasant Kunj,28.52,77.1577,2026-08-10 21:00:00,27.9,96,0.2,6.3,76.4,76.4,55.9,56.0,33.3,1245.0
Vasant Kunj,28.52,77.1577,2026-08-10 22:00:00,27.8,96,0.1,5.8,80.1,80.3,52.5,49.0,31.0,1039.0
Vasant Kunj,28.52,77.1577,2026-08-10 23:00:00,27.8,96,0.0,7.0,76.4,76.6,47.7,46.0,28.4,848.0
Vasant Kunj,28.52,77.1577,2026-08-11 00:00:00,27.5,96,0.2,10.2,69.4,69.6,41.1,48.0,25.4,711.0
Vasant Kunj,28.52,77.1577,2026-08-11 01:00:00,27.2,97,0.0,9.2,63.1,63.3,33.0,54.0,22.1,591.0
Vasant Kunj,28.52,77.1577,2026-08-11 02:00:00,27.0,97,0.1,9.7,58.9,59.4,26.6,59.0,19.7,501.0
Vasant Kunj,28.52,77.1577,2026-08-11 03:00:00,26.9,97,0.2,9.5,54.6,54.9,23.3,59.0,18.8,450.0
Vasant Kunj,28.52,77.1577,2026-08-11 04:00:00,26.6,95,0.2,9.7,50.2,50.5,21.7,57.0,18.9,430.0
Vasant Kunj,28.52,77.1577,2026-08-11 05:00:00,26.4,97,0.4,9.3,47.1,47.3,19.2,61.0,21.0,427.0
Vasant Kunj,28.52,77.1577,2026-08-11 06:00:00,26.5,97,0.0,7.9,46.1,46.2,22.7,58.0,20.6,449.0
Vasant Kunj,28.52,77.1577,2026-08-11 07:00:00,27.3,91,0.0,9.2,42.1,42.4,27.4,55.0,20.0,489.0
Vasant Kunj,28.52,77.1577,2026-08-11 08:00:00,28.4,86,0.0,7.7,44.4,44.6,29.1,61.0,19.5,514.0
Vasant Kunj,28.52,77.1577,2026-08-11 09:00:00,29.3,83,0.0,7.1,42.6,42.8,25.2,85.0,19.4,502.0
Vasant Kunj,28.52,77.1577,2026-08-11 10:00:00,30.1,81,0.1,5.4,39.1,39.3,18.4,118.0,19.4,475.0
Vasant Kunj,28.52,77.1577,2026-08-11 11:00:00,30.5,77,0.3,2.9,35.6,36.0,13.1,145.0,19.2,461.0
Vasant Kunj,28.52,77.1577,2026-08-11 12:00:00,28.2,85,0.9,6.7,35.0,35.4,10.3,161.0,18.5,467.0
Vasant Kunj,28.52,77.1577,2026-08-11 13:00:00,27.9,91,2.2,6.4,32.9,33.3,8.9,171.0,17.7,486.0
Vasant Kunj,28.52,77.1577,2026-08-11 14:00:00,28.4,91,1.2,5.2,33.3,33.6,10.1,172.0,17.3,529.0
Vasant Kunj,28.52,77.1577,2026-08-11 15:00:00,29.9,83,0.4,5.6,32.1,32.4,13.9,163.0,16.9,580.0
Vasant Kunj,28.52,77.1577,2026-08-11 16:00:00,30.4,78,0.1,5.1,32.8,33.2,20.3,146.0,16.9,655.0
Vasant Kunj,28.52,77.1577,2026-08-11 17:00:00,30.1,78,0.1,4.3,41.2,41.3,32.0,109.0,16.4,813.0
Vasant Kunj,28.52,77.1577,2026-08-11 18:00:00,29.6,83,0.0,3.1,45.9,46.0,47.4,88.0,22.0,1121.0
Vasant Kunj,28.52,77.1577,2026-08-11 19:00:00,28.8,89,0.2,1.8,57.4,57.5,68.8,59.0,29.8,1511.0
Vasant Kunj,28.52,77.1577,2026-08-11 20:00:00,28.5,92,0.7,3.1,70.5,70.8,86.3,35.0,37.0,1846.0
Vasant Kunj,28.52,77.1577,2026-08-11 21:00:00,28.3,94,0.1,2.3,78.7,78.7,96.0,21.0,42.8,2104.0
Vasant Kunj,28.52,77.1577,2026-08-11 22:00:00,27.8,97,0.0,3.5,92.0,92.2,101.8,11.0,48.0,2307.0
Vasant Kunj,28.52,77.1577,2026-08-11 23:00:00,28.1,93,0.0,4.8,106.6,106.9,105.1,5.0,51.3,2374.0
Vasant Kunj,28.52,77.1577,2026-08-12 00:00:00,27.9,94,0.0,3.5,109.2,109.2,105.7,2.0,51.8,2245.0
Vasant Kunj,28.52,77.1577,2026-08-12 01:00:00,27.9,94,0.0,0.3,111.3,111.5,103.8,1.0,50.4,1981.0
Vasant Kunj,28.52,77.1577,2026-08-12 02:00:00,27.4,96,0.0,2.9,114.6,114.6,101.0,1.0,49.3,1687.0
Vasant Kunj,28.52,77.1577,2026-08-12 03:00:00,27.2,96,0.0,4.6,106.6,106.6,98.7,0.0,48.7,1350.0
Vasant Kunj,28.52,77.1577,2026-08-12 04:00:00,27.0,96,0.0,3.3,98.0,98.3,95.6,0.0,48.4,982.0
Vasant Kunj,28.52,77.1577,2026-08-12 05:00:00,27.2,97,0.0,2.2,83.8,83.8,81.2,2.0,44.3,729.0
Vasant Kunj,28.52,77.1577,2026-08-12 06:00:00,27.3,97,0.0,3.6,83.6,83.6,71.7,19.0,49.0,686.0
Vasant Kunj,28.52,77.1577,2026-08-12 07:00:00,28.4,92,0.0,2.6,75.0,75.0,58.2,45.0,55.3,757.0
Vasant Kunj,28.52,77.1577,2026-08-12 08:00:00,29.9,82,0.0,3.1,51.0,51.1,45.4,77.0,58.2,798.0
Vasant Kunj,28.52,77.1577,2026-08-12 09:00:00,31.0,74,0.1,4.0,40.0,40.3,34.2,120.0,55.0,743.0
Vasant Kunj,28.52,77.1577,2026-08-12 10:00:00,31.8,70,0.2,3.1,40.5,40.9,23.7,170.0,48.4,657.0
Vasant Kunj,28.52,77.1577,2026-08-12 11:00:00,32.9,64,0.4,4.7,43.4,43.9,15.7,212.0,42.4,597.0
Vasant Kunj,28.52,77.1577,2026-08-12 12:00:00,33.3,62,0.2,4.4,45.6,46.2,10.9,241.0,37.8,583.0
Vasant Kunj,28.52,77.1577,2026-08-12 13:00:00,33.7,61,0.2,2.9,47.0,47.5,8.6,263.0,33.6,593.0
Vasant Kunj,28.52,77.1577,2026-08-12 14:00:00,34.0,60,0.1,1.7,47.5,48.0,8.2,276.0,30.9,623.0
Vasant Kunj,28.52,77.1577,2026-08-12 15:00:00,34.2,60,0.0,0.3,47.5,48.0,7.7,286.0,30.0,604.0
Vasant Kunj,28.52,77.1577,2026-08-12 16:00:00,34.1,61,0.0,0.7,48.3,48.7,9.1,288.0,30.5,603.0
Vasant Kunj,28.52,77.1577,2026-08-12 17:00:00,32.8,70,0.1,5.2,38.9,39.8,22.2,210.0,26.9,818.0
Vasant Kunj,28.52,77.1577,2026-08-12 18:00:00,28.8,93,0.9,9.9,50.2,50.9,25.5,185.0,25.1,1553.0
Vasant Kunj,28.52,77.1577,2026-08-12 19:00:00,27.8,96,0.0,12.5,52.7,53.1,30.1,149.0,22.5,2504.0
Vasant Kunj,28.52,77.1577,2026-08-12 20:00:00,27.5,94,0.1,1.1,37.8,38.0,33.2,119.0,20.1,2953.0
Vasant Kunj,28.52,77.1577,2026-08-12 21:00:00,27.6,95,0.0,5.2,31.2,31.3,33.6,99.0,18.1,2404.0
Vasant Kunj,28.52,77.1577,2026-08-12 22:00:00,27.5,95,0.0,6.1,33.1,33.2,32.5,85.0,16.4,1354.0
Vasant Kunj,28.52,77.1577,2026-08-12 23:00:00,29.1,89,0.0,5.4,34.8,34.9,31.1,74.0,14.9,569.0
Vasant Kunj,28.52,77.1577,2026-08-13 00:00:00,28.6,90,0.0,3.8,35.4,35.5,29.5,69.0,13.8,392.0
Vasant Kunj,28.52,77.1577,2026-08-13 01:00:00,28.4,90,0.0,3.6,33.5,33.5,27.6,67.0,12.9,481.0
Vasant Kunj,28.52,77.1577,2026-08-13 02:00:00,28.2,90,0.0,5.9,32.0,32.1,26.0,66.0,12.4,580.0
Vasant Kunj,28.52,77.1577,2026-08-13 03:00:00,27.9,92,0.0,6.9,29.3,29.5,24.6,62.0,12.0,603.0
Vasant Kunj,28.52,77.1577,2026-08-13 04:00:00,27.5,94,0.0,4.8,29.9,30.0,23.5,58.0,12.0,635.0
Vasant Kunj,28.52,77.1577,2026-08-13 05:00:00,26.1,97,0.0,6.7,38.2,38.3,39.0,36.0,18.0,675.0
Vasant Kunj,28.52,77.1577,2026-08-13 06:00:00,26.3,95,0.8,9.6,39.5,39.5,37.1,51.0,19.7,745.0
Vasant Kunj,28.52,77.1577,2026-08-13 07:00:00,27.6,95,0.0,8.3,35.6,35.6,34.1,72.0,22.0,823.0
Vasant Kunj,28.52,77.1577,2026-08-13 08:00:00,29.8,83,0.0,3.8,37.1,37.1,29.8,100.0,24.1,844.0
Vasant Kunj,28.52,77.1577,2026-08-13 09:00:00,31.6,76,0.0,2.3,39.3,52.7,23.0,140.0,26.1,759.0
Vasant Kunj,28.52,77.1577,2026-08-13 10:00:00,32.8,70,0.0,0.3,38.0,40.7,14.8,186.0,27.9,617.0
Vasant Kunj,28.52,77.1577,2026-08-13 11:00:00,33.2,69,0.1,2.4,37.1,38.9,8.7,220.0,28.2,502.0
Vasant Kunj,28.52,77.1577,2026-08-13 12:00:00,32.1,73,0.3,0.9,36.4,37.7,5.9,233.0,25.7,436.0
Vasant Kunj,28.52,77.1577,2026-08-13 13:00:00,30.8,77,2.2,6.6,35.6,36.7,5.2,233.0,21.8,398.0
Vasant Kunj,28.52,77.1577,2026-08-13 14:00:00,32.0,74,0.3,1.5,34.5,35.4,6.0,227.0,18.6,404.0
Vasant Kunj,28.52,77.1577,2026-08-13 15:00:00,33.1,68,0.1,5.4,35.0,57.7,5.2,218.0,16.5,450.0
Vasant Kunj,28.52,77.1577,2026-08-13 16:00:00,32.8,70,0.1,6.8,36.9,82.0,6.0,202.0,15.3,540.0
Vasant Kunj,28.52,77.1577,2026-08-13 17:00:00,30.3,87,0.0,6.3,37.5,44.0,17.5,172.0,18.6,709.0
Vasant Kunj,28.52,77.1577,2026-08-13 18:00:00,30.4,86,0.0,2.7,46.6,51.8,37.5,135.0,22.4,1022.0
Vasant Kunj,28.52,77.1577,2026-08-13 19:00:00,29.8,90,0.0,1.9,54.5,60.1,64.7,84.0,27.5,1414.0
Vasant Kunj,28.52,77.1577,2026-08-13 20:00:00,29.5,92,0.0,3.8,62.6,69.2,82.2,46.0,30.8,1718.0
Vasant Kunj,28.52,77.1577,2026-08-13 21:00:00,29.6,90,0.0,4.0,73.3,80.8,81.1,36.0,30.5,1900.0
Vasant Kunj,28.52,77.1577,2026-08-13 22:00:00,29.6,88,0.0,5.4,74.5,80.1,70.3,39.0,28.3,1995.0
Vasant Kunj,28.52,77.1577,2026-08-13 23:00:00,30.0,88,0.0,3.4,66.8,70.3,59.9,43.0,26.0,1936.0
Vasant Kunj,28.52,77.1577,2026-08-14 00:00:00,29.4,89,0.0,4.6,64.3,66.4,52.6,43.0,23.9,1613.0
Vasant Kunj,28.52,77.1577,2026-08-14 01:00:00,29.0,89,0.0,4.3,62.6,64.3,45.7,43.0,21.6,1137.0
Vasant Kunj,28.52,77.1577,2026-08-14 02:00:00,28.7,89,0.0,5.6,62.4,63.8,40.7,42.0,19.6,775.0
Vasant Kunj,28.52,77.1577,2026-08-14 03:00:00,28.4,90,0.0,5.7,62.4,63.8,39.2,35.0,18.0,646.0
Vasant Kunj,28.52,77.1577,2026-08-14 04:00:00,28.2,91,0.0,5.6,62.6,63.8,39.8,27.0,16.7,631.0
Vasant Kunj,28.52,77.1577,2026-08-14 05:00:00,26.6,97,0.2,2.9,55.1,60.8,43.8,23.0,16.2,638.0
Vasant Kunj,28.52,77.1577,2026-08-14 06:00:00,26.8,97,1.3,3.6,47.6,58.6,41.3,30.0,17.0,654.0
Vasant Kunj,28.52,77.1577,2026-08-14 07:00:00,27.4,95,1.1,3.9,43.5,61.9,37.6,40.0,18.1,692.0
Vasant Kunj,28.52,77.1577,2026-08-14 08:00:00,27.9,88,0.4,6.6,43.7,65.0,33.7,54.0,19.3,704.0
Vasant Kunj,28.52,77.1577,2026-08-14 09:00:00,28.3,89,0.4,4.7,39.5,69.2,29.2,75.0,20.5,658.0
Vasant Kunj,28.52,77.1577,2026-08-14 10:00:00,29.6,81,0.1,2.7,39.5,67.3,24.4,100.0,21.9,585.0
Vasant Kunj,28.52,77.1577,2026-08-14 11:00:00,30.2,81,0.2,4.9,37.3,59.5,20.8,119.0,22.9,531.0
Vasant Kunj,28.52,77.1577,2026-08-14 12:00:00,30.6,81,0.6,3.1,35.7,54.1,19.0,129.0,23.4,508.0
Vasant Kunj,28.52,77.1577,2026-08-14 13:00:00,30.3,83,0.4,2.9,33.2,48.4,18.5,135.0,23.7,505.0
Vasant Kunj,28.52,77.1577,2026-08-14 14:00:00,30.6,81,0.4,3.9,32.0,45.2,19.2,137.0,24.2,531.0
Vasant Kunj,28.52,77.1577,2026-08-14 15:00:00,26.9,94,6.0,2.6,32.0,43.5,20.5,138.0,25.0,606.0
Vasant Kunj,28.52,77.1577,2026-08-14 16:00:00,27.2,94,1.6,2.6,31.4,40.5,22.9,137.0,26.0,711.0
Vasant Kunj,28.52,77.1577,2026-08-14 17:00:00,30.0,80,0.2,5.0,48.0,62.9,35.8,143.0,46.9,802.0
Vasant Kunj,28.52,77.1577,2026-08-14 18:00:00,29.3,84,0.0,4.3,54.5,64.5,57.3,109.0,49.2,870.0
Vasant Kunj,28.52,77.1577,2026-08-14 19:00:00,28.6,88,0.0,5.5,68.5,78.0,86.6,62.0,52.2,925.0
Vasant Kunj,28.52,77.1577,2026-08-14 20:00:00,28.2,89,0.0,6.1,88.7,98.0,106.2,27.0,53.5,953.0
Vasant Kunj,28.52,77.1577,2026-08-14 21:00:00,27.7,92,0.0,3.1,100.1,109.4,106.6,15.0,51.5,947.0
Vasant Kunj,28.52,77.1577,2026-08-14 22:00:00,27.5,93,0.0,4.0,103.4,111.8,97.2,14.0,47.8,914.0
Vasant Kunj,28.52,77.1577,2026-08-14 23:00:00,27.7,91,0.0,4.2,103.1,110.8,88.9,14.0,44.2,866.0
Vasant Kunj,28.52,77.1577,2026-08-15 00:00:00,27.5,93,0.0,2.3,105.5,113.4,85.3,11.0,41.1,794.0
Vasant Kunj,28.52,77.1577,2026-08-15 01:00:00,27.2,94,0.0,2.5,109.2,117.1,82.9,8.0,38.2,706.0
Vasant Kunj,28.52,77.1577,2026-08-15 02:00:00,27.0,95,0.0,2.7,109.4,117.1,81.7,6.0,36.3,635.0
Vasant Kunj,28.52,77.1577,2026-08-15 03:00:00,26.9,95,0.0,4.1,111.8,120.1,84.2,0.0,35.9,580.0
Vasant Kunj,28.52,77.1577,2026-08-15 04:00:00,26.8,95,0.0,3.4,115.9,124.3,88.1,0.0,36.6,543.0
Vasant Kunj,28.52,77.1577,2026-08-15 05:00:00,26.3,97,0.0,8.3,76.8,87.8,38.9,36.0,25.9,561.0
Vasant Kunj,28.52,77.1577,2026-08-15 06:00:00,26.5,98,0.9,3.9,77.5,89.2,37.1,46.0,27.0,694.0
Vasant Kunj,28.52,77.1577,2026-08-15 07:00:00,26.9,97,0.3,1.8,70.1,82.9,34.3,63.0,28.6,883.0
Vasant Kunj,28.52,77.1577,2026-08-15 08:00:00,27.9,93,0.2,3.3,53.8,67.8,30.5,87.0,29.7,981.0
Vasant Kunj,28.52,77.1577,2026-08-15 09:00:00,28.9,87,0.0,2.7,46.9,60.8,24.7,127.0,30.1,900.0
Vasant Kunj,28.52,77.1577,2026-08-15 10:00:00,30.2,81,0.0,1.5,46.1,58.9,17.8,176.0,30.1,730.0
Vasant Kunj,28.52,77.1577,2026-08-15 11:00:00,31.9,71,0.1,8.2,48.0,59.5,12.8,212.0,29.6,592.0
Vasant Kunj,28.52,77.1577,2026-08-15 12:00:00,32.1,72,0.5,7.4,49.2,59.6,10.6,228.0,28.5,531.0
Vasant Kunj,28.52,77.1577,2026-08-15 13:00:00,31.0,79,0.7,9.8,48.1,56.9,10.2,231.0,26.9,502.0
Vasant Kunj,28.52,77.1577,2026-08-15 14:00:00,31.7,76,0.8,5.4,45.8,53.7,11.3,228.0,25.5,495.0
Vasant Kunj,28.52,77.1577,2026-08-15 15:00:00,32.4,70,0.1,7.2,44.9,52.2,13.5,220.0,24.6,486.0
Vasant Kunj,28.52,77.1577,2026-08-15 16:00:00,32.3,67,0.0,7.2,43.2,50.1,17.2,205.0,24.0,499.0
Vasant Kunj,28.52,77.1577,2026-08-15 17:00:00,31.6,74,0.0,8.9,45.3,82.7,19.3,192.0,26.2,593.0
Vasant Kunj,28.52,77.1577,2026-08-15 18:00:00,30.9,80,0.0,4.9,53.9,87.1,39.8,150.0,27.8,871.0
Vasant Kunj,28.52,77.1577,2026-08-15 19:00:00,30.3,84,0.0,4.8,71.2,107.1,67.8,92.0,30.0,1230.0
Vasant Kunj,28.52,77.1577,2026-08-15 20:00:00,29.9,85,0.0,4.0,82.0,115.5,85.9,48.0,30.7,1421.0
Vasant Kunj,28.52,77.1577,2026-08-15 21:00:00,29.4,86,0.0,5.0,85.0,118.3,85.3,34.0,28.9,1295.0
Vasant Kunj,28.52,77.1577,2026-08-15 22:00:00,29.0,87,0.0,4.1,82.9,118.7,74.8,34.0,25.7,1001.0
Vasant Kunj,28.52,77.1577,2026-08-15 23:00:00,28.8,88,0.0,7.4,74.5,112.7,64.0,34.0,22.3,743.0
Vasant Kunj,28.52,77.1577,2026-08-16 00:00:00,28.6,91,0.0,8.1,63.3,101.0,55.2,30.0,18.5,580.0
Vasant Kunj,28.52,77.1577,2026-08-16 01:00:00,28.4,89,0.0,8.7,54.1,90.6,46.1,26.0,14.5,452.0
Vasant Kunj,28.52,77.1577,2026-08-16 02:00:00,28.3,88,0.0,7.6,47.8,78.9,39.1,24.0,11.7,384.0
Vasant Kunj,28.52,77.1577,2026-08-16 03:00:00,26.8,94,1.0,8.5,39.8,60.8,35.7,22.0,10.7,414.0
Vasant Kunj,28.52,77.1577,2026-08-16 04:00:00,26.7,95,0.3,8.0,38.2,54.5,34.3,21.0,10.9,503.0
Vasant Kunj,28.52,77.1577,2026-08-16 05:00:00,27.6,87,0.0,12.3,41.8,155.1,16.5,46.0,8.5,559.0
Vasant Kunj,28.52,77.1577,2026-08-16 06:00:00,27.8,85,0.0,10.3,46.6,165.8,16.6,46.0,9.4,539.0
Vasant Kunj,28.52,77.1577,2026-08-16 07:00:00,28.2,84,0.2,9.3,50.2,166.2,16.6,47.0,10.7,486.0
Vasant Kunj,28.52,77.1577,2026-08-16 08:00:00,29.3,79,0.0,9.6,50.9,162.5,15.6,55.0,11.7,431.0
Vasant Kunj,28.52,77.1577,2026-08-16 09:00:00,30.5,73,0.0,10.3,145.8,1128.8,12.7,76.0,12.2,382.0
Vasant Kunj,28.52,77.1577,2026-08-16 10:00:00,31.7,69,0.0,9.5,258.0,2116.0,8.8,103.0,12.5,331.0
Vasant Kunj,28.52,77.1577,2026-08-16 11:00:00,32.5,66,0.0,9.2,273.8,2190.5,5.8,125.0,12.8,293.0
Vasant Kunj,28.52,77.1577,2026-08-16 12:00:00,32.9,64,0.1,8.1,126.7,746.9,4.2,138.0,13.0,268.0
Vasant Kunj,28.52,77.1577,2026-08-16 13:00:00,33.1,64,0.3,6.8,95.5,495.5,3.6,146.0,13.2,256.0
Vasant Kunj,28.52,77.1577,2026-08-16 14:00:00,32.9,64,0.1,7.9,96.6,547.6,4.6,147.0,13.4,269.0
Vasant Kunj,28.52,77.1577,2026-08-16 15:00:00,33.0,64,0.0,9.1,90.3,484.3,7.7,140.0,13.4,315.0
Vasant Kunj,28.52,77.1577,2026-08-16 16:00:00,32.9,65,0.0,9.3,87.1,438.7,12.6,127.0,13.4,386.0
Vasant Kunj,28.52,77.1577,2026-08-16 17:00:00,31.7,74,0.1,5.2,152.3,998.4,16.7,95.0,11.6,472.0
Vasant Kunj,28.52,77.1577,2026-08-16 18:00:00,31.0,81,0.0,2.7,127.6,597.9,26.2,76.0,13.6,597.0
Vasant Kunj,28.52,77.1577,2026-08-16 19:00:00,30.0,85,0.0,4.7,115.7,440.5,39.1,50.0,16.4,737.0
Vasant Kunj,28.52,77.1577,2026-08-16 20:00:00,29.3,87,0.0,5.7,99.2,305.5,48.3,31.0,18.4,814.0
Vasant Kunj,28.52,77.1577,2026-08-16 21:00:00,29.0,86,0.0,7.5,80.3,204.9,50.1,24.0,18.6,776.0
Vasant Kunj,28.52,77.1577,2026-08-16 22:00:00,28.9,86,0.0,6.7,64.5,132.7,48.2,23.0,17.9,674.0
Vasant Kunj,28.52,77.1577,2026-08-16 23:00:00,28.9,87,0.0,5.1,64.5,120.1,45.7,24.0,17.8,587.0
Vasant Kunj,28.52,77.1577,2026-08-17 00:00:00,28.4,87,0.0,7.1,61.7,123.9,43.0,25.0,18.9,549.0
Vasant Kunj,28.52,77.1577,2026-08-17 01:00:00,28.4,84,0.0,8.0,63.1,124.3,39.8,28.0,20.4,526.0
Vasant Kunj,28.52,77.1577,2026-08-17 02:00:00,27.9,86,0.0,7.2,63.8,119.2,38.5,28.0,21.7,492.0
Vasant Kunj,28.52,77.1577,2026-08-17 03:00:00,27.6,84,0.0,8.8,65.7,115.0,41.6,20.0,22.5,422.0
Vasant Kunj,28.52,77.1577,2026-08-17 04:00:00,27.4,82,0.0,9.6,68.9,122.5,46.6,10.0,22.9,341.0
Vasant Kunj,28.52,77.1577,2026-08-17 05:00:00,28.0,80,0.0,12.7,39.9,115.9,21.8,33.0,10.9,304.0
Vasant Kunj,28.52,77.1577,2026-08-17 06:00:00,27.8,80,0.0,12.1,36.7,115.5,20.0,37.0,10.5,363.0
Vasant Kunj,28.52,77.1577,2026-08-17 07:00:00,28.4,79,0.0,11.7,32.0,88.7,17.4,44.0,10.0,466.0
Vasant Kunj,28.52,77.1577,2026-08-17 08:00:00,29.4,76,0.0,11.8,29.7,74.7,14.7,55.0,9.8,512.0
Vasant Kunj,28.52,77.1577,2026-08-17 09:00:00,30.2,74,0.0,10.3,36.1,91.5,11.7,73.0,10.2,435.0
Vasant Kunj,28.52,77.1577,2026-08-17 10:00:00,31.3,71,0.0,10.2,178.3,1527.4,8.5,96.0,10.8,301.0
Vasant Kunj,28.52,77.1577,2026-08-17 11:00:00,32.3,65,0.0,11.3,253.3,2123.4,6.1,115.0,11.3,205.0
Vasant Kunj,28.52,77.1577,2026-08-17 12:00:00,32.9,64,0.0,9.9,130.4,875.4,4.4,128.0,11.3,175.0
Vasant Kunj,28.52,77.1577,2026-08-17 13:00:00,33.0,65,0.0,8.5,85.4,463.8,3.5,138.0,11.2,184.0
Vasant Kunj,28.52,77.1577,2026-08-17 14:00:00,28.9,84,0.0,7.6,68.5,327.8,4.4,140.0,11.0,243.0
Vasant Kunj,28.52,77.1577,2026-08-17 15:00:00,29.7,81,0.1,7.5,58.9,251.5,6.7,133.0,10.6,355.0
Vasant Kunj,28.52,77.1577,2026-08-17 16:00:00,30.0,81,0.0,9.0,51.3,191.9,10.7,120.0,10.3,517.0
Vasant Kunj,28.52,77.1577,2026-08-17 17:00:00,30.1,81,0.3,5.4,44.9,124.8,18.5,101.0,10.9,730.0
Vasant Kunj,28.52,77.1577,2026-08-17 18:00:00,29.6,85,0.1,1.8,44.9,93.6,33.7,74.0,13.4,1083.0
Vasant Kunj,28.52,77.1577,2026-08-17 19:00:00,29.1,89,3.1,6.5,50.9,88.9,52.6,42.0,16.9,1488.0
Vasant Kunj,28.52,77.1577,2026-08-17 20:00:00,28.6,91,0.1,1.3,57.4,85.2,66.2,19.0,19.9,1676.0
Vasant Kunj,28.52,77.1577,2026-08-17 21:00:00,24.9,97,0.0,11.9,57.0,82.7,70.5,11.0,22.3,1464.0
Vasant Kunj,28.52,77.1577,2026-08-17 22:00:00,25.1,96,0.0,3.7,53.9,76.4,69.5,12.0,24.2,1035.0
Vasant Kunj,28.52,77.1577,2026-08-17 23:00:00,25.1,99,0.0,4.4,51.3,67.1,66.1,14.0,24.7,677.0
Vasant Kunj,28.52,77.1577,2026-08-18 00:00:00,25.0,98,0.0,7.9,44.9,56.7,60.2,17.0,22.7,495.0
Vasant Kunj,28.52,77.1577,2026-08-18 01:00:00,24.9,98,0.0,7.9,43.1,52.4,51.9,22.0,19.2,384.0
Vasant Kunj,28.52,77.1577,2026-08-18 02:00:00,25.0,98,0.2,6.1,39.7,47.7,44.3,26.0,16.5,314.0
Vasant Kunj,28.52,77.1577,2026-08-18 03:00:00,25.0,98,0.1,3.7,16.5,19.6,38.3,29.0,15.5,281.0
Vasant Kunj,28.52,77.1577,2026-08-18 04:00:00,24.9,99,0.0,3.9,16.0,20.4,33.0,31.0,15.2,289.0
Vasant Kunj,28.52,77.1577,2026-08-18 05:00:00,24.9,99,0.0,3.0,21.0,26.1,28.7,35.0,14.9,319.0
Vasant Kunj,28.52,77.1577,2026-08-18 06:00:00,25.1,98,0.5,2.4,24.4,29.8,26.0,39.0,14.4,390.0
Vasant Kunj,28.52,77.1577,2026-08-18 07:00:00,25.9,98,0.1,0.8,28.7,40.5,24.2,44.0,13.9,483.0
Vasant Kunj,28.52,77.1577,2026-08-18 08:00:00,26.7,93,0.0,3.8,32.0,63.6,21.6,56.0,13.7,523.0
Vasant Kunj,28.52,77.1577,2026-08-18 09:00:00,28.5,84,0.0,4.0,37.0,103.6,16.8,79.0,13.8,458.0
Vasant Kunj,28.52,77.1577,2026-08-18 10:00:00,30.2,76,0.1,6.6,46.0,157.9,11.3,109.0,14.1,340.0
Vasant Kunj,28.52,77.1577,2026-08-18 11:00:00,31.2,71,0.1,5.0,58.2,226.8,7.2,134.0,14.4,254.0
Vasant Kunj,28.52,77.1577,2026-08-18 12:00:00,31.6,70,0.4,3.5,64.3,249.6,5.4,151.0,14.8,230.0
Vasant Kunj,28.52,77.1577,2026-08-18 13:00:00,32.1,68,0.4,3.5,64.3,242.1,5.2,163.0,15.4,238.0
Vasant Kunj,28.52,77.1577,2026-08-18 14:00:00,32.5,66,0.3,3.1,63.1,231.9,6.3,167.0,15.6,274.0
Vasant Kunj,28.52,77.1577,2026-08-18 15:00:00,32.5,66,0.2,4.5,60.3,214.7,7.3,162.0,15.0,316.0
Vasant Kunj,28.52,77.1577,2026-08-18 16:00:00,32.0,68,0.2,5.3,58.7,204.0,9.7,150.0,14.1,386.0
Vasant Kunj,28.52,77.1577,2026-08-18 17:00:00,31.1,72,0.2,4.5,56.0,176.0,17.7,131.0,14.5,548.0
Vasant Kunj,28.52,77.1577,2026-08-18 18:00:00,28.3,84,0.0,11.2,62.2,143.4,36.8,99.0,17.2,936.0
Vasant Kunj,28.52,77.1577,2026-08-18 19:00:00,26.1,97,0.0,2.9,75.2,154.1,61.4,61.0,21.1,1416.0
Vasant Kunj,28.52,77.1577,2026-08-18 20:00:00,26.5,97,0.0,3.4,79.9,161.6,79.3,32.0,25.1,1651.0
Vasant Kunj,28.52,77.1577,2026-08-18 21:00:00,26.5,98,0.0,7.2,85.0,156.5,84.9,21.0,29.2,1405.0
Vasant Kunj,28.52,77.1577,2026-08-18 22:00:00,26.4,96,0.1,6.4,93.8,158.3,83.6,21.0,33.3,914.0
Vasant Kunj,28.52,77.1577,2026-08-18 23:00:00,26.3,96,0.2,8.0,84.1,133.6,79.6,22.0,35.6,546.0
Vasant Kunj,28.52,77.1577,2026-08-19 00:00:00,26.0,97,0.0,7.2,78.5,120.6,71.9,24.0,34.7,474.0
Vasant Kunj,28.52,77.1577,2026-08-19 01:00:00,25.8,97,0.0,4.4,76.1,114.8,61.5,27.0,32.1,525.0
Vasant Kunj,28.52,77.1577,2026-08-19 02:00:00,25.7,96,0.0,3.8,79.2,112.5,54.8,28.0,29.9,554.0
Vasant Kunj,28.52,77.1577,2026-08-19 03:00:00,25.7,96,0.0,5.0,84.5,117.8,56.9,20.0,29.3,487.0
Vasant Kunj,28.52,77.1577,2026-08-19 04:00:00,25.7,95,0.0,7.7,88.5,123.9,62.8,9.0,29.1,397.0
Vasant Kunj,28.52,77.1577,2026-08-19 05:00:00,25.7,96,0.0,6.5,89.9,123.9,63.8,6.0,28.4,359.0
Vasant Kunj,28.52,77.1577,2026-08-19 06:00:00,25.8,97,0.0,7.9,81.0,115.9,54.9,14.0,26.3,426.0
Vasant Kunj,28.52,77.1577,2026-08-19 07:00:00,26.7,93,0.0,5.8,61.0,102.9,41.2,30.0,23.7,544.0
Vasant Kunj,28.52,77.1577,2026-08-19 08:00:00,28.0,87,0.0,5.8,54.2,114.6,29.2,53.0,21.7,624.0
Vasant Kunj,28.52,77.1577,2026-08-19 09:00:00,29.6,79,0.0,5.4,54.0,149.0,20.9,89.0,20.9,619.0
Vasant Kunj,28.52,77.1577,2026-08-19 10:00:00,30.8,73,0.0,4.9,97.3,577.4,14.3,134.0,20.6,575.0
Vasant Kunj,28.52,77.1577,2026-08-19 11:00:00,31.8,71,0.0,3.1,116.6,720.8,9.5,170.0,20.5,541.0
Vasant Kunj,28.52,77.1577,2026-08-19 12:00:00,32.3,69,0.2,3.4,93.6,463.8,6.3,195.0,20.4,525.0
Vasant Kunj,28.52,77.1577,2026-08-19 13:00:00,32.6,70,0.2,3.5,82.4,350.2,4.8,213.0,20.4,520.0
Vasant Kunj,28.52,77.1577,2026-08-19 14:00:00,32.8,70,0.2,2.6,77.8,309.2,5.6,217.0,20.0,549.0
Vasant Kunj,28.52,77.1577,2026-08-19 15:00:00,32.5,72,0.3,5.3,90.3,438.7,9.0,202.0,18.7,603.0
Vasant Kunj,28.52,77.1577,2026-08-19 16:00:00,30.9,78,0.2,6.7,80.3,350.2,14.7,173.0,17.1,693.0
Vasant Kunj,28.52,77.1577,2026-08-19 17:00:00,27.9,92,0.0,3.7,64.7,208.6,22.3,144.0,16.5,872.0
Vasant Kunj,28.52,77.1577,2026-08-19 18:00:00,26.8,98,0.0,1.4,66.4,167.2,33.3,116.0,17.6,1251.0
Vasant Kunj,28.52,77.1577,2026-08-19 19:00:00,26.8,98,0.0,1.2,73.1,165.3,46.2,87.0,19.6,1721.0
Vasant Kunj,28.52,77.1577,2026-08-19 20:00:00,26.7,98,2.7,5.2,65.7,129.0,56.0,65.0,22.2,2006.0
Vasant Kunj,28.52,77.1577,2026-08-19 21:00:00,26.7,98,1.1,7.9,66.1,116.9,61.1,53.0,25.7,1959.0
Vasant Kunj,28.52,77.1577,2026-08-19 22:00:00,26.6,97,0.2,7.4,74.0,118.3,63.1,48.0,29.6,1727.0
Vasant Kunj,28.52,77.1577,2026-08-19 23:00:00,26.6,96,0.0,5.0,81.5,120.6,62.2,46.0,32.4,1481.0
Vasant Kunj,28.52,77.1577,2026-08-20 00:00:00,26.4,97,0.0,1.5,86.8,126.2,57.1,47.0,33.0,1251.0
Vasant Kunj,28.52,77.1577,2026-08-20 01:00:00,26.3,98,0.0,0.4,88.2,133.2,49.0,51.0,32.4,1007.0
Vasant Kunj,28.52,77.1577,2026-08-20 02:00:00,26.2,98,0.0,1.0,85.9,121.5,42.4,54.0,32.0,822.0
Vasant Kunj,28.52,77.1577,2026-08-20 03:00:00,26.1,97,0.1,4.3,80.3,113.6,38.9,53.0,32.7,733.0
Vasant Kunj,28.52,77.1577,2026-08-20 04:00:00,25.6,99,1.4,4.4,71.7,99.7,36.8,51.0,33.7,704.0
Vasant Kunj,28.52,77.1577,2026-08-20 05:00:00,25.8,96,0.6,1.5,69.4,91.7,35.0,52.0,33.9,694.5
Vasant Kunj,28.52,77.1577,2026-08-20 06:00:00,25.9,95,1.1,0.9,68.9,91.3,33.7,56.0,32.6,659.0
Vasant Kunj,28.52,77.1577,2026-08-20 07:00:00,25.7,97,3.1,7.7,59.4,83.1,32.8,62.0,30.4,605.8
Vasant Kunj,28.52,77.1577,2026-08-20 08:00:00,26.4,98,0.6,5.5,41.3,66.6,30.6,75.0,28.8,525.0
Vasant Kunj,28.52,77.1577,2026-08-20 09:00:00,27.1,92,0.3,1.7,35.9,63.1,25.9,98.0,28.1,470.0
Vasant Kunj,28.52,77.1577,2026-08-20 10:00:00,28.5,85,0.1,0.6,35.6,68.2,19.9,126.0,27.9,416.0
Vasant Kunj,28.52,77.1577,2026-08-20 11:00:00,29.2,81,0.1,1.5,38.2,73.6,15.0,156.0,27.9,378.0
Vasant Kunj,28.52,77.1577,2026-08-20 12:00:00,30.6,76,0.0,1.5,36.7,66.4,11.5,188.0,28.0,364.0
Vasant Kunj,28.52,77.1577,2026-08-20 13:00:00,30.9,75,0.0,1.6,40.2,68.9,9.0,221.0,28.2,368.0
Vasant Kunj,28.52,77.1577,2026-08-20 14:00:00,31.6,72,0.1,2.2,42.1,69.4,8.5,242.0,28.4,380.0
Vasant Kunj,28.52,77.1577,2026-08-20 15:00:00,31.3,74,0.1,2.2,44.7,70.5,10.5,245.0,28.4,398.0
Vasant Kunj,28.52,77.1577,2026-08-20 16:00:00,31.4,78,1.4,1.9,46.4,71.0,14.6,236.0,28.3,425.0
Vasant Kunj,28.52,77.1577,2026-08-20 17:00:00,30.9,81,1.6,4.5,45.6,67.3,19.7,219.0,28.6,467.0
Vasant Kunj,28.52,77.1577,2026-08-20 18:00:00,28.0,92,0.1,6.8,46.7,61.9,26.6,190.0,29.5,535.0
Vasant Kunj,28.52,77.1577,2026-08-20 19:00:00,27.5,95,0.2,1.8,47.4,55.5,34.5,152.0,30.8,619.0
Vasant Kunj,28.52,77.1577,2026-08-20 20:00:00,27.2,97,0.2,1.6,50.5,57.9,41.0,120.0,32.2,693.0
Vasant Kunj,28.52,77.1577,2026-08-20 21:00:00,27.1,97,0.0,1.4,58.2,64.7,45.2,100.0,34.3,756.0
Vasant Kunj,28.52,77.1577,2026-08-20 22:00:00,27.1,97,0.0,0.5,65.7,71.7,47.8,86.0,36.6,810.0
Vasant Kunj,28.52,77.1577,2026-08-20 23:00:00,27.0,98,0.0,2.5,68.7,73.6,48.5,75.0,37.3,835.0
Vasant Kunj,28.52,77.1577,2026-08-21 00:00:00,26.7,99,0.0,3.5,66.1,71.2,46.0,67.0,35.0,813.0
Vasant Kunj,28.52,77.1577,2026-08-21 01:00:00,26.6,99,0.0,4.6,64.5,69.8,41.7,61.0,31.1,763.0
Vasant Kunj,28.52,77.1577,2026-08-21 02:00:00,26.6,98,0.0,4.5,65.7,70.8,38.7,56.0,28.5,724.0
Vasant Kunj,28.52,77.1577,2026-08-21 03:00:00,26.5,97,0.2,2.6,67.1,72.9,39.2,48.0,28.5,715.0
Vasant Kunj,28.52,77.1577,2026-08-21 04:00:00,26.4,96,0.2,0.5,68.9,75.9,41.2,41.0,29.7,717.0
Vasant Kunj,28.52,77.1577,2026-08-21 05:00:00,26.4,95,0.2,1.7,70.5,79.2,41.7,40.0,30.6,708.0
Vasant Kunj,28.52,77.1577,2026-08-21 06:00:00,26.2,95,0.8,1.6,73.3,82.9,39.7,46.0,30.7,679.0
Vasant Kunj,28.52,77.1577,2026-08-21 07:00:00,26.1,95,0.8,6.9,56.0,69.8,36.4,59.0,30.6,640.0
Vasant Kunj,28.52,77.1577,2026-08-21 08:00:00,26.5,93,0.8,9.7,45.6,60.3,32.0,78.0,30.6,593.0
Vasant Kunj,28.52,77.1577,2026-08-21 09:00:00,27.8,86,0.0,8.1,40.3,56.2,26.0,108.0,31.0,531.0
Vasant Kunj,28.52,77.1577,2026-08-21 10:00:00,29.5,77,0.0,4.8,33.1,51.1,19.1,144.0,31.5,462.0
Vasant Kunj,28.52,77.1577,2026-08-21 11:00:00,31.0,72,0.0,3.8,33.3,50.4,13.5,181.0,32.0,416.0
Vasant Kunj,28.52,77.1577,2026-08-21 12:00:00,32.0,69,0.1,3.0,39.5,55.5,10.0,221.0,33.0,411.0
Vasant Kunj,28.52,77.1577,2026-08-21 13:00:00,32.6,67,0.1,1.9,44.8,58.9,7.9,261.0,33.9,428.0
Vasant Kunj,28.52,77.1577,2026-08-21 14:00:00,32.5,69,0.1,1.7,48.8,61.7,7.1,284.0,33.7,442.0
Vasant Kunj,28.52,77.1577,2026-08-21 15:00:00,30.9,75,0.0,1.8,48.8,60.8,5.8,284.0,30.7,415.0
Vasant Kunj,28.52,77.1577,2026-08-21 16:00:00,28.5,86,0.0,2.0,45.3,56.6,5.8,268.0,26.5,386.0
Vasant Kunj,28.52,77.1577,2026-08-21 17:00:00,26.7,96,0.0,1.8,43.0,53.7,12.9,239.0,24.4,442.0
Vasant Kunj,28.52,77.1577,2026-08-21 18:00:00,26.2,99,1.7,1.1,49.2,57.4,35.1,189.0,26.9,688.0
Vasant Kunj,28.52,77.1577,2026-08-21 19:00:00,26.3,100,1.7,2.3,60.1,67.5,64.2,127.0,31.4,1019.0
Vasant Kunj,28.52,77.1577,2026-08-21 20:00:00,26.4,100,1.7,3.5,80.3,87.1,81.8,80.0,33.5,1213.0
Vasant Kunj,28.52,77.1577,2026-08-21 21:00:00,26.4,100,0.1,3.6,70.1,75.2,76.6,64.0,30.5,1138.0
Vasant Kunj,28.52,77.1577,2026-08-21 22:00:00,26.3,100,0.1,3.2,53.8,58.4,59.8,63.0,25.0,924.0
Vasant Kunj,28.52,77.1577,2026-08-21 23:00:00,26.3,100,0.1,2.5,47.6,52.2,46.1,63.0,20.5,744.0
Noida,28.5355,77.391,2026-07-18 00:00:00,30.8,75,0.0,5.6,124.8,447.0,63.8,7.0,19.8,667.0
Noida,28.5355,77.391,2026-07-18 01:00:00,30.8,72,0.0,6.2,126.2,486.2,58.7,9.0,18.1,556.0
Noida,28.5355,77.391,2026-07-18 02:00:00,30.4,75,0.0,3.6,122.5,470.3,52.9,12.0,16.4,458.0
Noida,28.5355,77.391,2026-07-18 03:00:00,30.4,75,0.0,3.3,113.2,423.8,45.6,16.0,14.9,367.0
Noida,28.5355,77.391,2026-07-18 04:00:00,30.3,72,0.0,4.1,102.0,374.4,37.7,22.0,13.4,290.0
Noida,28.5355,77.391,2026-07-18 05:00:00,31.5,68,0.0,9.8,52.7,90.3,38.3,24.0,16.3,258.0
Noida,28.5355,77.391,2026-07-18 06:00:00,31.4,61,0.0,13.0,51.1,146.7,33.6,30.0,14.8,310.0
Noida,28.5355,77.391,2026-07-18 07:00:00,31.8,58,0.0,13.7,82.2,374.4,27.0,40.0,12.6,406.0
Noida,28.5355,77.391,2026-07-18 08:00:00,32.6,57,0.0,12.7,136.4,767.4,20.6,55.0,10.9,459.0
Noida,28.5355,77.391,2026-07-18 09:00:00,33.7,54,0.0,13.1,156.0,897.8,14.8,80.0,10.0,416.0
Noida,28.5355,77.391,2026-07-18 10:00:00,35.1,51,0.0,14.7,169.0,1009.6,9.2,110.0,9.5,329.0
Noida,28.5355,77.391,2026-07-18 11:00:00,35.6,49,0.0,15.6,181.6,1117.6,5.2,131.0,9.2,266.0
Noida,28.5355,77.391,2026-07-18 12:00:00,35.6,49,0.0,13.6,184.9,1154.8,3.4,138.0,8.9,250.0
Noida,28.5355,77.391,2026-07-18 13:00:00,35.9,49,0.0,11.3,175.1,1084.1,3.2,136.0,8.8,257.0
Noida,28.5355,77.391,2026-07-18 14:00:00,36.2,47,0.0,9.7,164.4,1017.0,4.5,131.0,8.6,282.0
Noida,28.5355,77.391,2026-07-18 15:00:00,35.8,48,0.0,6.9,160.7,990.9,7.7,123.0,8.1,327.0
Noida,28.5355,77.391,2026-07-18 16:00:00,35.1,54,0.0,4.4,154.6,905.2,12.4,112.0,7.6,389.0
Noida,28.5355,77.391,2026-07-18 17:00:00,35.6,52,0.0,5.1,119.7,614.7,28.5,85.0,17.6,454.0
Noida,28.5355,77.391,2026-07-18 18:00:00,34.8,62,0.0,2.1,123.4,525.3,47.4,60.0,19.8,529.0
Noida,28.5355,77.391,2026-07-18 19:00:00,33.9,61,0.0,0.7,133.2,484.3,72.9,25.0,22.6,607.0
Noida,28.5355,77.391,2026-07-18 20:00:00,32.1,68,0.0,4.4,136.4,454.5,88.4,2.0,24.0,652.0
Noida,28.5355,77.391,2026-07-18 21:00:00,31.8,69,0.0,8.4,127.6,371.6,84.5,1.0,22.6,647.0
Noida,28.5355,77.391,2026-07-18 22:00:00,31.3,69,0.0,4.6,116.6,374.4,70.5,11.0,19.7,610.0
Noida,28.5355,77.391,2026-07-18 23:00:00,31.4,71,0.0,6.1,106.2,335.3,57.5,21.0,17.1,558.0
Noida,28.5355,77.391,2026-07-19 00:00:00,31.3,75,0.2,1.7,98.0,308.3,49.0,26.0,15.3,485.0
Noida,28.5355,77.391,2026-07-19 01:00:00,30.5,78,0.0,4.1,93.8,307.3,41.6,31.0,13.7,397.0
Noida,28.5355,77.391,2026-07-19 02:00:00,30.3,75,0.0,6.1,91.5,294.3,35.8,34.0,12.4,334.0
Noida,28.5355,77.391,2026-07-19 03:00:00,29.9,72,0.0,8.2,94.5,333.4,32.2,34.0,11.1,309.0
Noida,28.5355,77.391,2026-07-19 04:00:00,29.3,73,0.0,6.7,98.3,363.2,30.2,33.0,10.1,310.0
Noida,28.5355,77.391,2026-07-19 05:00:00,29.9,79,0.0,1.7,68.0,83.6,49.7,14.0,15.2,338.0
Noida,28.5355,77.391,2026-07-19 06:00:00,30.0,79,0.0,3.4,71.2,104.1,43.9,29.0,14.6,424.0
Noida,28.5355,77.391,2026-07-19 07:00:00,31.0,78,0.0,2.2,71.0,113.4,35.6,51.0,13.8,537.0
Noida,28.5355,77.391,2026-07-19 08:00:00,32.5,70,0.0,2.7,58.8,136.0,27.5,73.0,13.3,587.0
Noida,28.5355,77.391,2026-07-19 09:00:00,33.4,60,0.0,6.5,62.6,253.3,20.0,98.0,13.4,507.0
Noida,28.5355,77.391,2026-07-19 10:00:00,34.1,55,0.0,8.2,84.3,446.1,12.8,123.0,13.7,364.0
Noida,28.5355,77.391,2026-07-19 11:00:00,35.2,48,0.0,11.5,104.8,612.8,7.5,139.0,13.6,264.0
Noida,28.5355,77.391,2026-07-19 12:00:00,35.8,47,0.0,10.1,107.3,640.7,4.8,140.0,12.5,252.0
Noida,28.5355,77.391,2026-07-19 13:00:00,34.8,51,0.0,4.3,108.5,657.5,4.0,132.0,10.9,284.0
Noida,28.5355,77.391,2026-07-19 14:00:00,33.7,56,0.1,4.3,112.0,689.2,4.9,122.0,9.7,334.0
Noida,28.5355,77.391,2026-07-19 15:00:00,32.8,64,0.1,8.5,108.5,618.4,7.0,114.0,9.1,405.0
Noida,28.5355,77.391,2026-07-19 16:00:00,32.3,68,0.1,5.4,111.8,651.9,10.7,105.0,9.0,494.0
Noida,28.5355,77.391,2026-07-19 17:00:00,31.6,84,0.0,12.7,94.8,428.4,15.1,99.0,14.8,570.0
Noida,28.5355,77.391,2026-07-19 18:00:00,31.2,86,0.0,8.5,105.2,491.7,19.3,84.0,16.1,632.0
Noida,28.5355,77.391,2026-07-19 19:00:00,30.8,87,0.0,8.2,105.7,454.5,25.1,64.0,17.9,681.0
Noida,28.5355,77.391,2026-07-19 20:00:00,30.4,88,0.0,8.9,104.1,408.9,29.3,48.0,19.1,689.0
Noida,28.5355,77.391,2026-07-19 21:00:00,30.2,89,0.0,6.3,103.6,387.4,30.5,41.0,19.3,628.0
Noida,28.5355,77.391,2026-07-19 22:00:00,29.9,89,0.0,6.0,107.8,417.2,30.1,40.0,19.0,525.0
Noida,28.5355,77.391,2026-07-19 23:00:00,29.5,89,0.3,9.5,116.4,476.8,28.6,41.0,18.1,435.0
Noida,28.5355,77.391,2026-07-20 00:00:00,26.6,97,8.8,12.6,128.1,581.1,25.6,46.0,16.3,375.0
Noida,28.5355,77.391,2026-07-20 01:00:00,26.3,96,2.1,10.1,139.2,665.0,21.5,54.0,13.9,328.0
Noida,28.5355,77.391,2026-07-20 02:00:00,26.9,95,0.7,7.4,144.4,702.2,18.5,59.0,12.0,294.0
Noida,28.5355,77.391,2026-07-20 03:00:00,27.4,96,0.3,7.2,141.1,665.0,17.1,59.0,10.8,268.0
Noida,28.5355,77.391,2026-07-20 04:00:00,27.6,93,0.9,5.0,127.6,549.5,16.8,56.0,10.0,255.0
Noida,28.5355,77.391,2026-07-20 05:00:00,28.7,83,0.3,10.0,31.7,80.6,14.2,64.0,6.5,273.0
Noida,28.5355,77.391,2026-07-20 06:00:00,28.4,86,0.1,8.6,27.5,58.6,17.5,58.0,7.5,345.0
Noida,28.5355,77.391,2026-07-20 07:00:00,29.0,86,0.0,5.2,25.4,44.6,21.9,51.0,8.9,448.0
Noida,28.5355,77.391,2026-07-20 08:00:00,28.9,87,1.6,2.5,26.5,39.1,23.9,48.0,9.8,525.0
Noida,28.5355,77.391,2026-07-20 09:00:00,28.6,91,0.8,5.4,26.4,48.1,21.1,54.0,9.7,552.0
Noida,28.5355,77.391,2026-07-20 10:00:00,28.4,89,2.3,3.8,29.1,75.9,15.8,65.0,9.1,554.0
Noida,28.5355,77.391,2026-07-20 11:00:00,29.9,80,0.8,7.2,31.1,88.5,11.8,75.0,8.8,551.0
Noida,28.5355,77.391,2026-07-20 12:00:00,28.9,87,4.2,7.3,33.2,97.8,10.3,82.0,9.1,544.0
Noida,28.5355,77.391,2026-07-20 13:00:00,29.0,85,0.8,12.4,39.1,133.6,10.0,87.0,9.7,532.0
Noida,28.5355,77.391,2026-07-20 14:00:00,29.2,86,0.6,6.9,42.7,153.2,10.8,89.0,10.4,530.0
Noida,28.5355,77.391,2026-07-20 15:00:00,30.8,77,0.2,5.1,43.9,150.4,12.4,88.0,11.2,531.0
Noida,28.5355,77.391,2026-07-20 16:00:00,30.7,77,0.1,4.2,44.7,146.2,14.9,85.0,12.0,542.0
Noida,28.5355,77.391,2026-07-20 17:00:00,30.0,76,0.0,5.8,29.3,65.0,18.0,87.0,10.2,602.0
Noida,28.5355,77.391,2026-07-20 18:00:00,28.6,87,0.5,6.3,32.5,59.6,36.7,61.0,14.7,782.0
Noida,28.5355,77.391,2026-07-20 19:00:00,27.7,93,1.1,4.8,48.0,77.3,62.1,26.0,20.9,1011.0
Noida,28.5355,77.391,2026-07-20 20:00:00,27.5,95,1.0,4.2,63.8,91.3,79.3,1.0,25.1,1114.0
Noida,28.5355,77.391,2026-07-20 21:00:00,27.6,94,0.8,2.5,62.6,88.5,81.2,0.0,25.5,977.0
Noida,28.5355,77.391,2026-07-20 22:00:00,27.4,95,0.7,4.0,64.7,91.7,74.7,3.0,23.8,714.0
Noida,28.5355,77.391,2026-07-20 23:00:00,27.4,94,0.8,2.6,54.9,78.5,66.0,12.0,21.9,498.0
Noida,28.5355,77.391,2026-07-21 00:00:00,26.8,95,0.0,3.7,43.1,65.2,55.2,24.0,19.9,397.0
Noida,28.5355,77.391,2026-07-21 01:00:00,26.6,94,0.4,3.6,36.4,55.6,42.2,39.0,17.5,342.0
Noida,28.5355,77.391,2026-07-21 02:00:00,26.6,94,0.1,6.1,31.8,49.9,32.2,50.0,16.0,306.0
Noida,28.5355,77.391,2026-07-21 03:00:00,26.2,93,0.2,7.0,29.5,45.4,27.7,53.0,15.7,276.0
Noida,28.5355,77.391,2026-07-21 04:00:00,25.8,95,0.8,7.2,27.1,37.3,26.1,53.0,16.3,264.0
Noida,28.5355,77.391,2026-07-21 05:00:00,26.0,96,0.3,8.2,10.8,16.0,18.6,65.0,12.0,275.0
Noida,28.5355,77.391,2026-07-21 06:00:00,25.8,95,1.0,10.2,13.4,16.9,21.6,63.0,16.3,330.0
Noida,28.5355,77.391,2026-07-21 07:00:00,26.0,95,0.3,11.6,18.0,20.7,25.5,60.0,22.0,408.0
Noida,28.5355,77.391,2026-07-21 08:00:00,26.6,92,0.1,11.8,22.2,23.6,26.7,63.0,25.2,446.0
Noida,28.5355,77.391,2026-07-21 09:00:00,27.7,85,0.2,12.8,16.8,17.5,22.5,76.0,23.5,402.0
Noida,28.5355,77.391,2026-07-21 10:00:00,28.6,81,0.2,11.6,14.2,14.8,15.6,95.0,19.3,318.0
Noida,28.5355,77.391,2026-07-21 11:00:00,27.6,93,0.1,13.0,12.6,13.2,10.6,109.0,15.9,258.0
Noida,28.5355,77.391,2026-07-21 12:00:00,29.3,87,0.9,10.1,11.3,11.8,9.5,115.0,14.5,248.0
Noida,28.5355,77.391,2026-07-21 13:00:00,30.9,78,0.2,9.0,10.7,11.1,10.3,117.0,13.9,261.0
Noida,28.5355,77.391,2026-07-21 14:00:00,27.4,92,5.3,13.3,11.9,12.3,11.4,119.0,13.6,284.0
Noida,28.5355,77.391,2026-07-21 15:00:00,27.5,92,1.2,1.6,12.1,12.5,11.6,126.0,13.7,307.0
Noida,28.5355,77.391,2026-07-21 16:00:00,29.4,82,0.0,2.9,12.9,13.2,12.1,133.0,14.1,339.0
Noida,28.5355,77.391,2026-07-21 17:00:00,29.7,81,0.1,9.4,26.1,28.3,18.7,110.0,11.8,395.0
Noida,28.5355,77.391,2026-07-21 18:00:00,29.2,81,0.2,7.3,31.7,33.1,23.8,98.0,13.2,508.0
Noida,28.5355,77.391,2026-07-21 19:00:00,28.5,85,0.1,6.6,35.3,36.4,30.6,82.0,15.2,644.0
Noida,28.5355,77.391,2026-07-21 20:00:00,28.2,87,0.0,6.6,34.5,35.3,34.2,71.0,16.2,718.0
Noida,28.5355,77.391,2026-07-21 21:00:00,28.0,87,0.0,8.7,31.7,32.1,31.4,70.0,15.4,676.0
Noida,28.5355,77.391,2026-07-21 22:00:00,27.1,91,0.4,11.8,29.8,30.0,25.4,75.0,13.8,573.0
Noida,28.5355,77.391,2026-07-21 23:00:00,26.6,94,0.2,10.4,28.6,28.9,20.3,79.0,12.5,486.0
Noida,28.5355,77.391,2026-07-22 00:00:00,26.4,95,0.2,8.1,27.2,27.5,17.7,80.0,12.0,446.0
Noida,28.5355,77.391,2026-07-22 01:00:00,26.4,96,0.0,7.6,26.3,26.5,16.1,80.0,11.9,423.0
Noida,28.5355,77.391,2026-07-22 02:00:00,26.3,96,0.3,10.2,26.4,26.5,14.9,79.0,12.1,404.0
Noida,28.5355,77.391,2026-07-22 03:00:00,26.0,96,0.4,11.1,26.7,26.8,14.1,77.0,12.7,380.0
Noida,28.5355,77.391,2026-07-22 04:00:00,25.6,95,0.7,13.5,25.3,25.4,13.8,75.0,13.7,360.0
Noida,28.5355,77.391,2026-07-22 05:00:00,26.0,94,0.4,6.8,38.2,38.6,19.9,59.0,19.0,358.0
Noida,28.5355,77.391,2026-07-22 06:00:00,25.7,95,1.6,12.3,37.6,38.0,20.7,60.0,18.0,392.0
Noida,28.5355,77.391,2026-07-22 07:00:00,27.0,92,0.3,14.5,36.3,36.9,21.5,62.0,16.7,444.0
Noida,28.5355,77.391,2026-07-22 08:00:00,27.6,87,0.7,14.7,36.3,36.7,20.7,71.0,15.4,471.0
Noida,28.5355,77.391,2026-07-22 09:00:00,29.5,78,0.1,14.0,34.9,35.5,16.6,95.0,14.4,448.0
Noida,28.5355,77.391,2026-07-22 10:00:00,30.8,75,0.0,14.3,31.9,32.6,10.8,127.0,13.5,401.0
Noida,28.5355,77.391,2026-07-22 11:00:00,31.4,68,0.1,17.9,36.2,74.7,6.5,151.0,12.9,359.0
Noida,28.5355,77.391,2026-07-22 12:00:00,31.7,66,0.1,16.1,48.4,194.6,4.4,163.0,12.4,330.0
Noida,28.5355,77.391,2026-07-22 13:00:00,32.5,65,0.0,13.8,48.0,199.3,3.8,168.0,12.2,307.0
Noida,28.5355,77.391,2026-07-22 14:00:00,32.1,67,0.2,13.1,47.4,187.2,5.7,166.0,12.6,303.0
Noida,28.5355,77.391,2026-07-22 15:00:00,32.0,66,0.4,12.5,48.1,186.3,11.5,155.0,13.6,327.0
Noida,28.5355,77.391,2026-07-22 16:00:00,31.3,71,0.7,10.7,56.2,271.9,19.8,138.0,15.2,370.0
Noida,28.5355,77.391,2026-07-22 17:00:00,29.1,90,0.5,7.3,13.8,20.4,12.6,133.0,11.5,423.0
Noida,28.5355,77.391,2026-07-22 18:00:00,29.8,86,0.1,3.5,15.1,17.9,22.3,112.0,14.1,494.0
Noida,28.5355,77.391,2026-07-22 19:00:00,29.5,88,0.0,4.2,20.9,21.9,35.5,84.0,17.6,575.0
Noida,28.5355,77.391,2026-07-22 20:00:00,29.3,85,0.0,6.3,22.6,22.9,43.5,65.0,20.1,627.0
Noida,28.5355,77.391,2026-07-22 21:00:00,28.5,85,0.3,9.8,20.3,20.4,41.5,63.0,20.3,634.0
Noida,28.5355,77.391,2026-07-22 22:00:00,28.3,86,0.1,11.1,18.7,18.7,34.3,71.0,19.5,612.0
Noida,28.5355,77.391,2026-07-22 23:00:00,28.2,86,0.0,10.9,15.9,15.9,27.8,76.0,18.8,569.0
Noida,28.5355,77.391,2026-07-23 00:00:00,28.3,84,0.0,12.9,13.8,13.8,24.0,75.0,18.8,494.0
Noida,28.5355,77.391,2026-07-23 01:00:00,28.0,84,0.0,12.4,18.3,49.7,21.0,72.0,18.9,399.0
Noida,28.5355,77.391,2026-07-23 02:00:00,27.8,84,0.0,12.6,21.9,59.6,18.8,69.0,18.9,329.0
Noida,28.5355,77.391,2026-07-23 03:00:00,27.6,83,0.0,11.7,25.8,67.1,17.8,65.0,18.5,305.0
Noida,28.5355,77.391,2026-07-23 04:00:00,27.3,84,0.0,11.5,31.7,95.0,17.5,61.0,18.0,307.0
Noida,28.5355,77.391,2026-07-23 05:00:00,26.7,94,0.0,8.6,29.6,58.2,19.0,58.0,18.3,320.0
Noida,28.5355,77.391,2026-07-23 06:00:00,27.2,92,0.0,9.7,31.8,65.9,18.0,65.0,18.2,349.0
Noida,28.5355,77.391,2026-07-23 07:00:00,27.0,91,0.6,9.8,35.6,91.5,16.6,75.0,18.1,388.0
Noida,28.5355,77.391,2026-07-23 08:00:00,27.2,89,0.7,12.5,27.0,38.4,14.6,90.0,17.6,408.0
Noida,28.5355,77.391,2026-07-23 09:00:00,29.5,77,0.0,13.8,22.3,25.4,11.5,113.0,16.5,388.0
Noida,28.5355,77.391,2026-07-23 10:00:00,30.9,73,0.1,15.1,19.8,20.5,7.8,140.0,15.0,348.0
Noida,28.5355,77.391,2026-07-23 11:00:00,31.5,65,0.1,17.2,18.5,18.6,5.3,158.0,13.7,319.0
Noida,28.5355,77.391,2026-07-23 12:00:00,31.8,65,0.3,17.6,73.3,558.8,4.7,161.0,12.6,310.0
Noida,28.5355,77.391,2026-07-23 13:00:00,32.5,64,0.3,15.2,63.6,420.0,5.2,156.0,11.8,311.0
Noida,28.5355,77.391,2026-07-23 14:00:00,32.9,63,0.0,14.1,51.1,279.4,6.5,151.0,11.9,326.0
Noida,28.5355,77.391,2026-07-23 15:00:00,30.1,79,2.4,8.9,46.8,250.5,8.4,151.0,13.6,359.0
Noida,28.5355,77.391,2026-07-23 16:00:00,31.7,69,0.3,10.6,42.1,195.6,11.0,151.0,16.3,404.0
Noida,28.5355,77.391,2026-07-23 17:00:00,32.0,65,0.1,15.6,24.4,24.4,21.3,119.0,12.5,451.0
Noida,28.5355,77.391,2026-07-23 18:00:00,30.8,71,0.0,10.7,26.8,26.8,24.1,110.0,14.1,506.0
Noida,28.5355,77.391,2026-07-23 19:00:00,30.1,74,0.0,9.6,28.3,28.3,27.9,98.0,16.4,563.0
Noida,28.5355,77.391,2026-07-23 20:00:00,27.8,86,0.6,10.9,29.9,30.0,29.7,90.0,18.0,587.0
Noida,28.5355,77.391,2026-07-23 21:00:00,27.1,92,0.8,10.8,31.7,31.8,27.9,89.0,18.7,556.0
Noida,28.5355,77.391,2026-07-23 22:00:00,27.1,92,0.0,11.2,33.1,33.2,24.2,91.0,18.7,493.0
Noida,28.5355,77.391,2026-07-23 23:00:00,27.4,88,0.1,13.4,34.0,34.5,20.9,92.0,18.1,432.0
Noida,28.5355,77.391,2026-07-24 00:00:00,27.1,89,0.0,12.0,33.2,33.9,18.9,88.0,16.3,380.0
Noida,28.5355,77.391,2026-07-24 01:00:00,27.1,89,0.0,11.7,33.4,34.0,17.2,83.0,13.8,329.0
Noida,28.5355,77.391,2026-07-24 02:00:00,26.9,89,0.0,10.5,34.5,34.8,16.1,78.0,12.3,294.0
Noida,28.5355,77.391,2026-07-24 03:00:00,26.8,90,0.0,10.1,35.6,35.7,15.5,75.0,12.6,279.0
Noida,28.5355,77.391,2026-07-24 04:00:00,26.6,90,0.0,11.2,35.9,35.9,15.4,74.0,13.8,279.0
Noida,28.5355,77.391,2026-07-24 05:00:00,26.0,96,0.0,9.8,42.4,42.5,16.6,73.0,19.4,293.0
Noida,28.5355,77.391,2026-07-24 06:00:00,26.2,94,0.2,11.9,41.0,41.0,16.6,74.0,18.3,336.0
Noida,28.5355,77.391,2026-07-24 07:00:00,27.3,89,0.0,11.9,35.5,35.5,16.4,77.0,16.6,394.0
Noida,28.5355,77.391,2026-07-24 08:00:00,28.4,82,0.1,17.2,29.5,29.5,15.4,84.0,15.1,422.0
Noida,28.5355,77.391,2026-07-24 09:00:00,29.4,78,0.2,17.9,23.7,23.7,12.7,99.0,13.7,392.0
Noida,28.5355,77.391,2026-07-24 10:00:00,30.1,76,0.3,16.0,20.0,20.0,9.1,119.0,12.4,332.0
Noida,28.5355,77.391,2026-07-24 11:00:00,30.8,73,0.2,15.1,18.1,18.2,6.5,133.0,11.4,286.0
Noida,28.5355,77.391,2026-07-24 12:00:00,31.7,72,0.5,14.3,16.5,16.6,5.6,137.0,10.7,264.0
Noida,28.5355,77.391,2026-07-24 13:00:00,30.9,73,0.3,14.7,16.1,16.2,5.7,135.0,10.4,255.0
Noida,28.5355,77.391,2026-07-24 14:00:00,29.4,84,1.2,9.6,14.3,14.3,6.4,133.0,10.3,270.0
Noida,28.5355,77.391,2026-07-24 15:00:00,30.7,75,0.1,8.7,13.8,13.9,7.1,133.0,10.6,313.0
Noida,28.5355,77.391,2026-07-24 16:00:00,30.8,76,0.3,9.0,13.6,13.8,8.4,133.0,11.3,379.0
Noida,28.5355,77.391,2026-07-24 17:00:00,31.1,78,0.1,9.0,19.8,20.2,11.7,114.0,10.5,466.0
Noida,28.5355,77.391,2026-07-24 18:00:00,30.6,80,0.0,9.2,25.3,25.6,23.3,92.0,12.9,612.0
Noida,28.5355,77.391,2026-07-24 19:00:00,29.9,81,0.0,11.2,32.1,32.4,39.0,63.0,16.3,778.0
Noida,28.5355,77.391,2026-07-24 20:00:00,29.5,82,0.0,12.1,36.0,36.4,48.4,42.0,18.5,845.0
Noida,28.5355,77.391,2026-07-24 21:00:00,29.1,83,0.0,11.9,35.6,36.7,45.6,39.0,18.4,722.0
Noida,28.5355,77.391,2026-07-24 22:00:00,28.9,83,0.0,12.1,33.9,36.2,36.6,45.0,17.2,500.0
Noida,28.5355,77.391,2026-07-24 23:00:00,28.6,83,0.1,14.5,31.1,35.0,28.8,50.0,16.4,328.0
Noida,28.5355,77.391,2026-07-25 00:00:00,28.6,80,0.0,13.8,27.0,32.5,24.8,51.0,16.9,268.0
Noida,28.5355,77.391,2026-07-25 01:00:00,28.4,82,0.0,12.7,25.4,32.2,21.9,52.0,17.9,259.0
Noida,28.5355,77.391,2026-07-25 02:00:00,28.2,84,0.0,11.4,24.9,31.2,20.1,51.0,18.4,260.0
Noida,28.5355,77.391,2026-07-25 03:00:00,28.0,85,0.1,11.0,24.9,31.3,19.7,47.0,18.0,260.0
Noida,28.5355,77.391,2026-07-25 04:00:00,27.7,88,0.3,10.4,25.6,34.6,20.4,43.0,17.2,270.0
Noida,28.5355,77.391,2026-07-25 05:00:00,27.4,90,0.1,10.0,26.0,31.9,19.7,42.0,14.7,289.0
Noida,28.5355,77.391,2026-07-25 06:00:00,27.7,89,0.0,9.7,26.4,31.1,18.8,48.0,14.5,327.0
Noida,28.5355,77.391,2026-07-25 07:00:00,28.6,81,0.0,11.7,26.7,31.0,17.5,56.0,14.3,375.0
Noida,28.5355,77.391,2026-07-25 08:00:00,29.4,79,0.2,13.0,26.6,31.7,15.5,68.0,13.7,398.0
Noida,28.5355,77.391,2026-07-25 09:00:00,30.3,74,0.1,12.0,25.7,33.6,12.3,86.0,12.6,376.0
Noida,28.5355,77.391,2026-07-25 10:00:00,30.1,76,0.2,12.1,24.8,35.4,8.4,106.0,11.2,329.0
Noida,28.5355,77.391,2026-07-25 11:00:00,32.0,64,0.1,14.7,22.1,32.6,5.6,122.0,10.2,291.0
Noida,28.5355,77.391,2026-07-25 12:00:00,31.9,65,0.2,13.1,21.1,30.7,4.3,130.0,9.9,268.0
Noida,28.5355,77.391,2026-07-25 13:00:00,32.5,64,0.3,13.7,26.4,63.1,4.2,133.0,9.9,252.0
Noida,28.5355,77.391,2026-07-25 14:00:00,32.4,65,0.5,13.9,23.9,39.2,5.7,131.0,10.1,257.0
Noida,28.5355,77.391,2026-07-25 15:00:00,32.6,63,0.3,13.8,23.1,33.5,9.2,122.0,10.2,289.0
Noida,28.5355,77.391,2026-07-25 16:00:00,30.3,77,0.5,10.7,23.7,32.5,14.4,108.0,10.5,341.0
Noida,28.5355,77.391,2026-07-25 17:00:00,30.3,77,0.0,10.6,31.0,37.0,20.8,94.0,8.8,401.0
Noida,28.5355,77.391,2026-07-25 18:00:00,29.3,82,1.4,9.5,37.3,41.3,26.7,83.0,11.0,476.0
Noida,28.5355,77.391,2026-07-25 19:00:00,28.8,86,0.0,9.6,42.1,45.1,34.7,67.0,14.0,559.0
Noida,28.5355,77.391,2026-07-25 20:00:00,28.1,88,0.0,8.9,39.9,41.9,39.5,56.0,16.2,612.0
Noida,28.5355,77.391,2026-07-25 21:00:00,27.8,88,0.0,7.4,38.2,39.3,38.3,53.0,16.7,617.0
Noida,28.5355,77.391,2026-07-25 22:00:00,27.7,89,0.0,8.1,37.7,38.4,34.0,54.0,16.3,593.0
Noida,28.5355,77.391,2026-07-25 23:00:00,27.7,94,0.0,6.5,36.9,37.4,29.7,56.0,15.8,556.0
Noida,28.5355,77.391,2026-07-26 00:00:00,27.9,95,0.1,9.4,35.7,36.1,26.1,58.0,15.1,499.0
Noida,28.5355,77.391,2026-07-26 01:00:00,27.7,95,0.0,7.8,34.3,34.7,22.5,61.0,14.2,429.0
Noida,28.5355,77.391,2026-07-26 02:00:00,27.4,95,0.0,8.5,33.9,34.1,20.2,62.0,13.7,382.0
Noida,28.5355,77.391,2026-07-26 03:00:00,27.4,95,0.0,6.2,34.5,34.8,20.3,58.0,14.0,379.0
Noida,28.5355,77.391,2026-07-26 04:00:00,27.3,95,0.0,4.9,36.2,37.6,21.7,52.0,14.7,399.0
Noida,28.5355,77.391,2026-07-26 05:00:00,28.0,95,0.1,2.7,26.7,27.8,19.6,59.0,13.7,413.0
Noida,28.5355,77.391,2026-07-26 06:00:00,27.5,96,0.1,1.9,29.7,30.6,18.5,66.0,14.8,412.0
Noida,28.5355,77.391,2026-07-26 07:00:00,27.9,94,0.8,3.3,30.5,31.9,17.0,77.0,16.2,405.0
Noida,28.5355,77.391,2026-07-26 08:00:00,29.4,87,0.0,1.9,31.0,33.2,14.9,92.0,17.3,385.0
Noida,28.5355,77.391,2026-07-26 09:00:00,30.9,78,0.0,3.2,31.7,36.0,11.9,113.0,17.6,340.0
Noida,28.5355,77.391,2026-07-26 10:00:00,31.7,73,0.4,4.2,31.1,38.2,8.5,138.0,17.4,283.0
Noida,28.5355,77.391,2026-07-26 11:00:00,32.7,69,0.1,3.9,29.3,39.3,5.9,158.0,17.2,243.0
Noida,28.5355,77.391,2026-07-26 12:00:00,32.9,69,0.1,4.7,28.7,39.8,4.6,170.0,17.0,233.0
Noida,28.5355,77.391,2026-07-26 13:00:00,33.8,64,0.1,4.9,29.4,40.6,4.2,178.0,16.8,241.0
Noida,28.5355,77.391,2026-07-26 14:00:00,33.8,61,0.1,4.4,29.6,41.0,4.6,181.0,16.8,255.0
Noida,28.5355,77.391,2026-07-26 15:00:00,34.0,59,0.0,2.7,29.6,41.0,3.6,181.0,16.5,237.0
Noida,28.5355,77.391,2026-07-26 16:00:00,33.8,60,0.0,0.9,32.9,69.6,3.4,176.0,16.5,227.0
Noida,28.5355,77.391,2026-07-26 17:00:00,33.8,64,0.0,4.6,32.6,45.8,9.3,142.0,13.5,328.0
Noida,28.5355,77.391,2026-07-26 18:00:00,32.8,72,0.0,3.7,40.0,50.1,29.0,111.0,18.3,647.0
Noida,28.5355,77.391,2026-07-26 19:00:00,31.5,78,0.0,4.1,55.3,65.0,56.1,68.0,24.9,1078.0
Noida,28.5355,77.391,2026-07-26 20:00:00,30.9,81,0.0,3.7,67.8,77.3,75.8,34.0,29.4,1412.0
Noida,28.5355,77.391,2026-07-26 21:00:00,30.5,83,0.0,3.5,75.0,84.1,80.7,20.0,30.0,1556.0
Noida,28.5355,77.391,2026-07-26 22:00:00,30.0,85,0.0,3.8,75.4,83.6,78.2,15.0,28.6,1604.0
Noida,28.5355,77.391,2026-07-26 23:00:00,30.2,85,0.0,1.5,78.9,86.8,75.1,12.0,26.8,1625.0
Noida,28.5355,77.391,2026-07-27 00:00:00,29.8,86,0.0,0.8,80.3,87.5,73.6,8.0,25.1,1643.0
Noida,28.5355,77.391,2026-07-27 01:00:00,29.5,87,0.0,0.4,79.6,86.6,71.6,6.0,23.0,1635.0
Noida,28.5355,77.391,2026-07-27 02:00:00,29.1,88,0.0,2.0,81.0,88.0,69.5,5.0,21.4,1601.0
Noida,28.5355,77.391,2026-07-27 03:00:00,28.7,89,0.0,3.2,83.4,91.0,68.4,2.0,20.5,1542.0
Noida,28.5355,77.391,2026-07-27 04:00:00,28.7,90,0.0,1.3,86.1,94.3,67.2,0.0,20.0,1458.0
Noida,28.5355,77.391,2026-07-27 05:00:00,29.2,90,0.0,0.4,75.2,82.4,67.7,2.0,22.2,1345.0
Noida,28.5355,77.391,2026-07-27 06:00:00,29.5,88,0.0,2.4,78.9,86.1,59.3,21.0,25.3,1187.0
Noida,28.5355,77.391,2026-07-27 07:00:00,30.7,82,0.0,0.5,62.9,69.6,47.4,48.0,29.4,1001.0
Noida,28.5355,77.391,2026-07-27 08:00:00,31.8,74,0.1,0.9,47.0,58.1,36.0,78.0,31.2,833.0
Noida,28.5355,77.391,2026-07-27 09:00:00,32.5,71,0.2,2.8,38.4,66.1,25.8,111.0,28.6,687.0
Noida,28.5355,77.391,2026-07-27 10:00:00,33.2,65,0.3,3.6,33.2,64.7,16.2,147.0,23.8,558.0
Noida,28.5355,77.391,2026-07-27 11:00:00,34.5,55,0.1,3.0,32.2,75.4,9.3,174.0,20.0,480.0
Noida,28.5355,77.391,2026-07-27 12:00:00,35.1,55,0.0,6.0,29.8,58.4,6.4,189.0,18.5,484.0
Noida,28.5355,77.391,2026-07-27 13:00:00,35.2,55,0.0,4.2,29.2,54.9,6.1,196.0,17.9,539.0
Noida,28.5355,77.391,2026-07-27 14:00:00,35.2,54,0.0,6.6,28.8,53.1,6.8,197.0,17.4,580.0
Noida,28.5355,77.391,2026-07-27 15:00:00,34.9,55,0.0,6.3,27.7,52.4,5.9,194.0,16.3,564.0
Noida,28.5355,77.391,2026-07-27 16:00:00,33.7,61,0.3,6.8,26.8,52.2,5.9,186.0,15.4,534.0
Noida,28.5355,77.391,2026-07-27 17:00:00,33.4,65,0.1,3.2,38.4,109.4,21.3,119.0,13.8,554.0
Noida,28.5355,77.391,2026-07-27 18:00:00,31.9,75,0.0,3.6,44.4,100.1,33.7,95.0,16.4,698.0
Noida,28.5355,77.391,2026-07-27 19:00:00,30.9,80,0.0,8.3,54.9,98.0,50.4,63.0,19.9,893.0
Noida,28.5355,77.391,2026-07-27 20:00:00,29.9,84,0.0,11.6,76.8,286.8,59.5,42.0,22.1,983.0
Noida,28.5355,77.391,2026-07-27 21:00:00,29.3,86,0.1,10.4,132.2,789.8,53.7,44.0,21.8,866.0
Noida,28.5355,77.391,2026-07-27 22:00:00,28.3,89,0.2,14.9,81.0,282.2,40.4,58.0,20.1,644.0
Noida,28.5355,77.391,2026-07-27 23:00:00,28.9,88,1.2,18.7,61.0,158.8,29.6,68.0,18.3,465.0
Noida,28.5355,77.391,2026-07-28 00:00:00,27.4,93,0.4,11.1,53.0,114.1,25.2,68.0,16.6,390.0
Noida,28.5355,77.391,2026-07-28 01:00:00,26.7,94,3.3,4.3,48.2,86.8,23.2,65.0,14.8,359.0
Noida,28.5355,77.391,2026-07-28 02:00:00,25.4,99,6.2,7.7,45.4,71.5,22.3,60.0,13.6,341.0
Noida,28.5355,77.391,2026-07-28 03:00:00,25.9,97,0.9,8.8,43.3,62.2,22.2,54.0,13.3,324.0
Noida,28.5355,77.391,2026-07-28 04:00:00,26.2,97,0.7,9.2,41.8,56.0,23.1,47.0,13.6,321.0
Noida,28.5355,77.391,2026-07-28 05:00:00,28.5,94,0.4,6.4,43.1,101.3,24.9,41.0,12.8,341.0
Noida,28.5355,77.391,2026-07-28 06:00:00,27.8,93,0.1,10.5,40.9,89.2,24.2,44.0,12.5,408.0
Noida,28.5355,77.391,2026-07-28 07:00:00,28.0,92,0.4,8.5,37.6,73.6,23.0,50.0,12.1,497.0
Noida,28.5355,77.391,2026-07-28 08:00:00,26.8,97,6.6,11.1,34.5,68.0,21.1,62.0,12.0,544.0
Noida,28.5355,77.391,2026-07-28 09:00:00,27.0,93,2.1,12.4,33.2,65.9,17.7,87.0,12.7,507.0
Noida,28.5355,77.391,2026-07-28 10:00:00,27.8,90,2.0,6.5,32.7,64.7,13.4,119.0,13.7,427.0
Noida,28.5355,77.391,2026-07-28 11:00:00,26.7,92,1.3,9.9,29.9,53.6,10.0,145.0,14.4,365.0
Noida,28.5355,77.391,2026-07-28 12:00:00,26.4,95,1.6,5.6,27.4,44.7,7.6,160.0,14.3,340.0
Noida,28.5355,77.391,2026-07-28 13:00:00,26.9,90,2.9,4.6,25.8,43.4,6.0,168.0,14.0,332.0
Noida,28.5355,77.391,2026-07-28 14:00:00,26.9,92,2.0,3.8,24.9,41.9,6.5,171.0,14.1,339.0
Noida,28.5355,77.391,2026-07-28 15:00:00,26.8,95,0.8,6.0,24.7,40.2,8.3,171.0,14.4,342.0
Noida,28.5355,77.391,2026-07-28 16:00:00,27.2,92,0.3,4.4,25.4,39.9,12.1,165.0,15.3,360.0
Noida,28.5355,77.391,2026-07-28 17:00:00,30.6,75,0.0,6.7,17.6,21.8,35.9,72.0,17.5,444.0
Noida,28.5355,77.391,2026-07-28 18:00:00,29.9,78,0.0,6.7,16.7,19.9,42.4,61.0,19.4,665.0
Noida,28.5355,77.391,2026-07-28 19:00:00,29.1,82,0.0,4.7,21.0,23.3,51.4,45.0,21.9,952.0
Noida,28.5355,77.391,2026-07-28 20:00:00,28.5,84,0.0,4.9,25.4,27.3,57.9,32.0,23.7,1141.0
Noida,28.5355,77.391,2026-07-28 21:00:00,28.2,86,0.0,3.6,31.8,33.5,59.7,24.0,24.0,1153.0
Noida,28.5355,77.391,2026-07-28 22:00:00,28.0,89,0.5,3.5,32.0,33.4,59.0,19.0,23.6,1066.0
Noida,28.5355,77.391,2026-07-28 23:00:00,27.6,90,0.0,0.6,31.5,32.7,58.0,15.0,23.1,958.0
Noida,28.5355,77.391,2026-07-29 00:00:00,27.3,92,0.3,2.7,29.2,30.3,57.5,12.0,22.3,840.0
Noida,28.5355,77.391,2026-07-29 01:00:00,27.0,94,0.0,5.6,30.3,31.4,56.8,10.0,21.4,700.0
Noida,28.5355,77.391,2026-07-29 02:00:00,26.9,93,0.0,2.9,31.1,32.4,55.5,10.0,21.5,576.0
Noida,28.5355,77.391,2026-07-29 03:00:00,26.7,94,0.0,2.0,31.2,32.8,53.6,13.0,23.0,473.0
Noida,28.5355,77.391,2026-07-29 04:00:00,26.9,93,0.0,0.4,31.7,33.6,51.1,17.0,25.4,386.0
Noida,28.5355,77.391,2026-07-29 05:00:00,26.8,98,0.0,1.7,34.5,36.9,45.1,21.0,27.7,340.0
Noida,28.5355,77.391,2026-07-29 06:00:00,26.0,99,2.6,1.1,39.2,40.9,44.8,25.0,29.5,362.0
Noida,28.5355,77.391,2026-07-29 07:00:00,26.4,96,2.8,0.5,38.1,39.8,44.1,31.0,31.9,425.0
Noida,28.5355,77.391,2026-07-29 08:00:00,27.2,90,0.6,0.8,33.2,35.3,42.1,42.0,33.9,467.0
Noida,28.5355,77.391,2026-07-29 09:00:00,28.5,84,0.8,3.7,30.6,32.6,37.6,62.0,34.9,459.0
Noida,28.5355,77.391,2026-07-29 10:00:00,29.2,81,0.2,3.1,26.1,28.1,31.6,87.0,35.5,430.0
Noida,28.5355,77.391,2026-07-29 11:00:00,31.6,72,0.1,3.1,24.4,26.8,26.5,112.0,36.0,406.0
Noida,28.5355,77.391,2026-07-29 12:00:00,32.4,69,0.4,1.4,25.8,28.8,22.6,136.0,36.3,389.0
Noida,28.5355,77.391,2026-07-29 13:00:00,32.7,69,0.1,2.2,28.3,32.0,19.5,159.0,36.5,378.0
Noida,28.5355,77.391,2026-07-29 14:00:00,32.7,67,0.1,3.6,31.2,35.3,18.4,177.0,37.2,395.0
Noida,28.5355,77.391,2026-07-29 15:00:00,32.0,70,0.1,7.8,34.7,40.6,17.7,191.0,38.6,407.0
Noida,28.5355,77.391,2026-07-29 16:00:00,30.5,81,0.1,6.2,36.9,42.5,19.0,200.0,40.5,447.0
Noida,28.5355,77.391,2026-07-29 17:00:00,32.9,62,0.3,4.3,43.1,54.0,12.3,161.0,17.1,635.0
Noida,28.5355,77.391,2026-07-29 18:00:00,31.7,73,0.0,4.1,51.6,60.1,29.8,129.0,20.9,1149.0
Noida,28.5355,77.391,2026-07-29 19:00:00,30.3,81,0.0,4.1,61.2,67.3,53.7,85.0,26.1,1811.0
Noida,28.5355,77.391,2026-07-29 20:00:00,29.7,87,0.0,3.6,68.5,73.1,70.5,52.0,29.9,2205.0
Noida,28.5355,77.391,2026-07-29 21:00:00,29.3,90,0.0,3.6,75.4,78.9,74.1,39.0,31.3,2079.0
Noida,28.5355,77.391,2026-07-29 22:00:00,28.9,93,0.0,3.4,79.6,82.4,70.6,36.0,31.4,1686.0
Noida,28.5355,77.391,2026-07-29 23:00:00,29.2,92,0.0,6.0,80.1,82.4,64.6,36.0,30.6,1367.0
Noida,28.5355,77.391,2026-07-30 00:00:00,28.9,94,0.0,7.0,76.8,78.7,56.0,40.0,28.5,1269.0
Noida,28.5355,77.391,2026-07-30 01:00:00,28.8,93,0.0,7.1,74.0,75.7,44.9,47.0,25.4,1245.0
Noida,28.5355,77.391,2026-07-30 02:00:00,28.3,93,0.3,1.9,72.2,73.3,36.2,51.0,23.0,1193.0
Noida,28.5355,77.391,2026-07-30 03:00:00,27.3,97,0.5,3.3,70.3,71.2,32.2,48.0,21.7,1065.0
Noida,28.5355,77.391,2026-07-30 04:00:00,27.3,99,0.2,1.2,68.9,69.8,30.6,42.0,20.9,909.0
Noida,28.5355,77.391,2026-07-30 05:00:00,28.6,95,0.0,3.6,69.2,69.6,35.1,57.0,20.7,773.0
Noida,28.5355,77.391,2026-07-30 06:00:00,28.6,91,0.1,7.5,68.0,68.5,32.3,71.0,22.1,677.0
Noida,28.5355,77.391,2026-07-30 07:00:00,28.2,91,0.3,10.4,57.4,58.0,28.2,91.0,23.8,600.0
Noida,28.5355,77.391,2026-07-30 08:00:00,29.7,82,0.0,6.2,43.2,43.9,23.6,113.0,24.4,531.0
Noida,28.5355,77.391,2026-07-30 09:00:00,31.3,73,0.0,9.0,46.7,48.1,18.1,137.0,22.6,459.0
Noida,28.5355,77.391,2026-07-30 10:00:00,31.7,71,0.0,7.4,33.6,35.7,12.0,162.0,19.7,395.0
Noida,28.5355,77.391,2026-07-30 11:00:00,32.7,66,0.0,7.1,31.3,32.7,7.6,182.0,17.3,356.0
Noida,28.5355,77.391,2026-07-30 12:00:00,32.5,70,0.4,10.2,56.3,295.2,5.5,194.0,15.9,357.0
Noida,28.5355,77.391,2026-07-30 13:00:00,33.1,68,0.0,7.9,46.3,178.3,5.0,201.0,15.1,383.0
Noida,28.5355,77.391,2026-07-30 14:00:00,33.8,59,0.0,7.0,44.4,148.5,6.0,203.0,15.3,412.0
Noida,28.5355,77.391,2026-07-30 15:00:00,34.0,57,0.0,7.7,40.3,108.7,8.4,201.0,17.1,439.0
Noida,28.5355,77.391,2026-07-30 16:00:00,33.8,57,0.1,8.8,36.4,74.5,12.3,195.0,20.0,469.0
Noida,28.5355,77.391,2026-07-30 17:00:00,29.8,84,0.3,17.5,34.8,40.9,16.3,150.0,15.3,490.0
Noida,28.5355,77.391,2026-07-30 18:00:00,28.7,88,0.1,11.1,37.8,42.4,27.5,124.0,18.7,495.0
Noida,28.5355,77.391,2026-07-30 19:00:00,28.8,89,0.0,10.3,43.1,48.3,42.5,89.0,23.2,491.0
Noida,28.5355,77.391,2026-07-30 20:00:00,28.7,89,0.0,9.5,46.4,70.3,51.4,63.0,25.7,494.0
Noida,28.5355,77.391,2026-07-30 21:00:00,28.5,91,0.0,8.4,48.5,88.5,48.3,57.0,24.3,518.0
Noida,28.5355,77.391,2026-07-30 22:00:00,28.5,91,0.0,8.9,43.7,74.7,39.0,61.0,21.0,548.0
Noida,28.5355,77.391,2026-07-30 23:00:00,29.0,88,0.0,11.5,38.9,61.2,30.6,65.0,18.1,558.0
Noida,28.5355,77.391,2026-07-31 00:00:00,28.8,89,0.0,12.1,33.8,46.7,25.4,67.0,16.4,532.0
Noida,28.5355,77.391,2026-07-31 01:00:00,28.7,87,0.0,11.8,29.2,34.9,21.2,69.0,15.1,486.0
Noida,28.5355,77.391,2026-07-31 02:00:00,28.5,86,0.0,12.0,25.8,27.7,18.2,70.0,14.6,438.0
Noida,28.5355,77.391,2026-07-31 03:00:00,28.4,85,0.0,12.2,23.4,24.1,17.0,67.0,15.3,385.0
Noida,28.5355,77.391,2026-07-31 04:00:00,28.2,84,0.0,12.8,30.7,98.7,17.1,63.0,16.7,331.0
Noida,28.5355,77.391,2026-07-31 05:00:00,28.6,80,0.0,12.7,30.9,107.1,17.4,61.0,17.4,298.0
Noida,28.5355,77.391,2026-07-31 06:00:00,28.4,82,0.0,11.9,27.0,67.5,17.2,64.0,17.6,307.0
Noida,28.5355,77.391,2026-07-31 07:00:00,28.9,80,0.1,12.3,52.2,281.3,16.9,68.0,17.8,339.0
Noida,28.5355,77.391,2026-07-31 08:00:00,29.3,78,0.2,16.5,24.9,53.0,15.7,78.0,17.7,356.0
Noida,28.5355,77.391,2026-07-31 09:00:00,30.1,74,0.2,17.3,19.6,27.1,12.9,98.0,16.9,339.0
Noida,28.5355,77.391,2026-07-31 10:00:00,30.5,75,0.3,16.1,19.9,22.9,9.2,124.0,15.7,309.0
Noida,28.5355,77.391,2026-07-31 11:00:00,31.3,68,0.0,16.5,20.5,21.4,6.6,143.0,14.6,288.0
Noida,28.5355,77.391,2026-07-31 12:00:00,31.8,69,0.3,16.3,20.6,20.8,5.5,151.0,13.7,285.0
Noida,28.5355,77.391,2026-07-31 13:00:00,32.2,69,0.1,15.0,20.3,27.6,5.5,151.0,12.9,293.0
Noida,28.5355,77.391,2026-07-31 14:00:00,32.7,67,0.0,13.4,22.3,31.4,6.6,149.0,12.7,308.0
Noida,28.5355,77.391,2026-07-31 15:00:00,32.0,73,0.4,14.2,20.4,26.4,9.2,144.0,13.5,335.0
Noida,28.5355,77.391,2026-07-31 16:00:00,32.0,69,0.2,13.8,20.0,25.4,13.0,136.0,14.9,371.0
Noida,28.5355,77.391,2026-07-31 17:00:00,31.8,72,0.1,8.0,31.2,31.7,17.0,127.0,15.1,400.0
Noida,28.5355,77.391,2026-07-31 18:00:00,31.1,76,0.0,8.8,34.0,34.5,23.8,109.0,17.5,420.0
Noida,28.5355,77.391,2026-07-31 19:00:00,30.1,82,0.0,7.0,35.9,36.2,32.9,85.0,20.6,435.0
Noida,28.5355,77.391,2026-07-31 20:00:00,29.7,85,0.0,8.3,35.9,36.3,38.1,68.0,22.4,439.0
Noida,28.5355,77.391,2026-07-31 21:00:00,29.3,84,0.1,10.9,34.2,34.8,35.8,64.0,21.3,430.0
Noida,28.5355,77.391,2026-07-31 22:00:00,28.9,84,0.0,10.6,32.1,32.9,29.6,67.0,18.8,412.0
Noida,28.5355,77.391,2026-07-31 23:00:00,28.3,90,0.0,8.6,30.2,31.0,24.1,69.0,17.0,389.0
Noida,28.5355,77.391,2026-08-01 00:00:00,27.8,90,0.6,11.9,27.8,28.5,20.9,69.0,16.9,360.0
Noida,28.5355,77.391,2026-08-01 01:00:00,27.4,92,0.3,11.4,35.0,107.1,18.5,68.0,17.5,328.0
Noida,28.5355,77.391,2026-08-01 02:00:00,27.1,92,0.0,10.3,41.0,159.7,16.9,67.0,18.0,304.0
Noida,28.5355,77.391,2026-08-01 03:00:00,27.3,92,0.0,10.1,44.7,190.9,16.4,64.0,18.0,294.0
Noida,28.5355,77.391,2026-08-01 04:00:00,27.3,91,0.0,10.6,48.5,209.1,16.6,60.0,17.8,292.0
Noida,28.5355,77.391,2026-08-01 05:00:00,27.0,94,0.0,9.5,27.0,27.9,17.4,59.0,18.1,301.0
Noida,28.5355,77.391,2026-08-01 06:00:00,27.0,93,0.0,11.1,27.9,28.8,17.2,66.0,18.2,330.0
Noida,28.5355,77.391,2026-08-01 07:00:00,27.2,90,0.2,14.6,28.7,29.6,16.7,76.0,18.3,369.0
Noida,28.5355,77.391,2026-08-01 08:00:00,28.4,82,0.0,14.4,27.6,28.5,15.5,90.0,18.2,390.0
Noida,28.5355,77.391,2026-08-01 09:00:00,29.9,76,0.2,16.2,25.3,25.9,12.6,111.0,17.8,376.0
Noida,28.5355,77.391,2026-08-01 10:00:00,31.0,73,0.2,14.7,30.3,81.7,9.0,136.0,17.2,343.0
Noida,28.5355,77.391,2026-08-01 11:00:00,31.9,70,0.0,12.6,26.1,39.0,6.4,155.0,16.8,317.0
Noida,28.5355,77.391,2026-08-01 12:00:00,32.4,68,0.2,13.2,28.1,58.0,5.6,163.0,16.6,297.0
Noida,28.5355,77.391,2026-08-01 13:00:00,32.0,71,0.2,12.6,26.8,34.3,5.9,166.0,16.6,284.0
Noida,28.5355,77.391,2026-08-01 14:00:00,32.2,73,0.1,10.4,26.5,30.3,6.9,165.0,16.7,299.0
Noida,28.5355,77.391,2026-08-01 15:00:00,31.9,74,0.1,8.7,26.1,28.1,8.2,164.0,17.0,366.0
Noida,28.5355,77.391,2026-08-01 16:00:00,29.0,86,1.5,10.4,26.5,27.6,10.2,159.0,17.4,461.0
Noida,28.5355,77.391,2026-08-01 17:00:00,30.5,78,1.7,6.5,39.2,84.8,15.9,143.0,15.2,538.0
Noida,28.5355,77.391,2026-08-01 18:00:00,30.1,83,0.1,5.6,41.2,64.0,21.8,125.0,16.1,581.0
Noida,28.5355,77.391,2026-08-01 19:00:00,29.6,87,0.0,7.6,39.8,48.5,29.7,101.0,17.4,605.0
Noida,28.5355,77.391,2026-08-01 20:00:00,29.3,89,0.0,5.8,40.6,44.4,34.9,82.0,18.1,608.0
Noida,28.5355,77.391,2026-08-01 21:00:00,29.2,89,0.0,8.5,41.9,43.2,34.9,74.0,17.9,582.0
Noida,28.5355,77.391,2026-08-01 22:00:00,28.9,90,0.2,7.3,39.7,40.2,32.1,72.0,17.2,535.0
Noida,28.5355,77.391,2026-08-01 23:00:00,26.5,94,0.2,11.4,36.7,36.8,28.9,71.0,16.6,486.0
Noida,28.5355,77.391,2026-08-02 00:00:00,26.6,94,1.3,9.4,35.6,36.0,25.4,72.0,16.2,438.0
Noida,28.5355,77.391,2026-08-02 01:00:00,26.9,95,0.5,8.3,36.0,36.4,21.5,74.0,15.9,388.0
Noida,28.5355,77.391,2026-08-02 02:00:00,27.0,96,0.4,6.3,36.9,37.8,18.7,75.0,16.1,352.0
Noida,28.5355,77.391,2026-08-02 03:00:00,26.9,97,0.1,5.7,38.1,39.6,18.1,71.0,17.2,333.0
Noida,28.5355,77.391,2026-08-02 04:00:00,27.0,96,0.0,5.8,39.1,40.9,18.7,66.0,18.8,327.0
Noida,28.5355,77.391,2026-08-02 05:00:00,26.3,97,0.0,9.9,43.3,44.8,22.0,58.0,20.2,338.0
Noida,28.5355,77.391,2026-08-02 06:00:00,26.3,97,1.2,9.2,44.2,46.0,20.8,67.0,21.9,386.0
Noida,28.5355,77.391,2026-08-02 07:00:00,27.2,95,0.2,6.8,43.0,45.4,19.0,81.0,24.2,452.0
Noida,28.5355,77.391,2026-08-02 08:00:00,28.9,88,0.0,9.9,38.3,58.6,16.6,100.0,25.3,479.0
Noida,28.5355,77.391,2026-08-02 09:00:00,30.6,78,0.0,9.8,38.2,62.9,12.9,128.0,24.2,431.0
Noida,28.5355,77.391,2026-08-02 10:00:00,31.8,71,0.1,9.2,36.2,50.3,8.5,162.0,21.8,345.0
Noida,28.5355,77.391,2026-08-02 11:00:00,33.3,63,0.1,7.3,35.5,44.8,5.3,185.0,19.5,278.0
Noida,28.5355,77.391,2026-08-02 12:00:00,32.9,64,0.7,9.4,33.3,39.8,3.9,192.0,17.5,253.0
Noida,28.5355,77.391,2026-08-02 13:00:00,30.1,82,1.7,12.8,32.5,37.4,3.6,190.0,15.6,248.0
Noida,28.5355,77.391,2026-08-02 14:00:00,31.6,74,0.6,6.3,32.5,36.0,4.5,183.0,14.2,254.0
Noida,28.5355,77.391,2026-08-02 15:00:00,32.5,68,0.2,8.6,32.0,34.3,6.4,171.0,13.6,262.0
Noida,28.5355,77.391,2026-08-02 16:00:00,32.0,72,0.1,7.9,29.6,31.3,9.4,154.0,13.6,281.0
Noida,28.5355,77.391,2026-08-02 17:00:00,28.3,93,0.0,3.6,23.5,24.5,13.0,121.0,12.3,334.0
Noida,28.5355,77.391,2026-08-02 18:00:00,26.8,98,2.0,10.9,28.8,29.7,18.2,106.0,13.6,461.0
Noida,28.5355,77.391,2026-08-02 19:00:00,26.8,99,1.2,5.2,32.4,33.2,25.4,85.0,15.4,621.0
Noida,28.5355,77.391,2026-08-02 20:00:00,27.2,97,0.5,8.2,32.7,33.5,30.1,69.0,16.7,718.0
Noida,28.5355,77.391,2026-08-02 21:00:00,27.6,98,0.1,6.9,32.7,33.9,30.5,63.0,17.4,696.0
Noida,28.5355,77.391,2026-08-02 22:00:00,27.9,97,0.0,5.6,34.0,35.6,28.4,62.0,17.7,611.0
Noida,28.5355,77.391,2026-08-02 23:00:00,28.8,93,0.0,4.0,32.5,34.7,25.5,63.0,17.3,533.0
Noida,28.5355,77.391,2026-08-03 00:00:00,28.4,94,0.0,9.1,27.9,30.5,21.4,67.0,15.5,484.0
Noida,28.5355,77.391,2026-08-03 01:00:00,27.4,95,0.0,7.2,24.3,28.2,16.4,74.0,12.9,441.0
Noida,28.5355,77.391,2026-08-03 02:00:00,27.2,95,0.0,8.7,21.0,24.3,13.0,77.0,11.1,407.0
Noida,28.5355,77.391,2026-08-03 03:00:00,27.2,96,0.0,8.3,18.7,21.9,12.5,73.0,10.6,382.0
Noida,28.5355,77.391,2026-08-03 04:00:00,27.1,97,0.0,8.1,17.8,20.6,13.6,66.0,10.9,365.0
Noida,28.5355,77.391,2026-08-03 05:00:00,26.9,98,0.0,8.0,31.4,32.8,22.4,39.0,13.2,361.0
Noida,28.5355,77.391,2026-08-03 06:00:00,27.5,97,0.2,8.5,34.5,36.0,21.8,47.0,14.6,380.0
Noida,28.5355,77.391,2026-08-03 07:00:00,27.3,93,0.0,7.0,35.0,36.6,20.8,58.0,16.4,412.0
Noida,28.5355,77.391,2026-08-03 08:00:00,28.5,86,0.0,3.1,31.0,32.1,18.9,74.0,17.5,425.0
Noida,28.5355,77.391,2026-08-03 09:00:00,29.9,81,0.0,3.1,28.3,29.0,15.3,98.0,17.3,401.0
Noida,28.5355,77.391,2026-08-03 10:00:00,30.8,79,0.0,5.6,26.0,26.4,10.8,126.0,16.4,358.0
Noida,28.5355,77.391,2026-08-03 11:00:00,31.3,78,0.1,3.3,25.5,25.7,7.7,146.0,15.4,328.0
Noida,28.5355,77.391,2026-08-03 12:00:00,32.8,72,0.2,7.4,25.3,25.5,6.6,153.0,14.3,318.0
Noida,28.5355,77.391,2026-08-03 13:00:00,29.9,82,2.0,11.3,24.2,24.3,6.8,153.0,13.0,320.0
Noida,28.5355,77.391,2026-08-03 14:00:00,29.9,84,1.4,6.9,24.4,24.4,8.4,147.0,12.0,339.0
Noida,28.5355,77.391,2026-08-03 15:00:00,30.5,80,0.2,6.7,24.4,24.5,11.0,136.0,11.0,371.0
Noida,28.5355,77.391,2026-08-03 16:00:00,30.8,78,0.1,7.9,22.8,22.9,15.0,120.0,10.3,420.0
Noida,28.5355,77.391,2026-08-03 17:00:00,32.2,76,0.1,8.0,37.1,37.6,18.3,113.0,10.6,498.0
Noida,28.5355,77.391,2026-08-03 18:00:00,29.2,87,1.9,10.5,38.5,38.9,28.8,94.0,13.0,643.0
Noida,28.5355,77.391,2026-08-03 19:00:00,27.1,97,4.9,2.1,46.7,47.0,43.2,68.0,16.4,818.0
Noida,28.5355,77.391,2026-08-03 20:00:00,26.9,96,2.7,5.0,50.4,50.6,53.0,48.0,18.9,924.0
Noida,28.5355,77.391,2026-08-03 21:00:00,27.0,97,0.6,2.4,53.4,53.7,54.4,41.0,19.8,908.0
Noida,28.5355,77.391,2026-08-03 22:00:00,26.9,96,1.4,2.8,54.1,54.2,51.3,41.0,19.8,824.0
Noida,28.5355,77.391,2026-08-03 23:00:00,27.6,94,0.6,4.6,48.0,48.3,46.5,43.0,19.3,731.0
Noida,28.5355,77.391,2026-08-04 00:00:00,26.9,96,1.0,6.3,42.1,42.4,39.9,47.0,18.1,640.0
Noida,28.5355,77.391,2026-08-04 01:00:00,26.8,97,0.4,6.0,35.7,36.0,31.6,54.0,16.4,541.0
Noida,28.5355,77.391,2026-08-04 02:00:00,26.7,97,0.1,6.2,26.5,26.7,25.3,58.0,15.0,462.0
Noida,28.5355,77.391,2026-08-04 03:00:00,26.7,97,0.0,6.4,20.6,20.7,22.4,58.0,14.4,413.0
Noida,28.5355,77.391,2026-08-04 04:00:00,26.7,96,0.0,4.5,21.8,22.1,21.3,55.0,14.1,386.0
Noida,28.5355,77.391,2026-08-04 05:00:00,26.7,97,0.0,11.2,19.3,19.6,16.4,67.0,10.9,381.0
Noida,28.5355,77.391,2026-08-04 06:00:00,26.7,97,1.4,5.7,14.5,15.0,17.6,68.0,11.9,415.0
Noida,28.5355,77.391,2026-08-04 07:00:00,27.2,96,2.4,1.8,13.9,14.3,19.1,71.0,13.3,473.0
Noida,28.5355,77.391,2026-08-04 08:00:00,27.9,93,0.3,4.1,13.4,13.7,19.5,77.0,14.6,509.0
Noida,28.5355,77.391,2026-08-04 09:00:00,28.9,85,0.1,4.8,14.4,14.8,17.9,90.0,15.9,492.0
Noida,28.5355,77.391,2026-08-04 10:00:00,29.5,84,0.1,5.8,15.1,15.7,15.2,106.0,17.1,454.0
Noida,28.5355,77.391,2026-08-04 11:00:00,30.5,82,1.7,5.0,15.6,16.3,13.0,120.0,17.9,442.0
Noida,28.5355,77.391,2026-08-04 12:00:00,29.2,89,1.1,3.5,16.1,16.9,11.4,129.0,17.6,479.0
Noida,28.5355,77.391,2026-08-04 13:00:00,28.8,87,4.3,6.4,17.2,18.1,10.3,135.0,16.9,543.0
Noida,28.5355,77.391,2026-08-04 14:00:00,29.3,84,0.6,7.1,18.0,18.9,11.3,137.0,17.0,618.0
Noida,28.5355,77.391,2026-08-04 15:00:00,29.6,84,0.3,7.7,19.7,20.5,14.4,134.0,18.7,719.0
Noida,28.5355,77.391,2026-08-04 16:00:00,29.1,87,0.1,5.6,24.2,25.1,19.5,126.0,21.2,830.0
Noida,28.5355,77.391,2026-08-04 17:00:00,27.7,92,0.0,2.0,24.7,25.0,37.2,105.0,33.3,888.0
Noida,28.5355,77.391,2026-08-04 18:00:00,27.6,93,1.2,3.3,30.4,30.7,48.7,86.0,35.9,844.0
Noida,28.5355,77.391,2026-08-04 19:00:00,27.3,96,0.7,5.0,39.8,40.0,64.6,59.0,39.6,746.0
Noida,28.5355,77.391,2026-08-04 20:00:00,27.2,97,0.4,4.0,49.7,49.9,76.4,38.0,42.2,677.0
Noida,28.5355,77.391,2026-08-04 21:00:00,27.2,97,0.3,2.4,57.3,57.4,80.9,27.0,43.0,672.0
Noida,28.5355,77.391,2026-08-04 22:00:00,27.3,97,0.3,1.0,63.1,63.3,81.3,22.0,42.8,695.0
Noida,28.5355,77.391,2026-08-04 23:00:00,27.7,97,0.2,0.4,62.9,63.3,79.1,19.0,41.9,719.0
Noida,28.5355,77.391,2026-08-05 00:00:00,27.4,98,0.0,0.9,59.0,59.3,72.9,20.0,39.6,738.0
Noida,28.5355,77.391,2026-08-05 01:00:00,27.2,97,0.0,1.9,54.5,54.7,64.1,24.0,36.6,757.0
Noida,28.5355,77.391,2026-08-05 02:00:00,27.1,97,0.2,1.3,52.4,52.5,58.3,26.0,35.3,764.0
Noida,28.5355,77.391,2026-08-05 03:00:00,27.1,92,0.0,0.4,51.3,51.5,58.9,23.0,37.2,741.0
Noida,28.5355,77.391,2026-08-05 04:00:00,26.7,95,0.2,3.2,53.0,53.2,62.4,18.0,40.8,706.0
Noida,28.5355,77.391,2026-08-05 05:00:00,26.4,97,0.0,4.7,78.0,78.2,78.4,10.0,62.6,697.0
Noida,28.5355,77.391,2026-08-05 06:00:00,26.2,95,0.3,8.9,80.3,80.6,71.4,20.0,60.5,750.0
Noida,28.5355,77.391,2026-08-05 07:00:00,26.9,93,0.1,4.0,64.7,65.2,61.3,37.0,57.3,829.0
Noida,28.5355,77.391,2026-08-05 08:00:00,28.6,85,0.0,3.6,58.2,59.1,50.6,65.0,53.8,867.0
Noida,28.5355,77.391,2026-08-05 09:00:00,30.0,78,0.0,3.7,48.3,49.7,38.8,116.0,50.0,821.0
Noida,28.5355,77.391,2026-08-05 10:00:00,31.4,70,0.1,5.3,41.3,43.3,26.3,178.0,45.8,734.0
Noida,28.5355,77.391,2026-08-05 11:00:00,31.0,73,0.1,4.9,43.7,45.9,16.7,224.0,41.1,661.0
Noida,28.5355,77.391,2026-08-05 12:00:00,29.6,82,0.9,5.8,46.0,48.2,11.6,240.0,35.3,619.0
Noida,28.5355,77.391,2026-08-05 13:00:00,30.3,80,0.9,6.8,47.3,49.2,9.3,239.0,29.0,592.0
Noida,28.5355,77.391,2026-08-05 14:00:00,31.0,75,0.0,7.6,50.8,71.0,8.9,230.0,24.2,585.0
Noida,28.5355,77.391,2026-08-05 15:00:00,31.6,69,0.0,6.0,43.5,50.9,10.0,215.0,21.9,544.0
Noida,28.5355,77.391,2026-08-05 16:00:00,31.9,67,0.0,6.7,40.0,45.5,12.9,193.0,21.0,524.0
Noida,28.5355,77.391,2026-08-05 17:00:00,27.7,94,0.0,5.5,47.7,97.1,23.0,138.0,18.5,687.0
Noida,28.5355,77.391,2026-08-05 18:00:00,27.8,93,2.0,2.4,54.1,85.0,32.6,112.0,18.6,1272.0
Noida,28.5355,77.391,2026-08-05 19:00:00,27.2,97,2.7,8.6,56.7,75.9,45.8,77.0,18.8,2042.0
Noida,28.5355,77.391,2026-08-05 20:00:00,27.2,97,0.6,3.4,53.0,67.3,55.9,48.0,19.2,2447.0
Noida,28.5355,77.391,2026-08-05 21:00:00,27.2,97,0.8,3.7,51.3,64.7,60.7,32.0,20.3,2143.0
Noida,28.5355,77.391,2026-08-05 22:00:00,27.2,98,0.5,2.9,53.1,67.1,62.4,22.0,21.6,1474.0
Noida,28.5355,77.391,2026-08-05 23:00:00,26.6,97,0.3,1.2,59.4,75.0,60.7,19.0,21.9,929.0
Noida,28.5355,77.391,2026-08-06 00:00:00,26.3,94,2.6,1.5,61.7,76.4,53.7,24.0,20.2,700.0
Noida,28.5355,77.391,2026-08-06 01:00:00,26.1,96,3.2,2.7,50.5,64.5,43.4,36.0,17.4,595.0
Noida,28.5355,77.391,2026-08-06 02:00:00,26.6,94,0.4,1.5,44.7,56.2,35.1,44.0,15.4,524.0
Noida,28.5355,77.391,2026-08-06 03:00:00,26.6,95,0.0,2.0,42.5,55.3,30.8,45.0,14.5,458.0
Noida,28.5355,77.391,2026-08-06 04:00:00,26.6,97,0.0,3.1,42.4,55.3,28.5,43.0,14.3,425.0
Noida,28.5355,77.391,2026-08-06 05:00:00,27.9,93,0.0,1.3,47.5,60.5,35.6,35.0,23.3,426.0
Noida,28.5355,77.391,2026-08-06 06:00:00,27.7,95,1.3,4.4,50.1,62.2,39.8,36.0,29.1,477.0
Noida,28.5355,77.391,2026-08-06 07:00:00,27.7,91,0.7,4.7,56.8,67.8,45.4,38.0,37.1,562.0
Noida,28.5355,77.391,2026-08-06 08:00:00,26.9,91,1.7,6.6,58.2,65.0,47.9,48.0,42.8,626.0
Noida,28.5355,77.391,2026-08-06 09:00:00,27.0,86,2.0,1.6,56.2,59.8,44.1,72.0,44.0,651.0
Noida,28.5355,77.391,2026-08-06 10:00:00,26.7,86,0.8,3.8,56.1,59.8,37.2,102.0,42.9,657.0
Noida,28.5355,77.391,2026-08-06 11:00:00,27.3,85,0.5,6.5,48.4,52.3,32.1,126.0,42.4,646.0
Noida,28.5355,77.391,2026-08-06 12:00:00,28.2,82,0.8,6.2,42.7,46.8,29.9,138.0,43.5,610.0
Noida,28.5355,77.391,2026-08-06 13:00:00,28.1,85,0.5,6.8,46.0,51.7,29.5,143.0,45.1,559.0
Noida,28.5355,77.391,2026-08-06 14:00:00,27.9,86,0.3,6.9,50.6,65.9,33.1,139.0,46.7,524.0
Noida,28.5355,77.391,2026-08-06 15:00:00,27.8,87,0.2,7.5,51.3,66.6,43.1,124.0,48.3,503.0
Noida,28.5355,77.391,2026-08-06 16:00:00,28.1,85,0.0,8.6,57.4,73.1,57.1,100.0,49.8,499.0
Noida,28.5355,77.391,2026-08-06 17:00:00,27.7,92,0.0,9.6,43.8,47.0,66.8,67.0,36.8,548.0
Noida,28.5355,77.391,2026-08-06 18:00:00,27.2,91,0.2,9.0,43.4,45.1,73.6,53.0,38.9,714.0
Noida,28.5355,77.391,2026-08-06 19:00:00,26.9,93,0.1,6.4,43.9,44.8,82.8,35.0,41.7,935.0
Noida,28.5355,77.391,2026-08-06 20:00:00,27.0,93,0.0,5.6,46.3,47.1,88.6,20.0,43.5,1054.0
Noida,28.5355,77.391,2026-08-06 21:00:00,26.9,94,0.0,7.1,47.3,48.0,88.9,12.0,43.8,978.0
Noida,28.5355,77.391,2026-08-06 22:00:00,26.7,94,0.0,6.6,46.9,48.0,85.8,8.0,43.1,802.0
Noida,28.5355,77.391,2026-08-06 23:00:00,26.5,95,0.0,7.1,45.5,47.0,79.6,9.0,40.8,655.0
Noida,28.5355,77.391,2026-08-07 00:00:00,26.0,96,2.8,6.2,41.4,43.1,69.1,16.0,36.0,590.0
Noida,28.5355,77.391,2026-08-07 01:00:00,26.1,96,1.2,4.5,36.2,37.6,55.5,28.0,29.6,554.0
Noida,28.5355,77.391,2026-08-07 02:00:00,26.2,96,0.1,6.0,32.0,32.4,43.4,39.0,24.0,516.0
Noida,28.5355,77.391,2026-08-07 03:00:00,25.9,97,0.0,8.2,28.4,28.6,33.1,49.0,19.5,452.0
Noida,28.5355,77.391,2026-08-07 04:00:00,25.6,95,3.0,8.3,24.9,24.9,24.2,59.0,15.8,387.0
Noida,28.5355,77.391,2026-08-07 05:00:00,26.0,98,4.8,5.5,24.7,24.7,21.5,60.0,18.5,366.0
Noida,28.5355,77.391,2026-08-07 06:00:00,26.3,96,0.9,5.7,26.0,26.1,25.3,60.0,20.8,433.0
Noida,28.5355,77.391,2026-08-07 07:00:00,26.0,95,3.2,11.4,30.2,30.3,30.2,62.0,23.8,543.0
Noida,28.5355,77.391,2026-08-07 08:00:00,26.6,93,1.3,9.7,36.3,36.4,32.0,69.0,25.6,612.0
Noida,28.5355,77.391,2026-08-07 09:00:00,26.5,93,4.5,15.3,48.7,48.8,27.4,88.0,24.9,589.0
Noida,28.5355,77.391,2026-08-07 10:00:00,27.2,93,1.5,13.6,30.7,31.0,19.8,112.0,23.0,524.0
Noida,28.5355,77.391,2026-08-07 11:00:00,27.1,91,0.9,15.4,23.6,23.9,14.5,129.0,21.2,478.0
Noida,28.5355,77.391,2026-08-07 12:00:00,27.2,94,2.2,13.4,21.9,22.2,13.4,133.0,19.8,470.0
Noida,28.5355,77.391,2026-08-07 13:00:00,27.8,93,2.4,12.9,20.8,21.2,14.7,130.0,18.5,481.0
Noida,28.5355,77.391,2026-08-07 14:00:00,29.7,84,0.4,12.4,23.9,24.2,18.7,123.0,18.1,511.0
Noida,28.5355,77.391,2026-08-07 15:00:00,29.8,81,0.2,14.3,26.3,26.6,26.3,112.0,19.0,575.0
Noida,28.5355,77.391,2026-08-07 16:00:00,26.8,93,9.2,13.3,28.8,29.1,36.6,97.0,20.8,657.0
Noida,28.5355,77.391,2026-08-07 17:00:00,27.0,92,2.7,12.2,41.9,42.7,40.0,81.0,19.0,712.0
Noida,28.5355,77.391,2026-08-07 18:00:00,26.6,95,3.3,7.5,43.8,44.5,43.0,75.0,19.4,722.0
Noida,28.5355,77.391,2026-08-07 19:00:00,26.5,95,0.6,7.9,42.3,43.1,46.9,66.0,20.1,704.0
Noida,28.5355,77.391,2026-08-07 20:00:00,26.5,96,1.1,13.3,42.5,43.3,48.8,59.0,20.8,667.0
Noida,28.5355,77.391,2026-08-07 21:00:00,25.7,96,1.1,14.4,43.4,44.1,47.1,56.0,21.8,600.0
Noida,28.5355,77.391,2026-08-07 22:00:00,25.6,95,0.7,11.3,44.2,44.8,43.4,54.0,22.9,513.0
Noida,28.5355,77.391,2026-08-07 23:00:00,25.3,96,6.2,10.3,44.6,45.2,39.3,53.0,23.2,448.0
Noida,28.5355,77.391,2026-08-08 00:00:00,25.6,97,0.7,8.9,43.2,43.9,34.9,53.0,22.1,424.0
Noida,28.5355,77.391,2026-08-08 01:00:00,25.8,95,0.3,8.7,42.5,43.2,30.1,55.0,20.2,422.0
Noida,28.5355,77.391,2026-08-08 02:00:00,25.6,96,1.7,6.5,42.6,43.4,26.5,55.0,19.0,422.0
Noida,28.5355,77.391,2026-08-08 03:00:00,25.3,96,2.0,5.8,43.2,44.0,25.3,51.0,19.1,406.0
Noida,28.5355,77.391,2026-08-08 04:00:00,25.4,96,0.7,8.0,44.2,44.9,25.4,46.0,19.9,391.0
Noida,28.5355,77.391,2026-08-08 05:00:00,25.7,96,0.2,5.2,36.4,38.0,20.6,54.0,17.4,412.0
Noida,28.5355,77.391,2026-08-08 06:00:00,25.3,97,7.0,4.7,37.0,38.5,20.7,60.0,18.3,517.0
Noida,28.5355,77.391,2026-08-08 07:00:00,26.2,96,0.9,6.4,38.1,40.2,20.7,69.0,19.5,659.0
Noida,28.5355,77.391,2026-08-08 08:00:00,28.6,90,0.1,7.3,35.7,38.0,19.4,82.0,19.5,725.0
Noida,28.5355,77.391,2026-08-08 09:00:00,30.2,83,0.2,10.5,27.4,30.9,15.4,102.0,17.3,641.0
Noida,28.5355,77.391,2026-08-08 10:00:00,31.4,76,0.1,14.5,23.9,27.4,10.1,125.0,14.0,483.0
Noida,28.5355,77.391,2026-08-08 11:00:00,30.7,78,1.6,9.1,25.8,29.6,6.4,142.0,11.6,365.0
Noida,28.5355,77.391,2026-08-08 12:00:00,32.6,68,0.2,15.7,24.9,27.9,5.5,149.0,11.1,333.0
Noida,28.5355,77.391,2026-08-08 13:00:00,30.2,79,1.1,13.4,27.6,30.2,6.3,150.0,11.6,342.0
Noida,28.5355,77.391,2026-08-08 14:00:00,32.1,70,0.1,9.4,29.3,31.8,7.9,149.0,12.3,368.0
Noida,28.5355,77.391,2026-08-08 15:00:00,32.7,68,0.1,8.3,26.9,28.5,9.0,150.0,12.7,382.0
Noida,28.5355,77.391,2026-08-08 16:00:00,30.1,80,1.2,12.9,27.9,29.3,11.0,150.0,13.3,414.0
Noida,28.5355,77.391,2026-08-08 17:00:00,31.2,74,1.7,8.2,35.0,44.0,17.9,135.0,13.1,529.0
Noida,28.5355,77.391,2026-08-08 18:00:00,30.4,80,0.1,5.9,41.6,52.4,29.1,112.0,15.5,823.0
Noida,28.5355,77.391,2026-08-08 19:00:00,29.1,87,0.1,4.9,46.7,61.7,44.2,81.0,18.7,1200.0
Noida,28.5355,77.391,2026-08-08 20:00:00,28.9,90,0.0,1.9,52.5,70.3,53.3,60.0,20.8,1443.0
Noida,28.5355,77.391,2026-08-08 21:00:00,28.6,90,0.0,4.5,53.2,71.7,50.7,58.0,20.8,1449.0
Noida,28.5355,77.391,2026-08-08 22:00:00,28.3,90,0.0,6.6,49.2,66.1,42.1,65.0,19.8,1321.0
Noida,28.5355,77.391,2026-08-08 23:00:00,28.6,90,0.0,3.9,46.9,58.4,34.7,70.0,18.7,1151.0
Noida,28.5355,77.391,2026-08-09 00:00:00,28.1,91,0.3,4.7,46.8,53.9,31.3,68.0,17.8,929.0
Noida,28.5355,77.391,2026-08-09 01:00:00,27.9,92,0.1,4.2,47.0,51.1,29.1,63.0,16.9,665.0
Noida,28.5355,77.391,2026-08-09 02:00:00,27.3,94,0.1,5.2,45.5,47.5,27.3,59.0,16.4,475.0
Noida,28.5355,77.391,2026-08-09 03:00:00,26.6,91,0.7,3.8,43.4,44.2,25.8,55.0,16.4,416.0
Noida,28.5355,77.391,2026-08-09 04:00:00,26.3,94,1.5,1.7,42.8,43.3,24.7,51.0,16.9,432.0
Noida,28.5355,77.391,2026-08-09 05:00:00,26.5,96,0.0,1.4,52.6,54.0,31.8,45.0,17.3,465.0
Noida,28.5355,77.391,2026-08-09 06:00:00,26.7,97,0.0,3.3,50.8,51.6,27.8,60.0,18.7,519.0
Noida,28.5355,77.391,2026-08-09 07:00:00,28.0,91,0.0,2.9,49.5,49.7,22.1,83.0,20.6,590.0
Noida,28.5355,77.391,2026-08-09 08:00:00,29.5,85,0.0,4.2,37.5,37.6,16.8,107.0,21.5,614.0
Noida,28.5355,77.391,2026-08-09 09:00:00,31.1,77,0.2,9.2,33.8,34.0,12.2,134.0,20.4,543.0
Noida,28.5355,77.391,2026-08-09 10:00:00,32.0,74,0.1,8.9,32.0,32.1,8.1,163.0,18.4,426.0
Noida,28.5355,77.391,2026-08-09 11:00:00,33.0,64,0.1,11.1,31.3,31.5,5.1,185.0,16.7,339.0
Noida,28.5355,77.391,2026-08-09 12:00:00,33.6,62,0.1,10.6,31.1,31.3,3.8,195.0,15.8,316.0
Noida,28.5355,77.391,2026-08-09 13:00:00,34.0,60,0.1,8.0,36.1,57.4,3.8,197.0,15.3,324.0
Noida,28.5355,77.391,2026-08-09 14:00:00,34.2,59,0.0,6.4,35.5,51.9,4.4,198.0,15.4,343.0
Noida,28.5355,77.391,2026-08-09 15:00:00,34.2,60,0.0,3.5,33.3,43.5,3.2,203.0,15.9,329.0
Noida,28.5355,77.391,2026-08-09 16:00:00,34.0,61,0.0,5.0,31.5,39.1,2.7,206.0,16.9,327.0
Noida,28.5355,77.391,2026-08-09 17:00:00,34.3,59,0.1,1.5,40.4,40.6,10.7,170.0,16.2,452.0
Noida,28.5355,77.391,2026-08-09 18:00:00,31.2,78,0.4,8.6,49.9,50.2,34.4,134.0,22.8,836.0
Noida,28.5355,77.391,2026-08-09 19:00:00,30.0,84,0.2,4.0,67.8,68.0,67.1,85.0,31.8,1347.0
Noida,28.5355,77.391,2026-08-09 20:00:00,29.5,86,0.0,3.2,86.4,86.6,91.9,45.0,38.7,1711.0
Noida,28.5355,77.391,2026-08-09 21:00:00,29.0,88,0.0,3.7,104.1,104.3,103.7,24.0,42.0,1783.0
Noida,28.5355,77.391,2026-08-09 22:00:00,28.8,89,0.0,3.7,115.5,115.7,107.6,12.0,43.0,1707.0
Noida,28.5355,77.391,2026-08-09 23:00:00,29.5,85,0.0,5.8,114.6,114.6,102.1,11.0,41.3,1645.0
Noida,28.5355,77.391,2026-08-10 00:00:00,28.8,87,0.1,8.9,95.2,95.2,81.1,25.0,34.9,1681.0
Noida,28.5355,77.391,2026-08-10 01:00:00,28.6,88,0.1,5.8,67.5,67.8,50.9,49.0,25.7,1729.0
Noida,28.5355,77.391,2026-08-10 02:00:00,28.1,91,0.0,2.7,54.7,54.8,28.3,65.0,18.7,1698.0
Noida,28.5355,77.391,2026-08-10 03:00:00,27.8,94,0.0,2.9,49.6,49.7,21.8,64.0,15.9,1516.0
Noida,28.5355,77.391,2026-08-10 04:00:00,27.7,94,0.0,4.2,47.3,47.4,22.9,56.0,15.4,1255.0
Noida,28.5355,77.391,2026-08-10 05:00:00,27.2,93,0.0,8.4,32.8,33.1,16.8,75.0,14.5,1031.0
Noida,28.5355,77.391,2026-08-10 06:00:00,26.7,95,1.2,6.8,28.9,29.0,18.8,74.0,15.1,897.0
Noida,28.5355,77.391,2026-08-10 07:00:00,27.4,93,0.1,5.6,26.1,26.3,21.4,74.0,15.9,801.0
Noida,28.5355,77.391,2026-08-10 08:00:00,28.5,87,0.0,7.0,25.5,25.7,22.3,83.0,17.2,705.0
Noida,28.5355,77.391,2026-08-10 09:00:00,30.1,79,0.0,8.5,24.1,24.3,19.8,109.0,19.1,585.0
Noida,28.5355,77.391,2026-08-10 10:00:00,31.5,72,0.0,5.7,26.4,26.5,15.5,144.0,21.4,465.0
Noida,28.5355,77.391,2026-08-10 11:00:00,33.0,65,0.0,8.7,28.2,29.8,12.6,171.0,23.9,383.0
Noida,28.5355,77.391,2026-08-10 12:00:00,33.2,66,0.2,8.4,29.3,32.6,11.8,184.0,26.6,362.0
Noida,28.5355,77.391,2026-08-10 13:00:00,29.7,85,3.0,12.1,33.1,49.5,12.3,190.0,29.4,379.0
Noida,28.5355,77.391,2026-08-10 14:00:00,29.5,86,1.2,7.9,36.1,43.0,14.6,187.0,31.7,407.0
Noida,28.5355,77.391,2026-08-10 15:00:00,30.0,83,0.6,3.7,37.6,43.1,18.9,175.0,33.3,427.0
Noida,28.5355,77.391,2026-08-10 16:00:00,30.0,82,0.3,3.8,41.1,45.1,25.0,156.0,34.4,458.0
Noida,28.5355,77.391,2026-08-10 17:00:00,29.8,89,0.0,7.2,54.9,58.3,31.7,140.0,25.6,530.0
Noida,28.5355,77.391,2026-08-10 18:00:00,29.1,92,0.4,6.0,63.6,64.0,39.1,119.0,28.3,699.0
Noida,28.5355,77.391,2026-08-10 19:00:00,28.7,93,0.1,8.4,66.6,66.8,49.2,91.0,31.9,910.0
Noida,28.5355,77.391,2026-08-10 20:00:00,28.5,94,0.0,6.1,72.2,72.2,55.7,68.0,34.0,1027.0
Noida,28.5355,77.391,2026-08-10 21:00:00,28.3,94,0.0,4.5,76.4,76.4,55.9,56.0,33.3,966.0
Noida,28.5355,77.391,2026-08-10 22:00:00,28.2,93,0.0,5.7,80.1,80.3,52.5,49.0,31.0,810.0
Noida,28.5355,77.391,2026-08-10 23:00:00,28.3,91,0.5,7.6,76.4,76.6,47.7,46.0,28.4,674.0
Noida,28.5355,77.391,2026-08-11 00:00:00,27.5,94,0.8,8.1,69.4,69.6,41.1,48.0,25.4,600.0
Noida,28.5355,77.391,2026-08-11 01:00:00,27.5,95,0.0,8.7,63.1,63.3,33.0,54.0,22.1,546.0
Noida,28.5355,77.391,2026-08-11 02:00:00,27.4,96,0.0,8.2,58.9,59.4,26.6,59.0,19.7,497.0
Noida,28.5355,77.391,2026-08-11 03:00:00,27.3,94,0.4,8.5,54.6,54.9,23.3,59.0,18.8,438.0
Noida,28.5355,77.391,2026-08-11 04:00:00,27.0,95,0.6,10.3,50.2,50.5,21.7,57.0,18.9,384.0
Noida,28.5355,77.391,2026-08-11 05:00:00,26.8,95,4.1,8.6,47.1,47.3,19.2,61.0,21.0,362.0
Noida,28.5355,77.391,2026-08-11 06:00:00,27.0,95,0.0,6.5,46.1,46.2,22.7,58.0,20.6,402.0
Noida,28.5355,77.391,2026-08-11 07:00:00,27.6,92,0.0,6.2,42.1,42.4,27.4,55.0,20.0,474.0
Noida,28.5355,77.391,2026-08-11 08:00:00,28.3,89,0.0,5.2,44.4,44.6,29.1,61.0,19.5,523.0
Noida,28.5355,77.391,2026-08-11 09:00:00,29.0,85,0.0,5.3,42.6,42.8,25.2,85.0,19.4,522.0
Noida,28.5355,77.391,2026-08-11 10:00:00,30.0,83,0.2,4.4,39.1,39.3,18.4,118.0,19.4,497.0
Noida,28.5355,77.391,2026-08-11 11:00:00,29.1,86,0.4,6.5,35.6,36.0,13.1,145.0,19.2,471.0
Noida,28.5355,77.391,2026-08-11 12:00:00,28.5,91,1.6,6.1,35.0,35.4,10.3,161.0,18.5,446.0
Noida,28.5355,77.391,2026-08-11 13:00:00,28.7,92,1.2,6.2,32.9,33.3,8.9,171.0,17.7,420.0
Noida,28.5355,77.391,2026-08-11 14:00:00,30.0,87,0.5,6.5,33.3,33.6,10.1,172.0,17.3,414.0
Noida,28.5355,77.391,2026-08-11 15:00:00,31.2,76,0.2,7.6,32.1,32.4,13.9,163.0,16.9,378.0
Noida,28.5355,77.391,2026-08-11 16:00:00,30.9,76,0.1,7.7,32.8,33.2,20.3,146.0,16.9,361.0
Noida,28.5355,77.391,2026-08-11 17:00:00,30.6,79,0.1,4.4,41.2,41.3,32.0,109.0,16.4,537.0
Noida,28.5355,77.391,2026-08-11 18:00:00,30.2,81,0.1,3.1,45.9,46.0,47.4,88.0,22.0,1136.0
Noida,28.5355,77.391,2026-08-11 19:00:00,29.5,87,0.3,2.7,57.4,57.5,68.8,59.0,29.8,1927.0
Noida,28.5355,77.391,2026-08-11 20:00:00,28.8,91,0.0,4.0,70.5,70.8,86.3,35.0,37.0,2387.0
Noida,28.5355,77.391,2026-08-11 21:00:00,28.4,93,0.0,3.1,78.7,78.7,96.0,21.0,42.8,2213.0
Noida,28.5355,77.391,2026-08-11 22:00:00,28.1,94,0.0,3.1,92.0,92.2,101.8,11.0,48.0,1708.0
Noida,28.5355,77.391,2026-08-11 23:00:00,28.4,92,0.0,3.4,106.6,106.9,105.1,5.0,51.3,1259.0
Noida,28.5355,77.391,2026-08-12 00:00:00,28.1,94,0.0,3.1,109.2,109.2,105.7,2.0,51.8,983.0
Noida,28.5355,77.391,2026-08-12 01:00:00,27.7,95,0.0,2.2,111.3,111.5,103.8,1.0,50.4,762.0
Noida,28.5355,77.391,2026-08-12 02:00:00,27.3,97,0.0,4.1,114.6,114.6,101.0,1.0,49.3,631.0
Noida,28.5355,77.391,2026-08-12 03:00:00,27.1,98,0.0,4.2,106.6,106.6,98.7,0.0,48.7,637.0
Noida,28.5355,77.391,2026-08-12 04:00:00,27.0,98,0.0,3.4,98.0,98.3,95.6,0.0,48.4,733.0
Noida,28.5355,77.391,2026-08-12 05:00:00,27.1,98,0.0,3.0,83.8,83.8,81.2,2.0,44.3,814.0
Noida,28.5355,77.391,2026-08-12 06:00:00,27.3,97,0.0,4.9,83.6,83.6,71.7,19.0,49.0,853.0
Noida,28.5355,77.391,2026-08-12 07:00:00,28.7,91,0.0,4.8,75.0,75.0,58.2,45.0,55.3,877.0
Noida,28.5355,77.391,2026-08-12 08:00:00,30.1,82,0.0,3.4,51.0,51.1,45.4,77.0,58.2,858.0
Noida,28.5355,77.391,2026-08-12 09:00:00,31.4,72,0.1,4.5,40.0,40.3,34.2,120.0,55.0,758.0
Noida,28.5355,77.391,2026-08-12 10:00:00,32.4,67,0.1,3.6,40.5,40.9,23.7,170.0,48.4,615.0
Noida,28.5355,77.391,2026-08-12 11:00:00,33.2,63,0.1,4.7,43.4,43.9,15.7,212.0,42.4,519.0
Noida,28.5355,77.391,2026-08-12 12:00:00,33.6,63,0.2,3.9,45.6,46.2,10.9,241.0,37.8,509.0
Noida,28.5355,77.391,2026-08-12 13:00:00,34.1,60,0.2,2.3,47.0,47.5,8.6,263.0,33.6,546.0
Noida,28.5355,77.391,2026-08-12 14:00:00,34.5,59,0.1,0.4,47.5,48.0,8.2,276.0,30.9,597.0
Noida,28.5355,77.391,2026-08-12 15:00:00,34.4,60,0.0,2.2,47.5,48.0,7.7,286.0,30.0,585.0
Noida,28.5355,77.391,2026-08-12 16:00:00,34.5,58,0.0,2.0,48.3,48.7,9.1,288.0,30.5,587.0
Noida,28.5355,77.391,2026-08-12 17:00:00,34.3,63,0.3,7.2,38.9,39.8,22.2,210.0,26.9,803.0
Noida,28.5355,77.391,2026-08-12 18:00:00,31.8,80,0.1,7.4,50.2,50.9,25.5,185.0,25.1,1536.0
Noida,28.5355,77.391,2026-08-12 19:00:00,29.7,84,0.0,13.5,52.7,53.1,30.1,149.0,22.5,2483.0
Noida,28.5355,77.391,2026-08-12 20:00:00,28.6,87,0.0,4.9,37.8,38.0,33.2,119.0,20.1,2931.0
Noida,28.5355,77.391,2026-08-12 21:00:00,28.6,88,0.0,4.8,31.2,31.3,33.6,99.0,18.1,2391.0
Noida,28.5355,77.391,2026-08-12 22:00:00,28.3,89,0.0,5.2,33.1,33.2,32.5,85.0,16.4,1352.0
Noida,28.5355,77.391,2026-08-12 23:00:00,29.5,88,0.0,3.6,34.8,34.9,31.1,74.0,14.9,573.0
Noida,28.5355,77.391,2026-08-13 00:00:00,29.0,91,0.0,3.1,35.4,35.5,29.5,69.0,13.8,388.0
Noida,28.5355,77.391,2026-08-13 01:00:00,28.7,91,0.0,3.4,33.5,33.5,27.6,67.0,12.9,463.0
Noida,28.5355,77.391,2026-08-13 02:00:00,28.4,91,0.0,3.9,32.0,32.1,26.0,66.0,12.4,550.0
Noida,28.5355,77.391,2026-08-13 03:00:00,28.3,91,0.0,4.2,29.3,29.5,24.6,62.0,12.0,566.0
Noida,28.5355,77.391,2026-08-13 04:00:00,28.1,91,0.0,1.9,29.9,30.0,23.5,58.0,12.0,595.0
Noida,28.5355,77.391,2026-08-13 05:00:00,27.1,97,0.0,5.2,38.2,38.3,39.0,36.0,18.0,640.0
Noida,28.5355,77.391,2026-08-13 06:00:00,27.0,94,0.1,10.9,39.5,39.5,37.1,51.0,19.7,729.0
Noida,28.5355,77.391,2026-08-13 07:00:00,28.1,90,0.0,6.5,35.6,35.6,34.1,72.0,22.0,833.0
Noida,28.5355,77.391,2026-08-13 08:00:00,30.1,81,0.0,4.4,37.1,37.1,29.8,100.0,24.1,870.0
Noida,28.5355,77.391,2026-08-13 09:00:00,31.8,75,0.0,3.3,39.3,52.7,23.0,140.0,26.1,780.0
Noida,28.5355,77.391,2026-08-13 10:00:00,33.2,68,0.0,1.9,38.0,40.7,14.8,186.0,27.9,623.0
Noida,28.5355,77.391,2026-08-13 11:00:00,34.0,63,0.1,3.2,37.1,38.9,8.7,220.0,28.2,499.0
Noida,28.5355,77.391,2026-08-13 12:00:00,33.6,63,0.8,3.4,36.4,37.7,5.9,233.0,25.7,430.0
Noida,28.5355,77.391,2026-08-13 13:00:00,34.2,62,0.0,5.6,35.6,36.7,5.2,233.0,21.8,394.0
Noida,28.5355,77.391,2026-08-13 14:00:00,33.3,70,0.1,10.5,34.5,35.4,6.0,227.0,18.6,419.0
Noida,28.5355,77.391,2026-08-13 15:00:00,33.3,68,0.2,7.2,35.0,57.7,5.2,218.0,16.5,519.0
Noida,28.5355,77.391,2026-08-13 16:00:00,33.6,66,0.0,5.9,36.9,82.0,6.0,202.0,15.3,680.0
Noida,28.5355,77.391,2026-08-13 17:00:00,30.3,85,0.6,7.2,37.5,44.0,17.5,172.0,18.6,892.0
Noida,28.5355,77.391,2026-08-13 18:00:00,29.4,83,0.2,8.0,46.6,51.8,37.5,135.0,22.4,1172.0
Noida,28.5355,77.391,2026-08-13 19:00:00,29.3,87,0.1,4.2,54.5,60.1,64.7,84.0,27.5,1503.0
Noida,28.5355,77.391,2026-08-13 20:00:00,29.3,88,0.0,2.6,62.6,69.2,82.2,46.0,30.8,1822.0
Noida,28.5355,77.391,2026-08-13 21:00:00,29.4,89,0.0,1.7,73.3,80.8,81.1,36.0,30.5,2166.0
Noida,28.5355,77.391,2026-08-13 22:00:00,29.4,89,0.0,1.5,74.5,80.1,70.3,39.0,28.3,2498.0
Noida,28.5355,77.391,2026-08-13 23:00:00,30.2,89,0.0,1.5,66.8,70.3,59.9,43.0,26.0,2647.0
Noida,28.5355,77.391,2026-08-14 00:00:00,29.8,90,0.0,1.8,64.3,66.4,52.6,43.0,23.9,2486.0
Noida,28.5355,77.391,2026-08-14 01:00:00,29.4,92,0.0,3.0,62.6,64.3,45.7,43.0,21.6,2142.0
Noida,28.5355,77.391,2026-08-14 02:00:00,29.1,92,0.0,3.7,62.4,63.8,40.7,42.0,19.6,1824.0
Noida,28.5355,77.391,2026-08-14 03:00:00,28.8,92,0.0,3.9,62.4,63.8,39.2,35.0,18.0,1607.0
Noida,28.5355,77.391,2026-08-14 04:00:00,28.6,92,0.0,3.8,62.6,63.8,39.8,27.0,16.7,1415.0
Noida,28.5355,77.391,2026-08-14 05:00:00,27.0,97,0.0,1.7,55.1,60.8,43.8,23.0,16.2,1230.0
Noida,28.5355,77.391,2026-08-14 06:00:00,26.6,97,2.1,4.6,47.6,58.6,41.3,30.0,17.0,1028.0
Noida,28.5355,77.391,2026-08-14 07:00:00,27.2,94,0.9,1.3,43.5,61.9,37.6,40.0,18.1,832.0
Noida,28.5355,77.391,2026-08-14 08:00:00,27.5,92,2.2,1.3,43.7,65.0,33.7,54.0,19.3,692.0
Noida,28.5355,77.391,2026-08-14 09:00:00,28.4,90,0.3,2.9,39.5,69.2,29.2,75.0,20.5,646.0
Noida,28.5355,77.391,2026-08-14 10:00:00,29.5,82,0.1,0.9,39.5,67.3,24.4,100.0,21.9,656.0
Noida,28.5355,77.391,2026-08-14 11:00:00,29.8,83,0.1,1.9,37.3,59.5,20.8,119.0,22.9,662.0
Noida,28.5355,77.391,2026-08-14 12:00:00,30.9,79,0.6,1.5,35.7,54.1,19.0,129.0,23.4,634.0
Noida,28.5355,77.391,2026-08-14 13:00:00,30.3,81,0.2,6.3,33.2,48.4,18.5,135.0,23.7,603.0
Noida,28.5355,77.391,2026-08-14 14:00:00,29.7,80,0.7,8.7,32.0,45.2,19.2,137.0,24.2,599.0
Noida,28.5355,77.391,2026-08-14 15:00:00,29.4,83,0.4,2.3,32.0,43.5,20.5,138.0,25.0,638.0
Noida,28.5355,77.391,2026-08-14 16:00:00,30.1,79,0.0,2.7,31.4,40.5,22.9,137.0,26.0,705.0
Noida,28.5355,77.391,2026-08-14 17:00:00,29.6,82,0.0,5.6,48.0,62.9,35.8,143.0,46.9,778.0
Noida,28.5355,77.391,2026-08-14 18:00:00,29.1,84,0.0,5.0,54.5,64.5,57.3,109.0,49.2,869.0
Noida,28.5355,77.391,2026-08-14 19:00:00,28.5,88,0.0,3.1,68.5,78.0,86.6,62.0,52.2,966.0
Noida,28.5355,77.391,2026-08-14 20:00:00,28.4,88,0.0,2.7,88.7,98.0,106.2,27.0,53.5,1022.0
Noida,28.5355,77.391,2026-08-14 21:00:00,28.3,90,0.0,0.3,100.1,109.4,106.6,15.0,51.5,997.0
Noida,28.5355,77.391,2026-08-14 22:00:00,28.2,91,0.0,1.8,103.4,111.8,97.2,14.0,47.8,931.0
Noida,28.5355,77.391,2026-08-14 23:00:00,28.1,91,0.0,1.7,103.1,110.8,88.9,14.0,44.2,888.0
Noida,28.5355,77.391,2026-08-15 00:00:00,28.0,91,0.0,2.4,105.5,113.4,85.3,11.0,41.1,910.0
Noida,28.5355,77.391,2026-08-15 01:00:00,27.7,92,0.0,2.1,109.2,117.1,82.9,8.0,38.2,956.0
Noida,28.5355,77.391,2026-08-15 02:00:00,27.6,92,0.0,2.4,109.4,117.1,81.7,6.0,36.3,966.0
Noida,28.5355,77.391,2026-08-15 03:00:00,27.6,93,0.0,2.2,111.8,120.1,84.2,0.0,35.9,895.0
Noida,28.5355,77.391,2026-08-15 04:00:00,27.6,93,0.0,0.8,115.9,124.3,88.1,0.0,36.6,789.0
Noida,28.5355,77.391,2026-08-15 05:00:00,26.9,96,0.0,7.5,76.8,87.8,38.9,36.0,25.9,726.0
Noida,28.5355,77.391,2026-08-15 06:00:00,27.1,96,0.3,3.4,77.5,89.2,37.1,46.0,27.0,763.0
Noida,28.5355,77.391,2026-08-15 07:00:00,27.6,94,0.2,3.5,70.1,82.9,34.3,63.0,28.6,844.0
Noida,28.5355,77.391,2026-08-15 08:00:00,28.4,90,0.1,3.9,53.8,67.8,30.5,87.0,29.7,879.0
Noida,28.5355,77.391,2026-08-15 09:00:00,29.6,84,0.0,3.1,46.9,60.8,24.7,127.0,30.1,816.0
Noida,28.5355,77.391,2026-08-15 10:00:00,30.9,77,0.0,3.7,46.1,58.9,17.8,176.0,30.1,706.0
Noida,28.5355,77.391,2026-08-15 11:00:00,32.7,66,0.0,9.5,48.0,59.5,12.8,212.0,29.6,614.0
Noida,28.5355,77.391,2026-08-15 12:00:00,33.0,67,0.2,7.3,49.2,59.6,10.6,228.0,28.5,558.0
Noida,28.5355,77.391,2026-08-15 13:00:00,31.3,73,1.4,11.5,48.1,56.9,10.2,231.0,26.9,520.0
Noida,28.5355,77.391,2026-08-15 14:00:00,31.8,73,1.0,6.8,45.8,53.7,11.3,228.0,25.5,507.0
Noida,28.5355,77.391,2026-08-15 15:00:00,32.7,66,0.1,7.4,44.9,52.2,13.5,220.0,24.6,495.0
Noida,28.5355,77.391,2026-08-15 16:00:00,32.7,65,0.1,7.4,43.2,50.1,17.2,205.0,24.0,510.0
Noida,28.5355,77.391,2026-08-15 17:00:00,32.6,69,0.0,9.8,45.3,82.7,19.3,192.0,26.2,633.0
Noida,28.5355,77.391,2026-08-15 18:00:00,30.9,79,0.1,7.4,53.9,87.1,39.8,150.0,27.8,997.0
Noida,28.5355,77.391,2026-08-15 19:00:00,30.1,85,0.0,5.0,71.2,107.1,67.8,92.0,30.0,1470.0
Noida,28.5355,77.391,2026-08-15 20:00:00,29.6,88,0.0,5.1,82.0,115.5,85.9,48.0,30.7,1741.0
Noida,28.5355,77.391,2026-08-15 21:00:00,29.2,90,0.0,4.6,85.0,118.3,85.3,34.0,28.9,1632.0
Noida,28.5355,77.391,2026-08-15 22:00:00,28.8,92,0.0,3.8,82.9,118.7,74.8,34.0,25.7,1320.0
Noida,28.5355,77.391,2026-08-15 23:00:00,28.9,90,0.0,7.7,74.5,112.7,64.0,34.0,22.3,1026.0
Noida,28.5355,77.391,2026-08-16 00:00:00,28.8,91,0.0,7.9,63.3,101.0,55.2,30.0,18.5,803.0
Noida,28.5355,77.391,2026-08-16 01:00:00,28.6,90,0.0,7.1,54.1,90.6,46.1,26.0,14.5,598.0
Noida,28.5355,77.391,2026-08-16 02:00:00,28.5,89,0.0,4.9,47.8,78.9,39.1,24.0,11.7,470.0
Noida,28.5355,77.391,2026-08-16 03:00:00,27.9,90,0.3,12.6,39.8,60.8,35.7,22.0,10.7,472.0
Noida,28.5355,77.391,2026-08-16 04:00:00,27.1,92,0.4,8.0,38.2,54.5,34.3,21.0,10.9,551.0
Noida,28.5355,77.391,2026-08-16 05:00:00,27.6,89,0.0,9.8,41.8,155.1,16.5,46.0,8.5,604.0
Noida,28.5355,77.391,2026-08-16 06:00:00,27.9,88,0.1,11.7,46.6,165.8,16.6,46.0,9.4,589.0
Noida,28.5355,77.391,2026-08-16 07:00:00,28.8,82,0.0,12.1,50.2,166.2,16.6,47.0,10.7,548.0
Noida,28.5355,77.391,2026-08-16 08:00:00,29.9,77,0.0,9.8,50.9,162.5,15.6,55.0,11.7,508.0
Noida,28.5355,77.391,2026-08-16 09:00:00,30.8,73,0.0,7.6,145.8,1128.8,12.7,76.0,12.2,476.0
Noida,28.5355,77.391,2026-08-16 10:00:00,31.8,70,0.0,5.2,258.0,2116.0,8.8,103.0,12.5,444.0
Noida,28.5355,77.391,2026-08-16 11:00:00,32.4,69,0.0,5.3,273.8,2190.5,5.8,125.0,12.8,414.0
Noida,28.5355,77.391,2026-08-16 12:00:00,33.1,67,0.1,6.4,126.7,746.9,4.2,138.0,13.0,377.0
Noida,28.5355,77.391,2026-08-16 13:00:00,33.2,66,0.1,4.9,95.5,495.5,3.6,146.0,13.2,342.0
Noida,28.5355,77.391,2026-08-16 14:00:00,33.4,64,0.0,7.1,96.6,547.6,4.6,147.0,13.4,337.0
Noida,28.5355,77.391,2026-08-16 15:00:00,33.4,64,0.0,10.3,90.3,484.3,7.7,140.0,13.4,365.0
Noida,28.5355,77.391,2026-08-16 16:00:00,32.5,70,1.0,7.1,87.1,438.7,12.6,127.0,13.4,422.0
Noida,28.5355,77.391,2026-08-16 17:00:00,32.3,74,0.3,5.3,152.3,998.4,16.7,95.0,11.6,525.0
Noida,28.5355,77.391,2026-08-16 18:00:00,30.7,82,0.1,7.3,127.6,597.9,26.2,76.0,13.6,732.0
Noida,28.5355,77.391,2026-08-16 19:00:00,29.5,84,0.0,8.0,115.7,440.5,39.1,50.0,16.4,985.0
Noida,28.5355,77.391,2026-08-16 20:00:00,29.0,85,0.0,6.8,99.2,305.5,48.3,31.0,18.4,1119.0
Noida,28.5355,77.391,2026-08-16 21:00:00,28.9,86,0.0,4.7,80.3,204.9,50.1,24.0,18.6,1031.0
Noida,28.5355,77.391,2026-08-16 22:00:00,28.6,88,0.0,4.0,64.5,132.7,48.2,23.0,17.9,825.0
Noida,28.5355,77.391,2026-08-16 23:00:00,29.3,86,0.1,4.8,64.5,120.1,45.7,24.0,17.8,645.0
Noida,28.5355,77.391,2026-08-17 00:00:00,28.6,88,0.0,5.1,61.7,123.9,43.0,25.0,18.9,542.0
Noida,28.5355,77.391,2026-08-17 01:00:00,28.4,89,0.0,4.8,63.1,124.3,39.8,28.0,20.4,466.0
Noida,28.5355,77.391,2026-08-17 02:00:00,28.2,87,0.0,5.4,63.8,119.2,38.5,28.0,21.7,405.0
Noida,28.5355,77.391,2026-08-17 03:00:00,27.9,87,0.0,7.2,65.7,115.0,41.6,20.0,22.5,348.0
Noida,28.5355,77.391,2026-08-17 04:00:00,27.9,83,0.0,8.8,68.9,122.5,46.6,10.0,22.9,308.0
Noida,28.5355,77.391,2026-08-17 05:00:00,27.8,87,0.0,9.2,39.9,115.9,21.8,33.0,10.9,309.0
Noida,28.5355,77.391,2026-08-17 06:00:00,27.7,88,0.0,6.2,36.7,115.5,20.0,37.0,10.5,396.0
Noida,28.5355,77.391,2026-08-17 07:00:00,28.8,81,0.0,10.1,32.0,88.7,17.4,44.0,10.0,525.0
Noida,28.5355,77.391,2026-08-17 08:00:00,29.8,75,0.0,12.9,29.7,74.7,14.7,55.0,9.8,588.0
Noida,28.5355,77.391,2026-08-17 09:00:00,30.7,73,0.0,10.4,36.1,91.5,11.7,73.0,10.2,517.0
Noida,28.5355,77.391,2026-08-17 10:00:00,31.8,70,0.0,9.5,178.3,1527.4,8.5,96.0,10.8,381.0
Noida,28.5355,77.391,2026-08-17 11:00:00,32.6,65,0.0,10.3,253.3,2123.4,6.1,115.0,11.3,281.0
Noida,28.5355,77.391,2026-08-17 12:00:00,33.3,64,0.0,8.7,130.4,875.4,4.4,128.0,11.3,254.0
Noida,28.5355,77.391,2026-08-17 13:00:00,33.9,63,0.0,8.5,85.4,463.8,3.5,138.0,11.2,262.0
Noida,28.5355,77.391,2026-08-17 14:00:00,28.6,83,0.0,9.6,68.5,327.8,4.4,140.0,11.0,299.0
Noida,28.5355,77.391,2026-08-17 15:00:00,28.6,83,0.1,9.0,58.9,251.5,6.7,133.0,10.6,356.0
Noida,28.5355,77.391,2026-08-17 16:00:00,30.3,76,0.6,10.2,51.3,191.9,10.7,120.0,10.3,441.0
Noida,28.5355,77.391,2026-08-17 17:00:00,30.4,76,0.4,7.5,44.9,124.8,18.5,101.0,10.9,568.0
Noida,28.5355,77.391,2026-08-17 18:00:00,29.9,84,3.0,1.2,44.9,93.6,33.7,74.0,13.4,810.0
Noida,28.5355,77.391,2026-08-17 19:00:00,29.0,88,2.5,5.9,50.9,88.9,52.6,42.0,16.9,1093.0
Noida,28.5355,77.391,2026-08-17 20:00:00,28.3,90,0.1,5.6,57.4,85.2,66.2,19.0,19.9,1215.0
Noida,28.5355,77.391,2026-08-17 21:00:00,25.4,94,0.0,17.0,57.0,82.7,70.5,11.0,22.3,1027.0
Noida,28.5355,77.391,2026-08-17 22:00:00,25.5,96,0.0,1.7,53.9,76.4,69.5,12.0,24.2,678.0
Noida,28.5355,77.391,2026-08-17 23:00:00,25.5,97,0.0,0.3,51.3,67.1,66.1,14.0,24.7,408.0
Noida,28.5355,77.391,2026-08-18 00:00:00,25.6,97,0.1,13.7,44.9,56.7,60.2,17.0,22.7,317.0
Noida,28.5355,77.391,2026-08-18 01:00:00,25.5,96,0.0,8.1,43.1,52.4,51.9,22.0,19.2,305.0
Noida,28.5355,77.391,2026-08-18 02:00:00,25.2,99,0.0,5.1,39.7,47.7,44.3,26.0,16.5,309.0
Noida,28.5355,77.391,2026-08-18 03:00:00,25.3,97,0.0,4.3,16.5,19.6,38.3,29.0,15.5,306.0
Noida,28.5355,77.391,2026-08-18 04:00:00,25.2,98,0.0,1.3,16.0,20.4,33.0,31.0,15.2,318.0
Noida,28.5355,77.391,2026-08-18 05:00:00,25.2,98,0.0,1.0,21.0,26.1,28.7,35.0,14.9,353.0
Noida,28.5355,77.391,2026-08-18 06:00:00,25.3,97,0.3,1.5,24.4,29.8,26.0,39.0,14.4,440.0
Noida,28.5355,77.391,2026-08-18 07:00:00,25.6,98,0.3,4.2,28.7,40.5,24.2,44.0,13.9,549.0
Noida,28.5355,77.391,2026-08-18 08:00:00,26.3,95,0.4,4.5,32.0,63.6,21.6,56.0,13.7,601.0
Noida,28.5355,77.391,2026-08-18 09:00:00,28.1,87,0.1,1.8,37.0,103.6,16.8,79.0,13.8,540.0
Noida,28.5355,77.391,2026-08-18 10:00:00,29.8,79,0.0,3.8,46.0,157.9,11.3,109.0,14.1,423.0
Noida,28.5355,77.391,2026-08-18 11:00:00,31.1,75,0.1,2.5,58.2,226.8,7.2,134.0,14.4,335.0
Noida,28.5355,77.391,2026-08-18 12:00:00,31.8,71,0.1,1.2,64.3,249.6,5.4,151.0,14.8,309.0
Noida,28.5355,77.391,2026-08-18 13:00:00,32.3,70,0.1,2.2,64.3,242.1,5.2,163.0,15.4,312.0
Noida,28.5355,77.391,2026-08-18 14:00:00,32.8,70,0.1,3.9,63.1,231.9,6.3,167.0,15.6,337.0
Noida,28.5355,77.391,2026-08-18 15:00:00,32.7,71,0.1,4.0,60.3,214.7,7.3,162.0,15.0,396.0
Noida,28.5355,77.391,2026-08-18 16:00:00,31.2,74,0.1,4.9,58.7,204.0,9.7,150.0,14.1,477.0
Noida,28.5355,77.391,2026-08-18 17:00:00,29.4,86,0.2,12.7,56.0,176.0,17.7,131.0,14.5,531.0
Noida,28.5355,77.391,2026-08-18 18:00:00,27.0,95,0.1,9.4,62.2,143.4,36.8,99.0,17.2,531.0
Noida,28.5355,77.391,2026-08-18 19:00:00,26.8,96,0.0,3.6,75.2,154.1,61.4,61.0,21.1,505.0
Noida,28.5355,77.391,2026-08-18 20:00:00,26.7,96,0.0,5.8,79.9,161.6,79.3,32.0,25.1,487.0
Noida,28.5355,77.391,2026-08-18 21:00:00,26.8,97,0.0,6.0,85.0,156.5,84.9,21.0,29.2,490.0
Noida,28.5355,77.391,2026-08-18 22:00:00,26.5,99,0.0,7.5,93.8,158.3,83.6,21.0,33.3,501.0
Noida,28.5355,77.391,2026-08-18 23:00:00,26.4,99,0.0,6.0,84.1,133.6,79.6,22.0,35.6,515.0
Noida,28.5355,77.391,2026-08-19 00:00:00,26.2,97,0.0,2.8,78.5,120.6,71.9,24.0,34.7,540.0
Noida,28.5355,77.391,2026-08-19 01:00:00,26.0,98,0.0,2.8,76.1,114.8,61.5,27.0,32.1,568.0
Noida,28.5355,77.391,2026-08-19 02:00:00,26.0,98,0.0,1.7,79.2,112.5,54.8,28.0,29.9,569.0
Noida,28.5355,77.391,2026-08-19 03:00:00,26.0,97,0.0,3.1,84.5,117.8,56.9,20.0,29.3,512.0
Noida,28.5355,77.391,2026-08-19 04:00:00,25.9,98,0.0,4.3,88.5,123.9,62.8,9.0,29.1,430.0
Noida,28.5355,77.391,2026-08-19 05:00:00,25.8,98,0.0,2.9,89.9,123.9,63.8,6.0,28.4,387.0
Noida,28.5355,77.391,2026-08-19 06:00:00,25.8,96,0.0,5.0,81.0,115.9,54.9,14.0,26.3,432.0
Noida,28.5355,77.391,2026-08-19 07:00:00,26.5,95,0.0,4.1,61.0,102.9,41.2,30.0,23.7,518.0
Noida,28.5355,77.391,2026-08-19 08:00:00,28.0,87,0.0,5.9,54.2,114.6,29.2,53.0,21.7,568.0
Noida,28.5355,77.391,2026-08-19 09:00:00,29.5,81,0.0,5.9,54.0,149.0,20.9,89.0,20.9,540.0
Noida,28.5355,77.391,2026-08-19 10:00:00,30.8,75,0.0,4.4,97.3,577.4,14.3,134.0,20.6,476.0
Noida,28.5355,77.391,2026-08-19 11:00:00,31.8,71,0.0,2.8,116.6,720.8,9.5,170.0,20.5,429.0
Noida,28.5355,77.391,2026-08-19 12:00:00,32.2,70,0.0,4.0,93.6,463.8,6.3,195.0,20.4,413.0
Noida,28.5355,77.391,2026-08-19 13:00:00,32.5,71,0.2,3.9,82.4,350.2,4.8,213.0,20.4,414.0
Noida,28.5355,77.391,2026-08-19 14:00:00,32.8,71,0.2,3.9,77.8,309.2,5.6,217.0,20.0,444.0
Noida,28.5355,77.391,2026-08-19 15:00:00,32.7,71,0.0,4.1,90.3,438.7,9.0,202.0,18.7,504.0
Noida,28.5355,77.391,2026-08-19 16:00:00,30.3,82,0.1,4.4,80.3,350.2,14.7,173.0,17.1,594.0
Noida,28.5355,77.391,2026-08-19 17:00:00,27.4,92,0.1,12.0,64.7,208.6,22.3,144.0,16.5,726.0
Noida,28.5355,77.391,2026-08-19 18:00:00,27.7,90,0.0,4.2,66.4,167.2,33.3,116.0,17.6,964.0
Noida,28.5355,77.391,2026-08-19 19:00:00,27.5,92,0.1,7.9,73.1,165.3,46.2,87.0,19.6,1243.0
Noida,28.5355,77.391,2026-08-19 20:00:00,27.1,94,0.1,7.1,65.7,129.0,56.0,65.0,22.2,1384.0
Noida,28.5355,77.391,2026-08-19 21:00:00,26.8,96,0.1,10.1,66.1,116.9,61.1,53.0,25.7,1255.0
Noida,28.5355,77.391,2026-08-19 22:00:00,26.8,96,0.0,4.6,74.0,118.3,63.1,48.0,29.6,987.0
Noida,28.5355,77.391,2026-08-19 23:00:00,26.9,95,0.0,0.5,81.5,120.6,62.2,46.0,32.4,793.0
Noida,28.5355,77.391,2026-08-20 00:00:00,26.8,96,0.0,0.9,86.8,126.2,57.1,47.0,33.0,782.0
Noida,28.5355,77.391,2026-08-20 01:00:00,26.7,97,0.0,1.2,88.2,133.2,49.0,51.0,32.4,844.0
Noida,28.5355,77.391,2026-08-20 02:00:00,26.7,98,0.0,2.4,85.9,121.5,42.4,54.0,32.0,861.0
Noida,28.5355,77.391,2026-08-20 03:00:00,26.6,97,1.1,8.5,80.3,113.6,38.9,53.0,32.7,751.0
Noida,28.5355,77.391,2026-08-20 04:00:00,26.3,98,2.6,2.5,71.7,99.7,36.8,51.0,33.7,596.0
Noida,28.5355,77.391,2026-08-20 05:00:00,26.2,92,1.1,1.5,69.4,91.7,35.0,52.0,33.9,555.8
Noida,28.5355,77.391,2026-08-20 06:00:00,25.7,95,0.7,5.7,68.9,91.3,33.7,56.0,32.6,558.5
Noida,28.5355,77.391,2026-08-20 07:00:00,25.8,96,0.3,5.6,59.4,83.1,32.8,62.0,30.4,557.3
Noida,28.5355,77.391,2026-08-20 08:00:00,26.2,96,0.0,3.2,41.3,66.6,30.6,75.0,28.8,525.0
Noida,28.5355,77.391,2026-08-20 09:00:00,26.7,91,0.0,2.5,35.9,63.1,25.9,98.0,28.1,470.0
Noida,28.5355,77.391,2026-08-20 10:00:00,27.2,89,0.0,1.1,35.6,68.2,19.9,126.0,27.9,416.0
Noida,28.5355,77.391,2026-08-20 11:00:00,27.5,86,0.0,0.5,38.2,73.6,15.0,156.0,27.9,378.0
Noida,28.5355,77.391,2026-08-20 12:00:00,29.8,76,0.1,1.0,36.7,66.4,11.5,188.0,28.0,364.0
Noida,28.5355,77.391,2026-08-20 13:00:00,30.8,73,0.1,2.1,40.2,68.9,9.0,221.0,28.2,368.0
Noida,28.5355,77.391,2026-08-20 14:00:00,31.3,72,0.0,2.3,42.1,69.4,8.5,242.0,28.4,380.0
Noida,28.5355,77.391,2026-08-20 15:00:00,31.2,74,0.0,1.9,44.7,70.5,10.5,245.0,28.4,398.0
Noida,28.5355,77.391,2026-08-20 16:00:00,30.9,77,1.9,9.0,46.4,71.0,14.6,236.0,28.3,425.0
Noida,28.5355,77.391,2026-08-20 17:00:00,30.6,79,2.3,6.0,45.6,67.3,19.7,219.0,28.6,467.0
Noida,28.5355,77.391,2026-08-20 18:00:00,30.0,83,0.8,4.2,46.7,61.9,26.6,190.0,29.5,535.0
Noida,28.5355,77.391,2026-08-20 19:00:00,28.8,88,0.3,2.9,47.4,55.5,34.5,152.0,30.8,619.0
Noida,28.5355,77.391,2026-08-20 20:00:00,28.4,90,0.1,3.4,50.5,57.9,41.0,120.0,32.2,693.0
Noida,28.5355,77.391,2026-08-20 21:00:00,27.9,92,0.0,2.4,58.2,64.7,45.2,100.0,34.3,756.0
Noida,28.5355,77.391,2026-08-20 22:00:00,27.8,92,0.0,0.6,65.7,71.7,47.8,86.0,36.6,810.0
Noida,28.5355,77.391,2026-08-20 23:00:00,27.5,94,0.0,1.5,68.7,73.6,48.5,75.0,37.3,835.0
Noida,28.5355,77.391,2026-08-21 00:00:00,27.2,96,0.2,2.8,66.1,71.2,46.0,67.0,35.0,813.0
Noida,28.5355,77.391,2026-08-21 01:00:00,27.1,97,0.2,3.8,64.5,69.8,41.7,61.0,31.1,763.0
Noida,28.5355,77.391,2026-08-21 02:00:00,26.9,98,0.2,4.6,65.7,70.8,38.7,56.0,28.5,724.0
Noida,28.5355,77.391,2026-08-21 03:00:00,26.8,97,0.6,2.1,67.1,72.9,39.2,48.0,28.5,715.0
Noida,28.5355,77.391,2026-08-21 04:00:00,26.7,95,0.6,2.2,68.9,75.9,41.2,41.0,29.7,717.0
Noida,28.5355,77.391,2026-08-21 05:00:00,26.6,93,0.6,4.1,70.5,79.2,41.7,40.0,30.6,708.0
Noida,28.5355,77.391,2026-08-21 06:00:00,26.5,94,1.3,2.0,73.3,82.9,39.7,46.0,30.7,679.0
Noida,28.5355,77.391,2026-08-21 07:00:00,26.3,96,1.3,3.1,56.0,69.8,36.4,59.0,30.6,640.0
Noida,28.5355,77.391,2026-08-21 08:00:00,26.6,95,1.3,5.9,45.6,60.3,32.0,78.0,30.6,593.0
Noida,28.5355,77.391,2026-08-21 09:00:00,27.7,89,0.2,5.5,40.3,56.2,26.0,108.0,31.0,531.0
Noida,28.5355,77.391,2026-08-21 10:00:00,29.3,82,0.2,4.1,33.1,51.1,19.1,144.0,31.5,462.0
Noida,28.5355,77.391,2026-08-21 11:00:00,30.6,77,0.2,3.0,33.3,50.4,13.5,181.0,32.0,416.0
Noida,28.5355,77.391,2026-08-21 12:00:00,31.5,73,0.1,1.0,39.5,55.5,10.0,221.0,33.0,411.0
Noida,28.5355,77.391,2026-08-21 13:00:00,32.2,71,0.1,2.6,44.8,58.9,7.9,261.0,33.9,428.0
Noida,28.5355,77.391,2026-08-21 14:00:00,32.3,71,0.1,3.6,48.8,61.7,7.1,284.0,33.7,442.0
Noida,28.5355,77.391,2026-08-21 15:00:00,31.3,75,0.0,1.1,48.8,60.8,5.8,284.0,30.7,415.0
Noida,28.5355,77.391,2026-08-21 16:00:00,29.8,82,0.0,3.1,45.3,56.6,5.8,268.0,26.5,386.0
Noida,28.5355,77.391,2026-08-21 17:00:00,28.5,88,0.0,6.0,43.0,53.7,12.9,239.0,24.4,442.0
Noida,28.5355,77.391,2026-08-21 18:00:00,27.7,92,1.2,6.1,49.2,57.4,35.1,189.0,26.9,688.0
Noida,28.5355,77.391,2026-08-21 19:00:00,27.1,96,1.2,5.2,60.1,67.5,64.2,127.0,31.4,1019.0
Noida,28.5355,77.391,2026-08-21 20:00:00,26.7,98,1.2,4.0,80.3,87.1,81.8,80.0,33.5,1213.0
Noida,28.5355,77.391,2026-08-21 21:00:00,26.6,98,0.1,2.8,70.1,75.2,76.6,64.0,30.5,1138.0
Noida,28.5355,77.391,2026-08-21 22:00:00,26.8,97,0.1,1.1,53.8,58.4,59.8,63.0,25.0,924.0
Noida,28.5355,77.391,2026-08-21 23:00:00,26.9,96,0.1,0.4,47.6,52.2,46.1,63.0,20.5,744.0
Delhi Airport,28.5562,77.1,2026-07-18 00:00:00,31.5,64,0.0,5.7,124.8,447.0,63.8,7.0,19.8,604.0
Delhi Airport,28.5562,77.1,2026-07-18 01:00:00,31.1,66,0.0,3.2,126.2,486.2,58.7,9.0,18.1,499.0
Delhi Airport,28.5562,77.1,2026-07-18 02:00:00,31.2,65,0.0,2.2,122.5,470.3,52.9,12.0,16.4,411.0
Delhi Airport,28.5562,77.1,2026-07-18 03:00:00,31.1,63,0.0,4.7,113.2,423.8,45.6,16.0,14.9,335.0
Delhi Airport,28.5562,77.1,2026-07-18 04:00:00,30.7,62,0.0,6.4,102.0,374.4,37.7,22.0,13.4,275.0
Delhi Airport,28.5562,77.1,2026-07-18 05:00:00,30.6,66,0.0,10.1,52.7,90.3,38.3,24.0,16.3,249.0
Delhi Airport,28.5562,77.1,2026-07-18 06:00:00,30.7,61,0.0,11.6,51.1,146.7,33.6,30.0,14.8,283.0
Delhi Airport,28.5562,77.1,2026-07-18 07:00:00,31.5,59,0.0,10.8,82.2,374.4,27.0,40.0,12.6,350.0
Delhi Airport,28.5562,77.1,2026-07-18 08:00:00,32.0,60,0.0,10.3,136.4,767.4,20.6,55.0,10.9,383.0
Delhi Airport,28.5562,77.1,2026-07-18 09:00:00,32.9,58,0.0,11.5,156.0,897.8,14.8,80.0,10.0,342.0
Delhi Airport,28.5562,77.1,2026-07-18 10:00:00,34.2,54,0.0,13.2,169.0,1009.6,9.2,110.0,9.5,268.0
Delhi Airport,28.5562,77.1,2026-07-18 11:00:00,35.1,51,0.0,15.0,181.6,1117.6,5.2,131.0,9.2,213.0
Delhi Airport,28.5562,77.1,2026-07-18 12:00:00,35.4,50,0.0,14.0,184.9,1154.8,3.4,138.0,8.9,193.0
Delhi Airport,28.5562,77.1,2026-07-18 13:00:00,35.6,49,0.0,12.2,175.1,1084.1,3.2,136.0,8.8,193.0
Delhi Airport,28.5562,77.1,2026-07-18 14:00:00,35.6,48,0.0,10.1,164.4,1017.0,4.5,131.0,8.6,221.0
Delhi Airport,28.5562,77.1,2026-07-18 15:00:00,36.1,46,0.0,9.7,160.7,990.9,7.7,123.0,8.1,288.0
Delhi Airport,28.5562,77.1,2026-07-18 16:00:00,35.4,49,0.0,7.7,154.6,905.2,12.4,112.0,7.6,384.0
Delhi Airport,28.5562,77.1,2026-07-18 17:00:00,35.8,46,0.0,6.0,119.7,614.7,28.5,85.0,17.6,485.0
Delhi Airport,28.5562,77.1,2026-07-18 18:00:00,35.5,48,0.0,4.2,123.4,525.3,47.4,60.0,19.8,604.0
Delhi Airport,28.5562,77.1,2026-07-18 19:00:00,34.7,53,0.0,0.5,133.2,484.3,72.9,25.0,22.6,727.0
Delhi Airport,28.5562,77.1,2026-07-18 20:00:00,34.0,57,0.0,0.7,136.4,454.5,88.4,2.0,24.0,793.0
Delhi Airport,28.5562,77.1,2026-07-18 21:00:00,33.2,57,0.0,3.9,127.6,371.6,84.5,1.0,22.6,764.0
Delhi Airport,28.5562,77.1,2026-07-18 22:00:00,32.7,58,0.0,6.0,116.6,374.4,70.5,11.0,19.7,677.0
Delhi Airport,28.5562,77.1,2026-07-18 23:00:00,32.7,60,0.0,7.5,106.2,335.3,57.5,21.0,17.1,579.0
Delhi Airport,28.5562,77.1,2026-07-19 00:00:00,31.5,68,0.0,5.2,98.0,308.3,49.0,26.0,15.3,470.0
Delhi Airport,28.5562,77.1,2026-07-19 01:00:00,31.1,71,0.0,4.2,93.8,307.3,41.6,31.0,13.7,351.0
Delhi Airport,28.5562,77.1,2026-07-19 02:00:00,30.6,71,0.0,5.3,91.5,294.3,35.8,34.0,12.4,267.0
Delhi Airport,28.5562,77.1,2026-07-19 03:00:00,30.4,69,0.0,7.0,94.5,333.4,32.2,34.0,11.1,240.0
Delhi Airport,28.5562,77.1,2026-07-19 04:00:00,30.0,69,0.0,6.5,98.3,363.2,30.2,33.0,10.1,248.0
Delhi Airport,28.5562,77.1,2026-07-19 05:00:00,29.7,84,0.0,2.9,68.0,83.6,49.7,14.0,15.2,274.0
Delhi Airport,28.5562,77.1,2026-07-19 06:00:00,30.3,81,0.0,5.0,71.2,104.1,43.9,29.0,14.6,334.0
Delhi Airport,28.5562,77.1,2026-07-19 07:00:00,31.3,70,0.0,7.4,71.0,113.4,35.6,51.0,13.8,413.0
Delhi Airport,28.5562,77.1,2026-07-19 08:00:00,32.1,64,0.0,7.2,58.8,136.0,27.5,73.0,13.3,446.0
Delhi Airport,28.5562,77.1,2026-07-19 09:00:00,32.8,60,0.0,6.7,62.6,253.3,20.0,98.0,13.4,388.0
Delhi Airport,28.5562,77.1,2026-07-19 10:00:00,33.9,55,0.0,8.2,84.3,446.1,12.8,123.0,13.7,284.0
Delhi Airport,28.5562,77.1,2026-07-19 11:00:00,35.2,49,0.0,11.4,104.8,612.8,7.5,139.0,13.6,206.0
Delhi Airport,28.5562,77.1,2026-07-19 12:00:00,35.6,48,0.0,11.3,107.3,640.7,4.8,140.0,12.5,180.0
Delhi Airport,28.5562,77.1,2026-07-19 13:00:00,35.2,51,0.0,6.3,108.5,657.5,4.0,132.0,10.9,178.0
Delhi Airport,28.5562,77.1,2026-07-19 14:00:00,35.2,51,0.0,3.8,112.0,689.2,4.9,122.0,9.7,194.0
Delhi Airport,28.5562,77.1,2026-07-19 15:00:00,35.0,53,0.0,4.1,108.5,618.4,7.0,114.0,9.1,208.0
Delhi Airport,28.5562,77.1,2026-07-19 16:00:00,34.3,56,0.4,5.8,111.8,651.9,10.7,105.0,9.0,239.0
Delhi Airport,28.5562,77.1,2026-07-19 17:00:00,36.2,45,0.0,1.6,94.8,428.4,15.1,99.0,14.8,333.0
Delhi Airport,28.5562,77.1,2026-07-19 18:00:00,35.2,54,0.0,3.6,105.2,491.7,19.3,84.0,16.1,573.0
Delhi Airport,28.5562,77.1,2026-07-19 19:00:00,32.7,68,0.0,11.8,105.7,454.5,25.1,64.0,17.9,876.0
Delhi Airport,28.5562,77.1,2026-07-19 20:00:00,31.2,80,0.0,11.4,104.1,408.9,29.3,48.0,19.1,1036.0
Delhi Airport,28.5562,77.1,2026-07-19 21:00:00,31.1,80,0.1,7.2,103.6,387.4,30.5,41.0,19.3,924.0
Delhi Airport,28.5562,77.1,2026-07-19 22:00:00,30.9,80,0.0,7.7,107.8,417.2,30.1,40.0,19.0,669.0
Delhi Airport,28.5562,77.1,2026-07-19 23:00:00,31.4,76,0.0,9.3,116.4,476.8,28.6,41.0,18.1,458.0
Delhi Airport,28.5562,77.1,2026-07-20 00:00:00,31.1,77,0.0,7.9,128.1,581.1,25.6,46.0,16.3,361.0
Delhi Airport,28.5562,77.1,2026-07-20 01:00:00,30.3,80,0.0,9.7,139.2,665.0,21.5,54.0,13.9,308.0
Delhi Airport,28.5562,77.1,2026-07-20 02:00:00,29.3,85,0.0,8.5,144.4,702.2,18.5,59.0,12.0,274.0
Delhi Airport,28.5562,77.1,2026-07-20 03:00:00,28.4,90,0.2,6.8,141.1,665.0,17.1,59.0,10.8,247.0
Delhi Airport,28.5562,77.1,2026-07-20 04:00:00,26.7,96,6.7,9.2,127.6,549.5,16.8,56.0,10.0,239.0
Delhi Airport,28.5562,77.1,2026-07-20 05:00:00,28.0,89,0.8,6.6,31.7,80.6,14.2,64.0,6.5,265.0
Delhi Airport,28.5562,77.1,2026-07-20 06:00:00,27.8,90,0.3,8.8,27.5,58.6,17.5,58.0,7.5,356.0
Delhi Airport,28.5562,77.1,2026-07-20 07:00:00,27.7,93,0.9,9.9,25.4,44.6,21.9,51.0,8.9,480.0
Delhi Airport,28.5562,77.1,2026-07-20 08:00:00,27.8,94,1.1,5.5,26.5,39.1,23.9,48.0,9.8,557.0
Delhi Airport,28.5562,77.1,2026-07-20 09:00:00,29.2,87,0.5,6.2,26.4,48.1,21.1,54.0,9.7,544.0
Delhi Airport,28.5562,77.1,2026-07-20 10:00:00,30.2,83,0.8,3.9,29.1,75.9,15.8,65.0,9.1,483.0
Delhi Airport,28.5562,77.1,2026-07-20 11:00:00,32.3,69,0.2,5.3,31.1,88.5,11.8,75.0,8.8,422.0
Delhi Airport,28.5562,77.1,2026-07-20 12:00:00,33.6,63,0.2,2.4,33.2,97.8,10.3,82.0,9.1,368.0
Delhi Airport,28.5562,77.1,2026-07-20 13:00:00,29.8,82,6.8,11.1,39.1,133.6,10.0,87.0,9.7,314.0
Delhi Airport,28.5562,77.1,2026-07-20 14:00:00,28.4,89,2.2,9.6,42.7,153.2,10.8,89.0,10.4,286.0
Delhi Airport,28.5562,77.1,2026-07-20 15:00:00,30.2,80,0.1,4.9,43.9,150.4,12.4,88.0,11.2,275.0
Delhi Airport,28.5562,77.1,2026-07-20 16:00:00,30.6,77,0.0,4.5,44.7,146.2,14.9,85.0,12.0,289.0
Delhi Airport,28.5562,77.1,2026-07-20 17:00:00,28.9,85,0.0,4.0,29.3,65.0,18.0,87.0,10.2,385.0
Delhi Airport,28.5562,77.1,2026-07-20 18:00:00,28.1,92,5.1,2.2,32.5,59.6,36.7,61.0,14.7,647.0
Delhi Airport,28.5562,77.1,2026-07-20 19:00:00,27.7,94,2.8,5.0,48.0,77.3,62.1,26.0,20.9,989.0
Delhi Airport,28.5562,77.1,2026-07-20 20:00:00,27.6,94,0.6,5.0,63.8,91.3,79.3,1.0,25.1,1211.0
Delhi Airport,28.5562,77.1,2026-07-20 21:00:00,27.5,94,0.5,2.8,62.6,88.5,81.2,0.0,25.5,1217.0
Delhi Airport,28.5562,77.1,2026-07-20 22:00:00,27.2,95,1.1,4.4,64.7,91.7,74.7,3.0,23.8,1102.0
Delhi Airport,28.5562,77.1,2026-07-20 23:00:00,26.5,95,1.2,2.6,54.9,78.5,66.0,12.0,21.9,956.0
Delhi Airport,28.5562,77.1,2026-07-21 00:00:00,26.6,96,0.9,4.6,43.1,65.2,55.2,24.0,19.9,782.0
Delhi Airport,28.5562,77.1,2026-07-21 01:00:00,26.5,96,0.3,8.2,36.4,55.6,42.2,39.0,17.5,575.0
Delhi Airport,28.5562,77.1,2026-07-21 02:00:00,26.6,96,0.3,6.7,31.8,49.9,32.2,50.0,16.0,416.0
Delhi Airport,28.5562,77.1,2026-07-21 03:00:00,26.5,91,0.1,7.6,29.5,45.4,27.7,53.0,15.7,328.0
Delhi Airport,28.5562,77.1,2026-07-21 04:00:00,26.3,91,0.1,4.2,27.1,37.3,26.1,53.0,16.3,287.0
Delhi Airport,28.5562,77.1,2026-07-21 05:00:00,26.2,93,0.7,5.6,10.8,16.0,18.6,65.0,12.0,296.0
Delhi Airport,28.5562,77.1,2026-07-21 06:00:00,25.6,96,4.7,5.8,13.4,16.9,21.6,63.0,16.3,391.0
Delhi Airport,28.5562,77.1,2026-07-21 07:00:00,25.9,95,1.9,7.3,18.0,20.7,25.5,60.0,22.0,536.0
Delhi Airport,28.5562,77.1,2026-07-21 08:00:00,26.4,93,0.3,8.1,22.2,23.6,26.7,63.0,25.2,623.0
Delhi Airport,28.5562,77.1,2026-07-21 09:00:00,26.9,89,0.1,7.8,16.8,17.5,22.5,76.0,23.5,594.0
Delhi Airport,28.5562,77.1,2026-07-21 10:00:00,27.9,84,0.2,8.1,14.2,14.8,15.6,95.0,19.3,508.0
Delhi Airport,28.5562,77.1,2026-07-21 11:00:00,26.5,94,0.0,12.6,12.6,13.2,10.6,109.0,15.9,436.0
Delhi Airport,28.5562,77.1,2026-07-21 12:00:00,27.4,94,1.3,8.6,11.3,11.8,9.5,115.0,14.5,399.0
Delhi Airport,28.5562,77.1,2026-07-21 13:00:00,28.8,89,1.0,8.1,10.7,11.1,10.3,117.0,13.9,376.0
Delhi Airport,28.5562,77.1,2026-07-21 14:00:00,29.2,88,0.7,8.1,11.9,12.3,11.4,119.0,13.6,378.0
Delhi Airport,28.5562,77.1,2026-07-21 15:00:00,27.5,90,2.9,10.4,12.1,12.5,11.6,126.0,13.7,412.0
Delhi Airport,28.5562,77.1,2026-07-21 16:00:00,28.3,88,0.7,7.1,12.9,13.2,12.1,133.0,14.1,471.0
Delhi Airport,28.5562,77.1,2026-07-21 17:00:00,29.4,79,0.2,6.0,26.1,28.3,18.7,110.0,11.8,545.0
Delhi Airport,28.5562,77.1,2026-07-21 18:00:00,28.7,85,0.9,5.9,31.7,33.1,23.8,98.0,13.2,656.0
Delhi Airport,28.5562,77.1,2026-07-21 19:00:00,28.3,88,0.2,3.8,35.3,36.4,30.6,82.0,15.2,781.0
Delhi Airport,28.5562,77.1,2026-07-21 20:00:00,28.0,89,0.0,8.1,34.5,35.3,34.2,71.0,16.2,843.0
Delhi Airport,28.5562,77.1,2026-07-21 21:00:00,28.0,88,0.0,7.9,31.7,32.1,31.4,70.0,15.4,788.0
Delhi Airport,28.5562,77.1,2026-07-21 22:00:00,27.9,88,0.0,10.6,29.8,30.0,25.4,75.0,13.8,669.0
Delhi Airport,28.5562,77.1,2026-07-21 23:00:00,26.9,94,0.1,11.9,28.6,28.9,20.3,79.0,12.5,566.0
Delhi Airport,28.5562,77.1,2026-07-22 00:00:00,26.6,94,0.1,11.1,27.2,27.5,17.7,80.0,12.0,510.0
Delhi Airport,28.5562,77.1,2026-07-22 01:00:00,26.5,93,0.0,9.5,26.3,26.5,16.1,80.0,11.9,470.0
Delhi Airport,28.5562,77.1,2026-07-22 02:00:00,26.4,94,0.0,8.4,26.4,26.5,14.9,79.0,12.1,438.0
Delhi Airport,28.5562,77.1,2026-07-22 03:00:00,26.2,94,0.3,11.2,26.7,26.8,14.1,77.0,12.7,404.0
Delhi Airport,28.5562,77.1,2026-07-22 04:00:00,26.1,94,0.5,11.5,25.3,25.4,13.8,75.0,13.7,378.0
Delhi Airport,28.5562,77.1,2026-07-22 05:00:00,25.8,96,0.7,11.0,38.2,38.6,19.9,59.0,19.0,379.0
Delhi Airport,28.5562,77.1,2026-07-22 06:00:00,26.0,94,0.5,12.7,37.6,38.0,20.7,60.0,18.0,433.0
Delhi Airport,28.5562,77.1,2026-07-22 07:00:00,26.7,90,0.1,12.9,36.3,36.9,21.5,62.0,16.7,514.0
Delhi Airport,28.5562,77.1,2026-07-22 08:00:00,27.6,81,0.3,17.4,36.3,36.7,20.7,71.0,15.4,560.0
Delhi Airport,28.5562,77.1,2026-07-22 09:00:00,28.7,78,0.3,14.3,34.9,35.5,16.6,95.0,14.4,537.0
Delhi Airport,28.5562,77.1,2026-07-22 10:00:00,30.0,72,0.3,14.1,31.9,32.6,10.8,127.0,13.5,479.0
Delhi Airport,28.5562,77.1,2026-07-22 11:00:00,30.6,67,0.2,14.2,36.2,74.7,6.5,151.0,12.9,432.0
Delhi Airport,28.5562,77.1,2026-07-22 12:00:00,31.6,64,0.1,14.3,48.4,194.6,4.4,163.0,12.4,409.0
Delhi Airport,28.5562,77.1,2026-07-22 13:00:00,32.0,65,0.0,12.1,48.0,199.3,3.8,168.0,12.2,397.0
Delhi Airport,28.5562,77.1,2026-07-22 14:00:00,31.9,67,0.2,11.7,47.4,187.2,5.7,166.0,12.6,402.0
Delhi Airport,28.5562,77.1,2026-07-22 15:00:00,31.7,68,0.1,10.7,48.1,186.3,11.5,155.0,13.6,416.0
Delhi Airport,28.5562,77.1,2026-07-22 16:00:00,31.0,72,0.9,8.0,56.2,271.9,19.8,138.0,15.2,448.0
Delhi Airport,28.5562,77.1,2026-07-22 17:00:00,28.4,87,0.0,6.5,13.8,20.4,12.6,133.0,11.5,532.0
Delhi Airport,28.5562,77.1,2026-07-22 18:00:00,28.7,86,0.1,3.6,15.1,17.9,22.3,112.0,14.1,738.0
Delhi Airport,28.5562,77.1,2026-07-22 19:00:00,28.6,88,0.0,5.0,20.9,21.9,35.5,84.0,17.6,995.0
Delhi Airport,28.5562,77.1,2026-07-22 20:00:00,28.7,88,0.0,7.7,22.6,22.9,43.5,65.0,20.1,1130.0
Delhi Airport,28.5562,77.1,2026-07-22 21:00:00,28.8,88,0.0,9.0,20.3,20.4,41.5,63.0,20.3,1032.0
Delhi Airport,28.5562,77.1,2026-07-22 22:00:00,28.8,84,0.0,9.7,18.7,18.7,34.3,71.0,19.5,811.0
Delhi Airport,28.5562,77.1,2026-07-22 23:00:00,28.4,83,0.0,10.2,15.9,15.9,27.8,76.0,18.8,625.0
Delhi Airport,28.5562,77.1,2026-07-23 00:00:00,28.3,84,0.0,11.5,13.8,13.8,24.0,75.0,18.8,535.0
Delhi Airport,28.5562,77.1,2026-07-23 01:00:00,28.1,84,0.0,11.6,18.3,49.7,21.0,72.0,18.9,481.0
Delhi Airport,28.5562,77.1,2026-07-23 02:00:00,27.9,84,0.0,11.8,21.9,59.6,18.8,69.0,18.9,436.0
Delhi Airport,28.5562,77.1,2026-07-23 03:00:00,27.5,85,0.0,10.9,25.8,67.1,17.8,65.0,18.5,383.0
Delhi Airport,28.5562,77.1,2026-07-23 04:00:00,27.3,85,0.0,10.6,31.7,95.0,17.5,61.0,18.0,341.0
Delhi Airport,28.5562,77.1,2026-07-23 05:00:00,26.8,93,0.0,9.6,29.6,58.2,19.0,58.0,18.3,337.0
Delhi Airport,28.5562,77.1,2026-07-23 06:00:00,26.3,94,0.7,11.6,31.8,65.9,18.0,65.0,18.2,411.0
Delhi Airport,28.5562,77.1,2026-07-23 07:00:00,27.2,88,0.2,12.4,35.6,91.5,16.6,75.0,18.1,524.0
Delhi Airport,28.5562,77.1,2026-07-23 08:00:00,27.9,84,0.3,11.1,27.0,38.4,14.6,90.0,17.6,587.0
Delhi Airport,28.5562,77.1,2026-07-23 09:00:00,28.7,81,0.2,10.5,22.3,25.4,11.5,113.0,16.5,545.0
Delhi Airport,28.5562,77.1,2026-07-23 10:00:00,30.4,73,0.1,12.8,19.8,20.5,7.8,140.0,15.0,453.0
Delhi Airport,28.5562,77.1,2026-07-23 11:00:00,31.3,66,0.0,14.7,18.5,18.6,5.3,158.0,13.7,384.0
Delhi Airport,28.5562,77.1,2026-07-23 12:00:00,31.8,64,0.1,15.3,73.3,558.8,4.7,161.0,12.6,359.0
Delhi Airport,28.5562,77.1,2026-07-23 13:00:00,32.0,64,0.1,14.0,63.6,420.0,5.2,156.0,11.8,357.0
Delhi Airport,28.5562,77.1,2026-07-23 14:00:00,32.4,63,0.1,13.3,51.1,279.4,6.5,151.0,11.9,383.0
Delhi Airport,28.5562,77.1,2026-07-23 15:00:00,30.6,73,0.9,15.8,46.8,250.5,8.4,151.0,13.6,450.0
Delhi Airport,28.5562,77.1,2026-07-23 16:00:00,30.2,75,0.6,7.8,42.1,195.6,11.0,151.0,16.3,546.0
Delhi Airport,28.5562,77.1,2026-07-23 17:00:00,30.9,76,0.1,6.7,24.4,24.4,21.3,119.0,12.5,637.0
Delhi Airport,28.5562,77.1,2026-07-23 18:00:00,29.9,79,0.3,7.4,26.8,26.8,24.1,110.0,14.1,730.0
Delhi Airport,28.5562,77.1,2026-07-23 19:00:00,29.5,81,0.0,4.5,28.3,28.3,27.9,98.0,16.4,819.0
Delhi Airport,28.5562,77.1,2026-07-23 20:00:00,28.4,88,1.4,5.2,29.9,30.0,29.7,90.0,18.0,850.0
Delhi Airport,28.5562,77.1,2026-07-23 21:00:00,26.4,94,2.6,9.7,31.7,31.8,27.9,89.0,18.7,783.0
Delhi Airport,28.5562,77.1,2026-07-23 22:00:00,26.2,95,1.6,10.8,33.1,33.2,24.2,91.0,18.7,658.0
Delhi Airport,28.5562,77.1,2026-07-23 23:00:00,27.7,88,0.1,13.1,34.0,34.5,20.9,92.0,18.1,543.0
Delhi Airport,28.5562,77.1,2026-07-24 00:00:00,27.2,88,0.0,11.1,33.2,33.9,18.9,88.0,16.3,457.0
Delhi Airport,28.5562,77.1,2026-07-24 01:00:00,27.0,89,0.0,10.9,33.4,34.0,17.2,83.0,13.8,382.0
Delhi Airport,28.5562,77.1,2026-07-24 02:00:00,26.9,89,0.0,9.6,34.5,34.8,16.1,78.0,12.3,327.0
Delhi Airport,28.5562,77.1,2026-07-24 03:00:00,26.8,89,0.0,9.9,35.6,35.7,15.5,75.0,12.6,294.0
Delhi Airport,28.5562,77.1,2026-07-24 04:00:00,26.7,90,0.0,10.4,35.9,35.9,15.4,74.0,13.8,282.0
Delhi Airport,28.5562,77.1,2026-07-24 05:00:00,26.0,95,0.1,10.2,42.4,42.5,16.6,73.0,19.4,299.0
Delhi Airport,28.5562,77.1,2026-07-24 06:00:00,26.1,94,0.0,12.8,41.0,41.0,16.6,74.0,18.3,370.0
Delhi Airport,28.5562,77.1,2026-07-24 07:00:00,27.0,88,0.0,12.2,35.5,35.5,16.4,77.0,16.6,470.0
Delhi Airport,28.5562,77.1,2026-07-24 08:00:00,28.5,80,0.0,15.4,29.5,29.5,15.4,84.0,15.1,526.0
Delhi Airport,28.5562,77.1,2026-07-24 09:00:00,29.5,76,0.1,13.7,23.7,23.7,12.7,99.0,13.7,494.0
Delhi Airport,28.5562,77.1,2026-07-24 10:00:00,30.5,73,0.1,12.4,20.0,20.0,9.1,119.0,12.4,418.0
Delhi Airport,28.5562,77.1,2026-07-24 11:00:00,30.5,74,0.1,13.2,18.1,18.2,6.5,133.0,11.4,359.0
Delhi Airport,28.5562,77.1,2026-07-24 12:00:00,30.9,73,0.7,12.7,16.5,16.6,5.6,137.0,10.7,334.0
Delhi Airport,28.5562,77.1,2026-07-24 13:00:00,28.6,86,1.7,13.5,16.1,16.2,5.7,135.0,10.4,326.0
Delhi Airport,28.5562,77.1,2026-07-24 14:00:00,29.1,84,0.5,4.6,14.3,14.3,6.4,133.0,10.3,340.0
Delhi Airport,28.5562,77.1,2026-07-24 15:00:00,30.1,79,0.2,8.1,13.8,13.9,7.1,133.0,10.6,382.0
Delhi Airport,28.5562,77.1,2026-07-24 16:00:00,30.7,75,0.1,7.0,13.6,13.8,8.4,133.0,11.3,447.0
Delhi Airport,28.5562,77.1,2026-07-24 17:00:00,29.9,83,0.1,6.6,19.8,20.2,11.7,114.0,10.5,528.0
Delhi Airport,28.5562,77.1,2026-07-24 18:00:00,29.8,83,0.0,8.4,25.3,25.6,23.3,92.0,12.9,653.0
Delhi Airport,28.5562,77.1,2026-07-24 19:00:00,29.3,86,0.2,9.5,32.1,32.4,39.0,63.0,16.3,795.0
Delhi Airport,28.5562,77.1,2026-07-24 20:00:00,29.4,86,0.1,9.2,36.0,36.4,48.4,42.0,18.5,861.0
Delhi Airport,28.5562,77.1,2026-07-24 21:00:00,29.1,85,0.0,10.8,35.6,36.7,45.6,39.0,18.4,791.0
Delhi Airport,28.5562,77.1,2026-07-24 22:00:00,28.7,85,0.0,11.3,33.9,36.2,36.6,45.0,17.2,645.0
Delhi Airport,28.5562,77.1,2026-07-24 23:00:00,28.4,85,0.0,12.3,31.1,35.0,28.8,50.0,16.4,514.0
Delhi Airport,28.5562,77.1,2026-07-25 00:00:00,28.2,85,0.0,13.0,27.0,32.5,24.8,51.0,16.9,425.0
Delhi Airport,28.5562,77.1,2026-07-25 01:00:00,28.1,83,0.0,12.4,25.4,32.2,21.9,52.0,17.9,351.0
Delhi Airport,28.5562,77.1,2026-07-25 02:00:00,27.8,83,0.1,12.1,24.9,31.2,20.1,51.0,18.4,299.0
Delhi Airport,28.5562,77.1,2026-07-25 03:00:00,27.4,84,0.3,10.3,24.9,31.3,19.7,47.0,18.0,269.0
Delhi Airport,28.5562,77.1,2026-07-25 04:00:00,27.3,86,0.1,10.2,25.6,34.6,20.4,43.0,17.2,261.0
Delhi Airport,28.5562,77.1,2026-07-25 05:00:00,27.5,87,0.0,9.5,26.0,31.9,19.7,42.0,14.7,277.0
Delhi Airport,28.5562,77.1,2026-07-25 06:00:00,27.7,87,0.0,7.4,26.4,31.1,18.8,48.0,14.5,341.0
Delhi Airport,28.5562,77.1,2026-07-25 07:00:00,28.3,85,0.0,7.8,26.7,31.0,17.5,56.0,14.3,429.0
Delhi Airport,28.5562,77.1,2026-07-25 08:00:00,29.1,79,0.1,11.5,26.6,31.7,15.5,68.0,13.7,480.0
Delhi Airport,28.5562,77.1,2026-07-25 09:00:00,30.1,72,0.0,10.6,25.7,33.6,12.3,86.0,12.6,453.0
Delhi Airport,28.5562,77.1,2026-07-25 10:00:00,30.7,69,0.1,11.5,24.8,35.4,8.4,106.0,11.2,389.0
Delhi Airport,28.5562,77.1,2026-07-25 11:00:00,31.6,64,0.2,13.4,22.1,32.6,5.6,122.0,10.2,343.0
Delhi Airport,28.5562,77.1,2026-07-25 12:00:00,31.7,64,0.3,14.0,21.1,30.7,4.3,130.0,9.9,333.0
Delhi Airport,28.5562,77.1,2026-07-25 13:00:00,32.2,64,0.1,11.6,26.4,63.1,4.2,133.0,9.9,342.0
Delhi Airport,28.5562,77.1,2026-07-25 14:00:00,32.6,62,0.3,12.1,23.9,39.2,5.7,131.0,10.1,373.0
Delhi Airport,28.5562,77.1,2026-07-25 15:00:00,32.4,63,0.3,11.9,23.1,33.5,9.2,122.0,10.2,431.0
Delhi Airport,28.5562,77.1,2026-07-25 16:00:00,31.8,65,0.3,11.2,23.7,32.5,14.4,108.0,10.5,510.0
Delhi Airport,28.5562,77.1,2026-07-25 17:00:00,30.3,80,0.1,11.4,31.0,37.0,20.8,94.0,8.8,598.0
Delhi Airport,28.5562,77.1,2026-07-25 18:00:00,30.1,80,0.0,11.0,37.3,41.3,26.7,83.0,11.0,714.0
Delhi Airport,28.5562,77.1,2026-07-25 19:00:00,29.2,82,0.0,8.9,42.1,45.1,34.7,67.0,14.0,839.0
Delhi Airport,28.5562,77.1,2026-07-25 20:00:00,28.7,84,0.0,9.4,39.9,41.9,39.5,56.0,16.2,899.0
Delhi Airport,28.5562,77.1,2026-07-25 21:00:00,28.3,87,0.0,8.9,38.2,39.3,38.3,53.0,16.7,846.0
Delhi Airport,28.5562,77.1,2026-07-25 22:00:00,28.0,88,0.0,8.5,37.7,38.4,34.0,54.0,16.3,728.0
Delhi Airport,28.5562,77.1,2026-07-25 23:00:00,27.9,90,0.0,10.3,36.9,37.4,29.7,56.0,15.8,622.0
Delhi Airport,28.5562,77.1,2026-07-26 00:00:00,27.7,91,0.0,9.8,35.7,36.1,26.1,58.0,15.1,553.0
Delhi Airport,28.5562,77.1,2026-07-26 01:00:00,27.7,92,0.0,8.5,34.3,34.7,22.5,61.0,14.2,495.0
Delhi Airport,28.5562,77.1,2026-07-26 02:00:00,27.7,93,0.0,7.9,33.9,34.1,20.2,62.0,13.7,450.0
Delhi Airport,28.5562,77.1,2026-07-26 03:00:00,27.5,93,0.0,7.6,34.5,34.8,20.3,58.0,14.0,416.0
Delhi Airport,28.5562,77.1,2026-07-26 04:00:00,27.4,93,0.0,5.4,36.2,37.6,21.7,52.0,14.7,395.0
Delhi Airport,28.5562,77.1,2026-07-26 05:00:00,28.2,93,0.1,4.2,26.7,27.8,19.6,59.0,13.7,387.0
Delhi Airport,28.5562,77.1,2026-07-26 06:00:00,27.5,96,0.4,6.0,29.7,30.6,18.5,66.0,14.8,403.0
Delhi Airport,28.5562,77.1,2026-07-26 07:00:00,28.4,91,0.1,4.3,30.5,31.9,17.0,77.0,16.2,432.0
Delhi Airport,28.5562,77.1,2026-07-26 08:00:00,29.7,83,0.0,3.0,31.0,33.2,14.9,92.0,17.3,445.0
Delhi Airport,28.5562,77.1,2026-07-26 09:00:00,31.0,74,0.0,3.8,31.7,36.0,11.9,113.0,17.6,422.0
Delhi Airport,28.5562,77.1,2026-07-26 10:00:00,31.9,68,0.3,4.2,31.1,38.2,8.5,138.0,17.4,381.0
Delhi Airport,28.5562,77.1,2026-07-26 11:00:00,32.3,65,0.3,4.0,29.3,39.3,5.9,158.0,17.2,351.0
Delhi Airport,28.5562,77.1,2026-07-26 12:00:00,33.1,62,0.1,4.0,28.7,39.8,4.6,170.0,17.0,340.0
Delhi Airport,28.5562,77.1,2026-07-26 13:00:00,33.5,61,0.2,4.3,29.4,40.6,4.2,178.0,16.8,340.0
Delhi Airport,28.5562,77.1,2026-07-26 14:00:00,33.7,60,0.2,4.2,29.6,41.0,4.6,181.0,16.8,346.0
Delhi Airport,28.5562,77.1,2026-07-26 15:00:00,33.8,59,0.1,3.1,29.6,41.0,3.6,181.0,16.5,321.0
Delhi Airport,28.5562,77.1,2026-07-26 16:00:00,33.7,59,0.0,2.3,32.9,69.6,3.4,176.0,16.5,303.0
Delhi Airport,28.5562,77.1,2026-07-26 17:00:00,34.1,58,0.0,3.6,32.6,45.8,9.3,142.0,13.5,403.0
Delhi Airport,28.5562,77.1,2026-07-26 18:00:00,32.9,68,0.0,3.2,40.0,50.1,29.0,111.0,18.3,758.0
Delhi Airport,28.5562,77.1,2026-07-26 19:00:00,31.7,77,0.0,2.9,55.3,65.0,56.1,68.0,24.9,1230.0
Delhi Airport,28.5562,77.1,2026-07-26 20:00:00,31.4,82,0.0,0.8,67.8,77.3,75.8,34.0,29.4,1516.0
Delhi Airport,28.5562,77.1,2026-07-26 21:00:00,31.3,81,0.0,0.3,75.0,84.1,80.7,20.0,30.0,1441.0
Delhi Airport,28.5562,77.1,2026-07-26 22:00:00,31.0,82,0.0,0.6,75.4,83.6,78.2,15.0,28.6,1180.0
Delhi Airport,28.5562,77.1,2026-07-26 23:00:00,30.6,85,0.0,1.4,78.9,86.8,75.1,12.0,26.8,950.0
Delhi Airport,28.5562,77.1,2026-07-27 00:00:00,30.0,85,0.0,1.9,80.3,87.5,73.6,8.0,25.1,823.0
Delhi Airport,28.5562,77.1,2026-07-27 01:00:00,29.7,86,0.0,1.8,79.6,86.6,71.6,6.0,23.0,728.0
Delhi Airport,28.5562,77.1,2026-07-27 02:00:00,29.3,83,0.0,3.1,81.0,88.0,69.5,5.0,21.4,665.0
Delhi Airport,28.5562,77.1,2026-07-27 03:00:00,29.2,83,0.0,2.4,83.4,91.0,68.4,2.0,20.5,644.0
Delhi Airport,28.5562,77.1,2026-07-27 04:00:00,29.1,83,0.0,2.3,86.1,94.3,67.2,0.0,20.0,656.0
Delhi Airport,28.5562,77.1,2026-07-27 05:00:00,29.7,83,0.0,2.4,75.2,82.4,67.7,2.0,22.2,674.0
Delhi Airport,28.5562,77.1,2026-07-27 06:00:00,29.9,80,0.0,2.9,78.9,86.1,59.3,21.0,25.3,708.0
Delhi Airport,28.5562,77.1,2026-07-27 07:00:00,30.5,78,0.0,2.0,62.9,69.6,47.4,48.0,29.4,750.0
Delhi Airport,28.5562,77.1,2026-07-27 08:00:00,31.5,75,0.0,2.2,47.0,58.1,36.0,78.0,31.2,744.0
Delhi Airport,28.5562,77.1,2026-07-27 09:00:00,32.6,67,0.1,3.4,38.4,66.1,25.8,111.0,28.6,645.0
Delhi Airport,28.5562,77.1,2026-07-27 10:00:00,33.3,63,0.2,2.6,33.2,64.7,16.2,147.0,23.8,500.0
Delhi Airport,28.5562,77.1,2026-07-27 11:00:00,34.5,55,0.1,2.5,32.2,75.4,9.3,174.0,20.0,392.0
Delhi Airport,28.5562,77.1,2026-07-27 12:00:00,34.9,55,0.0,5.6,29.8,58.4,6.4,189.0,18.5,349.0
Delhi Airport,28.5562,77.1,2026-07-27 13:00:00,35.2,54,0.0,4.5,29.2,54.9,6.1,196.0,17.9,345.0
Delhi Airport,28.5562,77.1,2026-07-27 14:00:00,35.1,53,0.0,6.5,28.8,53.1,6.8,197.0,17.4,380.0
Delhi Airport,28.5562,77.1,2026-07-27 15:00:00,34.3,56,0.0,4.6,27.7,52.4,5.9,194.0,16.3,452.0
Delhi Airport,28.5562,77.1,2026-07-27 16:00:00,33.7,58,0.0,1.6,26.8,52.2,5.9,186.0,15.4,564.0
Delhi Airport,28.5562,77.1,2026-07-27 17:00:00,32.5,67,0.0,2.0,38.4,109.4,21.3,119.0,13.8,728.0
Delhi Airport,28.5562,77.1,2026-07-27 18:00:00,31.9,74,0.0,2.3,44.4,100.1,33.7,95.0,16.4,1037.0
Delhi Airport,28.5562,77.1,2026-07-27 19:00:00,31.5,77,0.0,1.6,54.9,98.0,50.4,63.0,19.9,1399.0
Delhi Airport,28.5562,77.1,2026-07-27 20:00:00,31.2,78,0.0,5.0,76.8,286.8,59.5,42.0,22.1,1550.0
Delhi Airport,28.5562,77.1,2026-07-27 21:00:00,30.6,80,0.0,9.0,132.2,789.8,53.7,44.0,21.8,1297.0
Delhi Airport,28.5562,77.1,2026-07-27 22:00:00,29.6,82,0.0,13.0,81.0,282.2,40.4,58.0,20.1,833.0
Delhi Airport,28.5562,77.1,2026-07-27 23:00:00,30.2,85,0.0,10.3,61.0,158.8,29.6,68.0,18.3,480.0
Delhi Airport,28.5562,77.1,2026-07-28 00:00:00,28.4,88,0.0,14.1,53.0,114.1,25.2,68.0,16.6,382.0
Delhi Airport,28.5562,77.1,2026-07-28 01:00:00,27.6,89,0.1,8.9,48.2,86.8,23.2,65.0,14.8,394.0
Delhi Airport,28.5562,77.1,2026-07-28 02:00:00,27.4,93,0.3,11.1,45.4,71.5,22.3,60.0,13.6,408.0
Delhi Airport,28.5562,77.1,2026-07-28 03:00:00,26.9,96,0.3,9.4,43.3,62.2,22.2,54.0,13.3,374.0
Delhi Airport,28.5562,77.1,2026-07-28 04:00:00,26.5,97,0.4,10.4,41.8,56.0,23.1,47.0,13.6,342.0
Delhi Airport,28.5562,77.1,2026-07-28 05:00:00,28.4,94,0.3,8.7,43.1,101.3,24.9,41.0,12.8,349.0
Delhi Airport,28.5562,77.1,2026-07-28 06:00:00,28.5,92,0.0,8.6,40.9,89.2,24.2,44.0,12.5,441.0
Delhi Airport,28.5562,77.1,2026-07-28 07:00:00,28.0,93,1.1,11.0,37.6,73.6,23.0,50.0,12.1,573.0
Delhi Airport,28.5562,77.1,2026-07-28 08:00:00,28.8,92,0.5,10.4,34.5,68.0,21.1,62.0,12.0,647.0
Delhi Airport,28.5562,77.1,2026-07-28 09:00:00,29.5,84,0.0,8.5,33.2,65.9,17.7,87.0,12.7,603.0
Delhi Airport,28.5562,77.1,2026-07-28 10:00:00,27.6,92,4.1,11.8,32.7,64.7,13.4,119.0,13.7,501.0
Delhi Airport,28.5562,77.1,2026-07-28 11:00:00,28.3,92,1.3,9.8,29.9,53.6,10.0,145.0,14.4,423.0
Delhi Airport,28.5562,77.1,2026-07-28 12:00:00,27.3,95,3.8,11.5,27.4,44.7,7.6,160.0,14.3,399.0
Delhi Airport,28.5562,77.1,2026-07-28 13:00:00,27.0,94,2.6,8.6,25.8,43.4,6.0,168.0,14.0,399.0
Delhi Airport,28.5562,77.1,2026-07-28 14:00:00,26.9,95,2.7,4.6,24.9,41.9,6.5,171.0,14.1,414.0
Delhi Airport,28.5562,77.1,2026-07-28 15:00:00,27.2,92,1.4,5.4,24.7,40.2,8.3,171.0,14.4,409.0
Delhi Airport,28.5562,77.1,2026-07-28 16:00:00,27.1,93,0.6,4.1,25.4,39.9,12.1,165.0,15.3,420.0
Delhi Airport,28.5562,77.1,2026-07-28 17:00:00,31.1,70,0.3,4.1,17.6,21.8,35.9,72.0,17.5,541.0
Delhi Airport,28.5562,77.1,2026-07-28 18:00:00,30.3,77,0.3,4.6,16.7,19.9,42.4,61.0,19.4,908.0
Delhi Airport,28.5562,77.1,2026-07-28 19:00:00,29.6,83,0.0,1.1,21.0,23.3,51.4,45.0,21.9,1386.0
Delhi Airport,28.5562,77.1,2026-07-28 20:00:00,29.2,87,0.0,1.9,25.4,27.3,57.9,32.0,23.7,1661.0
Delhi Airport,28.5562,77.1,2026-07-28 21:00:00,29.0,88,0.0,2.9,31.8,33.5,59.7,24.0,24.0,1546.0
Delhi Airport,28.5562,77.1,2026-07-28 22:00:00,28.6,89,0.0,6.0,32.0,33.4,59.0,19.0,23.6,1228.0
Delhi Airport,28.5562,77.1,2026-07-28 23:00:00,28.2,89,0.0,3.3,31.5,32.7,58.0,15.0,23.1,955.0
Delhi Airport,28.5562,77.1,2026-07-29 00:00:00,27.9,91,0.0,2.2,29.2,30.3,57.5,12.0,22.3,823.0
Delhi Airport,28.5562,77.1,2026-07-29 01:00:00,27.8,92,0.0,1.9,30.3,31.4,56.8,10.0,21.4,736.0
Delhi Airport,28.5562,77.1,2026-07-29 02:00:00,27.5,93,0.2,4.8,31.1,32.4,55.5,10.0,21.5,658.0
Delhi Airport,28.5562,77.1,2026-07-29 03:00:00,27.1,92,0.3,4.5,31.2,32.8,53.6,13.0,23.0,565.0
Delhi Airport,28.5562,77.1,2026-07-29 04:00:00,27.0,94,0.0,2.5,31.7,33.6,51.1,17.0,25.4,482.0
Delhi Airport,28.5562,77.1,2026-07-29 05:00:00,26.6,98,0.0,2.7,34.5,36.9,45.1,21.0,27.7,446.0
Delhi Airport,28.5562,77.1,2026-07-29 06:00:00,26.6,96,0.3,3.6,39.2,40.9,44.8,25.0,29.5,499.0
Delhi Airport,28.5562,77.1,2026-07-29 07:00:00,26.7,96,0.4,5.4,38.1,39.8,44.1,31.0,31.9,601.0
Delhi Airport,28.5562,77.1,2026-07-29 08:00:00,27.2,92,0.3,3.8,33.2,35.3,42.1,42.0,33.9,666.0
Delhi Airport,28.5562,77.1,2026-07-29 09:00:00,28.5,86,0.3,3.3,30.6,32.6,37.6,62.0,34.9,651.0
Delhi Airport,28.5562,77.1,2026-07-29 10:00:00,29.6,82,0.2,3.9,26.1,28.1,31.6,87.0,35.5,600.0
Delhi Airport,28.5562,77.1,2026-07-29 11:00:00,31.0,77,0.1,1.7,24.4,26.8,26.5,112.0,36.0,563.0
Delhi Airport,28.5562,77.1,2026-07-29 12:00:00,32.1,72,0.0,1.2,25.8,28.8,22.6,136.0,36.3,555.0
Delhi Airport,28.5562,77.1,2026-07-29 13:00:00,32.2,70,0.0,1.8,28.3,32.0,19.5,159.0,36.5,562.0
Delhi Airport,28.5562,77.1,2026-07-29 14:00:00,32.5,70,0.1,3.1,31.2,35.3,18.4,177.0,37.2,588.0
Delhi Airport,28.5562,77.1,2026-07-29 15:00:00,32.6,70,0.2,1.5,34.7,40.6,17.7,191.0,38.6,581.0
Delhi Airport,28.5562,77.1,2026-07-29 16:00:00,32.2,72,0.0,2.4,36.9,42.5,19.0,200.0,40.5,595.0
Delhi Airport,28.5562,77.1,2026-07-29 17:00:00,32.7,67,0.1,5.0,43.1,54.0,12.3,161.0,17.1,794.0
Delhi Airport,28.5562,77.1,2026-07-29 18:00:00,31.7,76,0.0,5.0,51.6,60.1,29.8,129.0,20.9,1380.0
Delhi Airport,28.5562,77.1,2026-07-29 19:00:00,30.7,83,0.0,5.0,61.2,67.3,53.7,85.0,26.1,2151.0
Delhi Airport,28.5562,77.1,2026-07-29 20:00:00,30.3,84,0.0,5.7,68.5,73.1,70.5,52.0,29.9,2669.0
Delhi Airport,28.5562,77.1,2026-07-29 21:00:00,29.9,85,0.0,5.2,75.4,78.9,74.1,39.0,31.3,2728.0
Delhi Airport,28.5562,77.1,2026-07-29 22:00:00,29.5,87,0.0,4.0,79.6,82.4,70.6,36.0,31.4,2534.0
Delhi Airport,28.5562,77.1,2026-07-29 23:00:00,30.1,87,0.0,6.7,80.1,82.4,64.6,36.0,30.6,2261.0
Delhi Airport,28.5562,77.1,2026-07-30 00:00:00,29.4,89,0.0,7.8,76.8,78.7,56.0,40.0,28.5,1910.0
Delhi Airport,28.5562,77.1,2026-07-30 01:00:00,27.2,93,1.9,9.4,74.0,75.7,44.9,47.0,25.4,1481.0
Delhi Airport,28.5562,77.1,2026-07-30 02:00:00,25.5,98,5.0,7.5,72.2,73.3,36.2,51.0,23.0,1141.0
Delhi Airport,28.5562,77.1,2026-07-30 03:00:00,26.1,95,0.6,3.0,70.3,71.2,32.2,48.0,21.7,969.0
Delhi Airport,28.5562,77.1,2026-07-30 04:00:00,26.3,97,0.1,4.0,68.9,69.8,30.6,42.0,20.9,887.0
Delhi Airport,28.5562,77.1,2026-07-30 05:00:00,27.7,93,0.0,0.9,69.2,69.6,35.1,57.0,20.7,830.0
Delhi Airport,28.5562,77.1,2026-07-30 06:00:00,27.9,95,0.1,6.8,68.0,68.5,32.3,71.0,22.1,797.0
Delhi Airport,28.5562,77.1,2026-07-30 07:00:00,29.0,85,0.3,10.4,57.4,58.0,28.2,91.0,23.8,790.0
Delhi Airport,28.5562,77.1,2026-07-30 08:00:00,29.6,83,0.3,7.9,43.2,43.9,23.6,113.0,24.4,749.0
Delhi Airport,28.5562,77.1,2026-07-30 09:00:00,30.6,77,0.1,8.0,46.7,48.1,18.1,137.0,22.6,628.0
Delhi Airport,28.5562,77.1,2026-07-30 10:00:00,31.7,71,0.0,6.7,33.6,35.7,12.0,162.0,19.7,474.0
Delhi Airport,28.5562,77.1,2026-07-30 11:00:00,32.8,64,0.0,5.0,31.3,32.7,7.6,182.0,17.3,369.0
Delhi Airport,28.5562,77.1,2026-07-30 12:00:00,33.2,62,0.1,6.7,56.3,295.2,5.5,194.0,15.9,347.0
Delhi Airport,28.5562,77.1,2026-07-30 13:00:00,31.8,68,1.0,9.0,46.3,178.3,5.0,201.0,15.1,373.0
Delhi Airport,28.5562,77.1,2026-07-30 14:00:00,32.9,63,0.1,3.4,44.4,148.5,6.0,203.0,15.3,427.0
Delhi Airport,28.5562,77.1,2026-07-30 15:00:00,33.2,61,0.1,4.9,40.3,108.7,8.4,201.0,17.1,524.0
Delhi Airport,28.5562,77.1,2026-07-30 16:00:00,33.3,60,0.0,6.1,36.4,74.5,12.3,195.0,20.0,649.0
Delhi Airport,28.5562,77.1,2026-07-30 17:00:00,32.1,69,0.0,9.1,34.8,40.9,16.3,150.0,15.3,732.0
Delhi Airport,28.5562,77.1,2026-07-30 18:00:00,29.8,80,0.4,14.9,37.8,42.4,27.5,124.0,18.7,731.0
Delhi Airport,28.5562,77.1,2026-07-30 19:00:00,28.7,85,0.0,8.7,43.1,48.3,42.5,89.0,23.2,687.0
Delhi Airport,28.5562,77.1,2026-07-30 20:00:00,28.6,86,0.0,8.2,46.4,70.3,51.4,63.0,25.7,660.0
Delhi Airport,28.5562,77.1,2026-07-30 21:00:00,28.6,88,0.0,8.4,48.5,88.5,48.3,57.0,24.3,683.0
Delhi Airport,28.5562,77.1,2026-07-30 22:00:00,28.4,90,0.0,9.4,43.7,74.7,39.0,61.0,21.0,723.0
Delhi Airport,28.5562,77.1,2026-07-30 23:00:00,29.0,89,0.0,11.6,38.9,61.2,30.6,65.0,18.1,730.0
Delhi Airport,28.5562,77.1,2026-07-31 00:00:00,28.7,88,0.0,11.8,33.8,46.7,25.4,67.0,16.4,676.0
Delhi Airport,28.5562,77.1,2026-07-31 01:00:00,28.5,89,0.0,11.3,29.2,34.9,21.2,69.0,15.1,591.0
Delhi Airport,28.5562,77.1,2026-07-31 02:00:00,28.4,87,0.0,10.6,25.8,27.7,18.2,70.0,14.6,512.0
Delhi Airport,28.5562,77.1,2026-07-31 03:00:00,28.2,87,0.0,10.1,23.4,24.1,17.0,67.0,15.3,445.0
Delhi Airport,28.5562,77.1,2026-07-31 04:00:00,28.1,86,0.0,11.0,30.7,98.7,17.1,63.0,16.7,386.0
Delhi Airport,28.5562,77.1,2026-07-31 05:00:00,28.2,84,0.0,12.5,30.9,107.1,17.4,61.0,17.4,356.0
Delhi Airport,28.5562,77.1,2026-07-31 06:00:00,28.2,84,0.0,11.2,27.0,67.5,17.2,64.0,17.6,382.0
Delhi Airport,28.5562,77.1,2026-07-31 07:00:00,28.8,81,0.0,11.5,52.2,281.3,16.9,68.0,17.8,437.0
Delhi Airport,28.5562,77.1,2026-07-31 08:00:00,29.2,78,0.1,14.3,24.9,53.0,15.7,78.0,17.7,468.0
Delhi Airport,28.5562,77.1,2026-07-31 09:00:00,29.7,76,0.1,14.7,19.6,27.1,12.9,98.0,16.9,445.0
Delhi Airport,28.5562,77.1,2026-07-31 10:00:00,30.0,74,0.1,14.5,19.9,22.9,9.2,124.0,15.7,397.0
Delhi Airport,28.5562,77.1,2026-07-31 11:00:00,30.5,72,0.3,12.3,20.5,21.4,6.6,143.0,14.6,361.0
Delhi Airport,28.5562,77.1,2026-07-31 12:00:00,31.4,67,0.1,13.3,20.6,20.8,5.5,151.0,13.7,344.0
Delhi Airport,28.5562,77.1,2026-07-31 13:00:00,32.3,64,0.0,13.9,20.3,27.6,5.5,151.0,12.9,339.0
Delhi Airport,28.5562,77.1,2026-07-31 14:00:00,32.7,62,0.2,12.4,22.3,31.4,6.6,149.0,12.7,356.0
Delhi Airport,28.5562,77.1,2026-07-31 15:00:00,32.6,63,0.1,12.2,20.4,26.4,9.2,144.0,13.5,411.0
Delhi Airport,28.5562,77.1,2026-07-31 16:00:00,30.5,72,0.9,11.1,20.0,25.4,13.0,136.0,14.9,489.0
Delhi Airport,28.5562,77.1,2026-07-31 17:00:00,31.5,72,0.7,8.1,31.2,31.7,17.0,127.0,15.1,554.0
Delhi Airport,28.5562,77.1,2026-07-31 18:00:00,31.0,75,0.0,7.7,34.0,34.5,23.8,109.0,17.5,600.0
Delhi Airport,28.5562,77.1,2026-07-31 19:00:00,30.2,78,0.0,9.0,35.9,36.2,32.9,85.0,20.6,634.0
Delhi Airport,28.5562,77.1,2026-07-31 20:00:00,29.8,82,0.0,8.9,35.9,36.3,38.1,68.0,22.4,638.0
Delhi Airport,28.5562,77.1,2026-07-31 21:00:00,29.4,83,0.2,12.3,34.2,34.8,35.8,64.0,21.3,595.0
Delhi Airport,28.5562,77.1,2026-07-31 22:00:00,28.9,85,0.1,11.5,32.1,32.9,29.6,67.0,18.8,524.0
Delhi Airport,28.5562,77.1,2026-07-31 23:00:00,28.4,85,0.0,10.1,30.2,31.0,24.1,69.0,17.0,457.0
Delhi Airport,28.5562,77.1,2026-08-01 00:00:00,27.9,88,0.0,10.7,27.8,28.5,20.9,69.0,16.9,405.0
Delhi Airport,28.5562,77.1,2026-08-01 01:00:00,26.8,94,1.8,9.2,35.0,107.1,18.5,68.0,17.5,359.0
Delhi Airport,28.5562,77.1,2026-08-01 02:00:00,27.1,93,0.0,11.7,41.0,159.7,16.9,67.0,18.0,325.0
Delhi Airport,28.5562,77.1,2026-08-01 03:00:00,27.1,91,0.0,11.9,44.7,190.9,16.4,64.0,18.0,303.0
Delhi Airport,28.5562,77.1,2026-08-01 04:00:00,27.2,91,0.0,11.0,48.5,209.1,16.6,60.0,17.8,295.0
Delhi Airport,28.5562,77.1,2026-08-01 05:00:00,27.0,93,0.0,10.5,27.0,27.9,17.4,59.0,18.1,310.0
Delhi Airport,28.5562,77.1,2026-08-01 06:00:00,27.2,92,0.0,9.9,27.9,28.8,17.2,66.0,18.2,373.0
Delhi Airport,28.5562,77.1,2026-08-01 07:00:00,27.4,89,0.1,12.8,28.7,29.6,16.7,76.0,18.3,459.0
Delhi Airport,28.5562,77.1,2026-08-01 08:00:00,28.1,85,0.1,12.8,27.6,28.5,15.5,90.0,18.2,509.0
Delhi Airport,28.5562,77.1,2026-08-01 09:00:00,29.5,78,0.1,12.7,25.3,25.9,12.6,111.0,17.8,486.0
Delhi Airport,28.5562,77.1,2026-08-01 10:00:00,30.6,72,0.1,12.2,30.3,81.7,9.0,136.0,17.2,426.0
Delhi Airport,28.5562,77.1,2026-08-01 11:00:00,31.6,69,0.3,11.7,26.1,39.0,6.4,155.0,16.8,377.0
Delhi Airport,28.5562,77.1,2026-08-01 12:00:00,32.3,67,0.1,11.1,28.1,58.0,5.6,163.0,16.6,348.0
Delhi Airport,28.5562,77.1,2026-08-01 13:00:00,32.6,66,0.1,12.8,26.8,34.3,5.9,166.0,16.6,331.0
Delhi Airport,28.5562,77.1,2026-08-01 14:00:00,32.6,60,0.3,11.3,26.5,30.3,6.9,165.0,16.7,348.0
Delhi Airport,28.5562,77.1,2026-08-01 15:00:00,31.6,67,0.3,9.7,26.1,28.1,8.2,164.0,17.0,418.0
Delhi Airport,28.5562,77.1,2026-08-01 16:00:00,31.5,72,0.2,7.2,26.5,27.6,10.2,159.0,17.4,522.0
Delhi Airport,28.5562,77.1,2026-08-01 17:00:00,31.3,72,0.4,11.2,39.2,84.8,15.9,143.0,15.2,626.0
Delhi Airport,28.5562,77.1,2026-08-01 18:00:00,30.4,80,0.1,5.1,41.2,64.0,21.8,125.0,16.1,742.0
Delhi Airport,28.5562,77.1,2026-08-01 19:00:00,29.9,83,0.0,5.4,39.8,48.5,29.7,101.0,17.4,858.0
Delhi Airport,28.5562,77.1,2026-08-01 20:00:00,29.6,84,0.0,7.6,40.6,44.4,34.9,82.0,18.1,908.0
Delhi Airport,28.5562,77.1,2026-08-01 21:00:00,29.3,87,0.0,8.6,41.9,43.2,34.9,74.0,17.9,843.0
Delhi Airport,28.5562,77.1,2026-08-01 22:00:00,29.3,87,0.0,10.8,39.7,40.2,32.1,72.0,17.2,712.0
Delhi Airport,28.5562,77.1,2026-08-01 23:00:00,27.8,89,0.0,12.4,36.7,36.8,28.9,71.0,16.6,593.0
Delhi Airport,28.5562,77.1,2026-08-02 00:00:00,27.0,90,0.2,10.5,35.6,36.0,25.4,72.0,16.2,508.0
Delhi Airport,28.5562,77.1,2026-08-02 01:00:00,26.9,91,0.2,9.0,36.0,36.4,21.5,74.0,15.9,434.0
Delhi Airport,28.5562,77.1,2026-08-02 02:00:00,27.0,92,0.1,7.8,36.9,37.8,18.7,75.0,16.1,381.0
Delhi Airport,28.5562,77.1,2026-08-02 03:00:00,26.9,92,0.0,7.1,38.1,39.6,18.1,71.0,17.2,350.0
Delhi Airport,28.5562,77.1,2026-08-02 04:00:00,26.9,93,0.0,7.6,39.1,40.9,18.7,66.0,18.8,339.0
Delhi Airport,28.5562,77.1,2026-08-02 05:00:00,27.2,95,0.0,8.3,43.3,44.8,22.0,58.0,20.2,351.0
Delhi Airport,28.5562,77.1,2026-08-02 06:00:00,27.1,94,0.0,13.3,44.2,46.0,20.8,67.0,21.9,406.0
Delhi Airport,28.5562,77.1,2026-08-02 07:00:00,27.2,93,0.1,8.9,43.0,45.4,19.0,81.0,24.2,483.0
Delhi Airport,28.5562,77.1,2026-08-02 08:00:00,28.6,86,0.0,9.1,38.3,58.6,16.6,100.0,25.3,521.0
Delhi Airport,28.5562,77.1,2026-08-02 09:00:00,30.3,78,0.0,8.9,38.2,62.9,12.9,128.0,24.2,479.0
Delhi Airport,28.5562,77.1,2026-08-02 10:00:00,31.7,71,0.1,8.6,36.2,50.3,8.5,162.0,21.8,397.0
Delhi Airport,28.5562,77.1,2026-08-02 11:00:00,33.0,63,0.1,8.3,35.5,44.8,5.3,185.0,19.5,333.0
Delhi Airport,28.5562,77.1,2026-08-02 12:00:00,33.8,59,0.0,7.5,33.3,39.8,3.9,192.0,17.5,306.0
Delhi Airport,28.5562,77.1,2026-08-02 13:00:00,34.0,57,0.2,10.0,32.5,37.4,3.6,190.0,15.6,297.0
Delhi Airport,28.5562,77.1,2026-08-02 14:00:00,33.0,62,0.8,11.5,32.5,36.0,4.5,183.0,14.2,300.0
Delhi Airport,28.5562,77.1,2026-08-02 15:00:00,32.9,64,0.0,8.6,32.0,34.3,6.4,171.0,13.6,308.0
Delhi Airport,28.5562,77.1,2026-08-02 16:00:00,32.2,67,0.4,8.1,29.6,31.3,9.4,154.0,13.6,328.0
Delhi Airport,28.5562,77.1,2026-08-02 17:00:00,27.0,97,0.2,7.7,23.5,24.5,13.0,121.0,12.3,377.0
Delhi Airport,28.5562,77.1,2026-08-02 18:00:00,28.1,92,0.7,8.1,28.8,29.7,18.2,106.0,13.6,485.0
Delhi Airport,28.5562,77.1,2026-08-02 19:00:00,27.6,92,0.1,8.0,32.4,33.2,25.4,85.0,15.4,623.0
Delhi Airport,28.5562,77.1,2026-08-02 20:00:00,27.8,91,0.0,7.5,32.7,33.5,30.1,69.0,16.7,719.0
Delhi Airport,28.5562,77.1,2026-08-02 21:00:00,28.1,91,0.0,7.1,32.7,33.9,30.5,63.0,17.4,744.0
Delhi Airport,28.5562,77.1,2026-08-02 22:00:00,28.1,91,0.0,7.9,34.0,35.6,28.4,62.0,17.7,726.0
Delhi Airport,28.5562,77.1,2026-08-02 23:00:00,28.9,91,0.0,6.0,32.5,34.7,25.5,63.0,17.3,686.0
Delhi Airport,28.5562,77.1,2026-08-03 00:00:00,28.6,92,0.0,7.0,27.9,30.5,21.4,67.0,15.5,615.0
Delhi Airport,28.5562,77.1,2026-08-03 01:00:00,28.5,92,0.0,6.9,24.3,28.2,16.4,74.0,12.9,521.0
Delhi Airport,28.5562,77.1,2026-08-03 02:00:00,28.3,91,0.0,8.5,21.0,24.3,13.0,77.0,11.1,444.0
Delhi Airport,28.5562,77.1,2026-08-03 03:00:00,27.9,91,0.0,7.7,18.7,21.9,12.5,73.0,10.6,387.0
Delhi Airport,28.5562,77.1,2026-08-03 04:00:00,27.5,93,0.0,7.6,17.8,20.6,13.6,66.0,10.9,347.0
Delhi Airport,28.5562,77.1,2026-08-03 05:00:00,27.1,99,0.1,4.4,31.4,32.8,22.4,39.0,13.2,359.0
Delhi Airport,28.5562,77.1,2026-08-03 06:00:00,27.4,94,1.3,2.4,34.5,36.0,21.8,47.0,14.6,477.0
Delhi Airport,28.5562,77.1,2026-08-03 07:00:00,27.4,94,2.2,3.0,35.0,36.6,20.8,58.0,16.4,647.0
Delhi Airport,28.5562,77.1,2026-08-03 08:00:00,27.8,92,0.8,2.8,31.0,32.1,18.9,74.0,17.5,742.0
Delhi Airport,28.5562,77.1,2026-08-03 09:00:00,29.4,84,0.3,4.3,28.3,29.0,15.3,98.0,17.3,685.0
Delhi Airport,28.5562,77.1,2026-08-03 10:00:00,30.2,82,0.2,4.8,26.0,26.4,10.8,126.0,16.4,554.0
Delhi Airport,28.5562,77.1,2026-08-03 11:00:00,32.0,73,0.3,7.9,25.5,25.7,7.7,146.0,15.4,449.0
Delhi Airport,28.5562,77.1,2026-08-03 12:00:00,32.8,69,0.2,8.4,25.3,25.5,6.6,153.0,14.3,405.0
Delhi Airport,28.5562,77.1,2026-08-03 13:00:00,33.0,69,0.6,5.4,24.2,24.3,6.8,153.0,13.0,387.0
Delhi Airport,28.5562,77.1,2026-08-03 14:00:00,30.5,75,0.7,12.1,24.4,24.4,8.4,147.0,12.0,399.0
Delhi Airport,28.5562,77.1,2026-08-03 15:00:00,29.9,83,3.0,3.1,24.4,24.5,11.0,136.0,11.0,439.0
Delhi Airport,28.5562,77.1,2026-08-03 16:00:00,29.8,83,0.4,6.4,22.8,22.9,15.0,120.0,10.3,507.0
Delhi Airport,28.5562,77.1,2026-08-03 17:00:00,32.2,75,0.1,8.7,37.1,37.6,18.3,113.0,10.6,612.0
Delhi Airport,28.5562,77.1,2026-08-03 18:00:00,28.4,93,6.9,5.3,38.5,38.9,28.8,94.0,13.0,792.0
Delhi Airport,28.5562,77.1,2026-08-03 19:00:00,28.3,94,1.8,6.2,46.7,47.0,43.2,68.0,16.4,1007.0
Delhi Airport,28.5562,77.1,2026-08-03 20:00:00,27.5,95,2.1,8.9,50.4,50.6,53.0,48.0,18.9,1146.0
Delhi Airport,28.5562,77.1,2026-08-03 21:00:00,26.9,95,4.0,0.9,53.4,53.7,54.4,41.0,19.8,1161.0
Delhi Airport,28.5562,77.1,2026-08-03 22:00:00,26.7,96,2.1,3.2,54.1,54.2,51.3,41.0,19.8,1100.0
Delhi Airport,28.5562,77.1,2026-08-03 23:00:00,27.1,97,0.7,6.9,48.0,48.3,46.5,43.0,19.3,995.0
Delhi Airport,28.5562,77.1,2026-08-04 00:00:00,26.8,97,0.9,8.1,42.1,42.4,39.9,47.0,18.1,824.0
Delhi Airport,28.5562,77.1,2026-08-04 01:00:00,26.7,98,0.9,6.9,35.7,36.0,31.6,54.0,16.4,609.0
Delhi Airport,28.5562,77.1,2026-08-04 02:00:00,26.6,98,0.4,7.6,26.5,26.7,25.3,58.0,15.0,443.0
Delhi Airport,28.5562,77.1,2026-08-04 03:00:00,26.7,98,0.2,5.4,20.6,20.7,22.4,58.0,14.4,358.0
Delhi Airport,28.5562,77.1,2026-08-04 04:00:00,26.8,96,0.6,5.0,21.8,22.1,21.3,55.0,14.1,323.0
Delhi Airport,28.5562,77.1,2026-08-04 05:00:00,26.6,96,0.2,6.0,19.3,19.6,16.4,67.0,10.9,338.0
Delhi Airport,28.5562,77.1,2026-08-04 06:00:00,26.4,97,7.2,5.8,14.5,15.0,17.6,68.0,11.9,434.0
Delhi Airport,28.5562,77.1,2026-08-04 07:00:00,26.7,95,2.2,3.8,13.9,14.3,19.1,71.0,13.3,581.0
Delhi Airport,28.5562,77.1,2026-08-04 08:00:00,26.9,95,1.5,4.6,13.4,13.7,19.5,77.0,14.6,684.0
Delhi Airport,28.5562,77.1,2026-08-04 09:00:00,27.9,88,0.6,3.4,14.4,14.8,17.9,90.0,15.9,690.0
Delhi Airport,28.5562,77.1,2026-08-04 10:00:00,29.0,84,0.5,2.2,15.1,15.7,15.2,106.0,17.1,653.0
Delhi Airport,28.5562,77.1,2026-08-04 11:00:00,27.1,95,0.5,2.6,15.6,16.3,13.0,120.0,17.9,644.0
Delhi Airport,28.5562,77.1,2026-08-04 12:00:00,28.0,93,1.6,4.8,16.1,16.9,11.4,129.0,17.6,700.0
Delhi Airport,28.5562,77.1,2026-08-04 13:00:00,28.1,93,1.1,6.1,17.2,18.1,10.3,135.0,16.9,783.0
Delhi Airport,28.5562,77.1,2026-08-04 14:00:00,28.5,91,0.7,4.9,18.0,18.9,11.3,137.0,17.0,857.0
Delhi Airport,28.5562,77.1,2026-08-04 15:00:00,28.9,87,0.3,4.6,19.7,20.5,14.4,134.0,18.7,879.0
Delhi Airport,28.5562,77.1,2026-08-04 16:00:00,29.5,83,0.1,4.0,24.2,25.1,19.5,126.0,21.2,891.0
Delhi Airport,28.5562,77.1,2026-08-04 17:00:00,27.4,95,0.0,3.1,24.7,25.0,37.2,105.0,33.3,979.0
Delhi Airport,28.5562,77.1,2026-08-04 18:00:00,27.5,95,1.5,2.9,30.4,30.7,48.7,86.0,35.9,1249.0
Delhi Airport,28.5562,77.1,2026-08-04 19:00:00,27.4,96,0.5,1.5,39.8,40.0,64.6,59.0,39.6,1595.0
Delhi Airport,28.5562,77.1,2026-08-04 20:00:00,27.4,95,0.2,1.9,49.7,49.9,76.4,38.0,42.2,1787.0
Delhi Airport,28.5562,77.1,2026-08-04 21:00:00,27.3,96,0.2,1.4,57.3,57.4,80.9,27.0,43.0,1684.0
Delhi Airport,28.5562,77.1,2026-08-04 22:00:00,27.0,98,0.1,3.1,63.1,63.3,81.3,22.0,42.8,1427.0
Delhi Airport,28.5562,77.1,2026-08-04 23:00:00,27.5,97,0.0,3.3,62.9,63.3,79.1,19.0,41.9,1210.0
Delhi Airport,28.5562,77.1,2026-08-05 00:00:00,27.4,97,0.0,1.3,59.0,59.3,72.9,20.0,39.6,1106.0
Delhi Airport,28.5562,77.1,2026-08-05 01:00:00,27.4,96,0.0,2.2,54.5,54.7,64.1,24.0,36.6,1042.0
Delhi Airport,28.5562,77.1,2026-08-05 02:00:00,27.1,98,0.0,3.1,52.4,52.5,58.3,26.0,35.3,986.0
Delhi Airport,28.5562,77.1,2026-08-05 03:00:00,27.1,93,0.0,2.0,51.3,51.5,58.9,23.0,37.2,918.0
Delhi Airport,28.5562,77.1,2026-08-05 04:00:00,27.0,93,0.2,2.3,53.0,53.2,62.4,18.0,40.8,858.0
Delhi Airport,28.5562,77.1,2026-08-05 05:00:00,26.7,93,0.3,4.1,78.0,78.2,78.4,10.0,62.6,842.0
Delhi Airport,28.5562,77.1,2026-08-05 06:00:00,26.7,95,0.7,2.3,80.3,80.6,71.4,20.0,60.5,925.0
Delhi Airport,28.5562,77.1,2026-08-05 07:00:00,27.2,94,0.0,2.2,64.7,65.2,61.3,37.0,57.3,1052.0
Delhi Airport,28.5562,77.1,2026-08-05 08:00:00,28.1,89,0.0,1.7,58.2,59.1,50.6,65.0,53.8,1087.0
Delhi Airport,28.5562,77.1,2026-08-05 09:00:00,29.9,78,0.0,4.5,48.3,49.7,38.8,116.0,50.0,937.0
Delhi Airport,28.5562,77.1,2026-08-05 10:00:00,31.2,69,0.0,5.4,41.3,43.3,26.3,178.0,45.8,696.0
Delhi Airport,28.5562,77.1,2026-08-05 11:00:00,31.4,69,0.0,5.8,43.7,45.9,16.7,224.0,41.1,512.0
Delhi Airport,28.5562,77.1,2026-08-05 12:00:00,31.1,68,0.0,6.7,46.0,48.2,11.6,240.0,35.3,442.0
Delhi Airport,28.5562,77.1,2026-08-05 13:00:00,31.6,65,0.0,7.5,47.3,49.2,9.3,239.0,29.0,429.0
Delhi Airport,28.5562,77.1,2026-08-05 14:00:00,32.1,63,0.0,8.0,50.8,71.0,8.9,230.0,24.2,444.0
Delhi Airport,28.5562,77.1,2026-08-05 15:00:00,32.8,61,0.0,6.4,43.5,50.9,10.0,215.0,21.9,479.0
Delhi Airport,28.5562,77.1,2026-08-05 16:00:00,32.6,63,0.0,5.9,40.0,45.5,12.9,193.0,21.0,543.0
Delhi Airport,28.5562,77.1,2026-08-05 17:00:00,29.9,81,0.0,2.9,47.7,97.1,23.0,138.0,18.5,634.0
Delhi Airport,28.5562,77.1,2026-08-05 18:00:00,28.2,90,2.9,4.0,54.1,85.0,32.6,112.0,18.6,768.0
Delhi Airport,28.5562,77.1,2026-08-05 19:00:00,28.1,93,0.2,5.8,56.7,75.9,45.8,77.0,18.8,929.0
Delhi Airport,28.5562,77.1,2026-08-05 20:00:00,28.0,92,0.0,8.1,53.0,67.3,55.9,48.0,19.2,1068.0
Delhi Airport,28.5562,77.1,2026-08-05 21:00:00,27.6,93,0.0,4.9,51.3,64.7,60.7,32.0,20.3,1178.0
Delhi Airport,28.5562,77.1,2026-08-05 22:00:00,27.4,95,0.0,4.3,53.1,67.1,62.4,22.0,21.6,1267.0
Delhi Airport,28.5562,77.1,2026-08-05 23:00:00,27.7,99,0.0,1.7,59.4,75.0,60.7,19.0,21.9,1303.0
Delhi Airport,28.5562,77.1,2026-08-06 00:00:00,27.9,92,3.2,4.9,61.7,76.4,53.7,24.0,20.2,1259.0
Delhi Airport,28.5562,77.1,2026-08-06 01:00:00,27.1,94,1.1,2.7,50.5,64.5,43.4,36.0,17.4,1163.0
Delhi Airport,28.5562,77.1,2026-08-06 02:00:00,27.0,95,0.3,1.8,44.7,56.2,35.1,44.0,15.4,1068.0
Delhi Airport,28.5562,77.1,2026-08-06 03:00:00,26.8,95,0.0,4.8,42.5,55.3,30.8,45.0,14.5,985.0
Delhi Airport,28.5562,77.1,2026-08-06 04:00:00,26.6,95,0.0,8.7,42.4,55.3,28.5,43.0,14.3,903.0
Delhi Airport,28.5562,77.1,2026-08-06 05:00:00,27.1,98,0.0,5.0,47.5,60.5,35.6,35.0,23.3,847.0
Delhi Airport,28.5562,77.1,2026-08-06 06:00:00,27.3,95,0.4,5.1,50.1,62.2,39.8,36.0,29.1,830.0
Delhi Airport,28.5562,77.1,2026-08-06 07:00:00,27.6,90,0.0,6.2,56.8,67.8,45.4,38.0,37.1,837.0
Delhi Airport,28.5562,77.1,2026-08-06 08:00:00,28.1,84,0.8,5.6,58.2,65.0,47.9,48.0,42.8,851.0
Delhi Airport,28.5562,77.1,2026-08-06 09:00:00,27.5,88,1.1,4.5,56.2,59.8,44.1,72.0,44.0,875.0
Delhi Airport,28.5562,77.1,2026-08-06 10:00:00,27.1,90,1.7,4.7,56.1,59.8,37.2,102.0,42.9,906.0
Delhi Airport,28.5562,77.1,2026-08-06 11:00:00,27.3,86,1.4,3.9,48.4,52.3,32.1,126.0,42.4,907.0
Delhi Airport,28.5562,77.1,2026-08-06 12:00:00,27.2,86,1.0,2.7,42.7,46.8,29.9,138.0,43.5,844.0
Delhi Airport,28.5562,77.1,2026-08-06 13:00:00,27.1,85,0.3,3.7,46.0,51.7,29.5,143.0,45.1,753.0
Delhi Airport,28.5562,77.1,2026-08-06 14:00:00,27.2,83,0.0,4.2,50.6,65.9,33.1,139.0,46.7,702.0
Delhi Airport,28.5562,77.1,2026-08-06 15:00:00,27.4,82,0.1,4.7,51.3,66.6,43.1,124.0,48.3,723.0
Delhi Airport,28.5562,77.1,2026-08-06 16:00:00,27.6,81,0.1,6.5,57.4,73.1,57.1,100.0,49.8,785.0
Delhi Airport,28.5562,77.1,2026-08-06 17:00:00,27.9,84,0.0,7.7,43.8,47.0,66.8,67.0,36.8,864.0
Delhi Airport,28.5562,77.1,2026-08-06 18:00:00,27.4,90,0.7,6.0,43.4,45.1,73.6,53.0,38.9,979.0
Delhi Airport,28.5562,77.1,2026-08-06 19:00:00,27.2,93,0.2,5.4,43.9,44.8,82.8,35.0,41.7,1112.0
Delhi Airport,28.5562,77.1,2026-08-06 20:00:00,27.0,94,0.0,5.9,46.3,47.1,88.6,20.0,43.5,1183.0
Delhi Airport,28.5562,77.1,2026-08-06 21:00:00,26.8,95,0.0,5.5,47.3,48.0,88.9,12.0,43.8,1145.0
Delhi Airport,28.5562,77.1,2026-08-06 22:00:00,26.8,95,0.0,2.9,46.9,48.0,85.8,8.0,43.1,1045.0
Delhi Airport,28.5562,77.1,2026-08-06 23:00:00,27.0,94,0.0,6.9,45.5,47.0,79.6,9.0,40.8,943.0
Delhi Airport,28.5562,77.1,2026-08-07 00:00:00,26.3,95,0.1,7.9,41.4,43.1,69.1,16.0,36.0,859.0
Delhi Airport,28.5562,77.1,2026-08-07 01:00:00,25.9,97,0.7,5.6,36.2,37.6,55.5,28.0,29.6,773.0
Delhi Airport,28.5562,77.1,2026-08-07 02:00:00,25.9,97,0.8,5.2,32.0,32.4,43.4,39.0,24.0,682.0
Delhi Airport,28.5562,77.1,2026-08-07 03:00:00,26.0,97,0.0,3.6,28.4,28.6,33.1,49.0,19.5,563.0
Delhi Airport,28.5562,77.1,2026-08-07 04:00:00,25.9,98,0.0,4.9,24.9,24.9,24.2,59.0,15.8,439.0
Delhi Airport,28.5562,77.1,2026-08-07 05:00:00,26.4,97,0.5,9.6,24.7,24.7,21.5,60.0,18.5,381.0
Delhi Airport,28.5562,77.1,2026-08-07 06:00:00,26.2,98,1.7,4.9,26.0,26.1,25.3,60.0,20.8,449.0
Delhi Airport,28.5562,77.1,2026-08-07 07:00:00,26.3,97,1.9,4.4,30.2,30.3,30.2,62.0,23.8,581.0
Delhi Airport,28.5562,77.1,2026-08-07 08:00:00,26.3,95,7.6,8.4,36.3,36.4,32.0,69.0,25.6,665.0
Delhi Airport,28.5562,77.1,2026-08-07 09:00:00,26.7,96,1.6,8.9,48.7,48.8,27.4,88.0,24.9,643.0
Delhi Airport,28.5562,77.1,2026-08-07 10:00:00,27.3,93,2.2,9.6,30.7,31.0,19.8,112.0,23.0,572.0
Delhi Airport,28.5562,77.1,2026-08-07 11:00:00,28.1,86,1.2,9.6,23.6,23.9,14.5,129.0,21.2,512.0
Delhi Airport,28.5562,77.1,2026-08-07 12:00:00,26.3,94,10.9,13.6,21.9,22.2,13.4,133.0,19.8,466.0
Delhi Airport,28.5562,77.1,2026-08-07 13:00:00,26.8,95,4.7,13.9,20.8,21.2,14.7,130.0,18.5,431.0
Delhi Airport,28.5562,77.1,2026-08-07 14:00:00,27.3,95,1.4,11.8,23.9,24.2,18.7,123.0,18.1,452.0
Delhi Airport,28.5562,77.1,2026-08-07 15:00:00,28.2,86,0.6,12.8,26.3,26.6,26.3,112.0,19.0,585.0
Delhi Airport,28.5562,77.1,2026-08-07 16:00:00,28.3,86,0.3,14.0,28.8,29.1,36.6,97.0,20.8,775.0
Delhi Airport,28.5562,77.1,2026-08-07 17:00:00,26.8,95,2.3,11.1,41.9,42.7,40.0,81.0,19.0,899.0
Delhi Airport,28.5562,77.1,2026-08-07 18:00:00,26.7,95,0.5,12.0,43.8,44.5,43.0,75.0,19.4,892.0
Delhi Airport,28.5562,77.1,2026-08-07 19:00:00,26.2,96,0.9,9.9,42.3,43.1,46.9,66.0,20.1,819.0
Delhi Airport,28.5562,77.1,2026-08-07 20:00:00,26.2,96,0.2,9.5,42.5,43.3,48.8,59.0,20.8,751.0
Delhi Airport,28.5562,77.1,2026-08-07 21:00:00,25.8,96,0.4,13.9,43.4,44.1,47.1,56.0,21.8,716.0
Delhi Airport,28.5562,77.1,2026-08-07 22:00:00,25.4,98,1.9,11.6,44.2,44.8,43.4,54.0,22.9,684.0
Delhi Airport,28.5562,77.1,2026-08-07 23:00:00,25.9,97,12.0,11.8,44.6,45.2,39.3,53.0,23.2,642.0
Delhi Airport,28.5562,77.1,2026-08-08 00:00:00,25.9,97,2.6,7.1,43.2,43.9,34.9,53.0,22.1,571.0
Delhi Airport,28.5562,77.1,2026-08-08 01:00:00,25.9,97,0.2,9.9,42.5,43.2,30.1,55.0,20.2,490.0
Delhi Airport,28.5562,77.1,2026-08-08 02:00:00,25.3,97,0.6,8.9,42.6,43.4,26.5,55.0,19.0,432.0
Delhi Airport,28.5562,77.1,2026-08-08 03:00:00,24.8,98,5.9,9.7,43.2,44.0,25.3,51.0,19.1,408.0
Delhi Airport,28.5562,77.1,2026-08-08 04:00:00,24.7,97,9.0,8.9,44.2,44.9,25.4,46.0,19.9,408.0
Delhi Airport,28.5562,77.1,2026-08-08 05:00:00,25.7,97,0.6,10.1,36.4,38.0,20.6,54.0,17.4,439.0
Delhi Airport,28.5562,77.1,2026-08-08 06:00:00,25.7,96,2.8,10.6,37.0,38.5,20.7,60.0,18.3,538.0
Delhi Airport,28.5562,77.1,2026-08-08 07:00:00,25.9,96,0.6,10.1,38.1,40.2,20.7,69.0,19.5,668.0
Delhi Airport,28.5562,77.1,2026-08-08 08:00:00,27.2,92,0.2,7.2,35.7,38.0,19.4,82.0,19.5,730.0
Delhi Airport,28.5562,77.1,2026-08-08 09:00:00,29.1,86,0.2,8.0,27.4,30.9,15.4,102.0,17.3,656.0
Delhi Airport,28.5562,77.1,2026-08-08 10:00:00,30.6,77,0.1,14.8,23.9,27.4,10.1,125.0,14.0,513.0
Delhi Airport,28.5562,77.1,2026-08-08 11:00:00,30.0,78,0.2,15.2,25.8,29.6,6.4,142.0,11.6,409.0
Delhi Airport,28.5562,77.1,2026-08-08 12:00:00,30.9,75,1.2,9.0,24.9,27.9,5.5,149.0,11.1,383.0
Delhi Airport,28.5562,77.1,2026-08-08 13:00:00,30.4,76,0.5,13.6,27.6,30.2,6.3,150.0,11.6,395.0
Delhi Airport,28.5562,77.1,2026-08-08 14:00:00,30.2,78,1.3,6.3,29.3,31.8,7.9,149.0,12.3,434.0
Delhi Airport,28.5562,77.1,2026-08-08 15:00:00,32.1,70,0.1,6.5,26.9,28.5,9.0,150.0,12.7,485.0
Delhi Airport,28.5562,77.1,2026-08-08 16:00:00,31.8,69,0.2,7.6,27.9,29.3,11.0,150.0,13.3,562.0
Delhi Airport,28.5562,77.1,2026-08-08 17:00:00,31.1,75,0.7,7.3,35.0,44.0,17.9,135.0,13.1,698.0
Delhi Airport,28.5562,77.1,2026-08-08 18:00:00,29.9,81,0.2,7.3,41.6,52.4,29.1,112.0,15.5,958.0
Delhi Airport,28.5562,77.1,2026-08-08 19:00:00,28.9,87,0.0,3.4,46.7,61.7,44.2,81.0,18.7,1277.0
Delhi Airport,28.5562,77.1,2026-08-08 20:00:00,28.5,90,0.0,3.2,52.5,70.3,53.3,60.0,20.8,1487.0
Delhi Airport,28.5562,77.1,2026-08-08 21:00:00,28.4,90,0.0,4.0,53.2,71.7,50.7,58.0,20.8,1515.0
Delhi Airport,28.5562,77.1,2026-08-08 22:00:00,28.3,91,0.0,2.9,49.2,66.1,42.1,65.0,19.8,1434.0
Delhi Airport,28.5562,77.1,2026-08-08 23:00:00,28.5,91,0.0,2.4,46.9,58.4,34.7,70.0,18.7,1301.0
Delhi Airport,28.5562,77.1,2026-08-09 00:00:00,28.2,90,0.1,3.9,46.8,53.9,31.3,68.0,17.8,1101.0
Delhi Airport,28.5562,77.1,2026-08-09 01:00:00,28.0,91,0.8,3.3,47.0,51.1,29.1,63.0,16.9,848.0
Delhi Airport,28.5562,77.1,2026-08-09 02:00:00,28.3,89,0.1,1.3,45.5,47.5,27.3,59.0,16.4,646.0
Delhi Airport,28.5562,77.1,2026-08-09 03:00:00,27.3,93,0.2,9.8,43.4,44.2,25.8,55.0,16.4,528.0
Delhi Airport,28.5562,77.1,2026-08-09 04:00:00,26.5,94,0.2,9.2,42.8,43.3,24.7,51.0,16.9,460.0
Delhi Airport,28.5562,77.1,2026-08-09 05:00:00,25.3,96,0.0,2.7,52.6,54.0,31.8,45.0,17.3,443.0
Delhi Airport,28.5562,77.1,2026-08-09 06:00:00,25.8,94,0.1,6.3,50.8,51.6,27.8,60.0,18.7,512.0
Delhi Airport,28.5562,77.1,2026-08-09 07:00:00,27.0,93,0.0,3.5,49.5,49.7,22.1,83.0,20.6,632.0
Delhi Airport,28.5562,77.1,2026-08-09 08:00:00,28.8,87,0.0,4.2,37.5,37.6,16.8,107.0,21.5,696.0
Delhi Airport,28.5562,77.1,2026-08-09 09:00:00,30.6,79,0.0,5.9,33.8,34.0,12.2,134.0,20.4,644.0
Delhi Airport,28.5562,77.1,2026-08-09 10:00:00,31.5,75,0.0,7.7,32.0,32.1,8.1,163.0,18.4,536.0
Delhi Airport,28.5562,77.1,2026-08-09 11:00:00,32.7,68,0.0,8.5,31.3,31.5,5.1,185.0,16.7,453.0
Delhi Airport,28.5562,77.1,2026-08-09 12:00:00,32.5,69,0.2,8.2,31.1,31.3,3.8,195.0,15.8,423.0
Delhi Airport,28.5562,77.1,2026-08-09 13:00:00,33.0,66,0.1,5.9,36.1,57.4,3.8,197.0,15.3,418.0
Delhi Airport,28.5562,77.1,2026-08-09 14:00:00,33.7,62,0.0,4.5,35.5,51.9,4.4,198.0,15.4,431.0
Delhi Airport,28.5562,77.1,2026-08-09 15:00:00,33.8,62,0.0,2.4,33.3,43.5,3.2,203.0,15.9,442.0
Delhi Airport,28.5562,77.1,2026-08-09 16:00:00,33.6,62,0.0,3.0,31.5,39.1,2.7,206.0,16.9,471.0
Delhi Airport,28.5562,77.1,2026-08-09 17:00:00,32.5,67,0.2,7.3,40.4,40.6,10.7,170.0,16.2,572.0
Delhi Airport,28.5562,77.1,2026-08-09 18:00:00,31.2,78,0.0,2.8,49.9,50.2,34.4,134.0,22.8,806.0
Delhi Airport,28.5562,77.1,2026-08-09 19:00:00,30.3,84,0.0,4.0,67.8,68.0,67.1,85.0,31.8,1113.0
Delhi Airport,28.5562,77.1,2026-08-09 20:00:00,30.1,84,0.0,4.5,86.4,86.6,91.9,45.0,38.7,1362.0
Delhi Airport,28.5562,77.1,2026-08-09 21:00:00,29.7,85,0.0,4.6,104.1,104.3,103.7,24.0,42.0,1507.0
Delhi Airport,28.5562,77.1,2026-08-09 22:00:00,29.5,84,0.0,5.8,115.5,115.7,107.6,12.0,43.0,1594.0
Delhi Airport,28.5562,77.1,2026-08-09 23:00:00,28.8,85,0.0,4.0,114.6,114.6,102.1,11.0,41.3,1634.0
Delhi Airport,28.5562,77.1,2026-08-10 00:00:00,28.4,88,0.5,3.4,95.2,95.2,81.1,25.0,34.9,1624.0
Delhi Airport,28.5562,77.1,2026-08-10 01:00:00,27.1,93,0.5,8.1,67.5,67.8,50.9,49.0,25.7,1567.0
Delhi Airport,28.5562,77.1,2026-08-10 02:00:00,26.4,95,0.5,7.3,54.7,54.8,28.3,65.0,18.7,1486.0
Delhi Airport,28.5562,77.1,2026-08-10 03:00:00,26.7,95,0.0,5.8,49.6,49.7,21.8,64.0,15.9,1378.0
Delhi Airport,28.5562,77.1,2026-08-10 04:00:00,26.8,95,0.0,6.9,47.3,47.4,22.9,56.0,15.4,1247.0
Delhi Airport,28.5562,77.1,2026-08-10 05:00:00,27.6,94,0.0,7.6,32.8,33.1,16.8,75.0,14.5,1122.0
Delhi Airport,28.5562,77.1,2026-08-10 06:00:00,26.7,95,0.9,5.2,28.9,29.0,18.8,74.0,15.1,1013.0
Delhi Airport,28.5562,77.1,2026-08-10 07:00:00,26.9,94,0.5,6.2,26.1,26.3,21.4,74.0,15.9,910.0
Delhi Airport,28.5562,77.1,2026-08-10 08:00:00,28.3,88,0.0,5.8,25.5,25.7,22.3,83.0,17.2,818.0
Delhi Airport,28.5562,77.1,2026-08-10 09:00:00,29.7,81,0.0,7.0,24.1,24.3,19.8,109.0,19.1,735.0
Delhi Airport,28.5562,77.1,2026-08-10 10:00:00,31.2,76,0.0,4.9,26.4,26.5,15.5,144.0,21.4,663.0
Delhi Airport,28.5562,77.1,2026-08-10 11:00:00,32.8,68,0.1,6.1,28.2,29.8,12.6,171.0,23.9,610.0
Delhi Airport,28.5562,77.1,2026-08-10 12:00:00,33.4,66,0.0,4.6,29.3,32.6,11.8,184.0,26.6,574.0
Delhi Airport,28.5562,77.1,2026-08-10 13:00:00,33.4,66,0.0,3.5,33.1,49.5,12.3,190.0,29.4,557.0
Delhi Airport,28.5562,77.1,2026-08-10 14:00:00,27.5,92,9.3,10.9,36.1,43.0,14.6,187.0,31.7,571.0
Delhi Airport,28.5562,77.1,2026-08-10 15:00:00,27.7,92,3.0,2.8,37.6,43.1,18.9,175.0,33.3,605.0
Delhi Airport,28.5562,77.1,2026-08-10 16:00:00,28.1,89,0.5,2.5,41.1,45.1,25.0,156.0,34.4,669.0
Delhi Airport,28.5562,77.1,2026-08-10 17:00:00,29.1,89,0.0,5.9,54.9,58.3,31.7,140.0,25.6,806.0
Delhi Airport,28.5562,77.1,2026-08-10 18:00:00,29.2,90,0.5,5.7,63.6,64.0,39.1,119.0,28.3,1115.0
Delhi Airport,28.5562,77.1,2026-08-10 19:00:00,28.9,91,0.1,7.0,66.6,66.8,49.2,91.0,31.9,1496.0
Delhi Airport,28.5562,77.1,2026-08-10 20:00:00,28.6,91,0.0,5.0,72.2,72.2,55.7,68.0,34.0,1695.0
Delhi Airport,28.5562,77.1,2026-08-10 21:00:00,28.5,92,0.0,5.4,76.4,76.4,55.9,56.0,33.3,1549.0
Delhi Airport,28.5562,77.1,2026-08-10 22:00:00,28.2,93,0.0,5.5,80.1,80.3,52.5,49.0,31.0,1221.0
Delhi Airport,28.5562,77.1,2026-08-10 23:00:00,27.8,96,0.0,8.4,76.4,76.6,47.7,46.0,28.4,937.0
Delhi Airport,28.5562,77.1,2026-08-11 00:00:00,27.6,97,0.3,9.0,69.4,69.6,41.1,48.0,25.4,781.0
Delhi Airport,28.5562,77.1,2026-08-11 01:00:00,27.5,96,0.0,9.3,63.1,63.3,33.0,54.0,22.1,671.0
Delhi Airport,28.5562,77.1,2026-08-11 02:00:00,27.3,96,0.0,10.1,58.9,59.4,26.6,59.0,19.7,584.0
Delhi Airport,28.5562,77.1,2026-08-11 03:00:00,27.3,95,0.1,9.1,54.6,54.9,23.3,59.0,18.8,512.0
Delhi Airport,28.5562,77.1,2026-08-11 04:00:00,27.0,92,0.2,8.0,50.2,50.5,21.7,57.0,18.9,465.0
Delhi Airport,28.5562,77.1,2026-08-11 05:00:00,27.0,93,0.1,8.0,47.1,47.3,19.2,61.0,21.0,449.0
Delhi Airport,28.5562,77.1,2026-08-11 06:00:00,27.1,93,0.0,6.8,46.1,46.2,22.7,58.0,20.6,484.0
Delhi Airport,28.5562,77.1,2026-08-11 07:00:00,27.8,88,0.0,8.8,42.1,42.4,27.4,55.0,20.0,550.0
Delhi Airport,28.5562,77.1,2026-08-11 08:00:00,28.9,84,0.0,7.1,44.4,44.6,29.1,61.0,19.5,595.0
Delhi Airport,28.5562,77.1,2026-08-11 09:00:00,29.9,80,0.0,5.9,42.6,42.8,25.2,85.0,19.4,588.0
Delhi Airport,28.5562,77.1,2026-08-11 10:00:00,30.5,79,0.0,4.4,39.1,39.3,18.4,118.0,19.4,561.0
Delhi Airport,28.5562,77.1,2026-08-11 11:00:00,30.7,77,0.2,0.5,35.6,36.0,13.1,145.0,19.2,552.0
Delhi Airport,28.5562,77.1,2026-08-11 12:00:00,30.0,82,0.4,4.3,35.0,35.4,10.3,161.0,18.5,574.0
Delhi Airport,28.5562,77.1,2026-08-11 13:00:00,27.7,92,7.0,5.8,32.9,33.3,8.9,171.0,17.7,616.0
Delhi Airport,28.5562,77.1,2026-08-11 14:00:00,27.9,93,1.6,4.8,33.3,33.6,10.1,172.0,17.3,676.0
Delhi Airport,28.5562,77.1,2026-08-11 15:00:00,29.3,86,0.4,4.2,32.1,32.4,13.9,163.0,16.9,730.0
Delhi Airport,28.5562,77.1,2026-08-11 16:00:00,30.3,80,0.0,5.2,32.8,33.2,20.3,146.0,16.9,804.0
Delhi Airport,28.5562,77.1,2026-08-11 17:00:00,30.2,79,0.1,5.2,41.2,41.3,32.0,109.0,16.4,975.0
Delhi Airport,28.5562,77.1,2026-08-11 18:00:00,29.8,82,0.0,3.2,45.9,46.0,47.4,88.0,22.0,1330.0
Delhi Airport,28.5562,77.1,2026-08-11 19:00:00,29.0,88,0.4,2.2,57.4,57.5,68.8,59.0,29.8,1781.0
Delhi Airport,28.5562,77.1,2026-08-11 20:00:00,28.7,92,1.2,2.6,70.5,70.8,86.3,35.0,37.0,2145.0
Delhi Airport,28.5562,77.1,2026-08-11 21:00:00,28.3,95,0.4,3.9,78.7,78.7,96.0,21.0,42.8,2352.0
Delhi Airport,28.5562,77.1,2026-08-11 22:00:00,28.0,96,0.0,4.5,92.0,92.2,101.8,11.0,48.0,2473.0
Delhi Airport,28.5562,77.1,2026-08-11 23:00:00,28.3,94,0.0,5.1,106.6,106.9,105.1,5.0,51.3,2531.0
Delhi Airport,28.5562,77.1,2026-08-12 00:00:00,28.0,95,0.0,3.4,109.2,109.2,105.7,2.0,51.8,2553.0
Delhi Airport,28.5562,77.1,2026-08-12 01:00:00,28.0,95,0.0,0.2,111.3,111.5,103.8,1.0,50.4,2512.0
Delhi Airport,28.5562,77.1,2026-08-12 02:00:00,27.6,96,0.0,2.6,114.6,114.6,101.0,1.0,49.3,2360.0
Delhi Airport,28.5562,77.1,2026-08-12 03:00:00,27.4,95,0.0,4.2,106.6,106.6,98.7,0.0,48.7,2011.0
Delhi Airport,28.5562,77.1,2026-08-12 04:00:00,27.3,95,0.0,3.6,98.0,98.3,95.6,0.0,48.4,1549.0
Delhi Airport,28.5562,77.1,2026-08-12 05:00:00,27.6,96,0.0,2.0,83.8,83.8,81.2,2.0,44.3,1180.0
Delhi Airport,28.5562,77.1,2026-08-12 06:00:00,27.9,95,0.0,3.3,83.6,83.6,71.7,19.0,49.0,999.0
Delhi Airport,28.5562,77.1,2026-08-12 07:00:00,28.8,91,0.0,3.2,75.0,75.0,58.2,45.0,55.3,909.0
Delhi Airport,28.5562,77.1,2026-08-12 08:00:00,29.9,83,0.1,2.8,51.0,51.1,45.4,77.0,58.2,828.0
Delhi Airport,28.5562,77.1,2026-08-12 09:00:00,31.1,75,0.1,3.2,40.0,40.3,34.2,120.0,55.0,719.0
Delhi Airport,28.5562,77.1,2026-08-12 10:00:00,31.7,71,0.2,2.7,40.5,40.9,23.7,170.0,48.4,618.0
Delhi Airport,28.5562,77.1,2026-08-12 11:00:00,32.8,65,0.1,4.4,43.4,43.9,15.7,212.0,42.4,549.0
Delhi Airport,28.5562,77.1,2026-08-12 12:00:00,33.1,66,0.3,4.6,45.6,46.2,10.9,241.0,37.8,527.0
Delhi Airport,28.5562,77.1,2026-08-12 13:00:00,33.7,64,0.1,2.7,47.0,47.5,8.6,263.0,33.6,538.0
Delhi Airport,28.5562,77.1,2026-08-12 14:00:00,34.1,62,0.1,0.8,47.5,48.0,8.2,276.0,30.9,564.0
Delhi Airport,28.5562,77.1,2026-08-12 15:00:00,34.2,61,0.1,2.6,47.5,48.0,7.7,286.0,30.0,537.0
Delhi Airport,28.5562,77.1,2026-08-12 16:00:00,34.1,60,0.1,3.0,48.3,48.7,9.1,288.0,30.5,526.0
Delhi Airport,28.5562,77.1,2026-08-12 17:00:00,32.0,77,0.5,6.7,38.9,39.8,22.2,210.0,26.9,722.0
Delhi Airport,28.5562,77.1,2026-08-12 18:00:00,28.7,93,2.0,7.9,50.2,50.9,25.5,185.0,25.1,1407.0
Delhi Airport,28.5562,77.1,2026-08-12 19:00:00,27.5,94,1.3,12.7,52.7,53.1,30.1,149.0,22.5,2298.0
Delhi Airport,28.5562,77.1,2026-08-12 20:00:00,27.5,93,0.1,2.8,37.8,38.0,33.2,119.0,20.1,2746.0
Delhi Airport,28.5562,77.1,2026-08-12 21:00:00,27.6,94,0.0,4.8,31.2,31.3,33.6,99.0,18.1,2315.0
Delhi Airport,28.5562,77.1,2026-08-12 22:00:00,27.6,92,0.0,7.2,33.1,33.2,32.5,85.0,16.4,1439.0
Delhi Airport,28.5562,77.1,2026-08-12 23:00:00,29.2,89,0.0,5.7,34.8,34.9,31.1,74.0,14.9,771.0
Delhi Airport,28.5562,77.1,2026-08-13 00:00:00,28.7,91,0.0,4.1,35.4,35.5,29.5,69.0,13.8,594.0
Delhi Airport,28.5562,77.1,2026-08-13 01:00:00,28.4,92,0.0,3.5,33.5,33.5,27.6,67.0,12.9,625.0
Delhi Airport,28.5562,77.1,2026-08-13 02:00:00,28.1,93,0.0,6.6,32.0,32.1,26.0,66.0,12.4,669.0
Delhi Airport,28.5562,77.1,2026-08-13 03:00:00,27.8,94,0.0,6.0,29.3,29.5,24.6,62.0,12.0,665.0
Delhi Airport,28.5562,77.1,2026-08-13 04:00:00,27.6,95,0.0,4.3,29.9,30.0,23.5,58.0,12.0,674.0
Delhi Airport,28.5562,77.1,2026-08-13 05:00:00,26.9,96,0.0,5.0,38.2,38.3,39.0,36.0,18.0,689.0
Delhi Airport,28.5562,77.1,2026-08-13 06:00:00,26.8,97,0.9,3.8,39.5,39.5,37.1,51.0,19.7,721.0
Delhi Airport,28.5562,77.1,2026-08-13 07:00:00,28.0,93,0.1,3.8,35.6,35.6,34.1,72.0,22.0,757.0
Delhi Airport,28.5562,77.1,2026-08-13 08:00:00,30.0,82,0.0,3.3,37.1,37.1,29.8,100.0,24.1,758.0
Delhi Airport,28.5562,77.1,2026-08-13 09:00:00,31.7,75,0.0,3.2,39.3,52.7,23.0,140.0,26.1,690.0
Delhi Airport,28.5562,77.1,2026-08-13 10:00:00,32.8,70,0.0,1.3,38.0,40.7,14.8,186.0,27.9,586.0
Delhi Airport,28.5562,77.1,2026-08-13 11:00:00,33.3,67,0.1,1.5,37.1,38.9,8.7,220.0,28.2,499.0
Delhi Airport,28.5562,77.1,2026-08-13 12:00:00,32.6,65,0.2,7.3,36.4,37.7,5.9,233.0,25.7,443.0
Delhi Airport,28.5562,77.1,2026-08-13 13:00:00,31.7,73,0.9,2.2,35.6,36.7,5.2,233.0,21.8,404.0
Delhi Airport,28.5562,77.1,2026-08-13 14:00:00,32.9,70,0.3,1.9,34.5,35.4,6.0,227.0,18.6,399.0
Delhi Airport,28.5562,77.1,2026-08-13 15:00:00,33.2,70,0.1,5.8,35.0,57.7,5.2,218.0,16.5,415.0
Delhi Airport,28.5562,77.1,2026-08-13 16:00:00,33.3,68,0.0,5.4,36.9,82.0,6.0,202.0,15.3,465.0
Delhi Airport,28.5562,77.1,2026-08-13 17:00:00,32.5,73,0.1,3.9,37.5,44.0,17.5,172.0,18.6,605.0
Delhi Airport,28.5562,77.1,2026-08-13 18:00:00,31.5,78,0.1,2.4,46.6,51.8,37.5,135.0,22.4,900.0
Delhi Airport,28.5562,77.1,2026-08-13 19:00:00,30.6,86,0.0,2.4,54.5,60.1,64.7,84.0,27.5,1285.0
Delhi Airport,28.5562,77.1,2026-08-13 20:00:00,30.1,89,0.0,2.9,62.6,69.2,82.2,46.0,30.8,1624.0
Delhi Airport,28.5562,77.1,2026-08-13 21:00:00,30.1,87,0.0,3.4,73.3,80.8,81.1,36.0,30.5,1920.0
Delhi Airport,28.5562,77.1,2026-08-13 22:00:00,29.8,87,0.0,4.5,74.5,80.1,70.3,39.0,28.3,2170.0
Delhi Airport,28.5562,77.1,2026-08-13 23:00:00,30.2,87,0.0,3.3,66.8,70.3,59.9,43.0,26.0,2225.0
Delhi Airport,28.5562,77.1,2026-08-14 00:00:00,29.7,86,0.0,4.1,64.3,66.4,52.6,43.0,23.9,1945.0
Delhi Airport,28.5562,77.1,2026-08-14 01:00:00,29.2,89,0.0,3.2,62.6,64.3,45.7,43.0,21.6,1471.0
Delhi Airport,28.5562,77.1,2026-08-14 02:00:00,28.8,90,0.0,4.1,62.4,63.8,40.7,42.0,19.6,1079.0
Delhi Airport,28.5562,77.1,2026-08-14 03:00:00,28.6,90,0.0,4.6,62.4,63.8,39.2,35.0,18.0,873.0
Delhi Airport,28.5562,77.1,2026-08-14 04:00:00,28.4,91,0.0,4.6,62.6,63.8,39.8,27.0,16.7,748.0
Delhi Airport,28.5562,77.1,2026-08-14 05:00:00,27.8,95,0.0,1.1,55.1,60.8,43.8,23.0,16.2,669.0
Delhi Airport,28.5562,77.1,2026-08-14 06:00:00,27.7,94,0.6,0.2,47.6,58.6,41.3,30.0,17.0,645.0
Delhi Airport,28.5562,77.1,2026-08-14 07:00:00,27.8,93,1.1,3.3,43.5,61.9,37.6,40.0,18.1,666.0
Delhi Airport,28.5562,77.1,2026-08-14 08:00:00,28.5,90,0.2,1.1,43.7,65.0,33.7,54.0,19.3,665.0
Delhi Airport,28.5562,77.1,2026-08-14 09:00:00,28.7,88,0.2,3.1,39.5,69.2,29.2,75.0,20.5,603.0
Delhi Airport,28.5562,77.1,2026-08-14 10:00:00,29.8,82,0.0,3.6,39.5,67.3,24.4,100.0,21.9,519.0
Delhi Airport,28.5562,77.1,2026-08-14 11:00:00,30.4,81,0.0,4.8,37.3,59.5,20.8,119.0,22.9,459.0
Delhi Airport,28.5562,77.1,2026-08-14 12:00:00,31.0,78,0.4,2.8,35.7,54.1,19.0,129.0,23.4,444.0
Delhi Airport,28.5562,77.1,2026-08-14 13:00:00,31.1,78,0.4,1.8,33.2,48.4,18.5,135.0,23.7,454.0
Delhi Airport,28.5562,77.1,2026-08-14 14:00:00,28.9,85,2.7,6.7,32.0,45.2,19.2,137.0,24.2,475.0
Delhi Airport,28.5562,77.1,2026-08-14 15:00:00,27.3,91,5.0,3.3,32.0,43.5,20.5,138.0,25.0,476.0
Delhi Airport,28.5562,77.1,2026-08-14 16:00:00,27.8,90,1.8,2.7,31.4,40.5,22.9,137.0,26.0,488.0
Delhi Airport,28.5562,77.1,2026-08-14 17:00:00,30.5,77,0.3,4.1,48.0,62.9,35.8,143.0,46.9,585.0
Delhi Airport,28.5562,77.1,2026-08-14 18:00:00,30.0,80,0.0,2.9,54.5,64.5,57.3,109.0,49.2,859.0
Delhi Airport,28.5562,77.1,2026-08-14 19:00:00,29.3,85,0.0,5.0,68.5,78.0,86.6,62.0,52.2,1218.0
Delhi Airport,28.5562,77.1,2026-08-14 20:00:00,28.9,87,0.0,5.8,88.7,98.0,106.2,27.0,53.5,1459.0
Delhi Airport,28.5562,77.1,2026-08-14 21:00:00,28.4,90,0.0,4.6,100.1,109.4,106.6,15.0,51.5,1475.0
Delhi Airport,28.5562,77.1,2026-08-14 22:00:00,28.0,92,0.0,4.2,103.4,111.8,97.2,14.0,47.8,1373.0
Delhi Airport,28.5562,77.1,2026-08-14 23:00:00,28.1,89,0.0,4.3,103.1,110.8,88.9,14.0,44.2,1270.0
Delhi Airport,28.5562,77.1,2026-08-15 00:00:00,27.8,92,0.0,3.0,105.5,113.4,85.3,11.0,41.1,1215.0
Delhi Airport,28.5562,77.1,2026-08-15 01:00:00,27.5,93,0.0,1.7,109.2,117.1,82.9,8.0,38.2,1160.0
Delhi Airport,28.5562,77.1,2026-08-15 02:00:00,27.3,94,0.0,2.2,109.4,117.1,81.7,6.0,36.3,1078.0
Delhi Airport,28.5562,77.1,2026-08-15 03:00:00,27.2,94,0.0,4.0,111.8,120.1,84.2,0.0,35.9,916.0
Delhi Airport,28.5562,77.1,2026-08-15 04:00:00,27.1,95,0.0,2.0,115.9,124.3,88.1,0.0,36.6,728.0
Delhi Airport,28.5562,77.1,2026-08-15 05:00:00,26.6,96,0.0,3.8,76.8,87.8,38.9,36.0,25.9,647.0
Delhi Airport,28.5562,77.1,2026-08-15 06:00:00,26.7,96,1.6,4.0,77.5,89.2,37.1,46.0,27.0,789.0
Delhi Airport,28.5562,77.1,2026-08-15 07:00:00,27.1,97,0.8,3.3,70.1,82.9,34.3,63.0,28.6,1037.0
Delhi Airport,28.5562,77.1,2026-08-15 08:00:00,27.5,96,0.7,3.9,53.8,67.8,30.5,87.0,29.7,1176.0
Delhi Airport,28.5562,77.1,2026-08-15 09:00:00,28.4,92,0.2,3.6,46.9,60.8,24.7,127.0,30.1,1089.0
Delhi Airport,28.5562,77.1,2026-08-15 10:00:00,29.7,85,0.0,1.1,46.1,58.9,17.8,176.0,30.1,892.0
Delhi Airport,28.5562,77.1,2026-08-15 11:00:00,32.1,74,0.1,6.4,48.0,59.5,12.8,212.0,29.6,715.0
Delhi Airport,28.5562,77.1,2026-08-15 12:00:00,32.1,73,0.2,9.6,49.2,59.6,10.6,228.0,28.5,594.0
Delhi Airport,28.5562,77.1,2026-08-15 13:00:00,32.3,68,0.2,8.9,48.1,56.9,10.2,231.0,26.9,494.0
Delhi Airport,28.5562,77.1,2026-08-15 14:00:00,32.8,67,0.0,6.3,45.8,53.7,11.3,228.0,25.5,433.0
Delhi Airport,28.5562,77.1,2026-08-15 15:00:00,32.4,68,0.2,8.0,44.9,52.2,13.5,220.0,24.6,405.0
Delhi Airport,28.5562,77.1,2026-08-15 16:00:00,32.4,66,0.0,6.3,43.2,50.1,17.2,205.0,24.0,417.0
Delhi Airport,28.5562,77.1,2026-08-15 17:00:00,31.6,77,0.0,5.6,45.3,82.7,19.3,192.0,26.2,510.0
Delhi Airport,28.5562,77.1,2026-08-15 18:00:00,31.0,83,0.0,4.9,53.9,87.1,39.8,150.0,27.8,772.0
Delhi Airport,28.5562,77.1,2026-08-15 19:00:00,30.2,88,0.0,5.0,71.2,107.1,67.8,92.0,30.0,1116.0
Delhi Airport,28.5562,77.1,2026-08-15 20:00:00,29.8,89,0.0,4.0,82.0,115.5,85.9,48.0,30.7,1317.0
Delhi Airport,28.5562,77.1,2026-08-15 21:00:00,29.4,89,0.0,4.3,85.0,118.3,85.3,34.0,28.9,1251.0
Delhi Airport,28.5562,77.1,2026-08-15 22:00:00,29.1,89,0.0,3.3,82.9,118.7,74.8,34.0,25.7,1043.0
Delhi Airport,28.5562,77.1,2026-08-15 23:00:00,28.9,87,0.0,8.6,74.5,112.7,64.0,34.0,22.3,840.0
Delhi Airport,28.5562,77.1,2026-08-16 00:00:00,28.8,89,0.0,7.9,63.3,101.0,55.2,30.0,18.5,672.0
Delhi Airport,28.5562,77.1,2026-08-16 01:00:00,28.6,88,0.0,8.1,54.1,90.6,46.1,26.0,14.5,510.0
Delhi Airport,28.5562,77.1,2026-08-16 02:00:00,28.4,87,0.1,6.0,47.8,78.9,39.1,24.0,11.7,411.0
Delhi Airport,28.5562,77.1,2026-08-16 03:00:00,26.4,94,1.6,4.1,39.8,60.8,35.7,22.0,10.7,426.0
Delhi Airport,28.5562,77.1,2026-08-16 04:00:00,26.8,95,0.1,5.6,38.2,54.5,34.3,21.0,10.9,505.0
Delhi Airport,28.5562,77.1,2026-08-16 05:00:00,27.9,87,0.0,9.6,41.8,155.1,16.5,46.0,8.5,553.0
Delhi Airport,28.5562,77.1,2026-08-16 06:00:00,27.7,86,0.1,6.8,46.6,165.8,16.6,46.0,9.4,529.0
Delhi Airport,28.5562,77.1,2026-08-16 07:00:00,28.3,85,0.2,6.4,50.2,166.2,16.6,47.0,10.7,475.0
Delhi Airport,28.5562,77.1,2026-08-16 08:00:00,29.7,77,0.1,8.6,50.9,162.5,15.6,55.0,11.7,421.0
Delhi Airport,28.5562,77.1,2026-08-16 09:00:00,30.9,71,0.0,9.4,145.8,1128.8,12.7,76.0,12.2,374.0
Delhi Airport,28.5562,77.1,2026-08-16 10:00:00,32.2,67,0.0,9.5,258.0,2116.0,8.8,103.0,12.5,327.0
Delhi Airport,28.5562,77.1,2026-08-16 11:00:00,32.9,64,0.0,9.4,273.8,2190.5,5.8,125.0,12.8,291.0
Delhi Airport,28.5562,77.1,2026-08-16 12:00:00,33.4,62,0.1,8.4,126.7,746.9,4.2,138.0,13.0,264.0
Delhi Airport,28.5562,77.1,2026-08-16 13:00:00,33.1,63,0.2,7.0,95.5,495.5,3.6,146.0,13.2,247.0
Delhi Airport,28.5562,77.1,2026-08-16 14:00:00,33.1,64,0.1,7.8,96.6,547.6,4.6,147.0,13.4,255.0
Delhi Airport,28.5562,77.1,2026-08-16 15:00:00,33.5,63,0.0,9.0,90.3,484.3,7.7,140.0,13.4,293.0
Delhi Airport,28.5562,77.1,2026-08-16 16:00:00,33.3,64,0.0,9.2,87.1,438.7,12.6,127.0,13.4,355.0
Delhi Airport,28.5562,77.1,2026-08-16 17:00:00,31.5,75,0.0,4.6,152.3,998.4,16.7,95.0,11.6,439.0
Delhi Airport,28.5562,77.1,2026-08-16 18:00:00,30.6,81,0.0,2.1,127.6,597.9,26.2,76.0,13.6,578.0
Delhi Airport,28.5562,77.1,2026-08-16 19:00:00,30.0,85,0.0,3.4,115.7,440.5,39.1,50.0,16.4,739.0
Delhi Airport,28.5562,77.1,2026-08-16 20:00:00,29.8,85,0.0,5.0,99.2,305.5,48.3,31.0,18.4,822.0
Delhi Airport,28.5562,77.1,2026-08-16 21:00:00,29.5,87,0.0,6.4,80.3,204.9,50.1,24.0,18.6,751.0
Delhi Airport,28.5562,77.1,2026-08-16 22:00:00,29.1,88,0.0,6.1,64.5,132.7,48.2,23.0,17.9,602.0
Delhi Airport,28.5562,77.1,2026-08-16 23:00:00,29.2,86,0.0,6.3,64.5,120.1,45.7,24.0,17.8,498.0
Delhi Airport,28.5562,77.1,2026-08-17 00:00:00,28.8,84,0.0,8.6,61.7,123.9,43.0,25.0,18.9,508.0
Delhi Airport,28.5562,77.1,2026-08-17 01:00:00,28.4,86,0.0,5.3,63.1,124.3,39.8,28.0,20.4,562.0
Delhi Airport,28.5562,77.1,2026-08-17 02:00:00,27.9,88,0.0,5.9,63.8,119.2,38.5,28.0,21.7,577.0
Delhi Airport,28.5562,77.1,2026-08-17 03:00:00,27.9,84,0.0,7.8,65.7,115.0,41.6,20.0,22.5,495.0
Delhi Airport,28.5562,77.1,2026-08-17 04:00:00,27.6,82,0.0,7.8,68.9,122.5,46.6,10.0,22.9,373.0
Delhi Airport,28.5562,77.1,2026-08-17 05:00:00,28.3,79,0.0,11.6,39.9,115.9,21.8,33.0,10.9,302.0
Delhi Airport,28.5562,77.1,2026-08-17 06:00:00,28.0,79,0.0,10.0,36.7,115.5,20.0,37.0,10.5,346.0
Delhi Airport,28.5562,77.1,2026-08-17 07:00:00,28.7,78,0.0,9.9,32.0,88.7,17.4,44.0,10.0,441.0
Delhi Airport,28.5562,77.1,2026-08-17 08:00:00,29.6,75,0.0,9.8,29.7,74.7,14.7,55.0,9.8,485.0
Delhi Airport,28.5562,77.1,2026-08-17 09:00:00,30.4,73,0.0,9.4,36.1,91.5,11.7,73.0,10.2,416.0
Delhi Airport,28.5562,77.1,2026-08-17 10:00:00,31.5,70,0.0,9.1,178.3,1527.4,8.5,96.0,10.8,295.0
Delhi Airport,28.5562,77.1,2026-08-17 11:00:00,32.6,65,0.0,10.2,253.3,2123.4,6.1,115.0,11.3,208.0
Delhi Airport,28.5562,77.1,2026-08-17 12:00:00,33.0,64,0.0,9.5,130.4,875.4,4.4,128.0,11.3,181.0
Delhi Airport,28.5562,77.1,2026-08-17 13:00:00,30.2,72,0.0,9.3,85.4,463.8,3.5,138.0,11.2,187.0
Delhi Airport,28.5562,77.1,2026-08-17 14:00:00,31.9,68,0.0,7.9,68.5,327.8,4.4,140.0,11.0,229.0
Delhi Airport,28.5562,77.1,2026-08-17 15:00:00,32.8,62,0.1,7.4,58.9,251.5,6.7,133.0,10.6,307.0
Delhi Airport,28.5562,77.1,2026-08-17 16:00:00,30.6,75,0.0,8.0,51.3,191.9,10.7,120.0,10.3,420.0
Delhi Airport,28.5562,77.1,2026-08-17 17:00:00,30.0,80,0.2,8.3,44.9,124.8,18.5,101.0,10.9,576.0
Delhi Airport,28.5562,77.1,2026-08-17 18:00:00,29.7,83,0.1,2.9,44.9,93.6,33.7,74.0,13.4,827.0
Delhi Airport,28.5562,77.1,2026-08-17 19:00:00,29.3,88,1.5,5.8,50.9,88.9,52.6,42.0,16.9,1119.0
Delhi Airport,28.5562,77.1,2026-08-17 20:00:00,29.0,90,0.1,4.2,57.4,85.2,66.2,19.0,19.9,1301.0
Delhi Airport,28.5562,77.1,2026-08-17 21:00:00,25.0,98,0.0,1.2,57.0,82.7,70.5,11.0,22.3,1301.0
Delhi Airport,28.5562,77.1,2026-08-17 22:00:00,25.5,96,0.0,2.4,53.9,76.4,69.5,12.0,24.2,1190.0
Delhi Airport,28.5562,77.1,2026-08-17 23:00:00,25.6,98,0.0,2.1,51.3,67.1,66.1,14.0,24.7,1027.0
Delhi Airport,28.5562,77.1,2026-08-18 00:00:00,25.3,96,0.0,5.5,44.9,56.7,60.2,17.0,22.7,783.0
Delhi Airport,28.5562,77.1,2026-08-18 01:00:00,25.0,97,0.0,6.7,43.1,52.4,51.9,22.0,19.2,487.0
Delhi Airport,28.5562,77.1,2026-08-18 02:00:00,25.1,98,0.9,5.9,39.7,47.7,44.3,26.0,16.5,281.0
Delhi Airport,28.5562,77.1,2026-08-18 03:00:00,25.0,99,0.3,4.8,16.5,19.6,38.3,29.0,15.5,242.0
Delhi Airport,28.5562,77.1,2026-08-18 04:00:00,25.2,98,0.0,5.5,16.0,20.4,33.0,31.0,15.2,294.0
Delhi Airport,28.5562,77.1,2026-08-18 05:00:00,25.2,98,0.1,4.0,21.0,26.1,28.7,35.0,14.9,347.0
Delhi Airport,28.5562,77.1,2026-08-18 06:00:00,25.4,97,0.1,3.4,24.4,29.8,26.0,39.0,14.4,384.0
Delhi Airport,28.5562,77.1,2026-08-18 07:00:00,26.3,97,0.0,1.1,28.7,40.5,24.2,44.0,13.9,422.0
Delhi Airport,28.5562,77.1,2026-08-18 08:00:00,27.5,90,0.0,3.1,32.0,63.6,21.6,56.0,13.7,430.0
Delhi Airport,28.5562,77.1,2026-08-18 09:00:00,29.1,81,0.0,4.7,37.0,103.6,16.8,79.0,13.8,377.0
Delhi Airport,28.5562,77.1,2026-08-18 10:00:00,30.6,73,0.1,6.5,46.0,157.9,11.3,109.0,14.1,293.0
Delhi Airport,28.5562,77.1,2026-08-18 11:00:00,31.6,67,0.1,6.3,58.2,226.8,7.2,134.0,14.4,234.0
Delhi Airport,28.5562,77.1,2026-08-18 12:00:00,31.5,69,0.1,6.0,64.3,249.6,5.4,151.0,14.8,215.0
Delhi Airport,28.5562,77.1,2026-08-18 13:00:00,32.4,66,0.2,5.4,64.3,242.1,5.2,163.0,15.4,220.0
Delhi Airport,28.5562,77.1,2026-08-18 14:00:00,32.8,66,0.1,4.9,63.1,231.9,6.3,167.0,15.6,260.0
Delhi Airport,28.5562,77.1,2026-08-18 15:00:00,32.8,66,0.1,6.3,60.3,214.7,7.3,162.0,15.0,329.0
Delhi Airport,28.5562,77.1,2026-08-18 16:00:00,32.6,66,0.2,7.4,58.7,204.0,9.7,150.0,14.1,432.0
Delhi Airport,28.5562,77.1,2026-08-18 17:00:00,31.6,70,0.3,2.9,56.0,176.0,17.7,131.0,14.5,596.0
Delhi Airport,28.5562,77.1,2026-08-18 18:00:00,28.4,85,0.1,9.0,62.2,143.4,36.8,99.0,17.2,916.0
Delhi Airport,28.5562,77.1,2026-08-18 19:00:00,26.5,93,0.0,2.8,75.2,154.1,61.4,61.0,21.1,1297.0
Delhi Airport,28.5562,77.1,2026-08-18 20:00:00,27.0,92,0.0,4.7,79.9,161.6,79.3,32.0,25.1,1481.0
Delhi Airport,28.5562,77.1,2026-08-18 21:00:00,27.1,91,0.0,6.4,85.0,156.5,84.9,21.0,29.2,1285.0
Delhi Airport,28.5562,77.1,2026-08-18 22:00:00,27.0,92,0.4,8.7,93.8,158.3,83.6,21.0,33.3,893.0
Delhi Airport,28.5562,77.1,2026-08-18 23:00:00,26.8,92,0.4,7.6,84.1,133.6,79.6,22.0,35.6,598.0
Delhi Airport,28.5562,77.1,2026-08-19 00:00:00,26.6,93,0.0,6.1,78.5,120.6,71.9,24.0,34.7,535.0
Delhi Airport,28.5562,77.1,2026-08-19 01:00:00,26.4,94,0.0,5.0,76.1,114.8,61.5,27.0,32.1,568.0
Delhi Airport,28.5562,77.1,2026-08-19 02:00:00,26.2,94,0.0,4.5,79.2,112.5,54.8,28.0,29.9,585.0
Delhi Airport,28.5562,77.1,2026-08-19 03:00:00,26.1,94,0.0,5.7,84.5,117.8,56.9,20.0,29.3,529.0
Delhi Airport,28.5562,77.1,2026-08-19 04:00:00,26.1,94,0.0,6.3,88.5,123.9,62.8,9.0,29.1,457.0
Delhi Airport,28.5562,77.1,2026-08-19 05:00:00,26.1,94,0.0,5.4,89.9,123.9,63.8,6.0,28.4,424.0
Delhi Airport,28.5562,77.1,2026-08-19 06:00:00,26.1,96,0.0,6.3,81.0,115.9,54.9,14.0,26.3,473.0
Delhi Airport,28.5562,77.1,2026-08-19 07:00:00,27.2,91,0.0,5.5,61.0,102.9,41.2,30.0,23.7,561.0
Delhi Airport,28.5562,77.1,2026-08-19 08:00:00,28.5,85,0.0,5.0,54.2,114.6,29.2,53.0,21.7,611.0
Delhi Airport,28.5562,77.1,2026-08-19 09:00:00,30.0,77,0.0,5.0,54.0,149.0,20.9,89.0,20.9,580.0
Delhi Airport,28.5562,77.1,2026-08-19 10:00:00,31.1,72,0.0,4.9,97.3,577.4,14.3,134.0,20.6,511.0
Delhi Airport,28.5562,77.1,2026-08-19 11:00:00,32.0,69,0.0,3.6,116.6,720.8,9.5,170.0,20.5,459.0
Delhi Airport,28.5562,77.1,2026-08-19 12:00:00,32.5,67,0.2,3.2,93.6,463.8,6.3,195.0,20.4,433.0
Delhi Airport,28.5562,77.1,2026-08-19 13:00:00,32.7,68,0.2,3.8,82.4,350.2,4.8,213.0,20.4,423.0
Delhi Airport,28.5562,77.1,2026-08-19 14:00:00,33.0,67,0.2,4.6,77.8,309.2,5.6,217.0,20.0,455.0
Delhi Airport,28.5562,77.1,2026-08-19 15:00:00,33.1,65,0.6,6.2,90.3,438.7,9.0,202.0,18.7,530.0
Delhi Airport,28.5562,77.1,2026-08-19 16:00:00,32.7,64,0.1,3.9,80.3,350.2,14.7,173.0,17.1,646.0
Delhi Airport,28.5562,77.1,2026-08-19 17:00:00,31.2,69,0.1,5.6,64.7,208.6,22.3,144.0,16.5,821.0
Delhi Airport,28.5562,77.1,2026-08-19 18:00:00,28.5,86,0.0,1.8,66.4,167.2,33.3,116.0,17.6,1114.0
Delhi Airport,28.5562,77.1,2026-08-19 19:00:00,27.8,91,0.4,2.1,73.1,165.3,46.2,87.0,19.6,1464.0
Delhi Airport,28.5562,77.1,2026-08-19 20:00:00,27.2,95,3.5,9.9,65.7,129.0,56.0,65.0,22.2,1711.0
Delhi Airport,28.5562,77.1,2026-08-19 21:00:00,27.1,95,1.2,10.5,66.1,116.9,61.1,53.0,25.7,1786.0
Delhi Airport,28.5562,77.1,2026-08-19 22:00:00,27.0,94,0.4,7.8,74.0,118.3,63.1,48.0,29.6,1757.0
Delhi Airport,28.5562,77.1,2026-08-19 23:00:00,27.0,94,0.0,4.8,81.5,120.6,62.2,46.0,32.4,1665.0
Delhi Airport,28.5562,77.1,2026-08-20 00:00:00,26.9,95,0.0,1.3,86.8,126.2,57.1,47.0,33.0,1493.0
Delhi Airport,28.5562,77.1,2026-08-20 01:00:00,26.7,96,0.0,0.9,88.2,133.2,49.0,51.0,32.4,1259.0
Delhi Airport,28.5562,77.1,2026-08-20 02:00:00,26.6,97,0.0,0.3,85.9,121.5,42.4,54.0,32.0,1058.0
Delhi Airport,28.5562,77.1,2026-08-20 03:00:00,26.5,97,0.1,2.5,80.3,113.6,38.9,53.0,32.7,911.0
Delhi Airport,28.5562,77.1,2026-08-20 04:00:00,25.9,98,1.7,7.4,71.7,99.7,36.8,51.0,33.7,797.0
Delhi Airport,28.5562,77.1,2026-08-20 05:00:00,25.9,98,0.6,2.8,69.4,91.7,35.0,52.0,33.9,731.3
Delhi Airport,28.5562,77.1,2026-08-20 06:00:00,26.1,97,0.3,2.5,68.9,91.3,33.7,56.0,32.6,676.5
Delhi Airport,28.5562,77.1,2026-08-20 07:00:00,25.8,99,1.1,3.8,59.4,83.1,32.8,62.0,30.4,616.3
Delhi Airport,28.5562,77.1,2026-08-20 08:00:00,26.6,96,0.2,4.7,41.3,66.6,30.6,75.0,28.8,525.0
Delhi Airport,28.5562,77.1,2026-08-20 09:00:00,27.6,87,0.1,1.3,35.9,63.1,25.9,98.0,28.1,470.0
Delhi Airport,28.5562,77.1,2026-08-20 10:00:00,29.6,78,0.0,1.8,35.6,68.2,19.9,126.0,27.9,416.0
Delhi Airport,28.5562,77.1,2026-08-20 11:00:00,30.4,74,0.1,2.2,38.2,73.6,15.0,156.0,27.9,378.0
Delhi Airport,28.5562,77.1,2026-08-20 12:00:00,31.4,71,0.1,1.5,36.7,66.4,11.5,188.0,28.0,364.0
Delhi Airport,28.5562,77.1,2026-08-20 13:00:00,31.5,71,0.1,1.0,40.2,68.9,9.0,221.0,28.2,368.0
Delhi Airport,28.5562,77.1,2026-08-20 14:00:00,32.2,68,0.0,1.9,42.1,69.4,8.5,242.0,28.4,380.0
Delhi Airport,28.5562,77.1,2026-08-20 15:00:00,32.0,70,0.1,1.0,44.7,70.5,10.5,245.0,28.4,398.0
Delhi Airport,28.5562,77.1,2026-08-20 16:00:00,32.1,68,0.4,2.0,46.4,71.0,14.6,236.0,28.3,425.0
Delhi Airport,28.5562,77.1,2026-08-20 17:00:00,30.3,75,0.9,5.3,45.6,67.3,19.7,219.0,28.6,467.0
Delhi Airport,28.5562,77.1,2026-08-20 18:00:00,26.7,96,0.9,6.3,46.7,61.9,26.6,190.0,29.5,535.0
Delhi Airport,28.5562,77.1,2026-08-20 19:00:00,27.3,94,1.4,0.5,47.4,55.5,34.5,152.0,30.8,619.0
Delhi Airport,28.5562,77.1,2026-08-20 20:00:00,27.3,95,0.1,1.1,50.5,57.9,41.0,120.0,32.2,693.0
Delhi Airport,28.5562,77.1,2026-08-20 21:00:00,27.2,95,0.0,0.7,58.2,64.7,45.2,100.0,34.3,756.0
Delhi Airport,28.5562,77.1,2026-08-20 22:00:00,27.1,96,0.0,1.5,65.7,71.7,47.8,86.0,36.6,810.0
Delhi Airport,28.5562,77.1,2026-08-20 23:00:00,27.1,96,0.0,2.7,68.7,73.6,48.5,75.0,37.3,835.0
Delhi Airport,28.5562,77.1,2026-08-21 00:00:00,27.0,96,0.0,2.7,66.1,71.2,46.0,67.0,35.0,813.0
Delhi Airport,28.5562,77.1,2026-08-21 01:00:00,27.0,95,0.0,2.2,64.5,69.8,41.7,61.0,31.1,763.0
Delhi Airport,28.5562,77.1,2026-08-21 02:00:00,26.8,96,0.0,2.1,65.7,70.8,38.7,56.0,28.5,724.0
Delhi Airport,28.5562,77.1,2026-08-21 03:00:00,26.7,96,0.0,1.8,67.1,72.9,39.2,48.0,28.5,715.0
Delhi Airport,28.5562,77.1,2026-08-21 04:00:00,26.6,97,0.0,1.8,68.9,75.9,41.2,41.0,29.7,717.0
Delhi Airport,28.5562,77.1,2026-08-21 05:00:00,26.5,97,0.0,2.5,70.5,79.2,41.7,40.0,30.6,708.0
Delhi Airport,28.5562,77.1,2026-08-21 06:00:00,26.5,96,1.6,4.7,73.3,82.9,39.7,46.0,30.7,679.0
Delhi Airport,28.5562,77.1,2026-08-21 07:00:00,26.5,94,1.6,7.6,56.0,69.8,36.4,59.0,30.6,640.0
Delhi Airport,28.5562,77.1,2026-08-21 08:00:00,26.9,91,1.6,8.8,45.6,60.3,32.0,78.0,30.6,593.0
Delhi Airport,28.5562,77.1,2026-08-21 09:00:00,28.0,84,0.0,7.1,40.3,56.2,26.0,108.0,31.0,531.0
Delhi Airport,28.5562,77.1,2026-08-21 10:00:00,29.6,77,0.0,4.2,33.1,51.1,19.1,144.0,31.5,462.0
Delhi Airport,28.5562,77.1,2026-08-21 11:00:00,30.9,71,0.0,3.1,33.3,50.4,13.5,181.0,32.0,416.0
Delhi Airport,28.5562,77.1,2026-08-21 12:00:00,31.8,68,0.0,2.4,39.5,55.5,10.0,221.0,33.0,411.0
Delhi Airport,28.5562,77.1,2026-08-21 13:00:00,32.5,66,0.0,1.8,44.8,58.9,7.9,261.0,33.9,428.0
Delhi Airport,28.5562,77.1,2026-08-21 14:00:00,32.5,67,0.0,1.8,48.8,61.7,7.1,284.0,33.7,442.0
Delhi Airport,28.5562,77.1,2026-08-21 15:00:00,31.6,70,0.0,2.5,48.8,60.8,5.8,284.0,30.7,415.0
Delhi Airport,28.5562,77.1,2026-08-21 16:00:00,30.1,76,0.0,3.4,45.3,56.6,5.8,268.0,26.5,386.0
Delhi Airport,28.5562,77.1,2026-08-21 17:00:00,28.8,82,0.0,3.6,43.0,53.7,12.9,239.0,24.4,442.0
Delhi Airport,28.5562,77.1,2026-08-21 18:00:00,28.0,87,0.8,2.9,49.2,57.4,35.1,189.0,26.9,688.0
Delhi Airport,28.5562,77.1,2026-08-21 19:00:00,27.3,93,0.8,3.9,60.1,67.5,64.2,127.0,31.4,1019.0
Delhi Airport,28.5562,77.1,2026-08-21 20:00:00,26.9,97,0.8,5.2,80.3,87.1,81.8,80.0,33.5,1213.0
Delhi Airport,28.5562,77.1,2026-08-21 21:00:00,26.8,98,0.1,5.0,70.1,75.2,76.6,64.0,30.5,1138.0
Delhi Airport,28.5562,77.1,2026-08-21 22:00:00,26.8,98,0.1,3.7,53.8,58.4,59.8,63.0,25.0,924.0
Delhi Airport,28.5562,77.1,2026-08-21 23:00:00,26.8,98,0.1,2.3,47.6,52.2,46.1,63.0,20.5,744.0
